report_id	compound	role	n_arms
nct00000157	DB00945	investigational	0
nct00000175	DB00624	no_arm_data	0
nct00000194	DB00260	investigational	0
nct00000199	DB09210	investigational	0
nct00000243	DB01183	unmatched	0
nct00000276	DB01156	investigational	0
nct00000309	DB00734	investigational	0
nct00000310	DB00734	investigational	0
nct00000327	DB01183	unmatched	0
nct00000328	DB01183	unmatched	0
nct00000329	DB01183	unmatched	0
nct00000330	DB01183	unmatched	0
nct00000340	DB01230	investigational	0
nct00000372	DB00145	investigational	3
nct00000372	DB00260	investigational	3
nct00000419	DB00603	investigational	0
nct00000430	DB00396	no_arm_data	0
nct00000430	DB00630	no_arm_data	0
nct00000577	DB00471	unmatched	0
nct00000577	DB00588	unmatched	0
nct00000577	DB01394	no_arm_data	0
nct00000577	DB00332	unmatched	0
nct00000577	DB01222	unmatched	0
nct00000577	DB00938	unmatched	0
nct00000577	DB00394	unmatched	0
nct00000577	DB00180	unmatched	0
nct00000577	DB01001	no_arm_data	0
nct00000659	DB00495	no_arm_data	0
nct00000685	DB00495	investigational	0
nct00000686	DB00649	investigational	0
nct00000697	DB00529	investigational	0
nct00000723	DB00495	no_arm_data	0
nct00000723	DB00563	no_arm_data	0
nct00000723	DB00650	no_arm_data	0
nct00000723	DB01234	no_arm_data	0
nct00000730	DB00738	no_arm_data	0
nct00000730	DB00440	no_arm_data	0
nct00000730	DB01015	no_arm_data	0
nct00000730	DB00959	no_arm_data	0
nct00000730	DB01157	no_arm_data	0
nct00000730	DB00650	no_arm_data	0
nct00000741	DB00959	investigational	0
nct00000752	DB00394	no_arm_data	0
nct00000804	DB00224	investigational	0
nct00000809	DB06723	no_arm_data	0
nct00000875	DB00495	no_arm_data	0
nct00000875	DB00709	no_arm_data	0
nct00000875	DB00224	no_arm_data	0
nct00000881	DB00369	no_arm_data	0
nct00000961	DB00495	no_arm_data	0
nct00001070	DB00126	investigational	0
nct00001094	DB00220	no_arm_data	0
nct00001094	DB00709	no_arm_data	0
nct00001094	DB00495	no_arm_data	0
nct00001094	DB01232	no_arm_data	0
nct00001094	DB00705	no_arm_data	0
nct00001880	DB00091	single_arm_combination	1
nct00001880	DB00563	single_arm_combination	1
nct00002420	DB00705	no_arm_data	0
nct00002420	DB00649	no_arm_data	0
nct00002420	DB08188	no_arm_data	0
nct00002420	DB00900	no_arm_data	0
nct00002424	DB00224	no_arm_data	0
nct00002478	DB00773	investigational	0
nct00002525	DB00650	backbone	2
nct00002525	DB00544	backbone	2
nct00002696	DB00544	no_arm_data	0
nct00002696	DB00563	no_arm_data	0
nct00002696	DB00997	no_arm_data	0
nct00002696	DB00531	no_arm_data	0
nct00002735	DB00544	single_arm_combination	1
nct00002761	DB01008	no_arm_data	0
nct00002761	DB00091	no_arm_data	0
nct00002761	DB00531	no_arm_data	0
nct00002761	DB01177	no_arm_data	0
nct00002761	DB00987	no_arm_data	0
nct00002772	DB04572	investigational	2
nct00002772	DB00997	backbone	2
nct00002772	DB00531	backbone	2
nct00002772	DB01229	backbone	2
nct00002772	DB00262	investigational	2
nct00002790	DB00091	no_arm_data	0
nct00002790	DB00877	no_arm_data	0
nct00002790	DB00563	no_arm_data	0
nct00002796	DB00328	single_arm_combination	1
nct00002796	DB08909	single_arm_combination	1
nct00002796	DB00544	single_arm_combination	1
nct00002796	DB06819	single_arm_combination	1
nct00002819	DB01229	no_arm_data	0
nct00002819	DB01204	no_arm_data	0
nct00002819	DB00531	no_arm_data	0
nct00002921	DB04786	single_arm_combination	1
nct00002948	DB01030	no_arm_data	0
nct00002961	DB01008	head_to_head	2
nct00002961	DB00091	head_to_head	2
nct00002961	DB00773	backbone	2
nct00002961	DB00531	backbone	2
nct00002961	DB00563	head_to_head	2
nct00002993	DB00305	no_arm_data	0
nct00002993	DB00997	no_arm_data	0
nct00002999	DB00544	no_arm_data	0
nct00003054	DB01229	investigational	0
nct00003056	DB00091	backbone	2
nct00003056	DB00563	comparator	2
nct00003060	DB01008	no_arm_data	0
nct00003060	DB00091	no_arm_data	0
nct00003060	DB00563	no_arm_data	0
nct00003060	DB00531	no_arm_data	0
nct00003086	DB01042	no_arm_data	0
nct00003086	DB04572	no_arm_data	0
nct00003086	DB01229	no_arm_data	0
nct00003086	DB00531	no_arm_data	0
nct00003113	DB01206	no_arm_data	0
nct00003113	DB00773	no_arm_data	0
nct00003113	DB01168	no_arm_data	0
nct00003113	DB00531	no_arm_data	0
nct00003152	DB00635	no_arm_data	0
nct00003152	DB00531	no_arm_data	0
nct00003156	DB01030	investigational	0
nct00003179	DB00603	investigational	0
nct00003223	DB05076	investigational	1
nct00003273	DB04572	no_arm_data	0
nct00003273	DB00853	no_arm_data	0
nct00003273	DB00773	no_arm_data	0
nct00003273	DB00531	no_arm_data	0
nct00003273	DB00563	no_arm_data	0
nct00003273	DB00650	no_arm_data	0
nct00003292	DB01181	investigational	1
nct00003316	DB00441	investigational	0
nct00003365	DB11672	no_arm_data	0
nct00003365	DB00605	no_arm_data	0
nct00003365	DB01698	no_arm_data	0
nct00003365	DB04216	no_arm_data	0
nct00003378	DB00441	no_arm_data	0
nct00003378	DB01229	no_arm_data	0
nct00003380	DB00773	no_arm_data	0
nct00003380	DB00997	no_arm_data	0
nct00003382	DB01030	no_arm_data	0
nct00003382	DB00441	no_arm_data	0
nct00003386	DB00531	no_arm_data	0
nct00003405	DB01143	no_arm_data	0
nct00003405	DB01204	no_arm_data	0
nct00003405	DB01177	no_arm_data	0
nct00003405	DB00982	no_arm_data	0
nct00003405	DB00987	no_arm_data	0
nct00003407	DB00987	single_arm_combination	1
nct00003407	DB01143	single_arm_combination	1
nct00003407	DB01204	single_arm_combination	1
nct00003435	DB01042	no_arm_data	0
nct00003455	DB09269	unmatched	0
nct00003483	DB09269	unmatched	1
nct00003485	DB09269	unmatched	1
nct00003486	DB09269	unmatched	0
nct00003489	DB09269	unmatched	1
nct00003491	DB09269	unmatched	1
nct00003494	DB09269	unmatched	1
nct00003496	DB09269	unmatched	1
nct00003497	DB09269	unmatched	1
nct00003498	DB09269	unmatched	1
nct00003500	DB09269	unmatched	1
nct00003501	DB09269	unmatched	1
nct00003502	DB09269	unmatched	0
nct00003505	DB09269	unmatched	0
nct00003511	DB09269	unmatched	1
nct00003514	DB09269	unmatched	0
nct00003516	DB09269	unmatched	1
nct00003517	DB09269	unmatched	0
nct00003525	DB09269	unmatched	1
nct00003534	DB09269	unmatched	1
nct00003536	DB00563	no_arm_data	0
nct00003552	DB01073	no_arm_data	0
nct00003552	DB00531	no_arm_data	0
nct00003564	DB00982	investigational	2
nct00003564	DB01168	backbone	2
nct00003567	DB00262	no_arm_data	0
nct00003567	DB00853	no_arm_data	0
nct00003567	DB11919	no_arm_data	0
nct00003599	DB00163	investigational	2
nct00003599	DB00982	backbone	2
nct00003605	DB00531	no_arm_data	0
nct00003613	DB00262	single_arm_combination	1
nct00003613	DB11919	single_arm_combination	1
nct00003622	DB00361	single_arm_combination	1
nct00003622	DB01229	single_arm_combination	1
nct00003624	DB01229	no_arm_data	0
nct00003624	DB01143	no_arm_data	0
nct00003640	DB00570	no_arm_data	0
nct00003640	DB00563	no_arm_data	0
nct00003640	DB00997	no_arm_data	0
nct00003642	DB00544	no_arm_data	0
nct00003645	DB00499	investigational	2
nct00003663	DB01234	no_arm_data	0
nct00003682	DB00997	no_arm_data	0
nct00003682	DB00959	no_arm_data	0
nct00003714	DB12549	investigational	1
nct00003729	DB00987	no_arm_data	0
nct00003729	DB01177	no_arm_data	0
nct00003777	DB01143	no_arm_data	0
nct00003777	DB00544	no_arm_data	0
nct00003786	DB05786	investigational	1
nct00003803	DB00441	no_arm_data	0
nct00003821	DB08878	investigational	0
nct00003824	DB00537	investigational	2
nct00003843	DB00762	no_arm_data	0
nct00003847	DB04851	single_arm_combination	1
nct00003847	DB00997	single_arm_combination	1
nct00003851	DB00441	head_to_head	2
nct00003858	DB01204	investigational	1
nct00003865	DB00539	investigational	1
nct00003880	DB01229	no_arm_data	0
nct00003910	DB00563	single_arm_combination	1
nct00003910	DB00531	single_arm_combination	1
nct00003910	DB00635	single_arm_combination	1
nct00003926	DB01042	backbone	2
nct00003926	DB04572	backbone	2
nct00003926	DB01008	backbone	2
nct00003926	DB01143	backbone	2
nct00003929	DB01206	no_arm_data	0
nct00003929	DB01168	no_arm_data	0
nct00004037	DB01248	investigational	0
nct00004039	DB00635	no_arm_data	0
nct00004039	DB00997	no_arm_data	0
nct00004039	DB00531	no_arm_data	0
nct00004093	DB00361	no_arm_data	0
nct00004093	DB00441	no_arm_data	0
nct00004093	DB01229	no_arm_data	0
nct00004099	DB00650	no_arm_data	0
nct00004099	DB00544	no_arm_data	0
nct00004106	DB00853	investigational	0
nct00004159	DB00441	no_arm_data	0
nct00004159	DB01229	no_arm_data	0
nct00004221	DB01030	single_arm_combination	1
nct00004221	DB01229	single_arm_combination	1
nct00004221	DB00531	single_arm_combination	1
nct00004466	DB01076	investigational	2
nct00004468	DB00136	investigational	0
nct00004728	DB00682	no_arm_data	0
nct00004728	DB00945	no_arm_data	0
nct00004859	DB01041	investigational	2
nct00004859	DB01229	backbone	2
nct00004878	DB00987	no_arm_data	0
nct00004878	DB01177	no_arm_data	0
nct00004878	DB00563	no_arm_data	0
nct00004878	DB00864	no_arm_data	0
nct00004897	DB00544	no_arm_data	0
nct00004897	DB00650	no_arm_data	0
nct00004897	DB01005	no_arm_data	0
nct00004933	DB01005	comparator	2
nct00004933	DB04865	investigational	2
nct00004986	DB00507	investigational	0
nct00004998	DB00495	no_arm_data	0
nct00004998	DB00220	no_arm_data	0
nct00004998	DB00709	no_arm_data	0
nct00004998	DB08502	no_arm_data	0
nct00004999	DB00495	no_arm_data	0
nct00004999	DB00220	no_arm_data	0
nct00004999	DB00709	no_arm_data	0
nct00004999	DB08502	no_arm_data	0
nct00005015	DB00472	investigational	0
nct00005029	DB01030	investigational	0
nct00005030	DB06448	investigational	2
nct00005047	DB00570	investigational	4
nct00005047	DB00563	investigational	4
nct00005047	DB00997	investigational	4
nct00005090	DB00997	backbone	2
nct00005090	DB00851	backbone	2
nct00005090	DB00570	backbone	2
nct00005090	DB00773	investigational	2
nct00005090	DB00531	investigational	2
nct00005090	DB00262	investigational	2
nct00005097	DB12116	unmatched	1
nct00005110	DB00938	no_arm_data	0
nct00005110	DB01001	no_arm_data	0
nct00005591	DB00441	no_arm_data	0
nct00005608	DB00650	no_arm_data	0
nct00005608	DB09256	no_arm_data	0
nct00005612	DB01030	no_arm_data	0
nct00005612	DB00773	no_arm_data	0
nct00005614	DB00441	investigational	1
nct00005641	DB01008	no_arm_data	0
nct00005641	DB00091	no_arm_data	0
nct00005641	DB00531	no_arm_data	0
nct00005641	DB00563	no_arm_data	0
nct00005641	DB00959	no_arm_data	0
nct00005641	DB00650	no_arm_data	0
nct00005773	DB00435	investigational	2
nct00005812	DB00853	investigational	1
nct00005834	DB00773	backbone	2
nct00005834	DB01234	backbone	2
nct00005834	DB00531	backbone	2
nct00005834	DB01041	investigational	2
nct00005852	DB00091	no_arm_data	0
nct00005852	DB00959	no_arm_data	0
nct00005852	DB00531	no_arm_data	0
nct00005920	DB00520	investigational	0
nct00005925	DB12458	investigational	0
nct00005925	DB09153	unmatched	0
nct00005944	DB00305	no_arm_data	0
nct00005944	DB00650	no_arm_data	0
nct00005944	DB00544	no_arm_data	0
nct00005950	DB01280	investigational	1
nct00005969	DB00755	single_arm_combination	1
nct00005982	DB01280	investigational	1
nct00005984	DB00531	single_arm_combination	1
nct00005986	DB01008	no_arm_data	0
nct00005986	DB00531	no_arm_data	0
nct00005987	DB00773	no_arm_data	0
nct00005987	DB01204	no_arm_data	0
nct00005987	DB00531	no_arm_data	0
nct00005987	DB00262	no_arm_data	0
nct00005987	DB01234	no_arm_data	0
nct00005997	DB06362	investigational	0
nct00005998	DB00773	no_arm_data	0
nct00005998	DB01204	no_arm_data	0
nct00005998	DB00531	no_arm_data	0
nct00005998	DB00987	no_arm_data	0
nct00005998	DB00262	no_arm_data	0
nct00005998	DB01234	no_arm_data	0
nct00006001	DB06436	investigational	1
nct00006003	DB06436	investigational	1
nct00006015	DB00650	single_arm_combination	1
nct00006015	DB00544	single_arm_combination	1
nct00006032	DB01030	no_arm_data	0
nct00006032	DB00773	no_arm_data	0
nct00006032	DB01181	no_arm_data	0
nct00006037	DB05779	no_arm_data	0
nct00006037	DB00544	no_arm_data	0
nct00006037	DB00762	no_arm_data	0
nct00006054	DB01008	no_arm_data	0
nct00006054	DB00091	no_arm_data	0
nct00006054	DB00773	no_arm_data	0
nct00006054	DB00531	no_arm_data	0
nct00006054	DB00563	no_arm_data	0
nct00006054	DB00959	no_arm_data	0
nct00006054	DB00635	no_arm_data	0
nct00006123	DB00262	no_arm_data	0
nct00006123	DB04572	no_arm_data	0
nct00006123	DB00531	no_arm_data	0
nct00006126	DB00773	no_arm_data	0
nct00006126	DB01008	no_arm_data	0
nct00006126	DB00531	no_arm_data	0
nct00006220	DB00755	investigational	3
nct00006247	DB06436	investigational	0
nct00006261	DB01248	no_arm_data	0
nct00006261	DB00997	no_arm_data	0
nct00006261	DB00531	no_arm_data	0
nct00006262	DB06362	investigational	0
nct00006263	DB00853	no_arm_data	0
nct00006267	DB06159	investigational	0
nct00006326	DB00503	no_arm_data	0
nct00006326	DB00705	no_arm_data	0
nct00006326	DB00224	no_arm_data	0
nct00006371	DB01026	head_to_head	2
nct00006371	DB00357	head_to_head	2
nct00006371	DB00741	backbone	2
nct00006374	DB01030	no_arm_data	0
nct00006374	DB00773	no_arm_data	0
nct00006374	DB01229	no_arm_data	0
nct00006451	DB00563	no_arm_data	0
nct00006451	DB00959	no_arm_data	0
nct00006451	DB00531	no_arm_data	0
nct00006472	DB01229	single_arm_combination	1
nct00006472	DB00544	single_arm_combination	1
nct00006482	DB00441	no_arm_data	0
nct00006578	DB01048	no_arm_data	0
nct00006578	DB00503	no_arm_data	0
nct00006578	DB00709	no_arm_data	0
nct00006578	DB00701	no_arm_data	0
nct00006669	DB00773	no_arm_data	0
nct00006669	DB00635	no_arm_data	0
nct00006669	DB00997	no_arm_data	0
nct00006669	DB00531	no_arm_data	0
nct00006708	DB00773	backbone	2
nct00006708	DB01181	backbone	2
nct00006773	DB00188	investigational	1
nct00006812	DB01101	investigational	0
nct00009906	DB00619	backbone	2
nct00009919	DB06436	investigational	1
nct00009984	DB01041	backbone	2
nct00010153	DB00947	investigational	0
nct00010322	DB12194	no_arm_data	0
nct00010322	DB00539	no_arm_data	0
nct00014196	DB01248	single_arm_combination	1
nct00014287	DB00441	investigational	0
nct00014313	DB00773	no_arm_data	0
nct00014443	DB01030	no_arm_data	0
nct00014443	DB01041	no_arm_data	0
nct00014586	DB01128	no_arm_data	0
nct00014586	DB00014	no_arm_data	0
nct00014768	DB00149	no_arm_data	0
nct00015847	DB00619	no_arm_data	0
nct00015912	DB01041	single_arm_combination	1
nct00016276	DB00380	investigational	8
nct00016276	DB01229	backbone	8
nct00016276	DB00997	backbone	8
nct00016276	DB00531	backbone	8
nct00016341	DB00351	no_arm_data	0
nct00016341	DB00675	no_arm_data	0
nct00016341	DB01229	no_arm_data	0
nct00016341	DB00997	no_arm_data	0
nct00016523	DB00435	investigational	2
nct00017069	DB01234	no_arm_data	0
nct00017134	DB05076	investigational	0
nct00017160	DB00997	no_arm_data	0
nct00017160	DB01181	no_arm_data	0
nct00018694	DB06777	investigational	1
nct00019409	DB01033	no_arm_data	0
nct00019409	DB00531	no_arm_data	0
nct00019409	DB00563	no_arm_data	0
nct00019409	DB00694	no_arm_data	0
nct00019409	DB00741	no_arm_data	0
nct00019409	DB00987	no_arm_data	0
nct00019409	DB00635	no_arm_data	0
nct00019695	DB01026	no_arm_data	0
nct00019695	DB00630	no_arm_data	0
nct00019708	DB02424	unmatched	1
nct00019747	DB01041	investigational	2
nct00019864	DB00380	no_arm_data	0
nct00019864	DB00650	no_arm_data	0
nct00019864	DB00997	no_arm_data	0
nct00019864	DB00563	no_arm_data	0
nct00020722	DB00531	single_arm_combination	1
nct00020722	DB00773	single_arm_combination	1
nct00020722	DB01181	single_arm_combination	1
nct00020722	DB04572	single_arm_combination	1
nct00020774	DB00441	no_arm_data	0
nct00020774	DB06448	no_arm_data	0
nct00020839	DB00853	investigational	0
nct00021112	DB00773	no_arm_data	0
nct00021229	DB00619	investigational	1
nct00021307	DB00853	no_arm_data	0
nct00021489	DB01048	no_arm_data	0
nct00021489	DB00688	no_arm_data	0
nct00022230	DB01229	no_arm_data	0
nct00022230	DB00997	no_arm_data	0
nct00022230	DB00531	no_arm_data	0
nct00022490	DB00987	single_arm_combination	1
nct00022490	DB00619	single_arm_combination	1
nct00022542	DB04845	investigational	1
nct00022841	DB00282	investigational	0
nct00023166	DB01229	investigational	0
nct00023218	DB00503	no_arm_data	0
nct00023218	DB00625	no_arm_data	0
nct00023218	DB01601	no_arm_data	0
nct00023868	DB00997	no_arm_data	0
nct00023868	DB00762	no_arm_data	0
nct00023868	DB00544	no_arm_data	0
nct00023868	DB00305	no_arm_data	0
nct00023868	DB00650	no_arm_data	0
nct00023881	DB00188	investigational	0
nct00023907	DB01229	investigational	0
nct00023920	DB00987	single_arm_combination	1
nct00023920	DB01177	single_arm_combination	1
nct00023946	DB04845	investigational	1
nct00024128	DB00091	no_arm_data	0
nct00024128	DB00531	no_arm_data	0
nct00024167	DB01026	investigational	4
nct00024167	DB00997	investigational	4
nct00024167	DB00570	investigational	4
nct00024167	DB09498	investigational	4
nct00024167	DB13987	investigational	4
nct00024167	DB01248	investigational	4
nct00024167	DB00635	investigational	4
nct00025051	DB00482	investigational	0
nct00025493	DB01248	investigational	1
nct00025519	DB01041	no_arm_data	0
nct00025519	DB00864	no_arm_data	0
nct00025519	DB00688	no_arm_data	0
nct00027976	DB00482	investigational	3
nct00028067	DB01072	no_arm_data	0
nct00028067	DB00220	no_arm_data	0
nct00028483	DB01248	no_arm_data	0
nct00028483	DB00997	no_arm_data	0
nct00030355	DB04865	investigational	0
nct00030472	DB00997	investigational	0
nct00030511	DB00544	investigational	0
nct00031577	DB01229	investigational	0
nct00031590	DB01206	single_arm_combination	1
nct00031590	DB00773	single_arm_combination	1
nct00031590	DB00531	single_arm_combination	1
nct00031798	DB00422	investigational	0
nct00031837	DB00441	single_arm_combination	1
nct00032084	DB01156	investigational	2
nct00032084	DB00184	backbone	2
nct00032643	DB12629	investigational	1
nct00032773	DB00552	investigational	0
nct00033306	DB04845	single_arm_combination	1
nct00033449	DB00317	single_arm_combination	1
nct00033644	DB00851	no_arm_data	0
nct00033644	DB00305	no_arm_data	0
nct00033644	DB00997	no_arm_data	0
nct00034333	DB00997	investigational	0
nct00034528	DB01073	single_arm_combination	1
nct00034528	DB01008	single_arm_combination	1
nct00035958	DB00563	no_arm_data	0
nct00035958	DB00635	no_arm_data	0
nct00036205	DB06477	investigational	0
nct00037180	DB00482	no_arm_data	0
nct00037180	DB00650	no_arm_data	0
nct00037180	DB00544	no_arm_data	0
nct00037180	DB00762	no_arm_data	0
nct00038142	DB00380	backbone	2
nct00038142	DB00997	backbone	2
nct00038142	DB00531	backbone	2
nct00038389	DB00533	investigational	1
nct00038649	DB00619	investigational	1
nct00038701	DB08633	investigational	1
nct00039455	DB03496	single_arm_combination	1
nct00040014	DB00990	investigational	0
nct00040157	DB06236	investigational	0
nct00040417	DB01073	no_arm_data	0
nct00040469	DB01008	no_arm_data	0
nct00040469	DB00531	no_arm_data	0
nct00040651	DB01073	no_arm_data	0
nct00040651	DB00531	no_arm_data	0
nct00040768	DB00188	investigational	1
nct00041288	DB00864	no_arm_data	0
nct00041288	DB00091	no_arm_data	0
nct00041288	DB00531	no_arm_data	0
nct00041288	DB00563	no_arm_data	0
nct00041288	DB00688	no_arm_data	0
nct00041288	DB01073	no_arm_data	0
nct00041470	DB00361	single_arm_combination	1
nct00041470	DB01229	single_arm_combination	1
nct00041574	DB00435	investigational	1
nct00042302	DB01229	investigational	0
nct00042302	DB06240	investigational	0
nct00042315	DB00361	investigational	0
nct00042315	DB06240	investigational	0
nct00042796	DB01262	investigational	1
nct00042835	DB00773	investigational	2
nct00042835	DB01229	backbone	2
nct00042835	DB00530	backbone	2
nct00042835	DB01248	backbone	2
nct00042887	DB00305	investigational	0
nct00042952	DB00619	investigational	1
nct00043810	DB01073	single_arm_combination	1
nct00043810	DB01008	single_arm_combination	1
nct00044083	DB00323	investigational	2
nct00045591	DB00482	backbone	2
nct00045617	DB00773	single_arm_combination	1
nct00045721	DB00262	no_arm_data	0
nct00045721	DB11919	no_arm_data	0
nct00046163	DB00211	investigational	0
nct00046761	DB05343	investigational	0
nct00046813	DB00184	investigational	0
nct00046878	DB00262	no_arm_data	0
nct00046878	DB11919	no_arm_data	0
nct00047333	DB00530	investigational	1
nct00047554	DB00287	investigational	1
nct00047567	DB00909	investigational	0
nct00047632	DB01229	unmatched	0
nct00048087	DB00317	single_arm_combination	1
nct00048087	DB01248	single_arm_combination	1
nct00048750	DB01141	investigational	2
nct00048893	DB01229	no_arm_data	0
nct00048893	DB00997	no_arm_data	0
nct00048893	DB00531	no_arm_data	0
nct00049582	DB01262	investigational	1
nct00049660	DB00361	no_arm_data	0
nct00049660	DB01101	no_arm_data	0
nct00050336	DB06448	investigational	0
nct00051077	DB00811	no_arm_data	0
nct00051077	DB00718	no_arm_data	0
nct00051285	DB04880	investigational	2
nct00051532	DB04258	investigational	0
nct00051545	DB04258	investigational	0
nct00051584	DB00441	no_arm_data	0
nct00051688	DB06433	no_arm_data	0
nct00052039	DB00993	no_arm_data	0
nct00052585	DB00317	single_arm_combination	1
nct00052585	DB00650	single_arm_combination	1
nct00052585	DB00544	single_arm_combination	1
nct00052585	DB00762	single_arm_combination	1
nct00052884	DB01042	single_arm_combination	1
nct00052884	DB01143	single_arm_combination	1
nct00053014	DB00091	single_arm_combination	1
nct00053014	DB01073	single_arm_combination	1
nct00053014	DB00688	single_arm_combination	1
nct00053339	DB00675	investigational	2
nct00053833	DB00762	investigational	1
nct00053911	DB00675	no_arm_data	0
nct00053911	DB00544	no_arm_data	0
nct00053911	DB00531	no_arm_data	0
nct00053911	DB00014	no_arm_data	0
nct00053911	DB00445	no_arm_data	0
nct00053911	DB01248	no_arm_data	0
nct00053911	DB01217	no_arm_data	0
nct00053950	DB12549	backbone	2
nct00054184	DB01248	single_arm_combination	1
nct00054197	DB00361	no_arm_data	0
nct00054197	DB00441	no_arm_data	0
nct00054392	DB00441	no_arm_data	0
nct00054392	DB01229	no_arm_data	0
nct00054470	DB04960	no_arm_data	0
nct00054704	DB00740	investigational	2
nct00055432	DB00441	investigational	0
nct00055432	DB00642	investigational	0
nct00055575	DB00747	backbone	3
nct00055887	DB00361	no_arm_data	0
nct00055887	DB00441	no_arm_data	0
nct00055887	DB08486	no_arm_data	0
nct00055887	DB01229	no_arm_data	0
nct00056056	DB00553	unmatched	2
nct00056056	DB00307	investigational	2
nct00057928	DB00441	no_arm_data	0
nct00057928	DB01229	no_arm_data	0
nct00057954	DB00552	single_arm_combination	1
nct00057954	DB00091	single_arm_combination	1
nct00057954	DB00563	single_arm_combination	1
nct00057954	DB00688	single_arm_combination	1
nct00057993	DB00990	no_arm_data	0
nct00058214	DB06641	investigational	1
nct00058448	DB01248	investigational	0
nct00058461	DB00987	single_arm_combination	1
nct00058461	DB00773	single_arm_combination	1
nct00058461	DB00563	single_arm_combination	1
nct00058461	DB01181	single_arm_combination	1
nct00058747	DB00619	investigational	0
nct00058825	DB00091	single_arm_combination	1
nct00058825	DB01073	single_arm_combination	1
nct00058825	DB00864	single_arm_combination	1
nct00059202	DB01586	investigational	2
nct00059228	DB00783	investigational	2
nct00060112	DB00441	single_arm_combination	1
nct00060346	DB00531	single_arm_combination	1
nct00060346	DB00997	single_arm_combination	1
nct00060346	DB00635	single_arm_combination	1
nct00060385	DB00997	no_arm_data	0
nct00060385	DB00773	no_arm_data	0
nct00060385	DB00531	no_arm_data	0
nct00060385	DB00635	no_arm_data	0
nct00060554	DB00569	no_arm_data	0
nct00060671	DB06193	no_arm_data	0
nct00061646	DB05434	no_arm_data	0
nct00061646	DB01229	no_arm_data	0
nct00062023	DB00605	head_to_head	4
nct00062023	DB01586	head_to_head	4
nct00062023	DB00945	head_to_head	4
nct00062387	DB06641	investigational	1
nct00062504	DB04982	backbone	3
nct00062699	DB00910	no_arm_data	0
nct00062972	DB00843	no_arm_data	0
nct00063258	DB01229	backbone	2
nct00063258	DB00530	head_to_head	2
nct00063362	DB14509	backbone	2
nct00063362	DB00313	backbone	2
nct00063362	DB00555	investigational	2
nct00063934	DB00997	single_arm_combination	1
nct00063934	DB01248	single_arm_combination	1
nct00064259	DB00544	single_arm_combination	1
nct00064636	DB00188	investigational	0
nct00064636	DB01248	unmatched	0
nct00064649	DB00346	head_to_head	3
nct00064649	DB01216	head_to_head	3
nct00065117	DB00650	no_arm_data	0
nct00065117	DB00544	no_arm_data	0
nct00065559	DB00482	investigational	0
nct00065728	DB05288	investigational	1
nct00066625	DB00188	single_arm_combination	1
nct00066677	DB01248	investigational	2
nct00066807	DB00675	backbone	2
nct00066807	DB06825	backbone	2
nct00066807	DB00990	backbone	2
nct00067496	DB00745	investigational	0
nct00068302	DB00877	investigational	1
nct00068666	DB00853	investigational	1
nct00068744	DB00305	no_arm_data	0
nct00068744	DB00544	no_arm_data	0
nct00068770	DB00482	backbone	2
nct00069849	DB05458	investigational	0
nct00069927	DB01576	backbone	2
nct00069927	DB00182	backbone	2
nct00069927	DB00422	backbone	2
nct00069992	DB01073	single_arm_combination	1
nct00070122	DB01101	backbone	2
nct00070122	DB00650	investigational	2
nct00070122	DB00544	backbone	2
nct00070265	DB01101	single_arm_combination	1
nct00070291	DB00091	investigational	1
nct00070317	DB08167	single_arm_combination	1
nct00070434	DB01101	backbone	3
nct00070434	DB00650	investigational	3
nct00070434	DB00544	backbone	3
nct00070434	DB00762	investigational	3
nct00071253	DB00334	no_arm_data	0
nct00071253	DB00313	no_arm_data	0
nct00071552	DB00394	investigational	2
nct00071552	DB00588	comparator	2
nct00072280	DB00773	investigational	2
nct00072280	DB00970	investigational	2
nct00072280	DB00531	investigational	2
nct00072280	DB01181	investigational	2
nct00072540	DB00482	investigational	0
nct00073008	DB01259	investigational	1
nct00073450	DB06448	unmatched	0
nct00073970	DB00482	investigational	0
nct00074139	DB00997	no_arm_data	0
nct00074139	DB01248	no_arm_data	0
nct00074139	DB00531	no_arm_data	0
nct00074165	DB00987	single_arm_combination	1
nct00074165	DB09499	single_arm_combination	1
nct00074165	DB00773	single_arm_combination	1
nct00074165	DB00531	single_arm_combination	1
nct00074490	DB00877	investigational	6
nct00075023	DB01041	investigational	2
nct00075491	DB05076	investigational	2
nct00075608	DB01042	single_arm_combination	1
nct00075673	DB00361	no_arm_data	0
nct00075673	DB00482	no_arm_data	0
nct00076206	DB06287	investigational	4
nct00077064	DB01197	investigational	2
nct00077103	DB00997	no_arm_data	0
nct00077103	DB12577	no_arm_data	0
nct00077233	DB00650	backbone	4
nct00077233	DB00544	backbone	4
nct00077233	DB00762	mixed	4
nct00077948	DB04880	investigational	3
nct00077948	DB00264	mixed	3
nct00078182	DB00300	investigational	0
nct00079326	DB04845	single_arm_combination	1
nct00079846	DB04852	investigational	0
nct00080132	DB04852	investigational	0
nct00080509	DB01873	investigational	0
nct00080613	DB00990	investigational	0
nct00080626	DB01248	single_arm_combination	1
nct00080782	DB09498	backbone	2
nct00080782	DB13987	backbone	2
nct00080782	DB00482	investigational	2
nct00080782	DB00997	backbone	2
nct00080847	DB00531	backbone	2
nct00080847	DB00997	backbone	2
nct00080847	DB00635	backbone	2
nct00081224	DB01101	single_arm_combination	1
nct00081224	DB00482	single_arm_combination	1
nct00081887	DB00631	investigational	1
nct00082095	DB01101	comparator	2
nct00082095	DB00997	investigational	2
nct00082667	DB00317	investigational	0
nct00083564	DB01042	unmatched	0
nct00083967	DB04983	investigational	0
nct00083980	DB00285	comparator	3
nct00083993	DB06287	no_arm_data	0
nct00083993	DB01006	no_arm_data	0
nct00084240	DB00608	no_arm_data	0
nct00084240	DB00207	no_arm_data	0
nct00084370	DB00482	investigational	2
nct00084435	DB01248	single_arm_combination	1
nct00084448	DB01229	no_arm_data	0
nct00084448	DB00482	no_arm_data	0
nct00084461	DB06176	investigational	1
nct00084565	DB01030	no_arm_data	0
nct00084565	DB01229	no_arm_data	0
nct00084864	DB00136	investigational	4
nct00084864	DB01234	investigational	4
nct00084890	DB01248	no_arm_data	0
nct00085345	DB01042	no_arm_data	0
nct00085345	DB00126	no_arm_data	0
nct00085410	DB00188	investigational	1
nct00086840	DB06287	investigational	1
nct00087048	DB01030	investigational	0
nct00087269	DB00530	investigational	1
nct00087334	DB01101	no_arm_data	0
nct00087334	DB00317	no_arm_data	0
nct00087386	DB05134	investigational	1
nct00087464	DB12753	no_arm_data	0
nct00087464	DB00238	no_arm_data	0
nct00087464	DB00300	no_arm_data	0
nct00087464	DB00879	no_arm_data	0
nct00087776	DB00851	comparator	2
nct00087776	DB05297	investigational	2
nct00088829	DB01229	single_arm_combination	1
nct00088907	DB00317	investigational	2
nct00088907	DB01248	backbone	2
nct00088933	DB01248	investigational	6
nct00088972	DB00482	investigational	2
nct00088985	DB00361	single_arm_combination	1
nct00089089	DB01262	investigational	1
nct00089102	DB00441	single_arm_combination	1
nct00089102	DB00762	single_arm_combination	1
nct00089128	DB00441	single_arm_combination	1
nct00089128	DB00762	single_arm_combination	1
nct00089141	DB00688	investigational	2
nct00089544	DB00851	investigational	2
nct00089544	DB01041	backbone	2
nct00089544	DB00997	investigational	2
nct00089544	DB01181	investigational	2
nct00089830	DB06461	investigational	0
nct00089856	DB01248	comparator	2
nct00089856	DB00635	comparator	2
nct00090675	DB00317	investigational	0
nct00090779	DB00300	investigational	2
nct00090779	DB12753	investigational	2
nct00090779	DB01601	investigational	2
nct00090779	DB00503	investigational	2
nct00090779	DB00879	investigational	2
nct00090844	DB06825	investigational	2
nct00090870	DB01041	single_arm_combination	1
nct00091078	DB00619	single_arm_combination	1
nct00091156	DB00317	investigational	0
nct00091195	DB06176	investigational	1
nct00091611	DB01073	no_arm_data	0
nct00091611	DB00531	no_arm_data	0
nct00091728	DB00603	no_arm_data	0
nct00091728	DB00977	no_arm_data	0
nct00091728	DB00367	no_arm_data	0
nct00092833	DB00973	investigational	1
nct00093652	DB00317	no_arm_data	0
nct00093704	DB00188	investigational	1
nct00093704	DB01004	investigational	1
nct00094120	DB06461	investigational	0
nct00094666	DB06554	investigational	0
nct00094978	DB03496	no_arm_data	0
nct00094978	DB06176	no_arm_data	0
nct00095017	DB01628	investigational	0
nct00095329	DB00877	investigational	1
nct00095641	DB01101	investigational	0
nct00095693	DB00398	investigational	1
nct00095862	DB00531	no_arm_data	0
nct00095888	DB00441	single_arm_combination	1
nct00096005	DB00188	single_arm_combination	1
nct00096005	DB05134	single_arm_combination	1
nct00096109	DB05134	investigational	1
nct00096148	DB00987	backbone	2
nct00096148	DB01177	backbone	2
nct00096187	DB00642	investigational	0
nct00096304	DB00445	no_arm_data	0
nct00096304	DB01248	no_arm_data	0
nct00096369	DB00675	investigational	0
nct00096460	DB01073	head_to_head	2
nct00096460	DB00563	head_to_head	2
nct00096460	DB00864	head_to_head	2
nct00096460	DB00531	backbone	2
nct00097344	DB00539	no_arm_data	0
nct00097344	DB01006	no_arm_data	0
nct00097344	DB12194	no_arm_data	0
nct00098111	DB00993	backbone	3
nct00098371	DB03496	investigational	1
nct00098462	DB00317	no_arm_data	0
nct00098462	DB00877	no_arm_data	0
nct00098488	DB05134	single_arm_combination	1
nct00098527	DB06176	investigational	1
nct00098618	DB00398	single_arm_combination	1
nct00099281	DB04905	unmatched	0
nct00099281	DB00445	unmatched	0
nct00099281	DB00531	unmatched	0
nct00100347	DB05864	investigational	0
nct00100828	DB00762	investigational	1
nct00101062	DB01006	no_arm_data	0
nct00101062	DB00482	no_arm_data	0
nct00101075	DB01101	single_arm_combination	1
nct00101088	DB06287	single_arm_combination	1
nct00101088	DB00619	single_arm_combination	1
nct00101140	DB04572	no_arm_data	0
nct00101205	DB00773	single_arm_combination	1
nct00101231	DB03496	investigational	1
nct00102115	DB11812	investigational	0
nct00102154	DB06554	investigational	0
nct00102622	DB01229	backbone	2
nct00102635	DB05076	single_arm_combination	1
nct00102635	DB06448	single_arm_combination	1
nct00103103	DB00188	no_arm_data	0
nct00103103	DB00650	no_arm_data	0
nct00103103	DB00544	no_arm_data	0
nct00103272	DB00188	single_arm_combination	1
nct00103272	DB05134	single_arm_combination	1
nct00103376	DB01128	described_only	2
nct00103376	DB00014	unmatched	2
nct00103376	DB00188	backbone	2
nct00103376	DB00499	described_only	2
nct00103519	DB12629	investigational	3
nct00104130	DB01873	investigational	0
nct00104286	DB04961	investigational	0
nct00104468	DB04961	investigational	0
nct00104624	DB01248	investigational	0
nct00104728	DB00317	investigational	1
nct00104754	DB05482	investigational	1
nct00104806	DB00169	investigational	0
nct00104884	DB06176	investigational	1
nct00105105	DB00834	investigational	0
nct00106054	DB00650	investigational	0
nct00106054	DB00544	investigational	0
nct00106054	DB00762	investigational	0
nct00106262	DB00188	no_arm_data	0
nct00106262	DB00762	no_arm_data	0
nct00107315	DB01101	single_arm_combination	1
nct00107471	DB01030	backbone	2
nct00107614	DB00997	unmatched	1
nct00107614	DB00773	unmatched	1
nct00107614	DB00531	unmatched	1
nct00107614	DB01041	unmatched	1
nct00107614	DB01234	unmatched	1
nct00108056	DB06486	investigational	0
nct00108186	DB00482	investigational	1
nct00108316	DB00472	investigational	1
nct00108342	DB00184	investigational	2
nct00108485	DB00627	investigational	2
nct00108602	DB00819	investigational	1
nct00109109	DB02546	investigational	0
nct00109538	DB06448	investigational	2
nct00109798	DB01030	single_arm_combination	1
nct00109798	DB00853	single_arm_combination	1
nct00109850	DB00762	single_arm_combination	1
nct00110123	DB04106	no_arm_data	0
nct00110344	DB00398	investigational	2
nct00110721	DB00544	investigational	0
nct00111150	DB00300	investigational	0
nct00112619	DB01030	investigational	0
nct00112723	DB03496	investigational	1
nct00112879	DB01041	no_arm_data	0
nct00112879	DB01234	no_arm_data	0
nct00112879	DB00126	no_arm_data	0
nct00113256	DB06159	investigational	0
nct00113321	DB01262	investigational	1
nct00113386	DB01248	backbone	2
nct00113399	DB00544	head_to_head	2
nct00113399	DB01229	backbone	2
nct00113399	DB01248	backbone	2
nct00113503	DB00993	backbone	2
nct00113698	DB00584	investigational	2
nct00113919	DB01008	investigational	1
nct00114062	DB04983	investigational	0
nct00114374	DB01175	investigational	0
nct00114959	DB00619	single_arm_combination	1
nct00114959	DB04865	single_arm_combination	1
nct00115063	DB01083	investigational	2
nct00115063	DB00937	investigational	2
nct00115063	DB01105	investigational	2
nct00115349	DB00746	backbone	2
nct00115349	DB08826	investigational	2
nct00115661	DB00412	investigational	0
nct00115687	DB00184	investigational	2
nct00115739	DB00619	investigational	1
nct00116389	DB00441	no_arm_data	0
nct00117260	DB00367	investigational	0
nct00117312	DB06699	backbone	4
nct00117351	DB00188	investigational	0
nct00117702	DB01590	no_arm_data	0
nct00117702	DB00864	no_arm_data	0
nct00118053	DB01248	single_arm_combination	1
nct00118105	DB01101	single_arm_combination	1
nct00118131	DB01248	single_arm_combination	1
nct00118196	DB00928	no_arm_data	0
nct00118300	DB01101	investigational	0
nct00119015	DB00471	investigational	2
nct00119015	DB00588	backbone	2
nct00119210	DB01156	investigational	2
nct00119314	DB01101	no_arm_data	0
nct00119314	DB00441	no_arm_data	0
nct00119314	DB01248	no_arm_data	0
nct00120172	DB01101	investigational	0
nct00120198	DB00635	unmatched	0
nct00120198	DB00997	unmatched	0
nct00120198	DB00531	unmatched	0
nct00120289	DB00627	investigational	2
nct00120289	DB00641	backbone	2
nct00120380	DB01088	investigational	2
nct00120653	DB01233	investigational	0
nct00120783	DB00503	no_arm_data	0
nct00120783	DB00709	no_arm_data	0
nct00120783	DB00224	no_arm_data	0
nct00121186	DB01042	single_arm_combination	1
nct00121186	DB00563	single_arm_combination	1
nct00121186	DB00864	single_arm_combination	1
nct00121953	DB00412	investigational	0
nct00122512	DB00300	investigational	0
nct00122577	DB00503	no_arm_data	0
nct00122577	DB01072	no_arm_data	0
nct00122577	DB00300	no_arm_data	0
nct00122629	DB00811	no_arm_data	0
nct00122629	DB00915	no_arm_data	0
nct00122980	DB01005	head_to_head	2
nct00123539	DB00783	investigational	0
nct00123877	DB05706	investigational	0
nct00123890	DB06497	investigational	0
nct00124579	DB00188	single_arm_combination	1
nct00124579	DB01041	single_arm_combination	1
nct00124579	DB01234	single_arm_combination	1
nct00124644	DB00987	no_arm_data	0
nct00124644	DB00773	no_arm_data	0
nct00124644	DB00694	no_arm_data	0
nct00124644	DB04960	no_arm_data	0
nct00124709	DB00337	investigational	2
nct00124748	DB00619	backbone	2
nct00125229	DB09153	no_arm_data	0
nct00125229	DB00742	no_arm_data	0
nct00125281	DB00118	investigational	0
nct00125346	DB00684	investigational	0
nct00125437	DB00421	investigational	0
nct00126087	DB01235	unmatched	0
nct00126191	DB00997	backbone	2
nct00126191	DB01181	investigational	2
nct00126191	DB00773	investigational	2
nct00126191	DB00531	backbone	2
nct00126191	DB00563	backbone	2
nct00126191	DB00987	backbone	2
nct00126230	DB01248	investigational	0
nct00126451	DB02546	no_arm_data	0
nct00126568	DB00398	investigational	1
nct00126659	DB00398	backbone	3
nct00126971	DB00250	investigational	0
nct00126971	DB12314	investigational	0
nct00127036	DB01101	backbone	2
nct00127036	DB00762	investigational	2
nct00127088	DB01248	investigational	0
nct00127101	DB02546	backbone	6
nct00127101	DB00307	backbone	6
nct00127114	DB00915	investigational	2
nct00127595	DB00441	investigational	0
nct00128921	DB00188	backbone	3
nct00129948	DB04961	investigational	0
nct00129974	DB00441	investigational	0
nct00129974	DB00642	investigational	0
nct00130390	DB00507	investigational	2
nct00130507	DB00361	backbone	2
nct00130507	DB01101	backbone	2
nct00130806	DB06510	investigational	0
nct00130936	DB01101	no_arm_data	0
nct00130936	DB00445	no_arm_data	0
nct00131391	DB06624	investigational	6
nct00131404	DB06624	investigational	5
nct00131508	DB00130	investigational	2
nct00131612	DB00445	described_only	0
nct00132002	DB02546	investigational	1
nct00132730	DB13029	investigational	6
nct00132756	DB01196	investigational	0
nct00132756	DB00997	investigational	0
nct00133224	DB01248	comparator	2
nct00133302	DB00635	no_arm_data	0
nct00133302	DB00997	no_arm_data	0
nct00133302	DB00531	no_arm_data	0
nct00133393	DB00806	investigational	0
nct00133432	DB14532	unmatched	0
nct00133458	DB00518	investigational	0
nct00133679	DB00203	investigational	2
nct00134875	DB01183	investigational	0
nct00135499	DB00531	backbone	2
nct00135499	DB00309	backbone	2
nct00135499	DB00997	backbone	2
nct00135499	DB00635	backbone	2
nct00135655	DB04983	investigational	0
nct00136591	DB00188	backbone	2
nct00137358	DB01143	no_arm_data	0
nct00138125	DB00947	single_arm_combination	1
nct00138151	DB00982	single_arm_combination	1
nct00138151	DB01229	single_arm_combination	1
nct00138229	DB00531	no_arm_data	0
nct00139282	DB06461	investigational	0
nct00140140	DB00361	backbone	3
nct00140140	DB01229	backbone	3
nct00140920	DB00586	no_arm_data	0
nct00140920	DB00533	no_arm_data	0
nct00141310	DB00203	investigational	0
nct00141583	DB00584	no_arm_data	0
nct00141583	DB13919	no_arm_data	0
nct00141596	DB00695	no_arm_data	0
nct00141596	DB00594	no_arm_data	0
nct00141596	DB00590	no_arm_data	0
nct00142168	DB00480	single_arm_combination	1
nct00142727	DB00333	no_arm_data	0
nct00142883	DB00230	investigational	2
nct00143091	DB01104	no_arm_data	0
nct00143429	DB00654	investigational	0
nct00143728	DB00709	investigational	0
nct00144833	DB01319	no_arm_data	0
nct00144833	DB00503	no_arm_data	0
nct00144833	DB01601	no_arm_data	0
nct00145418	DB01248	investigational	1
nct00145704	DB00884	investigational	2
nct00145938	DB00203	investigational	0
nct00146159	DB01204	backbone	3
nct00146497	DB01222	investigational	0
nct00147550	DB07101	investigational	1
nct00148018	DB00188	no_arm_data	0
nct00148018	DB01234	no_arm_data	0
nct00148590	DB00734	described_only	2
nct00148590	DB01043	investigational	2
nct00148616	DB00734	described_only	2
nct00148616	DB01043	investigational	2
nct00148720	DB01101	investigational	0
nct00148850	DB01132	investigational	0
nct00149539	DB01183	investigational	0
nct00150306	DB01104	investigational	0
nct00151294	DB01175	investigational	0
nct00151619	DB00381	investigational	0
nct00151736	DB00291	backbone	2
nct00152620	DB00959	no_arm_data	0
nct00152620	DB01234	no_arm_data	0
nct00152633	DB00678	head_to_head	2
nct00152633	DB00264	head_to_head	2
nct00153842	DB01229	unmatched	1
nct00153842	DB00307	investigational	1
nct00155714	DB00203	investigational	0
nct00155883	DB00544	no_arm_data	0
nct00155883	DB00650	no_arm_data	0
nct00155883	DB01248	unmatched	0
nct00156299	DB01234	investigational	2
nct00156936	DB00704	backbone	2
nct00157248	DB06695	backbone	4
nct00157508	DB12445	investigational	0
nct00157508	DB00945	unmatched	0
nct00158847	DB00938	no_arm_data	0
nct00158847	DB00588	no_arm_data	0
nct00158886	DB01030	investigational	1
nct00159146	DB00285	described_only	2
nct00159146	DB00960	backbone	2
nct00159211	DB01132	investigational	2
nct00159354	DB00860	unmatched	0
nct00159458	DB00441	investigational	0
nct00159471	DB01101	investigational	0
nct00159471	DB00441	investigational	0
nct00159471	DB01248	investigational	0
nct00159510	DB08167	head_to_head	4
nct00159510	DB00435	head_to_head	4
nct00159757	DB00246	unmatched	0
nct00160147	DB04888	investigational	2
nct00160290	DB00581	investigational	2
nct00160485	DB01016	investigational	2
nct00160563	DB06282	investigational	3
nct00161200	DB00213	investigational	0
nct00161200	DB00863	investigational	0
nct00161239	DB00563	investigational	0
nct00161239	DB00997	investigational	0
nct00161239	DB00635	investigational	0
nct00161278	DB01229	no_arm_data	0
nct00161330	DB01060	no_arm_data	0
nct00161330	DB00766	no_arm_data	0
nct00161330	DB01212	no_arm_data	0
nct00162812	DB00445	investigational	0
nct00163241	DB00482	investigational	0
nct00165087	DB00380	no_arm_data	0
nct00165087	DB00997	no_arm_data	0
nct00165594	DB06370	investigational	0
nct00165633	DB12148	investigational	3
nct00165750	DB00843	investigational	1
nct00165880	DB01101	unmatched	0
nct00165880	DB06370	investigational	0
nct00166127	DB00922	investigational	0
nct00166803	DB00412	investigational	0
nct00167180	DB01073	head_to_head	2
nct00167180	DB00531	head_to_head	2
nct00167206	DB01073	investigational	1
nct00167206	DB00531	investigational	1
nct00167557	DB00811	single_arm_combination	1
nct00169026	DB00363	investigational	0
nct00169039	DB00363	no_arm_data	0
nct00169039	DB00477	no_arm_data	0
nct00169091	DB00363	investigational	2
nct00169091	DB00502	comparator	2
nct00169104	DB00361	backbone	2
nct00169221	DB00317	investigational	2
nct00169624	DB00331	no_arm_data	0
nct00169949	DB01238	investigational	0
nct00171119	DB00177	investigational	0
nct00171431	DB01079	investigational	0
nct00171600	DB00999	investigational	0
nct00171600	DB00177	investigational	0
nct00171600	DB00722	investigational	0
nct00171847	DB01006	backbone	3
nct00171860	DB00619	investigational	1
nct00171925	DB00399	investigational	2
nct00171938	DB00619	investigational	0
nct00172068	DB00399	backbone	2
nct00174239	DB01235	no_arm_data	0
nct00174239	DB00190	no_arm_data	0
nct00174239	DB00248	no_arm_data	0
nct00174369	DB07101	investigational	1
nct00174382	DB00843	investigational	1
nct00174590	DB00734	investigational	0
nct00174603	DB00502	unmatched	0
nct00174603	DB00215	unmatched	0
nct00174603	DB01224	investigational	0
nct00175851	DB05885	investigational	0
nct00175864	DB05885	investigational	0
nct00176241	DB00441	single_arm_combination	1
nct00176241	DB01229	single_arm_combination	1
nct00176280	DB01234	no_arm_data	0
nct00176293	DB00997	investigational	2
nct00176293	DB01234	investigational	2
nct00176488	DB00361	single_arm_combination	1
nct00176488	DB00445	single_arm_combination	1
nct00176527	DB00982	no_arm_data	0
nct00176527	DB01248	no_arm_data	0
nct00176553	DB00514	investigational	0
nct00176631	DB01248	investigational	1
nct00176644	DB00783	investigational	1
nct00176735	DB01101	investigational	0
nct00176735	DB00441	unmatched	0
nct00176787	DB01101	investigational	0
nct00176839	DB01042	single_arm_combination	1
nct00176839	DB01008	single_arm_combination	1
nct00176839	DB00531	single_arm_combination	1
nct00177060	DB00327	investigational	0
nct00177255	DB01101	single_arm_combination	1
nct00177255	DB01248	single_arm_combination	1
nct00177424	DB01104	investigational	2
nct00177853	DB00482	single_arm_combination	1
nct00177853	DB00762	single_arm_combination	1
nct00177866	DB00482	investigational	2
nct00178854	DB00734	investigational	0
nct00179699	DB00480	no_arm_data	0
nct00179699	DB00642	no_arm_data	0
nct00179725	DB00997	no_arm_data	0
nct00179725	DB00480	no_arm_data	0
nct00179738	DB00480	unmatched	0
nct00179751	DB00441	no_arm_data	0
nct00179751	DB00480	no_arm_data	0
nct00181181	DB01076	investigational	2
nct00181220	DB00313	investigational	0
nct00181896	DB01156	investigational	0
nct00182039	DB00264	investigational	2
nct00183430	DB00457	investigational	2
nct00183612	DB00334	investigational	0
nct00183807	DB00482	investigational	0
nct00183807	DB00762	investigational	0
nct00183937	DB00188	single_arm_combination	1
nct00183937	DB01248	single_arm_combination	1
nct00183950	DB06174	investigational	0
nct00183963	DB00947	head_to_head	4
nct00183976	DB00997	investigational	0
nct00183989	DB01073	investigational	0
nct00183989	DB01204	investigational	0
nct00184028	DB01248	single_arm_combination	1
nct00184054	DB00126	single_arm_combination	1
nct00184171	DB01222	investigational	3
nct00184847	DB00640	no_arm_data	0
nct00184847	DB00201	no_arm_data	0
nct00184847	DB03128	no_arm_data	0
nct00184938	DB01183	no_arm_data	0
nct00184938	DB00295	no_arm_data	0
nct00185705	DB00966	investigational	0
nct00187005	DB01033	single_arm_combination	1
nct00187005	DB00773	single_arm_combination	1
nct00187005	DB00531	single_arm_combination	1
nct00187005	DB01177	single_arm_combination	1
nct00187005	DB00563	single_arm_combination	1
nct00187005	DB00987	single_arm_combination	1
nct00189371	DB01229	investigational	0
nct00189878	DB00563	investigational	2
nct00189995	DB00502	no_arm_data	0
nct00189995	DB00363	no_arm_data	0
nct00190476	DB01248	no_arm_data	0
nct00190528	DB00305	unmatched	2
nct00190554	DB00544	unmatched	0
nct00193024	DB00445	no_arm_data	0
nct00193024	DB01248	no_arm_data	0
nct00193102	DB01101	no_arm_data	0
nct00193102	DB01041	no_arm_data	0
nct00193726	DB00977	investigational	2
nct00194792	DB00361	single_arm_combination	1
nct00194792	DB06825	single_arm_combination	1
nct00194792	DB00990	single_arm_combination	1
nct00194792	DB01101	single_arm_combination	1
nct00194792	DB01229	single_arm_combination	1
nct00194792	DB00563	single_arm_combination	1
nct00194935	DB01030	investigational	0
nct00194974	DB00968	no_arm_data	0
nct00194974	DB00575	no_arm_data	0
nct00194974	DB01115	no_arm_data	0
nct00194974	DB00598	no_arm_data	0
nct00195078	DB00317	no_arm_data	0
nct00197145	DB06497	investigational	1
nct00197483	DB01186	investigational	0
nct00198081	DB00482	backbone	2
nct00199238	DB11614	backbone	4
nct00199251	DB11614	investigational	0
nct00199264	DB12073	investigational	0
nct00199381	DB11757	investigational	1
nct00200382	DB00188	investigational	0
nct00201344	DB00650	investigational	0
nct00201344	DB00544	investigational	0
nct00202449	DB00715	comparator	3
nct00202449	DB00457	investigational	3
nct00203047	DB00635	investigational	2
nct00203307	DB00334	backbone	2
nct00203385	DB00313	investigational	1
nct00203632	DB00412	investigational	0
nct00203723	DB00734	investigational	0
nct00203775	DB00502	unmatched	0
nct00203775	DB00734	investigational	0
nct00203931	DB00642	investigational	2
nct00203996	DB01132	investigational	10
nct00204230	DB00688	investigational	0
nct00204503	DB00313	investigational	0
nct00206063	DB04898	investigational	0
nct00206414	DB00317	backbone	2
nct00206414	DB00947	backbone	2
nct00206414	DB01217	backbone	2
nct00206453	DB01248	investigational	0
nct00206492	DB00675	single_arm_combination	1
nct00206492	DB00317	single_arm_combination	1
nct00206765	DB00715	no_arm_data	0
nct00206765	DB00734	no_arm_data	0
nct00206947	DB00843	investigational	2
nct00206947	DB00246	investigational	2
nct00207831	DB03419	backbone	2
nct00207831	DB09256	backbone	2
nct00207948	DB01601	investigational	1
nct00208117	DB01104	investigational	2
nct00208117	DB00641	comparator	2
nct00208221	DB00966	no_arm_data	0
nct00208221	DB00178	no_arm_data	0
nct00208936	DB01229	investigational	0
nct00208936	DB00544	investigational	0
nct00208975	DB01073	investigational	1
nct00208975	DB01204	investigational	1
nct00208975	DB00531	investigational	1
nct00209014	DB01041	investigational	0
nct00209027	DB01238	investigational	1
nct00209079	DB00619	investigational	1
nct00209079	DB01248	investigational	1
nct00209612	DB01229	single_arm_combination	1
nct00209612	DB00762	single_arm_combination	1
nct00209664	DB09257	unmatched	0
nct00209664	DB09256	unmatched	0
nct00209664	DB03209	unmatched	0
nct00209664	DB00762	no_arm_data	0
nct00209677	DB00441	no_arm_data	0
nct00209677	DB09257	unmatched	0
nct00209677	DB09256	unmatched	0
nct00209677	DB03209	unmatched	0
nct00209703	DB00650	no_arm_data	0
nct00209703	DB00544	no_arm_data	0
nct00209729	DB01248	single_arm_combination	1
nct00210028	DB04960	no_arm_data	0
nct00210366	DB01177	investigational	0
nct00211224	DB00740	investigational	0
nct00211302	DB01238	investigational	0
nct00211354	DB05288	investigational	1
nct00211380	DB01238	investigational	0
nct00211406	DB05288	investigational	0
nct00211614	DB00448	investigational	0
nct00212004	DB01132	head_to_head	2
nct00212017	DB04878	head_to_head	2
nct00214084	DB00437	investigational	0
nct00214565	DB06536	investigational	0
nct00214591	DB06536	investigational	0
nct00215631	DB00820	investigational	0
nct00215657	DB06699	backbone	8
nct00215748	DB01234	investigational	0
nct00215943	DB01041	head_to_head	2
nct00215943	DB00399	backbone	2
nct00215943	DB00997	head_to_head	2
nct00215943	DB01234	head_to_head	2
nct00216008	DB01248	no_arm_data	0
nct00216047	DB04879	single_arm_combination	1
nct00216073	DB01101	single_arm_combination	1
nct00216086	DB01101	single_arm_combination	1
nct00216086	DB00762	single_arm_combination	1
nct00216138	DB01101	single_arm_combination	1
nct00216138	DB01248	single_arm_combination	1
nct00216164	DB00441	single_arm_combination	1
nct00216216	DB00642	investigational	1
nct00216281	DB00363	backbone	2
nct00216281	DB00289	backbone	2
nct00216424	DB01101	investigational	0
nct00216437	DB01101	investigational	0
nct00217022	DB01222	investigational	2
nct00217464	DB00947	investigational	1
nct00217659	DB00014	no_arm_data	0
nct00217659	DB01217	no_arm_data	0
nct00218036	DB00215	investigational	5
nct00218036	DB00745	investigational	5
nct00218049	DB03701	backbone	3
nct00219765	DB00987	no_arm_data	0
nct00219765	DB00619	no_arm_data	0
nct00219765	DB00694	no_arm_data	0
nct00219778	DB00834	investigational	0
nct00219908	DB01204	investigational	0
nct00220532	DB00140	investigational	0
nct00220532	DB00158	investigational	0
nct00221286	DB12753	no_arm_data	0
nct00221286	DB00300	no_arm_data	0
nct00221286	DB00879	no_arm_data	0
nct00221494	DB00279	unmatched	0
nct00221494	DB00960	investigational	0
nct00221494	DB00215	investigational	0
nct00222183	DB00337	investigational	0
nct00224419	DB00184	backbone	2
nct00225056	DB01101	investigational	0
nct00225056	DB01248	investigational	0
nct00225173	DB00361	single_arm_combination	1
nct00225173	DB00997	single_arm_combination	1
nct00225173	DB00570	single_arm_combination	1
nct00225173	DB00773	single_arm_combination	1
nct00225173	DB00531	single_arm_combination	1
nct00225173	DB00441	single_arm_combination	1
nct00225173	DB00635	single_arm_combination	1
nct00225225	DB00412	backbone	2
nct00225290	DB01041	investigational	0
nct00225342	DB00412	no_arm_data	0
nct00225758	DB01259	investigational	1
nct00226174	DB11672	investigational	0
nct00226330	DB06536	no_arm_data	0
nct00226330	DB01132	no_arm_data	0
nct00226512	DB01073	unmatched	0
nct00226512	DB01008	unmatched	0
nct00226746	DB00441	investigational	1
nct00226746	DB01229	investigational	1
nct00226824	DB00674	investigational	0
nct00226889	DB00559	investigational	0
nct00226941	DB01101	backbone	4
nct00226954	DB00399	investigational	1
nct00227032	DB00530	backbone	2
nct00227136	DB08839	unmatched	0
nct00227292	DB01175	investigational	2
nct00227617	DB00650	single_arm_combination	1
nct00227617	DB00544	single_arm_combination	1
nct00227682	DB01041	single_arm_combination	1
nct00227682	DB01234	single_arm_combination	1
nct00227682	DB00126	single_arm_combination	1
nct00227773	DB04879	no_arm_data	0
nct00229684	DB06536	no_arm_data	0
nct00229710	DB06536	investigational	0
nct00230035	DB00860	comparator	2
nct00230035	DB14669	comparator	2
nct00230035	DB01097	comparator	2
nct00230035	DB00531	unmatched	2
nct00230035	DB00620	comparator	2
nct00230035	DB00563	comparator	2
nct00230035	DB00993	comparator	2
nct00230035	DB00959	comparator	2
nct00230035	DB00688	comparator	2
nct00230035	DB00443	comparator	2
nct00230035	DB00741	comparator	2
nct00230035	DB00635	comparator	2
nct00230035	DB01234	comparator	2
nct00230334	DB00619	investigational	0
nct00230373	DB00724	investigational	0
nct00231140	DB01041	investigational	0
nct00231140	DB00740	unmatched	0
nct00231192	DB00912	investigational	0
nct00231621	DB00273	investigational	0
nct00231634	DB00273	investigational	0
nct00231829	DB00482	investigational	0
nct00232167	DB01104	no_arm_data	0
nct00232167	DB12590	no_arm_data	0
nct00232206	DB01248	investigational	0
nct00232349	DB00674	investigational	1
nct00232362	DB01132	no_arm_data	0
nct00233051	DB00938	investigational	0
nct00233051	DB00588	investigational	0
nct00233558	DB00563	no_arm_data	0
nct00233623	DB00317	no_arm_data	0
nct00233623	DB00650	no_arm_data	0
nct00233623	DB00544	no_arm_data	0
nct00233623	DB00762	no_arm_data	0
nct00233636	DB00317	investigational	0
nct00233948	DB00220	single_arm_combination	1
nct00234000	DB00928	single_arm_combination	1
nct00234468	DB00317	investigational	0
nct00234962	DB00503	investigational	0
nct00234962	DB01601	investigational	0
nct00235235	DB00361	head_to_head	4
nct00235235	DB00997	head_to_head	4
nct00235235	DB00531	head_to_head	4
nct00235235	DB01101	head_to_head	4
nct00235235	DB00441	head_to_head	4
nct00236002	DB00630	investigational	1
nct00236912	DB01137	investigational	0
nct00236912	DB00916	investigational	0
nct00237536	DB06266	investigational	0
nct00237653	DB01610	investigational	0
nct00237900	DB00317	investigational	0
nct00237900	DB00650	investigational	0
nct00237900	DB00544	investigational	0
nct00238082	DB00394	investigational	0
nct00238160	DB00544	no_arm_data	0
nct00238173	DB06151	no_arm_data	0
nct00238173	DB09499	no_arm_data	0
nct00238173	DB00531	no_arm_data	0
nct00238277	DB00853	investigational	0
nct00238615	DB01248	single_arm_combination	1
nct00239161	DB01137	investigational	0
nct00239200	DB01259	investigational	0
nct00239681	DB01098	investigational	2
nct00240162	DB04879	investigational	1
nct00240227	DB00457	head_to_head	2
nct00240513	DB01017	backbone	2
nct00240513	DB00755	investigational	2
nct00240981	DB00624	investigational	2
nct00241046	DB01006	investigational	0
nct00241345	DB01610	backbone	2
nct00241345	DB01004	backbone	2
nct00241371	DB00631	investigational	1
nct00242372	DB06536	no_arm_data	0
nct00242528	DB00399	investigational	0
nct00242879	DB00503	no_arm_data	0
nct00243009	DB00091	no_arm_data	0
nct00243009	DB00688	no_arm_data	0
nct00243035	DB00188	single_arm_combination	1
nct00243035	DB04960	single_arm_combination	1
nct00243178	DB00758	investigational	0
nct00243178	DB00945	described_only	0
nct00243568	DB06652	investigational	0
nct00243646	DB01128	head_to_head	2
nct00243763	DB05928	investigational	0
nct00243984	DB00273	investigational	0
nct00244218	DB00360	backbone	2
nct00244517	DB00899	backbone	3
nct00244517	DB01236	backbone	3
nct00244517	DB01189	backbone	3
nct00244517	DB00753	backbone	3
nct00244920	DB01128	no_arm_data	0
nct00244920	DB06461	no_arm_data	0
nct00245128	DB00619	investigational	0
nct00245440	DB00207	head_to_head	2
nct00245440	DB00976	head_to_head	2
nct00245466	DB06699	backbone	3
nct00245505	DB00244	investigational	0
nct00247026	DB11672	investigational	0
nct00247026	DB09270	investigational	0
nct00247988	DB01248	investigational	0
nct00248118	DB01156	backbone	2
nct00248261	DB01104	investigational	0
nct00248261	DB00246	investigational	0
nct00248534	DB00853	single_arm_combination	1
nct00248534	DB00959	single_arm_combination	1
nct00249431	DB01104	investigational	2
nct00250120	DB06159	investigational	0
nct00250718	DB00773	single_arm_combination	1
nct00250718	DB01234	single_arm_combination	1
nct00250718	DB00291	described_only	1
nct00251095	DB01229	backbone	2
nct00251186	DB01101	investigational	0
nct00251433	DB01248	investigational	1
nct00251433	DB01259	investigational	1
nct00251589	DB02546	backbone	4
nct00251589	DB00530	backbone	4
nct00251940	DB06536	no_arm_data	0
nct00251953	DB06536	no_arm_data	0
nct00251953	DB00331	no_arm_data	0
nct00252174	DB01454	backbone	3
nct00252772	DB06536	investigational	0
nct00252811	DB00317	investigational	0
nct00252837	DB06536	investigational	0
nct00252876	DB06536	investigational	0
nct00252967	DB01076	investigational	2
nct00253318	DB01590	single_arm_combination	1
nct00253318	DB01248	single_arm_combination	1
nct00253526	DB00441	no_arm_data	0
nct00253721	DB01042	investigational	1
nct00253721	DB00742	unmatched	1
nct00254618	DB00244	backbone	3
nct00254891	DB01229	backbone	2
nct00254904	DB00441	backbone	2
nct00255008	DB00811	backbone	4
nct00255034	DB00811	backbone	2
nct00255268	DB01128	no_arm_data	0
nct00255268	DB00014	no_arm_data	0
nct00255541	DB01016	no_arm_data	0
nct00255541	DB06536	no_arm_data	0
nct00256269	DB00762	single_arm_combination	1
nct00256295	DB00441	single_arm_combination	1
nct00256321	DB01101	single_arm_combination	1
nct00256321	DB00482	single_arm_combination	1
nct00256776	DB00188	investigational	2
nct00256776	DB01041	backbone	2
nct00256776	DB01234	backbone	2
nct00256841	DB00544	unmatched	0
nct00256841	DB01101	unmatched	0
nct00256841	DB01248	unmatched	0
nct00256997	DB01224	unmatched	2
nct00256997	DB06288	unmatched	2
nct00256997	DB00734	investigational	2
nct00256997	DB01238	unmatched	2
nct00256997	DB00334	unmatched	2
nct00257192	DB00246	investigational	2
nct00257361	DB00260	investigational	0
nct00257699	DB00537	investigational	2
nct00257699	DB00916	investigational	2
nct00257829	DB00703	no_arm_data	0
nct00257894	DB00181	investigational	2
nct00258258	DB00399	no_arm_data	0
nct00258258	DB00910	no_arm_data	0
nct00258297	DB00317	investigational	0
nct00258765	DB00399	investigational	2
nct00258765	DB01248	comparator	2
nct00259142	DB00608	investigational	0
nct00259142	DB00205	investigational	0
nct00259285	DB00642	single_arm_combination	1
nct00259636	DB00909	investigational	0
nct00260741	DB00470	investigational	0
nct00260741	DB14011	investigational	0
nct00260741	DB09061	investigational	0
nct00261352	DB06536	no_arm_data	0
nct00261352	DB00331	no_arm_data	0
nct00261352	DB01039	no_arm_data	0
nct00261417	DB06536	investigational	0
nct00262132	DB01024	investigational	0
nct00262652	DB00119	investigational	0
nct00262821	DB04858	investigational	2
nct00262925	DB00563	single_arm_combination	1
nct00262925	DB00650	single_arm_combination	1
nct00262925	DB01234	single_arm_combination	1
nct00262925	DB01033	single_arm_combination	1
nct00262951	DB00544	single_arm_combination	1
nct00263016	DB00762	unmatched	0
nct00263042	DB06155	investigational	2
nct00263198	DB01006	single_arm_combination	1
nct00263198	DB04879	single_arm_combination	1
nct00263211	DB00758	investigational	2
nct00263211	DB00945	investigational	2
nct00263302	DB01234	investigational	0
nct00263965	DB06536	no_arm_data	0
nct00263965	DB00331	no_arm_data	0
nct00264134	DB01248	no_arm_data	0
nct00264134	DB00762	no_arm_data	0
nct00264368	DB01004	investigational	0
nct00264472	DB03516	investigational	0
nct00264472	DB00544	unmatched	0
nct00265382	DB00246	investigational	1
nct00265616	DB00599	head_to_head	2
nct00265616	DB00818	head_to_head	2
nct00265616	DB00312	head_to_head	2
nct00265746	DB00331	investigational	0
nct00265785	DB00642	investigational	1
nct00265928	DB00188	no_arm_data	0
nct00266149	DB00555	no_arm_data	0
nct00266357	DB06554	investigational	0
nct00266812	DB00853	investigational	2
nct00267553	DB12194	no_arm_data	0
nct00267553	DB01006	no_arm_data	0
nct00267553	DB00539	no_arm_data	0
nct00267683	DB01016	no_arm_data	0
nct00268151	DB01101	no_arm_data	0
nct00268242	DB00441	single_arm_combination	1
nct00268242	DB01204	single_arm_combination	1
nct00268255	DB00317	investigational	0
nct00268372	DB01248	investigational	2
nct00268372	DB00544	investigational	2
nct00268437	DB00642	single_arm_combination	1
nct00268450	DB00441	single_arm_combination	1
nct00268450	DB01229	single_arm_combination	1
nct00268463	DB00322	investigational	2
nct00268463	DB01101	backbone	2
nct00271011	DB00305	single_arm_combination	1
nct00271011	DB00762	single_arm_combination	1
nct00271323	DB01248	investigational	2
nct00271804	DB00188	investigational	0
nct00271804	DB01041	unmatched	0
nct00272025	DB01175	investigational	2
nct00272415	DB00853	single_arm_combination	1
nct00272415	DB04335	single_arm_combination	1
nct00272870	DB00853	unmatched	0
nct00272909	DB12361	investigational	3
nct00272987	DB01229	backbone	3
nct00272987	DB01259	backbone	3
nct00273026	DB00938	investigational	0
nct00273026	DB00588	investigational	0
nct00273338	DB01248	no_arm_data	0
nct00273338	DB00136	no_arm_data	0
nct00273507	DB01229	investigational	0
nct00273624	DB00334	investigational	2
nct00274105	DB00966	investigational	0
nct00274495	DB00412	investigational	0
nct00274495	DB00811	investigational	0
nct00274651	DB05015	backbone	2
nct00275106	DB00860	no_arm_data	0
nct00275106	DB00997	no_arm_data	0
nct00275106	DB01033	no_arm_data	0
nct00275106	DB00352	no_arm_data	0
nct00275106	DB00531	no_arm_data	0
nct00275106	DB00563	no_arm_data	0
nct00275106	DB00694	no_arm_data	0
nct00275106	DB00987	no_arm_data	0
nct00275106	DB00650	no_arm_data	0
nct00275106	DB01234	no_arm_data	0
nct00275379	DB06832	investigational	0
nct00275756	DB00869	investigational	3
nct00275756	DB00373	investigational	3
nct00275756	DB00484	investigational	3
nct00276146	DB00975	investigational	0
nct00276744	DB00188	unmatched	1
nct00276744	DB00530	single_arm_combination	1
nct00276744	DB00762	single_arm_combination	1
nct00276744	DB00877	single_arm_combination	1
nct00276744	DB01101	single_arm_combination	1
nct00276744	DB00441	single_arm_combination	1
nct00276744	DB00305	single_arm_combination	1
nct00276744	DB01248	single_arm_combination	1
nct00276861	DB00441	no_arm_data	0
nct00276978	DB01238	investigational	1
nct00277550	DB01079	investigational	0
nct00277758	DB00811	backbone	2
nct00278122	DB01229	no_arm_data	0
nct00278265	DB01073	investigational	1
nct00278265	DB00563	investigational	1
nct00278486	DB00531	unmatched	1
nct00278512	DB09110	backbone	2
nct00278512	DB01073	investigational	2
nct00278512	DB00531	backbone	2
nct00278551	DB00531	unmatched	1
nct00278564	DB00531	single_arm_combination	1
nct00278577	DB00531	unmatched	1
nct00278590	DB00531	unmatched	1
nct00278616	DB00531	unmatched	0
nct00278655	DB00531	unmatched	1
nct00279409	DB01238	investigational	2
nct00279461	DB00169	backbone	2
nct00279565	DB00811	no_arm_data	0
nct00279773	DB05928	backbone	2
nct00280085	DB00125	investigational	0
nct00280215	DB00966	investigational	2
nct00280215	DB00678	investigational	2
nct00280215	DB00177	investigational	2
nct00280215	DB01029	investigational	2
nct00280215	DB13919	investigational	2
nct00280748	DB00642	investigational	1
nct00281021	DB00530	investigational	1
nct00281021	DB00390	investigational	1
nct00281125	DB04879	investigational	0
nct00281125	DB00642	investigational	0
nct00281255	DB00437	investigational	2
nct00281255	DB00841	backbone	2
nct00281307	DB00163	investigational	0
nct00281528	DB01229	backbone	3
nct00281827	DB00441	single_arm_combination	1
nct00281827	DB01041	single_arm_combination	1
nct00281879	DB01008	head_to_head	8
nct00281879	DB00864	backbone	8
nct00281879	DB01042	head_to_head	8
nct00281879	DB00091	backbone	8
nct00281879	DB00773	head_to_head	8
nct00281879	DB00531	head_to_head	8
nct00281879	DB00563	backbone	8
nct00281879	DB00959	head_to_head	8
nct00281879	DB00987	head_to_head	8
nct00281879	DB00262	head_to_head	8
nct00281931	DB01073	no_arm_data	0
nct00281931	DB00531	no_arm_data	0
nct00281996	DB00441	no_arm_data	0
nct00281996	DB00619	no_arm_data	0
nct00282139	DB01238	investigational	0
nct00282399	DB01262	backbone	3
nct00282412	DB01073	single_arm_combination	1
nct00282412	DB00531	single_arm_combination	1
nct00282412	DB00688	single_arm_combination	1
nct00282425	DB01073	unmatched	1
nct00282425	DB00531	unmatched	1
nct00282438	DB00531	unmatched	2
nct00282503	DB00553	backbone	2
nct00282555	DB00736	unmatched	0
nct00282945	DB00412	no_arm_data	0
nct00282945	DB00331	no_arm_data	0
nct00283634	DB00188	investigational	0
nct00283634	DB00530	investigational	0
nct00283764	DB00654	investigational	0
nct00284791	DB00472	no_arm_data	0
nct00284791	DB01104	no_arm_data	0
nct00284791	DB00555	no_arm_data	0
nct00284921	DB01024	investigational	0
nct00285415	DB01248	investigational	1
nct00285857	DB00227	investigational	1
nct00286026	DB00207	backbone	2
nct00286169	DB06263	investigational	0
nct00286936	DB00425	investigational	0
nct00287027	DB00734	investigational	0
nct00287495	DB00398	backbone	2
nct00287859	DB01030	investigational	1
nct00288054	DB01248	investigational	2
nct00288067	DB05076	single_arm_combination	1
nct00288171	DB00437	investigational	2
nct00288353	DB01238	head_to_head	2
nct00288353	DB00246	head_to_head	2
nct00290017	DB00642	no_arm_data	0
nct00290537	DB01229	investigational	3
nct00290537	DB05294	backbone	3
nct00290628	DB01008	no_arm_data	0
nct00290628	DB01042	no_arm_data	0
nct00290628	DB00091	no_arm_data	0
nct00290628	DB00531	no_arm_data	0
nct00290628	DB00959	no_arm_data	0
nct00290628	DB00688	no_arm_data	0
nct00290654	DB00675	investigational	1
nct00290706	DB00441	single_arm_combination	1
nct00290706	DB00188	single_arm_combination	1
nct00290719	DB00317	no_arm_data	0
nct00290719	DB00762	no_arm_data	0
nct00290771	DB00619	backbone	2
nct00290771	DB01005	backbone	2
nct00291850	DB01229	investigational	0
nct00292201	DB01076	backbone	2
nct00293111	DB00749	investigational	0
nct00293150	DB00700	backbone	2
nct00293332	DB01248	no_arm_data	0
nct00293371	DB04879	no_arm_data	0
nct00293371	DB01248	no_arm_data	0
nct00293371	DB00635	no_arm_data	0
nct00293436	DB00530	no_arm_data	0
nct00293436	DB00482	no_arm_data	0
nct00294723	DB00222	comparator	4
nct00294944	DB12551	investigational	0
nct00295464	DB00443	investigational	0
nct00296010	DB00563	comparator	4
nct00296010	DB00997	investigational	4
nct00296010	DB00531	comparator	4
nct00296062	DB01101	no_arm_data	0
nct00296062	DB00762	no_arm_data	0
nct00296205	DB00531	investigational	0
nct00296686	DB01576	single_arm_combination	1
nct00296686	DB00279	single_arm_combination	1
nct00296959	DB00273	investigational	0
nct00296972	DB00811	investigational	0
nct00297076	DB06497	investigational	0
nct00297284	DB00745	investigational	0
nct00297921	DB05465	investigational	0
nct00298012	DB00563	investigational	0
nct00298272	DB00563	backbone	2
nct00298324	DB00091	head_to_head	2
nct00298324	DB01024	head_to_head	2
nct00298324	DB00635	head_to_head	2
nct00298857	DB00313	investigational	0
nct00299234	DB00289	backbone	2
nct00299247	DB01299	investigational	0
nct00299247	DB00205	investigational	0
nct00299390	DB12391	investigational	1
nct00299611	DB01202	investigational	2
nct00300105	DB06536	investigational	0
nct00300391	DB00502	investigational	2
nct00300495	DB01118	investigational	2
nct00300573	DB12470	backbone	2
nct00300885	DB00398	investigational	2
nct00300885	DB01229	backbone	2
nct00301431	DB06700	investigational	0
nct00302211	DB00203	mixed	5
nct00302211	DB01088	investigational	5
nct00302341	DB00440	comparator	2
nct00302770	DB01224	investigational	0
nct00302952	DB00227	investigational	2
nct00303225	DB12020	investigational	0
nct00303433	DB01043	investigational	0
nct00303615	DB01185	no_arm_data	0
nct00303615	DB01217	no_arm_data	0
nct00303628	DB00650	backbone	2
nct00303628	DB00544	backbone	2
nct00303719	DB00091	backbone	2
nct00303719	DB01073	backbone	2
nct00303719	DB00531	backbone	2
nct00303719	DB00688	backbone	2
nct00303836	DB00531	backbone	2
nct00303862	DB04849	investigational	1
nct00303888	DB04915	investigational	2
nct00303888	DB01248	backbone	2
nct00303966	DB00398	investigational	1
nct00304200	DB01268	investigational	1
nct00304200	DB00853	investigational	1
nct00304213	DB00624	investigational	0
nct00304668	DB08639	investigational	0
nct00304980	DB06697	investigational	0
nct00304980	DB01299	investigational	0
nct00304980	DB06708	investigational	0
nct00304980	DB00205	investigational	0
nct00305162	DB06441	investigational	2
nct00305162	DB00758	backbone	2
nct00305201	DB00175	investigational	0
nct00305331	DB01184	investigational	0
nct00305383	DB06408	no_arm_data	0
nct00305643	DB00482	investigational	2
nct00306826	DB01132	no_arm_data	0
nct00306826	DB00641	no_arm_data	0
nct00307645	DB00993	no_arm_data	0
nct00307645	DB00688	no_arm_data	0
nct00307723	DB00441	backbone	2
nct00307723	DB00544	backbone	2
nct00308113	DB09270	head_to_head	4
nct00308113	DB00635	head_to_head	4
nct00308620	DB00608	investigational	2
nct00309517	DB00650	no_arm_data	0
nct00309517	DB00544	unmatched	0
nct00310050	DB00441	unmatched	1
nct00310050	DB00642	investigational	1
nct00310128	DB00987	no_arm_data	0
nct00310128	DB00773	no_arm_data	0
nct00310128	DB00959	no_arm_data	0
nct00310661	DB06454	investigational	2
nct00310830	DB00559	investigational	2
nct00311051	DB00471	no_arm_data	0
nct00311051	DB13036	no_arm_data	0
nct00311311	DB00877	investigational	2
nct00311311	DB00864	backbone	2
nct00311311	DB00635	backbone	2
nct00311311	DB00688	backbone	2
nct00311467	DB01101	backbone	2
nct00312221	DB00497	investigational	3
nct00312546	DB00313	investigational	4
nct00312650	DB00441	investigational	0
nct00312650	DB00997	investigational	0
nct00312754	DB01072	investigational	0
nct00313196	DB00559	investigational	2
nct00313456	DB01248	unmatched	0
nct00313482	DB01248	no_arm_data	0
nct00313482	DB00635	no_arm_data	0
nct00313547	DB00381	no_arm_data	0
nct00313547	DB00881	no_arm_data	0
nct00313612	DB01030	single_arm_combination	1
nct00313690	DB00188	investigational	0
nct00313690	DB01248	investigational	0
nct00313768	DB01229	backbone	2
nct00314353	DB01101	backbone	2
nct00314353	DB00762	investigational	2
nct00314613	DB00734	investigational	0
nct00314665	DB01041	investigational	0
nct00315211	DB01030	single_arm_combination	1
nct00315211	DB01248	single_arm_combination	1
nct00315549	DB00976	no_arm_data	0
nct00315549	DB00417	unmatched	0
nct00315900	DB00313	investigational	2
nct00315900	DB01224	comparator	2
nct00316433	DB00762	no_arm_data	0
nct00316537	DB00184	unmatched	0
nct00316745	DB03256	comparator	2
nct00316745	DB00650	comparator	2
nct00316745	DB00544	comparator	2
nct00316745	DB00762	investigational	2
nct00317070	DB01093	comparator	2
nct00317356	DB05298	investigational	0
nct00317369	DB05298	investigational	0
nct00317434	DB01259	investigational	0
nct00317629	DB00435	investigational	2
nct00319202	DB13919	investigational	2
nct00319345	DB00742	investigational	0
nct00319683	DB03516	investigational	0
nct00319683	DB00544	unmatched	0
nct00319839	DB01229	single_arm_combination	1
nct00319930	DB05134	investigational	0
nct00320190	DB00619	head_to_head	2
nct00320190	DB01254	head_to_head	2
nct00320320	DB00762	investigational	0
nct00321100	DB01101	head_to_head	2
nct00321308	DB00642	backbone	2
nct00321698	DB01248	backbone	2
nct00321750	DB00337	investigational	0
nct00322036	DB05289	backbone	2
nct00322296	DB00307	investigational	0
nct00322881	DB01229	single_arm_combination	1
nct00322907	DB01045	unmatched	0
nct00322907	DB00358	investigational	0
nct00322907	DB00951	unmatched	0
nct00322920	DB01030	no_arm_data	0
nct00323011	DB00650	backbone	3
nct00323011	DB00544	backbone	3
nct00323011	DB00762	backbone	3
nct00323063	DB00441	backbone	2
nct00323063	DB00619	investigational	2
nct00323362	DB00441	single_arm_combination	1
nct00323362	DB00619	single_arm_combination	1
nct00323791	DB00441	no_arm_data	0
nct00323791	DB00619	no_arm_data	0
nct00323986	DB00207	investigational	0
nct00324077	DB00619	investigational	0
nct00324077	DB01254	investigational	0
nct00324142	DB00911	investigational	0
nct00324714	DB00884	investigational	0
nct00324740	DB02546	single_arm_combination	1
nct00324740	DB00982	single_arm_combination	1
nct00324987	DB00619	backbone	2
nct00325000	DB00321	investigational	0
nct00325000	DB01104	investigational	0
nct00325572	DB09322	unmatched	2
nct00325572	DB00126	investigational	2
nct00325572	DB14487	unmatched	2
nct00325650	DB06155	investigational	2
nct00325741	DB00091	described_only	1
nct00325741	DB00688	described_only	1
nct00325910	DB00331	investigational	0
nct00326872	DB04849	investigational	1
nct00326911	DB00441	investigational	2
nct00327080	DB00203	unmatched	0
nct00327080	DB03128	no_arm_data	0
nct00327756	DB09270	investigational	0
nct00328809	DB00421	investigational	1
nct00329108	DB00334	comparator	2
nct00329108	DB00246	investigational	2
nct00329472	DB00441	investigational	2
nct00329498	DB00126	investigational	0
nct00329732	DB00297	investigational	2
nct00329732	DB00281	investigational	2
nct00330148	DB06243	no_arm_data	0
nct00330148	DB12864	no_arm_data	0
nct00330148	DB11820	no_arm_data	0
nct00330291	DB01440	investigational	0
nct00330291	DB09072	investigational	0
nct00331045	DB06274	investigational	4
nct00331422	DB01229	single_arm_combination	1
nct00331708	DB01299	investigational	1
nct00331708	DB00205	investigational	1
nct00331708	DB09274	investigational	1
nct00332657	DB05288	backbone	3
nct00333229	DB00399	investigational	2
nct00333476	DB06461	investigational	0
nct00333996	DB01234	investigational	0
nct00334568	DB00412	investigational	2
nct00334646	DB06634	backbone	2
nct00334685	DB00230	backbone	2
nct00334763	DB01229	no_arm_data	0
nct00334867	DB00997	backbone	2
nct00334867	DB01181	backbone	2
nct00334867	DB00773	backbone	2
nct00334867	DB00531	backbone	2
nct00334867	DB01030	investigational	2
nct00335140	DB00563	single_arm_combination	1
nct00335140	DB00987	single_arm_combination	1
nct00335140	DB00650	single_arm_combination	1
nct00335140	DB01168	single_arm_combination	1
nct00335140	DB01234	single_arm_combination	1
nct00335335	DB01249	investigational	1
nct00335621	DB01409	investigational	0
nct00335959	DB01101	single_arm_combination	1
nct00336154	DB00759	unmatched	0
nct00336700	DB00441	single_arm_combination	1
nct00336700	DB00530	single_arm_combination	1
nct00336882	DB00683	comparator	2
nct00336882	DB00818	investigational	2
nct00337259	DB00441	investigational	1
nct00337272	DB00980	investigational	2
nct00337506	DB00188	no_arm_data	0
nct00337506	DB01234	no_arm_data	0
nct00338273	DB01238	investigational	2
nct00343187	DB00250	no_arm_data	0
nct00343447	DB00531	no_arm_data	0
nct00343499	DB00177	investigational	0
nct00343512	DB01248	single_arm_combination	1
nct00343759	DB01259	investigational	0
nct00343980	DB00222	backbone	2
nct00344019	DB01076	investigational	3
nct00344487	DB01601	investigational	1
nct00345059	DB00361	investigational	3
nct00345059	DB01101	investigational	3
nct00345059	DB00441	investigational	3
nct00345059	DB01248	backbone	3
nct00346099	DB01101	no_arm_data	0
nct00346229	DB00997	single_arm_combination	1
nct00346645	DB00188	investigational	0
nct00346749	DB00938	single_arm_combination	1
nct00346749	DB00588	single_arm_combination	1
nct00347438	DB01101	investigational	1
nct00347750	DB01601	investigational	0
nct00348166	DB00979	investigational	0
nct00348608	DB01249	investigational	1
nct00348634	DB01079	investigational	0
nct00348712	DB00412	backbone	2
nct00348712	DB00331	backbone	2
nct00348816	DB01248	single_arm_combination	1
nct00348816	DB00635	single_arm_combination	1
nct00349518	DB01254	investigational	0
nct00350844	DB01005	investigational	1
nct00350948	DB04972	investigational	2
nct00350948	DB00997	backbone	2
nct00351039	DB00530	single_arm_combination	1
nct00351039	DB00642	single_arm_combination	1
nct00351195	DB01101	no_arm_data	0
nct00351195	DB00773	no_arm_data	0
nct00351364	DB00471	backbone	2
nct00352079	DB00317	head_to_head	2
nct00352118	DB00544	single_arm_combination	1
nct00352118	DB01248	single_arm_combination	1
nct00352651	DB00230	investigational	0
nct00352742	DB00188	investigational	1
nct00352755	DB00544	single_arm_combination	1
nct00352768	DB00176	investigational	2
nct00352859	DB00398	investigational	2
nct00352859	DB00441	backbone	2
nct00352950	DB00877	unmatched	0
nct00353457	DB01101	investigational	1
nct00354107	DB00773	single_arm_combination	1
nct00354107	DB01181	single_arm_combination	1
nct00354172	DB01073	single_arm_combination	1
nct00354172	DB00531	single_arm_combination	1
nct00354185	DB05015	single_arm_combination	1
nct00354185	DB05134	single_arm_combination	1
nct00354224	DB01101	single_arm_combination	1
nct00354419	DB00091	single_arm_combination	1
nct00354419	DB00531	single_arm_combination	1
nct00354419	DB00688	single_arm_combination	1
nct00354523	DB01101	single_arm_combination	1
nct00354523	DB00619	single_arm_combination	1
nct00354523	DB00851	single_arm_combination	1
nct00354562	DB01248	backbone	2
nct00354601	DB01101	single_arm_combination	1
nct00354601	DB01248	single_arm_combination	1
nct00355459	DB01017	unmatched	0
nct00355459	DB00759	investigational	0
nct00356265	DB00388	backbone	3
nct00356525	DB00441	investigational	4
nct00356525	DB00642	backbone	4
nct00356616	DB00495	unmatched	2
nct00356616	DB00709	unmatched	2
nct00356616	DB00300	investigational	2
nct00356616	DB01048	investigational	2
nct00356681	DB05575	investigational	3
nct00356928	DB00531	single_arm_combination	1
nct00356941	DB01248	single_arm_combination	1
nct00358319	DB00313	backbone	2
nct00358566	DB00441	comparator	2
nct00358982	DB11830	investigational	1
nct00359125	DB00834	investigational	2
nct00359151	DB00482	investigational	2
nct00359385	DB00630	backbone	2
nct00359476	DB11641	investigational	1
nct00360087	DB00559	investigational	0
nct00360308	DB08883	investigational	3
nct00360308	DB00494	described_only	3
nct00360412	DB08883	investigational	1
nct00360776	DB04960	investigational	1
nct00360828	DB00762	single_arm_combination	1
nct00361088	DB00188	backbone	2
nct00361088	DB04960	backbone	2
nct00361114	DB00250	investigational	3
nct00361114	DB01299	mixed	3
nct00361114	DB00205	mixed	3
nct00361114	DB12314	investigational	3
nct00361244	DB01268	no_arm_data	0
nct00361244	DB00762	no_arm_data	0
nct00361257	DB01017	investigational	2
nct00361439	DB00764	investigational	2
nct00361452	DB00668	investigational	0
nct00361452	DB01001	investigational	0
nct00361868	DB00331	investigational	2
nct00361868	DB01039	investigational	2
nct00361972	DB00448	investigational	2
nct00362245	DB00479	investigational	0
nct00362466	DB00619	head_to_head	2
nct00362466	DB01254	head_to_head	2
nct00362661	DB00741	investigational	0
nct00362765	DB00331	mixed	4
nct00362765	DB01039	mixed	4
nct00362869	DB01137	backbone	5
nct00363025	DB00987	unmatched	0
nct00363025	DB01177	investigational	0
nct00363025	DB00694	investigational	0
nct00363025	DB01204	unmatched	0
nct00363467	DB01008	single_arm_combination	1
nct00363610	DB00441	investigational	0
nct00363753	DB00758	investigational	0
nct00363753	DB00945	investigational	0
nct00363779	DB00091	single_arm_combination	1
nct00364429	DB00186	no_arm_data	0
nct00365183	DB00642	investigational	1
nct00365222	DB00853	investigational	1
nct00365274	DB00635	single_arm_combination	1
nct00365274	DB00997	single_arm_combination	1
nct00365274	DB00531	single_arm_combination	1
nct00365820	DB01079	investigational	0
nct00366106	DB00188	no_arm_data	0
nct00366106	DB00997	no_arm_data	0
nct00366106	DB01234	no_arm_data	0
nct00366301	DB00331	head_to_head	4
nct00366327	DB04888	investigational	1
nct00366704	DB00734	comparator	2
nct00366704	DB04888	investigational	2
nct00367497	DB00987	investigational	0
nct00367497	DB00773	investigational	0
nct00367497	DB00959	investigational	0
nct00367718	DB00188	investigational	0
nct00368121	DB01234	investigational	1
nct00368264	DB00993	described_only	2
nct00368329	DB01101	no_arm_data	0
nct00368381	DB00687	head_to_head	2
nct00368381	DB00741	backbone	2
nct00368719	DB00864	investigational	1
nct00369044	DB00635	investigational	0
nct00369070	DB01229	backbone	3
nct00369070	DB05575	investigational	3
nct00369551	DB01229	single_arm_combination	1
nct00369603	DB00674	investigational	2
nct00369603	DB00843	investigational	2
nct00369629	DB00441	backbone	4
nct00369629	DB00642	backbone	4
nct00369915	DB00747	backbone	2
nct00369954	DB00441	no_arm_data	0
nct00370019	DB00603	investigational	0
nct00370019	DB00783	investigational	0
nct00371579	DB01098	investigational	0
nct00372073	DB06195	investigational	2
nct00372567	DB01268	investigational	2
nct00372567	DB00619	comparator	2
nct00372762	DB00695	head_to_head	2
nct00372762	DB00887	head_to_head	2
nct00372905	DB00188	single_arm_combination	1
nct00372996	DB00990	backbone	2
nct00373113	DB01268	investigational	2
nct00373113	DB01101	comparator	2
nct00373217	DB01229	backbone	2
nct00373581	DB00907	backbone	2
nct00373581	DB01080	backbone	2
nct00373711	DB05382	no_arm_data	0
nct00373815	DB01590	investigational	0
nct00374205	DB06697	investigational	2
nct00374205	DB06708	investigational	2
nct00374205	DB00613	comparator	2
nct00374205	DB09274	comparator	2
nct00374296	DB11830	investigational	2
nct00374543	DB00246	investigational	2
nct00375401	DB11745	investigational	3
nct00375557	DB00313	head_to_head	2
nct00375557	DB01224	head_to_head	2
nct00375752	DB01006	backbone	2
nct00375752	DB00399	investigational	2
nct00375895	DB00091	investigational	1
nct00376103	DB00853	investigational	0
nct00376181	DB01132	backbone	3
nct00376194	DB00566	investigational	0
nct00376285	DB01039	no_arm_data	0
nct00376337	DB01141	investigational	2
nct00376805	DB01073	single_arm_combination	1
nct00376805	DB00531	single_arm_combination	1
nct00377091	DB00569	investigational	0
nct00377104	DB03496	investigational	1
nct00377143	DB00682	investigational	0
nct00377325	DB00091	backbone	3
nct00377455	DB00559	investigational	2
nct00377780	DB00997	investigational	1
nct00377780	DB01248	investigational	1
nct00378027	DB00682	unmatched	1
nct00378027	DB00569	investigational	1
nct00378404	DB01248	investigational	1
nct00378495	DB09031	investigational	0
nct00378573	DB00441	single_arm_combination	1
nct00378573	DB01248	single_arm_combination	1
nct00379197	DB00704	investigational	1
nct00379912	DB00928	backbone	2
nct00380198	DB05009	investigational	0
nct00380276	DB05289	investigational	1
nct00380835	DB06263	investigational	0
nct00381693	DB00928	investigational	0
nct00382057	DB00014	no_arm_data	0
nct00382057	DB00624	no_arm_data	0
nct00382057	DB01217	no_arm_data	0
nct00382161	DB01095	investigational	0
nct00383266	DB00642	single_arm_combination	1
nct00383331	DB00441	backbone	2
nct00383331	DB00642	backbone	2
nct00383487	DB00788	no_arm_data	0
nct00383487	DB00136	no_arm_data	0
nct00383565	DB06176	investigational	1
nct00384111	DB00531	unmatched	2
nct00384111	DB00635	unmatched	2
nct00384566	DB00264	comparator	2
nct00384566	DB01136	investigational	2
nct00384605	DB06624	investigational	4
nct00384865	DB00641	head_to_head	4
nct00384865	DB00945	head_to_head	4
nct00385021	DB00650	investigational	0
nct00385021	DB00544	investigational	0
nct00385138	DB06441	investigational	2
nct00385138	DB00758	backbone	2
nct00385398	DB00853	no_arm_data	0
nct00385398	DB00530	no_arm_data	0
nct00385463	DB00471	investigational	0
nct00385463	DB00588	investigational	0
nct00385554	DB05871	investigational	0
nct00385827	DB01204	backbone	3
nct00385827	DB00635	backbone	3
nct00386399	DB00305	investigational	1
nct00386516	DB00544	single_arm_combination	1
nct00386555	DB11832	no_arm_data	0
nct00386555	DB06626	no_arm_data	0
nct00386555	DB01248	no_arm_data	0
nct00386659	DB00625	no_arm_data	0
nct00386659	DB01048	no_arm_data	0
nct00386659	DB01601	no_arm_data	0
nct00386659	DB00503	no_arm_data	0
nct00386659	DB14126	no_arm_data	0
nct00387036	DB00588	backbone	2
nct00387348	DB01175	investigational	3
nct00387426	DB01268	investigational	1
nct00387530	DB01610	single_arm_combination	1
nct00387530	DB08909	single_arm_combination	1
nct00387530	DB06819	single_arm_combination	1
nct00387894	DB00530	investigational	1
nct00388388	DB00999	backbone	2
nct00388388	DB00678	backbone	2
nct00388609	DB12649	investigational	7
nct00388700	DB00650	unmatched	1
nct00388700	DB00544	single_arm_combination	1
nct00388739	DB01222	investigational	2
nct00388804	DB00499	head_to_head	2
nct00388804	DB00014	head_to_head	2
nct00388804	DB01128	head_to_head	2
nct00389090	DB00853	investigational	1
nct00389090	DB11919	investigational	1
nct00389506	DB00531	no_arm_data	0
nct00389519	DB00178	investigational	4
nct00389675	DB04883	investigational	2
nct00389688	DB00642	no_arm_data	0
nct00389766	DB06704	no_arm_data	0
nct00389766	DB01030	no_arm_data	0
nct00390364	DB01590	investigational	0
nct00390923	DB01037	investigational	2
nct00390923	DB00184	backbone	2
nct00390975	DB01079	investigational	0
nct00391001	DB01956	backbone	2
nct00391066	DB01073	described_only	2
nct00391066	DB00531	described_only	2
nct00391196	DB11745	investigational	3
nct00391430	DB01104	head_to_head	3
nct00391534	DB00776	backbone	2
nct00391586	DB00530	single_arm_combination	1
nct00391755	DB00980	backbone	2
nct00391950	DB00399	investigational	0
nct00392028	DB00303	investigational	0
nct00392106	DB00204	comparator	2
nct00392106	DB01118	comparator	2
nct00392106	DB01195	comparator	2
nct00392106	DB01182	comparator	2
nct00392223	DB01017	investigational	2
nct00392223	DB00207	investigational	2
nct00392665	DB00605	head_to_head	2
nct00392665	DB00530	backbone	2
nct00392782	DB04572	single_arm_combination	1
nct00393094	DB00762	single_arm_combination	1
nct00393185	DB01073	unmatched	0
nct00393185	DB00531	unmatched	0
nct00393562	DB00745	no_arm_data	0
nct00393562	DB00422	no_arm_data	0
nct00393796	DB01268	backbone	2
nct00394147	DB00441	single_arm_combination	1
nct00394147	DB00642	single_arm_combination	1
nct00394485	DB01409	no_arm_data	0
nct00394992	DB01101	backbone	2
nct00395226	DB09322	investigational	2
nct00395239	DB00860	investigational	1
nct00395239	DB14669	investigational	1
nct00395239	DB00620	investigational	1
nct00395239	DB00959	investigational	1
nct00395239	DB00443	investigational	1
nct00395239	DB00635	investigational	1
nct00395239	DB01234	investigational	1
nct00395603	DB00973	no_arm_data	0
nct00395603	DB00641	no_arm_data	0
nct00395655	DB01275	investigational	0
nct00395655	DB00313	investigational	0
nct00395967	DB06809	investigational	1
nct00396058	DB00422	investigational	0
nct00396214	DB04888	investigational	3
nct00396214	DB01224	comparator	3
nct00396383	DB06809	investigational	1
nct00396448	DB11745	investigational	3
nct00396487	DB01101	investigational	0
nct00396487	DB00544	investigational	0
nct00396487	DB00762	investigational	0
nct00396734	DB00745	no_arm_data	0
nct00396734	DB00273	no_arm_data	0
nct00396812	DB00563	described_only	1
nct00396812	DB00959	unmatched	1
nct00396812	DB00635	unmatched	1
nct00396968	DB06809	investigational	0
nct00396968	DB01073	unmatched	0
nct00396968	DB01008	unmatched	0
nct00397098	DB05395	investigational	0
nct00397501	DB00563	backbone	2
nct00397605	DB00470	unmatched	1
nct00397605	DB09061	investigational	1
nct00397657	DB00627	head_to_head	2
nct00397657	DB00973	backbone	2
nct00397683	DB06670	investigational	0
nct00397761	DB01101	no_arm_data	0
nct00397761	DB01229	no_arm_data	0
nct00397878	DB11805	investigational	1
nct00398008	DB00704	investigational	2
nct00398047	DB00928	unmatched	1
nct00398632	DB00476	investigational	1
nct00399022	DB00476	investigational	0
nct00399204	DB00331	backbone	2
nct00399204	DB01132	backbone	2
nct00399659	DB01079	investigational	0
nct00400088	DB00715	comparator	2
nct00400088	DB14509	investigational	2
nct00400205	DB00544	single_arm_combination	1
nct00400205	DB01248	single_arm_combination	1
nct00401882	DB00264	head_to_head	2
nct00401921	DB01017	comparator	2
nct00402298	DB01454	backbone	2
nct00402376	DB00790	investigational	0
nct00402376	DB01136	investigational	0
nct00402376	DB00175	investigational	0
nct00402415	DB01268	single_arm_combination	1
nct00402415	DB00877	single_arm_combination	1
nct00402662	DB01590	no_arm_data	0
nct00402662	DB00619	no_arm_data	0
nct00402883	DB00642	single_arm_combination	1
nct00402896	DB05294	investigational	1
nct00403052	DB00762	unmatched	3
nct00403156	DB00619	investigational	0
nct00403182	DB01006	no_arm_data	0
nct00403988	DB00361	no_arm_data	0
nct00404287	DB01095	backbone	2
nct00404703	DB00441	unmatched	1
nct00404703	DB01229	unmatched	1
nct00406276	DB01590	single_arm_combination	1
nct00406276	DB01248	single_arm_combination	1
nct00407407	DB01229	no_arm_data	0
nct00408070	DB01229	single_arm_combination	1
nct00408148	DB06155	investigational	2
nct00408473	DB01195	investigational	0
nct00408772	DB01101	single_arm_combination	1
nct00409331	DB01143	investigational	1
nct00409461	DB00877	investigational	0
nct00409461	DB00864	investigational	0
nct00409526	DB01088	investigational	0
nct00409591	DB00238	mixed	3
nct00409591	DB01601	investigational	3
nct00409630	DB00588	investigational	0
nct00410774	DB00441	no_arm_data	0
nct00411281	DB00987	investigational	2
nct00411372	DB00938	investigational	0
nct00411372	DB00588	investigational	0
nct00411593	DB00188	single_arm_combination	1
nct00411892	DB01132	backbone	2
nct00412217	DB00530	investigational	2
nct00412750	DB01265	investigational	3
nct00412841	DB01076	investigational	2
nct00412919	DB00928	investigational	0
nct00413478	DB00928	investigational	1
nct00413959	DB00188	single_arm_combination	1
nct00413959	DB01234	single_arm_combination	1
nct00413959	DB00531	single_arm_combination	1
nct00414024	DB01079	investigational	0
nct00414037	DB00402	investigational	2
nct00414076	DB01006	investigational	2
nct00414206	DB00657	investigational	3
nct00414284	DB00503	unmatched	0
nct00414284	DB01601	unmatched	0
nct00414414	DB00635	investigational	2
nct00414570	DB06198	unmatched	1
nct00414570	DB14930	unmatched	1
nct00414726	DB09140	backbone	2
nct00415246	DB06825	investigational	0
nct00415376	DB01202	investigational	0
nct00415584	DB01012	investigational	1
nct00415909	DB00619	single_arm_combination	1
nct00416793	DB00188	single_arm_combination	1
nct00416884	DB01073	single_arm_combination	1
nct00416910	DB01073	backbone	2
nct00416910	DB01204	backbone	2
nct00416910	DB00531	backbone	2
nct00417248	DB00398	single_arm_combination	1
nct00417248	DB00773	single_arm_combination	1
nct00417287	DB05448	backbone	2
nct00417677	DB06287	investigational	0
nct00417677	DB01268	investigational	0
nct00417690	DB00233	investigational	2
nct00417885	DB01268	single_arm_combination	1
nct00417885	DB00990	single_arm_combination	1
nct00418132	DB01041	investigational	2
nct00418145	DB00959	backbone	2
nct00418691	DB00745	head_to_head	3
nct00418691	DB00422	head_to_head	3
nct00418782	DB00788	comparator	3
nct00418873	DB00734	comparator	2
nct00418873	DB09225	investigational	2
nct00419536	DB00635	unmatched	0
nct00419536	DB01248	unmatched	0
nct00419536	DB06603	investigational	0
nct00419653	DB00502	comparator	3
nct00419653	DB00334	comparator	3
nct00419653	DB06288	investigational	3
nct00420355	DB00503	investigational	2
nct00420355	DB01072	investigational	2
nct00420355	DB01601	investigational	2
nct00420589	DB06624	investigational	4
nct00420810	DB06554	investigational	0
nct00421096	DB00441	single_arm_combination	1
nct00421317	DB00619	investigational	0
nct00422201	DB00834	investigational	1
nct00422877	DB05297	investigational	1
nct00422942	DB00563	single_arm_combination	1
nct00423150	DB00853	investigational	1
nct00423683	DB00569	backbone	2
nct00423800	DB00811	backbone	2
nct00423969	DB00674	no_arm_data	0
nct00423969	DB01175	no_arm_data	0
nct00424294	DB00482	comparator	3
nct00424489	DB00531	single_arm_combination	1
nct00424775	DB02546	investigational	0
nct00424801	DB09220	single_arm_combination	1
nct00424801	DB00177	single_arm_combination	1
nct00424801	DB00590	single_arm_combination	1
nct00424801	DB00528	single_arm_combination	1
nct00424840	DB00188	backbone	3
nct00425919	DB07724	investigational	0
nct00426127	DB01248	single_arm_combination	1
nct00426127	DB00997	single_arm_combination	1
nct00426985	DB01009	investigational	2
nct00427011	DB08883	investigational	1
nct00427154	DB00412	backbone	2
nct00427414	DB00694	investigational	1
nct00427583	DB00619	investigational	1
nct00427609	DB01053	backbone	2
nct00427648	DB00281	investigational	2
nct00427934	DB00563	unmatched	2
nct00427973	DB04849	investigational	1
nct00428025	DB00586	investigational	2
nct00428116	DB00238	unmatched	2
nct00428116	DB01048	unmatched	2
nct00428116	DB00709	unmatched	2
nct00428116	DB01601	unmatched	2
nct00428116	DB00900	unmatched	2
nct00428116	DB00495	unmatched	2
nct00428116	DB00649	unmatched	2
nct00428116	DB00503	unmatched	2
nct00428194	DB00530	backbone	3
nct00428597	DB01268	investigational	2
nct00429026	DB01042	investigational	2
nct00429026	DB01073	backbone	2
nct00429026	DB00531	investigational	2
nct00429169	DB00715	head_to_head	2
nct00429169	DB01156	head_to_head	2
nct00429442	DB00641	investigational	2
nct00429533	DB00250	investigational	0
nct00429858	DB00441	single_arm_combination	1
nct00429858	DB09257	single_arm_combination	1
nct00429858	DB09256	single_arm_combination	1
nct00429858	DB03209	single_arm_combination	1
nct00429975	DB01137	no_arm_data	0
nct00429975	DB01212	no_arm_data	0
nct00430014	DB05513	investigational	1
nct00430027	DB01101	single_arm_combination	1
nct00430040	DB01136	investigational	2
nct00430040	DB00722	backbone	2
nct00430079	DB12736	investigational	1
nct00430443	DB06420	investigational	0
nct00430573	DB00260	investigational	2
nct00430716	DB00203	backbone	4
nct00430742	DB06624	investigational	4
nct00430794	DB00421	investigational	0
nct00431340	DB05015	investigational	0
nct00431340	DB00188	unmatched	0
nct00431613	DB00441	backbone	2
nct00431613	DB01248	backbone	2
nct00431626	DB01126	investigational	2
nct00431795	DB00445	backbone	2
nct00431795	DB00997	backbone	2
nct00432822	DB00360	investigational	0
nct00433043	DB00264	backbone	2
nct00433043	DB01136	backbone	2
nct00434031	DB00997	no_arm_data	0
nct00434031	DB01248	no_arm_data	0
nct00434031	DB00531	no_arm_data	0
nct00434096	DB06155	investigational	2
nct00434226	DB01268	investigational	2
nct00434226	DB01229	backbone	2
nct00434356	DB01268	investigational	2
nct00434356	DB01229	backbone	2
nct00434499	DB12116	unmatched	2
nct00434941	DB01101	investigational	1
nct00434993	DB01001	investigational	2
nct00435448	DB06266	investigational	0
nct00436124	DB00198	investigational	0
nct00436436	DB00853	single_arm_combination	1
nct00436436	DB11919	single_arm_combination	1
nct00436943	DB01156	investigational	1
nct00436943	DB00184	investigational	1
nct00437294	DB01101	backbone	2
nct00437294	DB06486	investigational	2
nct00437359	DB00539	head_to_head	2
nct00437359	DB01217	head_to_head	2
nct00437749	DB01229	described_only	2
nct00437892	DB01076	investigational	2
nct00437970	DB00331	head_to_head	2
nct00437970	DB01132	head_to_head	2
nct00438139	DB00470	investigational	0
nct00438204	DB00441	single_arm_combination	1
nct00438204	DB00642	single_arm_combination	1
nct00438243	DB00963	investigational	2
nct00438321	DB00014	investigational	3
nct00438321	DB00624	investigational	3
nct00438321	DB01217	head_to_head	3
nct00439192	DB01036	no_arm_data	0
nct00439218	DB06819	investigational	1
nct00439296	DB00997	backbone	7
nct00439296	DB00352	backbone	7
nct00439296	DB00531	backbone	7
nct00439296	DB00563	backbone	7
nct00439296	DB00987	backbone	7
nct00439296	DB01234	backbone	7
nct00439569	DB06819	investigational	1
nct00439946	DB00374	investigational	1
nct00439946	DB01240	described_only	1
nct00440076	DB00188	investigational	0
nct00440271	DB00503	backbone	2
nct00440271	DB00932	backbone	2
nct00440440	DB00624	investigational	2
nct00440622	DB01101	investigational	2
nct00440622	DB00441	investigational	2
nct00440843	DB00334	investigational	2
nct00441168	DB00188	investigational	2
nct00441168	DB00997	backbone	2
nct00441168	DB01234	backbone	2
nct00441181	DB00287	investigational	0
nct00441363	DB01200	backbone	2
nct00441584	DB00811	single_arm_combination	1
nct00442026	DB00441	backbone	2
nct00442026	DB01248	investigational	2
nct00442104	DB05087	investigational	1
nct00442351	DB14512	investigational	2
nct00442403	DB00608	no_arm_data	0
nct00442494	DB00741	investigational	1
nct00442507	DB00530	single_arm_combination	1
nct00442676	DB00482	investigational	2
nct00442923	DB01136	backbone	2
nct00443040	DB05104	investigational	3
nct00443261	DB00928	single_arm_combination	1
nct00443703	DB06817	investigational	2
nct00443703	DB01601	comparator	2
nct00443729	DB06817	investigational	2
nct00443963	DB00863	backbone	2
nct00443963	DB00736	backbone	2
nct00444093	DB00836	described_only	2
nct00444236	DB00736	investigational	2
nct00444639	DB06825	backbone	2
nct00444834	DB01136	backbone	2
nct00445068	DB06603	investigational	1
nct00445549	DB05294	investigational	1
nct00446173	DB01008	single_arm_combination	1
nct00446173	DB00531	single_arm_combination	1
nct00446303	DB00928	investigational	0
nct00446329	DB01012	investigational	0
nct00446667	DB00742	investigational	1
nct00447226	DB01259	described_only	2
nct00447369	DB00313	no_arm_data	0
nct00447369	DB00230	no_arm_data	0
nct00447421	DB00642	single_arm_combination	1
nct00447473	DB01026	single_arm_combination	1
nct00447473	DB01204	single_arm_combination	1
nct00447603	DB00999	backbone	4
nct00447603	DB00678	backbone	4
nct00447902	DB00503	no_arm_data	0
nct00447902	DB00932	no_arm_data	0
nct00448097	DB01248	single_arm_combination	1
nct00448240	DB00530	investigational	1
nct00448266	DB04572	investigational	2
nct00448266	DB00531	comparator	2
nct00448682	DB00322	single_arm_combination	1
nct00448682	DB00650	single_arm_combination	1
nct00448682	DB01248	single_arm_combination	1
nct00449007	DB00472	head_to_head	2
nct00449007	DB01156	head_to_head	2
nct00449111	DB00678	investigational	0
nct00449150	DB00050	investigational	3
nct00449163	DB00322	single_arm_combination	1
nct00449163	DB00650	single_arm_combination	1
nct00449163	DB00762	single_arm_combination	1
nct00449423	DB09055	investigational	0
nct00449605	DB00222	comparator	2
nct00449605	DB06155	investigational	2
nct00449657	DB00441	no_arm_data	0
nct00449657	DB01229	no_arm_data	0
nct00449761	DB06603	investigational	1
nct00449813	DB00213	investigational	1
nct00449865	DB00148	investigational	2
nct00450008	DB01041	single_arm_combination	1
nct00450008	DB01248	single_arm_combination	1
nct00450385	DB00635	single_arm_combination	1
nct00450385	DB00997	single_arm_combination	1
nct00450385	DB00531	single_arm_combination	1
nct00450515	DB01101	single_arm_combination	1
nct00450515	DB11641	single_arm_combination	1
nct00450879	DB06589	investigational	1
nct00451035	DB06603	investigational	1
nct00451490	DB06594	no_arm_data	0
nct00451633	DB08883	investigational	0
nct00451867	DB00688	investigational	2
nct00452075	DB00530	investigational	1
nct00452387	DB00398	no_arm_data	0
nct00452387	DB01204	no_arm_data	0
nct00452387	DB00635	no_arm_data	0
nct00452582	DB00203	investigational	2
nct00452920	DB01248	investigational	0
nct00453414	DB01088	investigational	0
nct00453635	DB00361	investigational	2
nct00453635	DB01248	investigational	2
nct00453856	DB01299	investigational	0
nct00453856	DB00205	investigational	0
nct00454324	DB01229	backbone	2
nct00454714	DB00203	investigational	2
nct00455039	DB01259	investigational	1
nct00455091	DB00709	investigational	0
nct00455091	DB00718	investigational	0
nct00455143	DB00633	investigational	2
nct00456248	DB00811	backbone	3
nct00456313	DB00938	investigational	1
nct00456313	DB00588	investigational	1
nct00456339	DB00860	investigational	0
nct00456339	DB01060	investigational	0
nct00456482	DB00591	investigational	3
nct00456846	DB01229	investigational	1
nct00456963	DB00678	comparator	3
nct00456963	DB00584	investigational	3
nct00457470	DB12332	investigational	0
nct00457678	DB01234	no_arm_data	0
nct00457899	DB01224	investigational	0
nct00458042	DB00374	investigational	0
nct00458276	DB06558	investigational	2
nct00458445	DB00182	backbone	2
nct00458796	DB00399	investigational	0
nct00459108	DB01254	investigational	1
nct00459121	DB01229	single_arm_combination	1
nct00459121	DB05294	single_arm_combination	1
nct00459563	DB00169	investigational	3
nct00459563	DB00136	head_to_head	3
nct00459810	DB00783	no_arm_data	0
nct00459901	DB01101	investigational	0
nct00459901	DB00530	investigational	0
nct00460317	DB05575	investigational	2
nct00461344	DB01248	no_arm_data	0
nct00461344	DB00997	no_arm_data	0
nct00461773	DB01006	head_to_head	2
nct00461812	DB00938	unmatched	2
nct00461812	DB00764	investigational	2
nct00461812	DB13867	unmatched	2
nct00461890	DB00704	investigational	0
nct00462865	DB01101	investigational	1
nct00462865	DB00441	investigational	1
nct00463775	DB00273	investigational	0
nct00463840	DB00544	single_arm_combination	1
nct00463840	DB03256	described_only	1
nct00464178	DB00188	investigational	1
nct00464191	DB01175	investigational	0
nct00464763	DB00633	investigational	2
nct00464958	DB00697	investigational	1
nct00465244	DB00186	backbone	2
nct00465244	DB01202	investigational	2
nct00465257	DB00613	investigational	0
nct00465257	DB09274	investigational	0
nct00465673	DB00997	investigational	0
nct00465907	DB01229	investigational	1
nct00465907	DB00762	investigational	1
nct00466713	DB00412	investigational	0
nct00467077	DB00317	single_arm_combination	1
nct00467831	DB00744	single_arm_combination	1
nct00467831	DB06151	single_arm_combination	1
nct00467831	DB00199	single_arm_combination	1
nct00467831	DB00678	single_arm_combination	1
nct00467831	DB00175	single_arm_combination	1
nct00467987	DB00624	investigational	3
nct00468260	DB03010	investigational	0
nct00468442	DB00877	single_arm_combination	1
nct00469586	DB00222	comparator	3
nct00469586	DB00331	comparator	3
nct00469599	DB01436	head_to_head	2
nct00469599	DB00910	head_to_head	2
nct00469703	DB01041	investigational	0
nct00469976	DB00441	no_arm_data	0
nct00469976	DB06486	no_arm_data	0
nct00470067	DB00997	single_arm_combination	1
nct00470249	DB00441	single_arm_combination	1
nct00470392	DB00724	head_to_head	2
nct00470392	DB11750	head_to_head	2
nct00470535	DB00530	investigational	1
nct00470548	DB01229	backbone	2
nct00470548	DB00642	backbone	2
nct00471068	DB00869	described_only	2
nct00471068	DB00287	investigational	2
nct00471068	DB00373	described_only	2
nct00471159	DB01248	no_arm_data	0
nct00471237	DB05255	investigational	4
nct00471237	DB00630	comparator	4
nct00471653	DB00853	no_arm_data	0
nct00471809	DB00207	no_arm_data	0
nct00471809	DB00471	no_arm_data	0
nct00472355	DB00714	investigational	0
nct00472771	DB06013	investigational	0
nct00473005	DB01590	no_arm_data	0
nct00473005	DB01101	no_arm_data	0
nct00473486	DB00398	investigational	2
nct00473486	DB00642	backbone	2
nct00473551	DB09110	single_arm_combination	1
nct00473551	DB00877	single_arm_combination	1
nct00473551	DB00531	single_arm_combination	1
nct00473551	DB01073	single_arm_combination	1
nct00473889	DB02546	investigational	2
nct00474188	DB01234	single_arm_combination	1
nct00474188	DB00480	single_arm_combination	1
nct00475527	DB01211	investigational	2
nct00475527	DB01060	investigational	2
nct00475527	DB00916	investigational	2
nct00475527	DB00338	investigational	2
nct00475657	DB00642	single_arm_combination	1
nct00476554	DB06365	backbone	2
nct00476827	DB00361	head_to_head	6
nct00476827	DB00762	head_to_head	6
nct00476827	DB00441	head_to_head	6
nct00476827	DB01229	head_to_head	6
nct00476827	DB01248	head_to_head	6
nct00476983	DB12753	unmatched	1
nct00476983	DB00503	investigational	1
nct00476983	DB01232	investigational	1
nct00476983	DB14126	unmatched	1
nct00476983	DB00879	unmatched	1
nct00477087	DB01204	single_arm_combination	1
nct00478036	DB00465	head_to_head	3
nct00478036	DB15566	head_to_head	3
nct00478244	DB01008	single_arm_combination	1
nct00478244	DB00531	single_arm_combination	1
nct00478595	DB06155	investigational	2
nct00478972	DB06155	investigational	2
nct00479167	DB00188	investigational	1
nct00479765	DB01229	investigational	1
nct00479856	DB01101	single_arm_combination	1
nct00479856	DB01259	single_arm_combination	1
nct00479856	DB01229	single_arm_combination	1
nct00479856	DB01248	single_arm_combination	1
nct00480857	DB01248	investigational	1
nct00480935	DB01268	investigational	1
nct00480987	DB00987	single_arm_combination	1
nct00480987	DB01073	single_arm_combination	1
nct00481429	DB00412	head_to_head	2
nct00481832	DB00262	single_arm_combination	1
nct00481832	DB00773	single_arm_combination	1
nct00481832	DB00531	single_arm_combination	1
nct00481832	DB00688	single_arm_combination	1
nct00481845	DB05294	investigational	2
nct00481845	DB01217	backbone	2
nct00482053	DB00773	single_arm_combination	1
nct00482053	DB00091	single_arm_combination	1
nct00482053	DB00531	single_arm_combination	1
nct00482053	DB00688	single_arm_combination	1
nct00482053	DB00262	single_arm_combination	1
nct00482157	DB00136	investigational	0
nct00482274	DB01248	investigational	0
nct00482625	DB00530	single_arm_combination	1
nct00482911	DB01268	investigational	2
nct00482911	DB00480	investigational	2
nct00482911	DB00531	backbone	2
nct00483119	DB00531	investigational	2
nct00483561	DB00773	investigational	1
nct00483561	DB00317	investigational	1
nct00483977	DB00497	comparator	3
nct00484601	DB00997	single_arm_combination	1
nct00484601	DB01181	single_arm_combination	1
nct00484718	DB00482	head_to_head	3
nct00484718	DB00497	head_to_head	3
nct00485472	DB06218	investigational	2
nct00485589	DB00563	investigational	3
nct00486343	DB00744	investigational	2
nct00486720	DB02546	backbone	2
nct00486759	DB00531	backbone	2
nct00486759	DB00997	backbone	2
nct00486759	DB00635	backbone	2
nct00486798	DB01224	investigational	0
nct00486980	DB06614	no_arm_data	0
nct00487461	DB00641	investigational	3
nct00488384	DB00459	investigational	1
nct00488605	DB01033	described_only	2
nct00488605	DB00570	backbone	2
nct00488605	DB00563	investigational	2
nct00488605	DB00650	investigational	2
nct00488605	DB00635	backbone	2
nct00488644	DB00451	single_arm_combination	1
nct00488644	DB00279	single_arm_combination	1
nct00488670	DB01175	investigational	0
nct00488891	DB01267	head_to_head	2
nct00488891	DB01224	described_only	2
nct00488891	DB00246	described_only	2
nct00488891	DB00734	described_only	2
nct00488891	DB01238	described_only	2
nct00488891	DB00334	described_only	2
nct00489281	DB00877	backbone	2
nct00489281	DB00531	backbone	2
nct00489281	DB01073	backbone	2
nct00489281	DB00688	backbone	2
nct00489658	DB06243	investigational	0
nct00489658	DB11820	investigational	0
nct00490061	DB01259	investigational	1
nct00490568	DB00412	investigational	1
nct00490776	DB06603	investigational	1
nct00491075	DB00441	single_arm_combination	1
nct00491075	DB00642	single_arm_combination	1
nct00491348	DB00476	investigational	0
nct00491374	DB14512	investigational	2
nct00491387	DB00264	investigational	1
nct00491400	DB01076	backbone	2
nct00491400	DB01039	backbone	2
nct00491738	DB01268	backbone	2
nct00491907	DB00158	investigational	0
nct00492531	DB00203	investigational	2
nct00492843	DB00710	backbone	2
nct00493025	DB01229	single_arm_combination	1
nct00493025	DB00317	single_arm_combination	1
nct00493038	DB01060	comparator	2
nct00493038	DB00218	investigational	2
nct00493428	DB00181	investigational	0
nct00493610	DB06151	investigational	1
nct00493766	DB06603	backbone	2
nct00493805	DB00811	backbone	2
nct00493831	DB00184	investigational	1
nct00493857	DB00762	unmatched	1
nct00493896	DB00569	investigational	2
nct00493974	DB00744	investigational	2
nct00494026	DB00642	single_arm_combination	1
nct00494338	DB01248	investigational	0
nct00494533	DB00374	investigational	0
nct00494663	DB01076	described_only	8
nct00494663	DB00331	unmatched	8
nct00494663	DB05667	investigational	8
nct00495521	DB00233	backbone	2
nct00495547	DB00928	no_arm_data	0
nct00495625	DB01268	investigational	1
nct00495716	DB00787	backbone	2
nct00496002	DB06683	no_arm_data	0
nct00496002	DB13868	no_arm_data	0
nct00496158	DB06683	no_arm_data	0
nct00496158	DB13868	no_arm_data	0
nct00496223	DB01268	single_arm_combination	1
nct00496223	DB00851	single_arm_combination	1
nct00496366	DB01101	single_arm_combination	1
nct00496366	DB01259	single_arm_combination	1
nct00496379	DB12391	investigational	1
nct00496431	DB12645	investigational	1
nct00496756	DB00398	investigational	1
nct00497471	DB00250	no_arm_data	0
nct00497471	DB00205	no_arm_data	0
nct00498004	DB00734	investigational	0
nct00498004	DB01224	investigational	0
nct00498433	DB00381	comparator	2
nct00498433	DB09026	investigational	2
nct00498485	DB01440	investigational	2
nct00498485	DB09072	investigational	2
nct00498901	DB01006	no_arm_data	0
nct00498901	DB00014	no_arm_data	0
nct00499291	DB01229	investigational	0
nct00499369	DB00762	backbone	3
nct00499681	DB01006	backbone	2
nct00499681	DB01259	backbone	2
nct00499889	DB01008	single_arm_combination	1
nct00499889	DB00864	single_arm_combination	1
nct00499889	DB00619	single_arm_combination	1
nct00499889	DB00563	single_arm_combination	1
nct00499889	DB01073	single_arm_combination	1
nct00500006	DB01254	backbone	2
nct00500045	DB00627	investigational	1
nct00500045	DB15566	unmatched	1
nct00500890	DB00773	backbone	2
nct00500890	DB00531	investigational	2
nct00501241	DB05542	backbone	5
nct00501345	DB00945	investigational	1
nct00503009	DB00938	investigational	3
nct00503009	DB00588	investigational	3
nct00503321	DB09257	backbone	2
nct00503321	DB09256	backbone	2
nct00503516	DB00351	investigational	2
nct00503763	DB00641	investigational	0
nct00503841	DB00530	investigational	1
nct00503880	DB00987	single_arm_combination	1
nct00503880	DB00631	single_arm_combination	1
nct00503932	DB01101	investigational	1
nct00503971	DB02546	investigational	1
nct00503971	DB00530	investigational	1
nct00503984	DB00635	backbone	2
nct00503984	DB01248	backbone	2
nct00503984	DB00928	backbone	2
nct00504101	DB01042	no_arm_data	0
nct00504101	DB00188	no_arm_data	0
nct00504205	DB12742	investigational	0
nct00504244	DB01024	no_arm_data	0
nct00504491	DB00531	investigational	1
nct00505492	DB01229	single_arm_combination	1
nct00505622	DB08883	investigational	1
nct00505635	DB00570	single_arm_combination	1
nct00505635	DB00853	single_arm_combination	1
nct00505635	DB01041	single_arm_combination	1
nct00505921	DB01042	single_arm_combination	1
nct00505921	DB00773	single_arm_combination	1
nct00505921	DB00531	single_arm_combination	1
nct00505921	DB00987	single_arm_combination	1
nct00505921	DB00262	single_arm_combination	1
nct00505921	DB01073	single_arm_combination	1
nct00506168	DB01101	investigational	0
nct00506168	DB00762	investigational	0
nct00506701	DB00820	investigational	1
nct00506779	DB00619	backbone	2
nct00506779	DB01229	backbone	2
nct00506948	DB00877	single_arm_combination	1
nct00506948	DB00688	single_arm_combination	1
nct00507429	DB01229	comparator	2
nct00507429	DB12577	investigational	2
nct00507780	DB00050	unmatched	0
nct00507806	DB00556	investigational	0
nct00508118	DB00622	investigational	2
nct00508157	DB01238	investigational	2
nct00508274	DB01101	single_arm_combination	1
nct00508274	DB01259	single_arm_combination	1
nct00508430	DB08872	investigational	4
nct00508456	DB00853	investigational	1
nct00508872	DB00650	single_arm_combination	1
nct00508872	DB00544	single_arm_combination	1
nct00509197	DB13867	investigational	2
nct00509366	DB00441	backbone	4
nct00509366	DB01248	head_to_head	4
nct00509366	DB00642	head_to_head	4
nct00509496	DB00531	backbone	2
nct00509548	DB05075	unmatched	2
nct00510289	DB00398	investigational	1
nct00510627	DB00762	comparator	2
nct00510887	DB00188	single_arm_combination	1
nct00510887	DB01073	single_arm_combination	1
nct00510887	DB01204	single_arm_combination	1
nct00510887	DB01234	single_arm_combination	1
nct00511121	DB00619	investigational	0
nct00511134	DB01156	backbone	2
nct00511134	DB00402	investigational	2
nct00511628	DB00734	investigational	1
nct00511745	DB01211	unmatched	1
nct00511745	DB01060	unmatched	1
nct00511745	DB01129	investigational	1
nct00511966	DB01129	head_to_head	2
nct00512408	DB00624	head_to_head	2
nct00512616	DB01212	investigational	0
nct00512668	DB06287	single_arm_combination	1
nct00512668	DB01128	single_arm_combination	1
nct00512668	DB00014	single_arm_combination	1
nct00512668	DB00665	single_arm_combination	1
nct00512668	DB00499	single_arm_combination	1
nct00512798	DB00188	backbone	2
nct00512798	DB00853	backbone	2
nct00512980	DB00570	backbone	2
nct00512980	DB00441	backbone	2
nct00512980	DB00997	backbone	2
nct00512980	DB00635	backbone	2
nct00513305	DB00987	backbone	2
nct00513513	DB00503	investigational	0
nct00513513	DB01264	investigational	0
nct00513552	DB01211	investigational	1
nct00513552	DB00615	investigational	1
nct00513864	DB00514	backbone	2
nct00513864	DB00295	backbone	2
nct00513864	DB00318	backbone	2
nct00514202	DB01576	investigational	2
nct00514917	DB01248	investigational	2
nct00514982	DB00860	head_to_head	6
nct00514982	DB14669	head_to_head	6
nct00514982	DB00864	head_to_head	6
nct00514982	DB01033	head_to_head	6
nct00514982	DB01234	head_to_head	6
nct00514982	DB00620	head_to_head	6
nct00514982	DB00443	head_to_head	6
nct00514982	DB00959	head_to_head	6
nct00514982	DB00741	head_to_head	6
nct00514982	DB00635	head_to_head	6
nct00514982	DB00244	head_to_head	6
nct00515086	DB01590	backbone	4
nct00515112	DB00624	investigational	2
nct00515138	DB00188	investigational	0
nct00515138	DB00773	investigational	0
nct00515138	DB01181	investigational	0
nct00515255	DB01017	investigational	0
nct00515281	DB00435	backbone	2
nct00515489	DB00734	investigational	1
nct00515788	DB00987	single_arm_combination	1
nct00515788	DB00853	single_arm_combination	1
nct00516191	DB01042	investigational	0
nct00516191	DB00188	investigational	0
nct00516191	DB00997	investigational	0
nct00516282	DB00853	no_arm_data	0
nct00516542	DB01006	no_arm_data	0
nct00516542	DB01708	no_arm_data	0
nct00516750	DB00570	no_arm_data	0
nct00516750	DB00563	no_arm_data	0
nct00516750	DB00997	no_arm_data	0
nct00517192	DB00932	no_arm_data	0
nct00517192	DB01264	no_arm_data	0
nct00517218	DB01073	unmatched	0
nct00517699	DB00987	single_arm_combination	1
nct00517699	DB00563	single_arm_combination	1
nct00519090	DB04868	investigational	2
nct00519532	DB05271	investigational	1
nct00519831	DB11641	single_arm_combination	1
nct00520533	DB01268	single_arm_combination	1
nct00520845	DB00482	single_arm_combination	1
nct00520845	DB01248	single_arm_combination	1
nct00520845	DB00642	single_arm_combination	1
nct00520975	DB01229	backbone	2
nct00521092	DB01268	investigational	1
nct00521274	DB01248	comparator	2
nct00521781	DB01128	single_arm_combination	1
nct00521781	DB01229	single_arm_combination	1
nct00521820	DB01016	comparator	2
nct00521820	DB01132	investigational	2
nct00521924	DB00608	comparator	2
nct00521924	DB00091	comparator	2
nct00521924	DB00795	comparator	2
nct00521924	DB00563	comparator	2
nct00521989	DB00860	mixed	5
nct00521989	DB00975	investigational	5
nct00522249	DB01268	single_arm_combination	1
nct00522249	DB00530	single_arm_combination	1
nct00522301	DB00398	investigational	1
nct00522392	DB00188	backbone	2
nct00522392	DB00480	investigational	2
nct00522392	DB01234	backbone	2
nct00522834	DB01229	head_to_head	2
nct00522938	DB00530	no_arm_data	0
nct00522938	DB11781	no_arm_data	0
nct00522990	DB05169	investigational	1
nct00523120	DB00586	head_to_head	2
nct00523458	DB00238	backbone	4
nct00523458	DB00625	backbone	4
nct00523640	DB01101	investigational	1
nct00523640	DB00441	investigational	1
nct00524069	DB01101	no_arm_data	0
nct00524069	DB00441	no_arm_data	0
nct00524095	DB00207	investigational	3
nct00524095	DB13867	investigational	3
nct00524134	DB01136	investigational	1
nct00524186	DB01268	single_arm_combination	1
nct00524186	DB00650	single_arm_combination	1
nct00524186	DB00544	single_arm_combination	1
nct00524186	DB00762	single_arm_combination	1
nct00524316	DB01268	single_arm_combination	1
nct00524459	DB01248	no_arm_data	0
nct00524459	DB00997	no_arm_data	0
nct00524485	DB00855	investigational	5
nct00524589	DB00136	single_arm_combination	1
nct00524589	DB01234	single_arm_combination	1
nct00524667	DB01073	investigational	1
nct00524667	DB00313	investigational	1
nct00525135	DB00313	backbone	2
nct00525161	DB00398	investigational	1
nct00525408	DB01248	comparator	2
nct00525941	DB12590	investigational	0
nct00526071	DB05018	investigational	1
nct00526591	DB01590	backbone	2
nct00526643	DB00441	backbone	2
nct00526799	DB01030	backbone	2
nct00526799	DB00398	backbone	2
nct00526890	DB01229	single_arm_combination	1
nct00526890	DB11135	single_arm_combination	1
nct00527124	DB01248	backbone	2
nct00527124	DB04849	investigational	2
nct00527124	DB00635	backbone	2
nct00527943	DB09030	investigational	2
nct00527982	DB00482	investigational	2
nct00528450	DB01177	single_arm_combination	1
nct00528450	DB00755	single_arm_combination	1
nct00528827	DB00622	backbone	4
nct00529113	DB00441	backbone	9
nct00529113	DB05983	investigational	9
nct00529373	DB06670	investigational	2
nct00529503	DB00773	backbone	2
nct00529503	DB01181	backbone	2
nct00530270	DB01234	investigational	2
nct00530634	DB00441	single_arm_combination	1
nct00531115	DB01101	described_only	1
nct00531271	DB01248	investigational	0
nct00531310	DB00619	unmatched	2
nct00531310	DB01008	backbone	2
nct00531310	DB01073	backbone	2
nct00531349	DB00818	head_to_head	2
nct00531349	DB00295	unmatched	2
nct00531349	DB01236	head_to_head	2
nct00531986	DB00503	investigational	2
nct00531986	DB01601	investigational	2
nct00532025	DB00398	investigational	1
nct00532038	DB01009	investigational	0
nct00532285	DB00441	investigational	1
nct00532285	DB01229	investigational	1
nct00532441	DB00530	backbone	2
nct00532441	DB01248	backbone	2
nct00532454	DB00675	investigational	1
nct00532584	DB00394	investigational	3
nct00532883	DB01005	head_to_head	4
nct00532883	DB03088	head_to_head	4
nct00533169	DB00982	single_arm_combination	1
nct00533169	DB05294	single_arm_combination	1
nct00533390	DB00625	backbone	2
nct00534898	DB05076	no_arm_data	0
nct00534898	DB00307	no_arm_data	0
nct00535158	DB00153	investigational	0
nct00535262	DB01037	investigational	1
nct00535275	DB01248	described_only	2
nct00535275	DB00642	unmatched	2
nct00535314	DB05983	backbone	2
nct00535340	DB05395	investigational	0
nct00536107	DB00317	investigational	2
nct00536107	DB01248	comparator	2
nct00536211	DB00331	comparator	2
nct00536770	DB00441	backbone	4
nct00536770	DB00530	head_to_head	4
nct00536770	DB00136	investigational	4
nct00536939	DB01229	backbone	2
nct00536939	DB06486	investigational	2
nct00536991	DB01026	single_arm_combination	1
nct00536991	DB00136	single_arm_combination	1
nct00536991	DB00741	single_arm_combination	1
nct00537173	DB01229	single_arm_combination	1
nct00537316	DB00993	mixed	7
nct00537511	DB08910	single_arm_combination	1
nct00537511	DB00773	single_arm_combination	1
nct00537602	DB00419	investigational	2
nct00537732	DB00338	backbone	2
nct00537823	DB00650	backbone	2
nct00537823	DB00544	backbone	2
nct00538187	DB00188	single_arm_combination	1
nct00538187	DB12191	single_arm_combination	1
nct00538291	DB01101	single_arm_combination	1
nct00538681	DB06486	investigational	2
nct00538681	DB00642	backbone	2
nct00538824	DB00480	single_arm_combination	1
nct00538824	DB01234	single_arm_combination	1
nct00538824	DB01041	single_arm_combination	1
nct00538980	DB01254	investigational	1
nct00539331	DB01229	backbone	2
nct00539331	DB04849	investigational	2
nct00539500	DB01042	single_arm_combination	1
nct00539500	DB00773	single_arm_combination	1
nct00539513	DB06151	investigational	2
nct00539617	DB00650	single_arm_combination	1
nct00539617	DB00530	single_arm_combination	1
nct00539617	DB00544	single_arm_combination	1
nct00539799	DB00860	investigational	2
nct00539968	DB06448	investigational	1
nct00539968	DB01248	investigational	1
nct00540839	DB00471	investigational	2
nct00540839	DB13867	comparator	2
nct00541112	DB01101	no_arm_data	0
nct00541112	DB00650	no_arm_data	0
nct00541112	DB00544	no_arm_data	0
nct00541320	DB07278	investigational	0
nct00541567	DB12649	backbone	4
nct00542191	DB01229	investigational	1
nct00542191	DB00997	investigational	1
nct00542191	DB00531	investigational	1
nct00542269	DB00381	backbone	3
nct00542269	DB09026	investigational	3
nct00542269	DB00178	mixed	3
nct00543114	DB01073	single_arm_combination	1
nct00543114	DB00480	single_arm_combination	1
nct00543127	DB00947	investigational	2
nct00543127	DB01217	backbone	2
nct00543335	DB00398	investigational	1
nct00543582	DB11830	investigational	1
nct00543582	DB00928	investigational	1
nct00543608	DB06358	investigational	3
nct00543608	DB00512	comparator	3
nct00543959	DB01132	comparator	7
nct00544076	DB00770	investigational	3
nct00544076	DB00203	backbone	3
nct00544180	DB00884	investigational	0
nct00544648	DB01229	single_arm_combination	1
nct00544674	DB05968	investigational	1
nct00544778	DB00380	single_arm_combination	1
nct00544778	DB01181	single_arm_combination	1
nct00544778	DB00997	single_arm_combination	1
nct00544778	DB00762	single_arm_combination	1
nct00544908	DB01254	investigational	1
nct00545948	DB00361	head_to_head	2
nct00545948	DB00642	head_to_head	2
nct00546065	DB00736	backbone	2
nct00546234	DB01409	head_to_head	2
nct00546260	DB06350	investigational	2
nct00546364	DB01101	backbone	3
nct00546364	DB01248	comparator	3
nct00546364	DB04845	investigational	3
nct00547118	DB06155	investigational	2
nct00547300	DB04861	investigational	2
nct00547300	DB00264	comparator	2
nct00547443	DB00398	investigational	2
nct00547443	DB01229	backbone	2
nct00547456	DB09140	described_only	1
nct00547911	DB00494	backbone	6
nct00547911	DB00190	backbone	6
nct00547911	DB06262	backbone	6
nct00548145	DB08860	investigational	2
nct00548327	DB00289	investigational	2
nct00548717	DB00188	investigational	2
nct00548717	DB00877	backbone	2
nct00548717	DB00688	backbone	2
nct00548886	DB00668	investigational	1
nct00548938	DB00262	no_arm_data	0
nct00548938	DB00853	no_arm_data	0
nct00549328	DB06589	investigational	1
nct00549822	DB01006	investigational	1
nct00550004	DB03312	investigational	2
nct00550004	DB00441	backbone	2
nct00550420	DB00412	investigational	1
nct00550758	DB06709	described_only	0
nct00550862	DB05990	backbone	4
nct00550862	DB08834	unmatched	4
nct00550862	DB01586	backbone	4
nct00551265	DB00531	investigational	2
nct00551733	DB01229	backbone	2
nct00551759	DB01248	single_arm_combination	1
nct00551759	DB00544	single_arm_combination	1
nct00552422	DB01184	investigational	1
nct00553735	DB00091	investigational	2
nct00554385	DB05458	investigational	1
nct00554476	DB00328	investigational	0
nct00554775	DB00530	investigational	2
nct00555204	DB05458	investigational	7
nct00555217	DB00678	backbone	2
nct00555217	DB00722	investigational	2
nct00555399	DB02546	investigational	5
nct00555399	DB00853	investigational	5
nct00555399	DB00982	investigational	5
nct00555464	DB00860	comparator	2
nct00555477	DB01217	investigational	1
nct00555646	DB11182	single_arm_combination	1
nct00555867	DB01217	backbone	2
nct00555984	DB00818	head_to_head	2
nct00555984	DB00899	backbone	2
nct00555984	DB01236	head_to_head	2
nct00556075	DB05253	investigational	3
nct00556205	DB01268	head_to_head	2
nct00556387	DB01221	investigational	2
nct00557206	DB01248	investigational	1
nct00557427	DB00472	comparator	2
nct00557544	DB01233	mixed	3
nct00557544	DB01009	mixed	3
nct00557622	DB00715	investigational	2
nct00557830	DB00398	backbone	2
nct00558636	DB00398	investigational	2
nct00558636	DB01229	backbone	2
nct00558870	DB00295	backbone	2
nct00558870	DB00333	head_to_head	2
nct00558922	DB01229	unmatched	0
nct00558961	DB00619	investigational	1
nct00558961	DB00291	investigational	1
nct00559169	DB00661	investigational	0
nct00559286	DB00966	backbone	2
nct00559481	DB01026	no_arm_data	0
nct00559481	DB01234	no_arm_data	0
nct00559481	DB00741	no_arm_data	0
nct00560118	DB04106	investigational	1
nct00560352	DB00188	single_arm_combination	1
nct00560352	DB01254	single_arm_combination	1
nct00560352	DB01234	single_arm_combination	1
nct00561197	DB09401	investigational	0
nct00561912	DB01262	single_arm_combination	1
nct00562055	DB00289	comparator	2
nct00562185	DB00997	no_arm_data	0
nct00562198	DB01235	unmatched	1
nct00562198	DB00190	single_arm_combination	1
nct00562198	DB00494	single_arm_combination	1
nct00563238	DB00264	investigational	2
nct00563485	DB00590	no_arm_data	0
nct00563485	DB01162	no_arm_data	0
nct00563654	DB00346	investigational	0
nct00563758	DB01079	investigational	0
nct00563862	DB00544	no_arm_data	0
nct00564460	DB01216	investigational	2
nct00564720	DB00441	backbone	2
nct00564720	DB00530	backbone	2
nct00564876	DB01254	investigational	1
nct00564993	DB00841	unmatched	2
nct00565227	DB02546	single_arm_combination	1
nct00565227	DB01248	single_arm_combination	1
nct00565916	DB00396	investigational	2
nct00566007	DB09140	unmatched	3
nct00566046	DB01202	investigational	2
nct00566111	DB01212	investigational	2
nct00566462	DB08883	investigational	2
nct00566540	DB01229	single_arm_combination	1
nct00566761	DB00620	investigational	0
nct00567229	DB00480	single_arm_combination	1
nct00567879	DB06603	single_arm_combination	1
nct00568061	DB00435	investigational	2
nct00568451	DB00853	investigational	4
nct00568451	DB01229	investigational	4
nct00568477	DB00864	unmatched	2
nct00568477	DB00688	unmatched	2
nct00568529	DB01101	investigational	1
nct00568633	DB14644	investigational	2
nct00568633	DB00091	investigational	2
nct00568633	DB00688	investigational	2
nct00568672	DB00334	backbone	2
nct00568971	DB00544	investigational	1
nct00568971	DB01248	investigational	1
nct00569465	DB06151	investigational	2
nct00569465	DB00125	investigational	2
nct00570063	DB08387	comparator	2
nct00570258	DB00530	investigational	2
nct00570258	DB00947	backbone	2
nct00570375	DB00530	investigational	1
nct00570531	DB01229	single_arm_combination	1
nct00570531	DB00544	single_arm_combination	1
nct00570908	DB01268	single_arm_combination	1
nct00570908	DB01101	single_arm_combination	1
nct00571116	DB00822	single_arm_combination	1
nct00571194	DB00175	investigational	1
nct00571246	DB00273	investigational	3
nct00571246	DB00555	investigational	3
nct00571519	DB09200	investigational	8
nct00571519	DB00331	backbone	8
nct00571714	DB00811	backbone	2
nct00571753	DB00951	backbone	2
nct00572299	DB00630	head_to_head	2
nct00572767	DB01576	described_only	2
nct00573131	DB01229	investigational	2
nct00573131	DB00544	backbone	2
nct00573378	DB00619	unmatched	1
nct00573378	DB04868	unmatched	1
nct00573391	DB01042	investigational	2
nct00573391	DB00188	backbone	2
nct00573391	DB01041	investigational	2
nct00573391	DB01234	backbone	2
nct00573404	DB01268	single_arm_combination	1
nct00573404	DB00619	single_arm_combination	1
nct00573547	DB00472	investigational	0
nct00573599	DB01075	investigational	2
nct00573599	DB00669	comparator	2
nct00573599	DB00433	investigational	2
nct00573755	DB01006	backbone	2
nct00573755	DB00398	investigational	2
nct00573755	DB01217	backbone	2
nct00573755	DB00990	backbone	2
nct00573989	DB00530	single_arm_combination	1
nct00573989	DB00642	single_arm_combination	1
nct00574080	DB00188	investigational	2
nct00574080	DB01041	investigational	2
nct00574080	DB01234	backbone	2
nct00574236	DB00188	investigational	1
nct00574236	DB00997	investigational	1
nct00574275	DB00441	backbone	2
nct00574483	DB01103	investigational	1
nct00574834	DB00999	head_to_head	3
nct00574834	DB00178	head_to_head	3
nct00574951	DB05575	investigational	1
nct00575484	DB00695	described_only	2
nct00575484	DB09153	backbone	2
nct00575640	DB01275	investigational	1
nct00575965	DB00641	investigational	1
nct00575978	DB01275	investigational	1
nct00576056	DB00398	single_arm_combination	1
nct00576901	DB01101	single_arm_combination	1
nct00576901	DB01248	single_arm_combination	1
nct00577109	DB00650	single_arm_combination	1
nct00577109	DB00544	single_arm_combination	1
nct00577109	DB00762	single_arm_combination	1
nct00577161	DB01073	backbone	2
nct00577161	DB06193	investigational	2
nct00577356	DB01248	no_arm_data	0
nct00577395	DB00884	investigational	2
nct00577668	DB01042	investigational	1
nct00577668	DB00188	investigational	1
nct00577668	DB01041	investigational	1
nct00577668	DB01234	investigational	1
nct00577694	DB00631	single_arm_combination	1
nct00577980	DB13944	investigational	1
nct00578292	DB09110	single_arm_combination	1
nct00578292	DB01073	single_arm_combination	1
nct00578292	DB01008	single_arm_combination	1
nct00578292	DB00531	single_arm_combination	1
nct00578344	DB09110	single_arm_combination	1
nct00578344	DB01008	single_arm_combination	1
nct00578344	DB00531	single_arm_combination	1
nct00578461	DB00987	single_arm_combination	1
nct00578461	DB00531	single_arm_combination	1
nct00578903	DB00563	single_arm_combination	1
nct00578903	DB00864	single_arm_combination	1
nct00578903	DB00531	single_arm_combination	1
nct00579111	DB01073	backbone	2
nct00579111	DB01008	backbone	2
nct00579137	DB01073	single_arm_combination	1
nct00579254	DB00381	investigational	0
nct00579254	DB01076	investigational	0
nct00579969	DB00654	investigational	2
nct00579969	DB00373	investigational	2
nct00580073	DB00650	single_arm_combination	1
nct00580073	DB00544	single_arm_combination	1
nct00580216	DB00682	comparator	2
nct00580424	DB00717	investigational	0
nct00580580	DB00556	head_to_head	3
nct00581477	DB06262	investigational	1
nct00582114	DB00335	comparator	2
nct00582114	DB00722	investigational	2
nct00582205	DB01229	investigational	1
nct00582582	DB06410	investigational	2
nct00582582	DB01248	backbone	2
nct00582712	DB14509	investigational	1
nct00582790	DB00399	single_arm_combination	1
nct00583102	DB00987	single_arm_combination	1
nct00583102	DB00227	single_arm_combination	1
nct00583115	DB00619	investigational	1
nct00583622	DB01042	single_arm_combination	1
nct00583622	DB00441	single_arm_combination	1
nct00583622	DB01248	single_arm_combination	1
nct00584012	DB01248	single_arm_combination	1
nct00584012	DB00227	single_arm_combination	1
nct00584025	DB01202	investigational	2
nct00584246	DB00230	backbone	2
nct00584389	DB06155	investigational	2
nct00584662	DB00935	investigational	1
nct00584688	DB01224	investigational	0
nct00584909	DB01229	investigational	1
nct00585052	DB01229	single_arm_combination	1
nct00585052	DB00227	single_arm_combination	1
nct00585208	DB00980	investigational	2
nct00585221	DB00619	single_arm_combination	1
nct00585442	DB00136	investigational	2
nct00585455	DB01104	investigational	1
nct00585546	DB01407	investigational	1
nct00585559	DB06151	head_to_head	5
nct00585559	DB00316	backbone	5
nct00585611	DB01076	backbone	2
nct00585871	DB00575	investigational	2
nct00585871	DB00264	comparator	2
nct00586209	DB00130	investigational	2
nct00586794	DB00203	investigational	2
nct00587119	DB01222	investigational	1
nct00587275	DB09278	investigational	2
nct00588172	DB00331	backbone	2
nct00588471	DB00641	investigational	2
nct00588900	DB04849	single_arm_combination	1
nct00588900	DB00762	single_arm_combination	1
nct00589238	DB01229	backbone	2
nct00589316	DB00864	single_arm_combination	1
nct00589316	DB00531	single_arm_combination	1
nct00589316	DB00688	single_arm_combination	1
nct00589550	DB00398	single_arm_combination	1
nct00589693	DB01597	comparator	2
nct00589693	DB01598	comparator	2
nct00589693	DB06211	investigational	2
nct00590135	DB01076	investigational	1
nct00590538	DB08909	investigational	2
nct00590538	DB01645	backbone	2
nct00590538	DB06819	investigational	2
nct00590603	DB00188	investigational	1
nct00590603	DB00126	investigational	1
nct00591149	DB01248	single_arm_combination	1
nct00591162	DB00759	investigational	1
nct00591318	DB09153	comparator	2
nct00591318	DB01212	investigational	2
nct00592007	DB00530	investigational	1
nct00592007	DB00947	investigational	1
nct00592358	DB01267	investigational	1
nct00592683	DB01238	backbone	2
nct00592852	DB00472	investigational	1
nct00593008	DB06287	no_arm_data	0
nct00593008	DB00441	no_arm_data	0
nct00593645	DB00987	single_arm_combination	1
nct00593645	DB00631	single_arm_combination	1
nct00593658	DB00806	investigational	1
nct00593905	DB06268	head_to_head	2
nct00593905	DB00559	head_to_head	2
nct00593905	DB06403	head_to_head	2
nct00593957	DB00514	backbone	3
nct00594230	DB06603	backbone	2
nct00594308	DB00091	no_arm_data	0
nct00594334	DB00884	investigational	1
nct00594555	DB00987	single_arm_combination	1
nct00594555	DB00619	single_arm_combination	1
nct00594555	DB00242	single_arm_combination	1
nct00594854	DB00788	described_only	2
nct00594854	DB00736	described_only	2
nct00595985	DB00398	investigational	1
nct00596336	DB00724	investigational	3
nct00596830	DB01229	backbone	2
nct00597116	DB05294	investigational	2
nct00597597	DB00530	investigational	1
nct00598091	DB00441	backbone	2
nct00598091	DB01254	backbone	2
nct00598429	DB00770	backbone	3
nct00598858	DB01248	single_arm_combination	1
nct00598858	DB00635	single_arm_combination	1
nct00598910	DB03756	described_only	2
nct00598910	DB00159	investigational	2
nct00598923	DB00252	comparator	3
nct00598923	DB00273	investigational	3
nct00599053	DB00207	investigational	2
nct00599287	DB00502	investigational	4
nct00599287	DB00989	investigational	4
nct00599287	DB00422	investigational	4
nct00599534	DB00471	investigational	2
nct00599950	DB00305	backbone	2
nct00600093	DB00915	investigational	1
nct00600145	DB00370	investigational	2
nct00600639	DB00860	backbone	2
nct00600639	DB01001	backbone	2
nct00601289	DB00853	no_arm_data	0
nct00601978	DB00190	backbone	2
nct00601978	DB01235	backbone	2
nct00601978	DB00494	head_to_head	2
nct00602329	DB00650	backbone	3
nct00602329	DB00544	backbone	3
nct00602745	DB09257	unmatched	2
nct00602745	DB09256	unmatched	2
nct00602745	DB00544	comparator	2
nct00602745	DB03209	unmatched	2
nct00603109	DB06155	investigational	2
nct00603460	DB01073	described_only	2
nct00603460	DB00531	backbone	2
nct00603941	DB01229	backbone	3
nct00603941	DB11894	backbone	3
nct00604461	DB00642	investigational	1
nct00604578	DB01132	investigational	0
nct00604968	DB00997	investigational	1
nct00605384	DB14126	investigational	2
nct00605384	DB00442	investigational	2
nct00605709	DB09270	backbone	4
nct00605774	DB00668	backbone	2
nct00605995	DB00641	backbone	2
nct00606541	DB01224	investigational	2
nct00606879	DB06314	investigational	1
nct00607399	DB06314	investigational	1
nct00607438	DB00398	no_arm_data	0
nct00607438	DB01229	no_arm_data	0
nct00607477	DB01275	head_to_head	2
nct00607477	DB00350	head_to_head	2
nct00608101	DB00687	investigational	2
nct00608101	DB01234	investigational	2
nct00608231	DB09153	comparator	8
nct00608231	DB00633	investigational	8
nct00608595	DB00482	single_arm_combination	1
nct00608777	DB02300	investigational	0
nct00608777	DB00443	investigational	0
nct00608816	DB00668	backbone	2
nct00608881	DB09270	investigational	2
nct00608894	DB00993	comparator	2
nct00608894	DB00864	investigational	2
nct00609622	DB01268	investigational	2
nct00609622	DB00650	backbone	2
nct00609622	DB00544	backbone	2
nct00609739	DB00987	single_arm_combination	1
nct00609739	DB01204	single_arm_combination	1
nct00609765	DB00544	single_arm_combination	1
nct00609765	DB00428	single_arm_combination	1
nct00609765	DB00997	single_arm_combination	1
nct00609817	DB00188	single_arm_combination	1
nct00609817	DB01234	single_arm_combination	1
nct00610532	DB01032	investigational	2
nct00610532	DB00252	backbone	2
nct00610623	DB00207	investigational	2
nct00610792	DB00188	single_arm_combination	1
nct00610792	DB00997	single_arm_combination	1
nct00610935	DB06614	investigational	2
nct00611715	DB01006	backbone	2
nct00611715	DB00530	backbone	2
nct00611858	DB00544	single_arm_combination	1
nct00611871	DB00571	mixed	3
nct00612521	DB00640	backbone	2
nct00612612	DB12191	single_arm_combination	1
nct00612677	DB00642	single_arm_combination	1
nct00613730	DB00441	single_arm_combination	1
nct00614484	DB01229	single_arm_combination	1
nct00614666	DB12939	investigational	5
nct00614757	DB06151	investigational	2
nct00615160	DB04879	backbone	2
nct00615160	DB00851	investigational	2
nct00615186	DB00853	backbone	2
nct00615472	DB00818	investigational	2
nct00615472	DB00899	investigational	2
nct00615472	DB00753	investigational	2
nct00615524	DB06589	investigational	0
nct00615524	DB00990	investigational	0
nct00615589	DB01073	investigational	1
nct00615589	DB01008	investigational	1
nct00615784	DB00307	investigational	1
nct00616122	DB01268	single_arm_combination	1
nct00616122	DB00563	single_arm_combination	1
nct00616122	DB00531	single_arm_combination	1
nct00616304	DB00125	investigational	2
nct00616642	DB00412	backbone	2
nct00617045	DB00476	investigational	1
nct00617656	DB00441	investigational	4
nct00617656	DB01248	mixed	4
nct00617929	DB00631	single_arm_combination	1
nct00618384	DB00398	investigational	1
nct00618397	DB01221	investigational	1
nct00618540	DB01042	single_arm_combination	1
nct00619021	DB00441	backbone	4
nct00619229	DB00770	investigational	2
nct00619242	DB00398	investigational	1
nct00619983	DB00476	head_to_head	4
nct00619983	DB00996	backbone	4
nct00619983	DB00843	head_to_head	4
nct00620100	DB01248	investigational	0
nct00620945	DB00925	investigational	1
nct00622011	DB00734	backbone	2
nct00622011	DB09225	backbone	2
nct00622089	DB01076	described_only	3
nct00622089	DB00331	unmatched	3
nct00622089	DB05667	backbone	3
nct00622466	DB00398	single_arm_combination	1
nct00622466	DB01229	single_arm_combination	1
nct00622479	DB00398	investigational	1
nct00622570	DB00599	comparator	2
nct00622570	DB00312	investigational	2
nct00622687	DB01088	backbone	2
nct00623012	DB00877	single_arm_combination	1
nct00623415	DB06623	investigational	2
nct00624182	DB00441	single_arm_combination	1
nct00624546	DB00736	head_to_head	2
nct00625079	DB00203	mixed	3
nct00625183	DB01101	single_arm_combination	1
nct00625183	DB11142	single_arm_combination	1
nct00625469	DB00559	investigational	3
nct00625586	DB00441	single_arm_combination	1
nct00625729	DB00531	single_arm_combination	1
nct00625898	DB00544	mixed	4
nct00625898	DB00445	mixed	4
nct00625898	DB01248	backbone	4
nct00625898	DB00531	mixed	4
nct00626444	DB00126	investigational	1
nct00626561	DB01229	single_arm_combination	1
nct00626626	DB00631	backbone	2
nct00626626	DB00531	described_only	2
nct00627133	DB01202	investigational	1
nct00627835	DB00398	backbone	5
nct00627861	DB09026	single_arm_combination	1
nct00627861	DB00264	single_arm_combination	1
nct00627991	DB00177	investigational	0
nct00628355	DB00281	investigational	2
nct00629187	DB00853	investigational	1
nct00629252	DB06144	investigational	3
nct00629252	DB00734	comparator	3
nct00630565	DB00773	backbone	2
nct00630565	DB01008	investigational	2
nct00630565	DB00531	backbone	2
nct00630565	DB01234	backbone	2
nct00630994	DB01262	investigational	0
nct00632424	DB04845	investigational	1
nct00632541	DB00398	single_arm_combination	1
nct00632827	DB00361	single_arm_combination	1
nct00632827	DB00997	single_arm_combination	1
nct00632827	DB00773	single_arm_combination	1
nct00632827	DB00531	single_arm_combination	1
nct00632827	DB00441	single_arm_combination	1
nct00632827	DB00563	single_arm_combination	1
nct00632827	DB00987	single_arm_combination	1
nct00632827	DB00262	single_arm_combination	1
nct00632970	DB00503	comparator	2
nct00632970	DB06817	investigational	2
nct00632970	DB01601	comparator	2
nct00632970	DB00300	backbone	2
nct00633568	DB01248	backbone	2
nct00633958	DB06198	investigational	1
nct00633958	DB14930	investigational	1
nct00633997	DB04876	backbone	2
nct00634088	DB01101	investigational	4
nct00634088	DB01259	backbone	4
nct00634088	DB04845	backbone	4
nct00634322	DB00650	comparator	3
nct00634517	DB01001	backbone	2
nct00634582	DB00910	investigational	0
nct00634790	DB00404	investigational	1
nct00634972	DB00465	investigational	2
nct00635024	DB01042	single_arm_combination	1
nct00635076	DB00404	investigational	2
nct00635505	DB01001	mixed	3
nct00635531	DB00404	investigational	2
nct00635726	DB00570	single_arm_combination	1
nct00635726	DB00441	single_arm_combination	1
nct00635726	DB00563	single_arm_combination	1
nct00635726	DB00997	single_arm_combination	1
nct00636155	DB01073	single_arm_combination	1
nct00636155	DB00531	single_arm_combination	1
nct00636441	DB00997	backbone	2
nct00636441	DB01248	backbone	2
nct00636441	DB00531	backbone	2
nct00636883	DB00441	investigational	0
nct00636883	DB00530	investigational	0
nct00636935	DB00860	mixed	3
nct00636935	DB14669	mixed	3
nct00636935	DB01234	mixed	3
nct00636935	DB00620	mixed	3
nct00636935	DB00443	mixed	3
nct00636935	DB00741	mixed	3
nct00636935	DB00959	mixed	3
nct00636935	DB00635	mixed	3
nct00637494	DB00834	investigational	2
nct00637624	DB06151	investigational	2
nct00637767	DB01042	backbone	2
nct00637780	DB00795	investigational	1
nct00637832	DB00860	single_arm_combination	1
nct00637832	DB00997	single_arm_combination	1
nct00637832	DB00531	single_arm_combination	1
nct00638131	DB00559	backbone	2
nct00638378	DB08877	investigational	1
nct00638820	DB00631	investigational	1
nct00638820	DB01008	investigational	1
nct00638833	DB01043	investigational	2
nct00639392	DB00399	investigational	2
nct00640094	DB01065	backbone	2
nct00640549	DB01076	investigational	2
nct00640679	DB00758	backbone	2
nct00640705	DB00586	investigational	2
nct00640952	DB00659	investigational	0
nct00640978	DB01590	single_arm_combination	1
nct00640978	DB00530	single_arm_combination	1
nct00641173	DB00715	investigational	2
nct00641654	DB00811	backbone	3
nct00642135	DB00809	head_to_head	2
nct00642135	DB00388	head_to_head	2
nct00642356	DB01235	backbone	2
nct00642356	DB00190	backbone	2
nct00642356	DB00494	investigational	2
nct00642603	DB01101	backbone	2
nct00642603	DB00762	investigational	2
nct00642694	DB00980	investigational	2
nct00642694	DB01175	backbone	2
nct00642733	DB00441	single_arm_combination	1
nct00642733	DB00530	single_arm_combination	1
nct00642746	DB00530	backbone	2
nct00642746	DB00650	backbone	2
nct00642746	DB00544	backbone	2
nct00642746	DB00762	investigational	2
nct00642824	DB00361	described_only	1
nct00642824	DB00441	described_only	1
nct00642824	DB01248	described_only	1
nct00643162	DB01175	backbone	2
nct00643604	DB00374	investigational	1
nct00644306	DB01042	backbone	2
nct00644306	DB01041	backbone	2
nct00644306	DB00635	backbone	2
nct00644878	DB04868	investigational	1
nct00645229	DB00246	investigational	1
nct00645255	DB01105	unmatched	2
nct00645450	DB00571	investigational	2
nct00645515	DB00734	comparator	2
nct00645515	DB00246	investigational	2
nct00646087	DB01221	backbone	2
nct00646165	DB06185	investigational	0
nct00646282	DB06410	investigational	2
nct00646659	DB00544	no_arm_data	0
nct00646659	DB01248	no_arm_data	0
nct00648375	DB00571	investigational	2
nct00649220	DB01043	investigational	1
nct00649311	DB00678	comparator	2
nct00649311	DB00700	investigational	2
nct00649584	DB00441	single_arm_combination	1
nct00650637	DB00836	investigational	2
nct00650637	DB06724	backbone	2
nct00651014	DB00973	investigational	2
nct00651326	DB00499	backbone	2
nct00651326	DB00014	backbone	2
nct00651326	DB01248	head_to_head	2
nct00651326	DB01128	backbone	2
nct00651378	DB01076	backbone	3
nct00651378	DB00973	comparator	3
nct00651378	DB01098	backbone	3
nct00651482	DB01590	single_arm_combination	1
nct00651807	DB00294	investigational	2
nct00651976	DB01006	investigational	1
nct00652093	DB01192	described_only	6
nct00652093	DB00647	described_only	6
nct00652158	DB13061	investigational	1
nct00652899	DB00531	backbone	2
nct00653328	DB06199	single_arm_combination	1
nct00653328	DB00997	single_arm_combination	1
nct00655395	DB00987	backbone	5
nct00655668	DB00480	investigational	1
nct00655967	DB00659	single_arm_combination	1
nct00656331	DB00381	backbone	2
nct00656331	DB01076	unmatched	2
nct00656331	DB00999	described_only	2
nct00657137	DB01101	backbone	2
nct00657137	DB01259	backbone	2
nct00657514	DB00243	investigational	2
nct00657917	DB01421	investigational	1
nct00658008	DB12105	investigational	5
nct00658008	DB00715	comparator	5
nct00658372	DB12105	investigational	4
nct00658372	DB00715	comparator	4
nct00658411	DB00746	investigational	1
nct00658593	DB01101	head_to_head	2
nct00658593	DB00441	backbone	2
nct00658645	DB04888	investigational	3
nct00658645	DB01224	comparator	3
nct00658762	DB12105	investigational	4
nct00659347	DB05964	investigational	2
nct00659399	DB00569	investigational	0
nct00660036	DB00773	single_arm_combination	1
nct00660036	DB01204	single_arm_combination	1
nct00660595	DB00734	comparator	2
nct00660595	DB01224	investigational	2
nct00661336	DB01042	no_arm_data	0
nct00661336	DB12870	no_arm_data	0
nct00661349	DB00503	investigational	2
nct00661349	DB00238	comparator	2
nct00661349	DB01601	investigational	2
nct00661531	DB00783	single_arm_combination	1
nct00661973	DB01222	investigational	1
nct00662077	DB00710	investigational	2
nct00662220	DB00811	backbone	2
nct00662311	DB02546	single_arm_combination	1
nct00662311	DB01229	single_arm_combination	1
nct00662597	DB01229	backbone	2
nct00662597	DB06235	investigational	2
nct00662688	DB01101	unmatched	2
nct00662688	DB00441	unmatched	2
nct00662740	DB01409	mixed	5
nct00662740	DB00938	mixed	5
nct00663234	DB01076	backbone	2
nct00663910	DB00855	investigational	0
nct00664105	DB01248	single_arm_combination	1
nct00664209	DB01211	backbone	2
nct00664209	DB01060	backbone	2
nct00664209	DB00338	backbone	2
nct00664430	DB00910	single_arm_combination	1
nct00664469	DB00973	investigational	2
nct00665444	DB01238	investigational	1
nct00665457	DB00997	single_arm_combination	1
nct00665457	DB00531	single_arm_combination	1
nct00665457	DB01101	single_arm_combination	1
nct00665457	DB00482	single_arm_combination	1
nct00665457	DB01248	single_arm_combination	1
nct00665678	DB00715	investigational	2
nct00666497	DB11830	investigational	3
nct00666497	DB00928	investigational	3
nct00667095	DB01093	backbone	2
nct00667420	DB01101	investigational	1
nct00667420	DB00445	investigational	1
nct00667589	DB03904	investigational	4
nct00667589	DB01047	investigational	4
nct00667589	DB00799	investigational	4
nct00667901	DB00740	no_arm_data	0
nct00667953	DB00853	single_arm_combination	1
nct00667953	DB00619	single_arm_combination	1
nct00668265	DB01224	investigational	1
nct00668356	DB00900	backbone	2
nct00668499	DB00642	investigational	0
nct00668772	DB01409	mixed	5
nct00668772	DB00938	mixed	5
nct00669461	DB01046	investigational	1
nct00669669	DB06809	single_arm_combination	1
nct00669669	DB00853	single_arm_combination	1
nct00669669	DB00262	single_arm_combination	1
nct00669669	DB02377	unmatched	1
nct00669695	DB01076	comparator	4
nct00669890	DB01008	single_arm_combination	1
nct00669890	DB00531	single_arm_combination	1
nct00670046	DB00313	investigational	2
nct00670202	DB08162	investigational	2
nct00670410	DB01073	backbone	2
nct00670410	DB01008	backbone	2
nct00670748	DB00531	backbone	4
nct00670813	DB00745	investigational	2
nct00671112	DB01590	single_arm_combination	1
nct00671112	DB00188	single_arm_combination	1
nct00671645	DB01101	investigational	1
nct00671801	DB00480	single_arm_combination	1
nct00671801	DB00762	single_arm_combination	1
nct00672009	DB04845	investigational	1
nct00672464	DB00334	mixed	5
nct00672464	DB00331	investigational	5
nct00672464	DB00641	investigational	5
nct00672568	DB06774	investigational	4
nct00672724	DB00980	investigational	2
nct00672763	DB00860	described_only	2
nct00672763	DB14669	described_only	2
nct00672763	DB00169	backbone	2
nct00672763	DB00620	described_only	2
nct00672763	DB00443	described_only	2
nct00672763	DB00959	described_only	2
nct00672763	DB00741	unmatched	2
nct00672763	DB00635	described_only	2
nct00672763	DB01234	described_only	2
nct00673049	DB00530	backbone	2
nct00673153	DB02546	single_arm_combination	1
nct00673179	DB00997	backbone	2
nct00673179	DB00563	backbone	2
nct00673179	DB01181	investigational	2
nct00673361	DB00398	single_arm_combination	1
nct00673361	DB00853	single_arm_combination	1
nct00673582	DB01098	investigational	2
nct00673816	DB01268	investigational	1
nct00673920	DB00563	backbone	8
nct00674206	DB00441	single_arm_combination	1
nct00674414	DB01590	investigational	2
nct00674557	DB00990	no_arm_data	0
nct00675441	DB00480	investigational	1
nct00676650	DB01268	investigational	2
nct00676650	DB00635	backbone	2
nct00677287	DB03419	described_only	1
nct00677287	DB00650	described_only	1
nct00677287	DB09256	described_only	1
nct00677612	DB03419	described_only	1
nct00677612	DB09256	described_only	1
nct00677612	DB00650	described_only	1
nct00677872	DB05607	investigational	1
nct00678288	DB00398	backbone	2
nct00678483	DB06155	backbone	2
nct00678626	DB01248	comparator	2
nct00679029	DB00441	single_arm_combination	1
nct00679029	DB01229	single_arm_combination	1
nct00679029	DB00997	single_arm_combination	1
nct00679029	DB00531	single_arm_combination	1
nct00679068	DB00559	investigational	1
nct00679484	DB00796	backbone	2
nct00679627	DB00674	investigational	2
nct00679666	DB00140	investigational	2
nct00679744	DB00205	investigational	1
nct00679926	DB00503	described_only	1
nct00679926	DB00300	investigational	1
nct00679926	DB01601	described_only	1
nct00681148	DB09153	comparator	2
nct00681629	DB01224	backbone	2
nct00681863	DB00413	backbone	5
nct00681876	DB00762	single_arm_combination	1
nct00682656	DB00207	investigational	2
nct00682890	DB00331	investigational	2
nct00682929	DB00470	investigational	3
nct00682929	DB14011	head_to_head	3
nct00682929	DB09061	head_to_head	3
nct00683085	DB00441	described_only	1
nct00683436	DB06579	investigational	4
nct00683436	DB00425	investigational	4
nct00683449	DB05590	investigational	2
nct00683787	DB05294	investigational	3
nct00683787	DB01248	backbone	3
nct00683917	DB05253	investigational	3
nct00684216	DB00990	backbone	2
nct00684216	DB01006	backbone	2
nct00684216	DB00675	backbone	2
nct00684216	DB01101	backbone	2
nct00684216	DB01217	backbone	2
nct00684255	DB01073	backbone	2
nct00684255	DB01008	backbone	2
nct00685633	DB01128	backbone	2
nct00685633	DB06486	head_to_head	2
nct00685880	DB00443	comparator	2
nct00686036	DB05294	investigational	2
nct00687388	DB00706	mixed	3
nct00687388	DB00482	mixed	3
nct00687531	DB14512	investigational	1
nct00687544	DB00811	single_arm_combination	1
nct00687609	DB00289	investigational	1
nct00687674	DB00398	single_arm_combination	1
nct00687674	DB01234	single_arm_combination	1
nct00687674	DB00480	single_arm_combination	1
nct00688545	DB00482	head_to_head	2
nct00688545	DB00788	unmatched	2
nct00688545	DB01050	unmatched	2
nct00688597	DB03206	backbone	3
nct00688935	DB01065	investigational	1
nct00688948	DB00346	investigational	0
nct00689026	DB01046	investigational	2
nct00689052	DB00413	investigational	2
nct00689390	DB00811	backbone	2
nct00689390	DB08873	head_to_head	2
nct00689806	DB00227	investigational	2
nct00690118	DB01132	investigational	2
nct00690456	DB00331	backbone	2
nct00690456	DB06155	investigational	2
nct00691652	DB00631	single_arm_combination	1
nct00691912	DB01229	single_arm_combination	1
nct00691912	DB00997	single_arm_combination	1
nct00693017	DB00909	investigational	2
nct00694200	DB00361	single_arm_combination	1
nct00694291	DB00398	investigational	2
nct00695318	DB00591	backbone	2
nct00695604	DB13867	investigational	2
nct00696007	DB00441	investigational	2
nct00696631	DB04855	investigational	2
nct00696787	DB06700	investigational	3
nct00697034	DB06774	investigational	1
nct00697060	DB05003	investigational	1
nct00697060	DB01248	investigational	1
nct00697476	DB02546	investigational	1
nct00697476	DB01030	investigational	1
nct00697697	DB01222	backbone	2
nct00698009	DB09110	single_arm_combination	1
nct00698009	DB01073	single_arm_combination	1
nct00698009	DB00531	single_arm_combination	1
nct00698685	DB00552	single_arm_combination	1
nct00698789	DB00331	backbone	6
nct00699296	DB06603	investigational	1
nct00699361	DB00213	backbone	2
nct00699374	DB00398	comparator	2
nct00699374	DB01268	investigational	2
nct00699842	DB00480	investigational	1
nct00700011	DB00631	backbone	2
nct00700947	DB00264	investigational	3
nct00701077	DB11640	unmatched	2
nct00701870	DB05460	investigational	2
nct00702156	DB00612	investigational	2
nct00702572	DB02546	backbone	2
nct00702572	DB01229	backbone	2
nct00702702	DB05253	investigational	3
nct00702923	DB01128	single_arm_combination	1
nct00702962	DB02546	investigational	1
nct00702962	DB00773	investigational	1
nct00703339	DB00374	investigational	0
nct00703859	DB08809	investigational	0
nct00704301	DB00989	investigational	2
nct00704509	DB04888	investigational	3
nct00704509	DB01224	comparator	3
nct00704691	DB00480	investigational	1
nct00704756	DB00811	single_arm_combination	1
nct00704821	DB01248	investigational	4
nct00705107	DB00811	single_arm_combination	1
nct00705354	DB00626	investigational	2
nct00705549	DB00361	investigational	11
nct00705549	DB00441	investigational	11
nct00705549	DB01248	investigational	11
nct00705549	DB00642	investigational	11
nct00705770	DB05288	investigational	4
nct00705822	DB01196	investigational	2
nct00705822	DB01248	backbone	2
nct00705822	DB00741	investigational	2
nct00706173	DB00741	investigational	2
nct00706186	DB01440	investigational	0
nct00706186	DB09072	investigational	0
nct00706446	DB01409	investigational	6
nct00706446	DB00938	backbone	6
nct00706446	DB00983	comparator	6
nct00706797	DB00563	backbone	2
nct00706914	DB08897	investigational	3
nct00706914	DB00983	backbone	3
nct00706953	DB00188	investigational	1
nct00706953	DB00997	investigational	1
nct00707252	DB00530	single_arm_combination	1
nct00707252	DB12116	unmatched	1
nct00707473	DB00544	single_arm_combination	1
nct00707473	DB01248	single_arm_combination	1
nct00708721	DB00631	investigational	1
nct00709137	DB00594	head_to_head	2
nct00709137	DB00421	head_to_head	2
nct00709618	DB00361	investigational	0
nct00709618	DB01259	investigational	0
nct00711204	DB00843	backbone	2
nct00711841	DB01234	backbone	2
nct00711906	DB00440	unmatched	4
nct00711906	DB01299	comparator	4
nct00711906	DB01015	unmatched	4
nct00711906	DB00205	comparator	4
nct00712062	DB00642	investigational	1
nct00712270	DB00734	head_to_head	3
nct00712270	DB01238	head_to_head	3
nct00712322	DB00496	backbone	3
nct00712426	DB00148	investigational	2
nct00712777	DB00484	backbone	2
nct00713011	DB00343	comparator	2
nct00713011	DB01115	investigational	2
nct00713557	DB00775	head_to_head	6
nct00713687	DB00441	investigational	1
nct00714246	DB00188	backbone	7
nct00714246	DB01248	backbone	7
nct00714376	DB01248	investigational	1
nct00714948	DB00398	investigational	1
nct00714948	DB00441	investigational	1
nct00715377	DB00245	investigational	1
nct00715559	DB00847	investigational	1
nct00715715	DB00860	investigational	2
nct00715715	DB00718	described_only	2
nct00716469	DB11812	investigational	1
nct00717522	DB08910	investigational	1
nct00717808	DB07615	investigational	2
nct00717990	DB01101	single_arm_combination	1
nct00717990	DB00762	single_arm_combination	1
nct00718328	DB00641	investigational	2
nct00718640	DB00188	single_arm_combination	1
nct00718640	DB01234	single_arm_combination	1
nct00718809	DB11805	investigational	1
nct00719199	DB00762	single_arm_combination	1
nct00719537	DB00396	investigational	2
nct00719537	DB00945	backbone	2
nct00719849	DB00091	backbone	2
nct00719849	DB00531	backbone	2
nct00719849	DB00688	backbone	2
nct00719901	DB00188	single_arm_combination	1
nct00719901	DB12191	single_arm_combination	1
nct00720083	DB05294	investigational	2
nct00720096	DB01030	investigational	2
nct00720096	DB00997	investigational	2
nct00720512	DB00650	backbone	2
nct00720512	DB00544	backbone	2
nct00720512	DB00762	backbone	2
nct00720850	DB00480	investigational	1
nct00720902	DB00125	backbone	2
nct00721032	DB01118	comparator	2
nct00722072	DB00398	single_arm_combination	1
nct00722072	DB00947	single_arm_combination	1
nct00722098	DB00531	investigational	2
nct00722800	DB01395	investigational	2
nct00722800	DB00977	investigational	2
nct00722917	DB01132	mixed	5
nct00723203	DB06603	single_arm_combination	1
nct00723554	DB01088	single_arm_combination	1
nct00723658	DB00188	investigational	2
nct00723658	DB00997	investigational	2
nct00723658	DB01042	investigational	2
nct00723658	DB00773	investigational	2
nct00723658	DB00531	investigational	2
nct00723658	DB01041	investigational	2
nct00723658	DB00987	investigational	2
nct00723658	DB00262	investigational	2
nct00723658	DB01234	investigational	2
nct00723879	DB00811	single_arm_combination	1
nct00724256	DB01415	backbone	2
nct00724321	DB01088	investigational	1
nct00724841	DB00853	backbone	6
nct00724841	DB12191	backbone	6
nct00725270	DB00834	investigational	2
nct00725842	DB00811	single_arm_combination	1
nct00725946	DB05382	investigational	1
nct00726232	DB08877	backbone	3
nct00726505	DB06292	backbone	3
nct00726869	DB00188	described_only	4
nct00726986	DB00398	single_arm_combination	1
nct00726986	DB00773	single_arm_combination	1
nct00727077	DB00811	single_arm_combination	1
nct00727207	DB01590	investigational	0
nct00727532	DB00398	investigational	1
nct00728000	DB00441	single_arm_combination	1
nct00728000	DB00530	single_arm_combination	1
nct00728312	DB01238	investigational	2
nct00728507	DB00339	backbone	2
nct00728507	DB01201	investigational	2
nct00728507	DB00218	investigational	2
nct00728507	DB00951	backbone	2
nct00728533	DB06699	backbone	2
nct00728845	DB01229	backbone	2
nct00728845	DB01611	backbone	2
nct00729274	DB09153	backbone	2
nct00729807	DB00738	investigational	1
nct00730067	DB00203	investigational	2
nct00730483	DB00997	investigational	1
nct00730522	DB01080	investigational	2
nct00731692	DB08868	investigational	3
nct00731874	DB00864	backbone	2
nct00732082	DB00441	backbone	5
nct00732147	DB01278	investigational	2
nct00732251	DB00437	investigational	1
nct00732303	DB00642	investigational	1
nct00732745	DB05294	investigational	2
nct00732745	DB01248	backbone	2
nct00732927	DB00945	comparator	2
nct00734526	DB00398	backbone	4
nct00734526	DB00853	backbone	4
nct00734773	DB00987	no_arm_data	0
nct00734773	DB00563	no_arm_data	0
nct00734773	DB01168	no_arm_data	0
nct00734851	DB01268	single_arm_combination	1
nct00734851	DB01248	single_arm_combination	1
nct00734851	DB00635	described_only	1
nct00734864	DB00853	unmatched	2
nct00734864	DB01254	unmatched	2
nct00735267	DB12105	investigational	0
nct00735345	DB01248	single_arm_combination	1
nct00735345	DB00544	single_arm_combination	1
nct00735436	DB00262	investigational	1
nct00735436	DB00762	investigational	1
nct00735553	DB05253	investigational	3
nct00736294	DB00178	investigational	2
nct00736450	DB00635	single_arm_combination	1
nct00736450	DB00997	single_arm_combination	1
nct00736450	DB00531	single_arm_combination	1
nct00737282	DB05253	backbone	2
nct00737594	DB05514	investigational	3
nct00737633	DB00191	backbone	2
nct00738335	DB00530	investigational	0
nct00738387	DB06235	investigational	2
nct00738387	DB01248	backbone	2
nct00738699	DB01229	backbone	2
nct00738738	DB12105	investigational	0
nct00738777	DB00947	investigational	4
nct00738777	DB00675	comparator	4
nct00738777	DB01217	mixed	4
nct00738881	DB00530	investigational	2
nct00738881	DB00642	investigational	2
nct00738972	DB00175	mixed	4
nct00738972	DB00177	backbone	4
nct00738972	DB00973	investigational	4
nct00738972	DB00641	mixed	4
nct00739024	DB00980	investigational	2
nct00739050	DB00641	investigational	2
nct00739063	DB00530	investigational	1
nct00739193	DB01118	backbone	3
nct00740181	DB00987	described_only	1
nct00740181	DB01262	described_only	1
nct00740714	DB09270	investigational	3
nct00741767	DB00938	backbone	2
nct00741767	DB13867	backbone	2
nct00741845	DB00916	backbone	3
nct00742014	DB00203	investigational	1
nct00742495	DB06185	investigational	0
nct00742846	DB00620	head_to_head	4
nct00742872	DB11675	investigational	2
nct00743106	DB00800	investigational	2
nct00743327	DB01132	head_to_head	3
nct00744185	DB00571	investigational	2
nct00744328	DB01104	comparator	3
nct00744328	DB00783	investigational	3
nct00744354	DB02546	single_arm_combination	1
nct00744354	DB00188	single_arm_combination	1
nct00744354	DB00997	single_arm_combination	1
nct00745134	DB11672	investigational	2
nct00745134	DB01101	backbone	2
nct00745316	DB12569	investigational	6
nct00745615	DB06685	backbone	6
nct00745732	DB05294	investigational	1
nct00745823	DB14126	described_only	2
nct00745823	DB06817	backbone	2
nct00746239	DB00980	investigational	2
nct00746239	DB01175	backbone	2
nct00746252	DB01238	investigational	2
nct00746252	DB00734	investigational	2
nct00746382	DB01656	investigational	2
nct00746421	DB01224	investigational	2
nct00746434	DB01656	investigational	2
nct00746486	DB08834	unmatched	2
nct00746486	DB01222	investigational	2
nct00746486	DB01586	described_only	2
nct00746590	DB04253	investigational	1
nct00746603	DB00641	investigational	1
nct00746941	DB00358	investigational	2
nct00747305	DB01268	single_arm_combination	1
nct00748163	DB01268	single_arm_combination	1
nct00748163	DB01229	single_arm_combination	1
nct00748189	DB00291	backbone	2
nct00748527	DB01262	investigational	2
nct00748566	DB00246	investigational	1
nct00748709	DB08916	investigational	1
nct00749567	DB00530	single_arm_combination	1
nct00750334	DB00631	backbone	2
nct00750555	DB00530	investigational	1
nct00750698	DB00530	backbone	2
nct00750698	DB11841	backbone	2
nct00750919	DB06678	investigational	1
nct00751036	DB00619	comparator	2
nct00751036	DB04868	investigational	2
nct00751101	DB00184	backbone	2
nct00751166	DB00967	investigational	3
nct00751296	DB00480	investigational	1
nct00751842	DB00142	unmatched	3
nct00752986	DB05294	investigational	3
nct00752986	DB00947	backbone	3
nct00752999	DB12010	investigational	2
nct00753220	DB00531	single_arm_combination	1
nct00754312	DB11841	backbone	3
nct00754364	DB00441	comparator	2
nct00754364	DB00642	investigational	2
nct00754689	DB00331	mixed	5
nct00754689	DB06155	mixed	5
nct00754702	DB00361	single_arm_combination	1
nct00754702	DB01259	single_arm_combination	1
nct00754793	DB01175	investigational	2
nct00754923	DB00398	investigational	1
nct00754949	DB00207	mixed	3
nct00754949	DB01234	mixed	3
nct00755118	DB00650	single_arm_combination	1
nct00755118	DB00544	single_arm_combination	1
nct00755118	DB00762	single_arm_combination	1
nct00755157	DB01248	single_arm_combination	1
nct00755261	DB00997	single_arm_combination	1
nct00755534	DB01101	backbone	2
nct00755534	DB00762	backbone	2
nct00756106	DB00853	investigational	1
nct00756470	DB00544	single_arm_combination	1
nct00756470	DB00531	single_arm_combination	1
nct00756470	DB01229	single_arm_combination	1
nct00756470	DB00445	single_arm_combination	1
nct00756470	DB01259	single_arm_combination	1
nct00757055	DB09083	investigational	2
nct00757250	DB11720	backbone	5
nct00758342	DB01194	investigational	2
nct00758342	DB00287	backbone	2
nct00758368	DB00714	backbone	2
nct00758693	DB06769	single_arm_combination	1
nct00758732	DB01248	backbone	2
nct00758732	DB00997	investigational	2
nct00758966	DB00472	mixed	3
nct00758966	DB00704	mixed	3
nct00759577	DB01591	investigational	1
nct00759642	DB01259	investigational	1
nct00759720	DB01016	backbone	3
nct00759876	DB05016	investigational	1
nct00760461	DB01184	investigational	1
nct00760916	DB00374	investigational	4
nct00760929	DB00530	backbone	4
nct00761254	DB01184	investigational	0
nct00761280	DB01206	comparator	2
nct00761280	DB00262	comparator	2
nct00761280	DB00853	comparator	2
nct00762359	DB00448	investigational	2
nct00762957	DB00331	backbone	3
nct00763347	DB06203	comparator	6
nct00763893	DB00678	investigational	2
nct00764413	DB00959	backbone	2
nct00765102	DB00188	single_arm_combination	1
nct00765102	DB06176	single_arm_combination	1
nct00765154	DB00503	head_to_head	2
nct00765154	DB01264	head_to_head	2
nct00765765	DB01611	single_arm_combination	1
nct00765765	DB04845	single_arm_combination	1
nct00766064	DB01267	investigational	1
nct00766142	DB00650	single_arm_combination	1
nct00766142	DB00544	single_arm_combination	1
nct00766220	DB00762	backbone	2
nct00766246	DB01248	investigational	2
nct00766402	DB00193	investigational	2
nct00766402	DB00316	investigational	2
nct00766441	DB03904	unmatched	2
nct00766441	DB01261	head_to_head	2
nct00766636	DB00441	backbone	2
nct00766636	DB00530	backbone	2
nct00766870	DB00285	comparator	5
nct00767000	DB00331	backbone	5
nct00767468	DB00398	backbone	2
nct00767481	DB01194	investigational	3
nct00767481	DB00869	unmatched	3
nct00767481	DB00287	investigational	3
nct00767494	DB01194	mixed	4
nct00767494	DB00287	mixed	4
nct00767572	DB01076	investigational	2
nct00767689	DB00165	investigational	2
nct00767715	DB00502	comparator	2
nct00767715	DB00334	investigational	2
nct00767715	DB01624	comparator	2
nct00768040	DB09026	investigational	2
nct00768131	DB01229	backbone	4
nct00768300	DB06403	investigational	2
nct00768612	DB12071	investigational	4
nct00768989	DB06817	investigational	2
nct00768989	DB01072	backbone	2
nct00769093	DB01234	described_only	2
nct00769600	DB00642	backbone	2
nct00770016	DB00451	investigational	1
nct00770354	DB01006	comparator	2
nct00770679	DB01076	investigational	1
nct00770705	DB00925	investigational	2
nct00770770	DB00591	backbone	2
nct00771017	DB01128	backbone	2
nct00771017	DB00014	backbone	2
nct00771056	DB01611	investigational	1
nct00771368	DB00435	investigational	1
nct00771654	DB00191	investigational	2
nct00771719	DB04918	investigational	1
nct00772668	DB00188	single_arm_combination	1
nct00772668	DB00531	single_arm_combination	1
nct00772668	DB00635	single_arm_combination	1
nct00773084	DB09026	investigational	1
nct00773084	DB00421	investigational	1
nct00773383	DB00530	single_arm_combination	1
nct00773474	DB06448	investigational	1
nct00773552	DB01591	investigational	2
nct00774241	DB01248	single_arm_combination	1
nct00774306	DB00313	head_to_head	4
nct00774306	DB01202	head_to_head	4
nct00774306	DB00252	head_to_head	4
nct00774878	DB00947	backbone	2
nct00775164	DB00331	comparator	2
nct00775164	DB01132	investigational	2
nct00775606	DB00503	head_to_head	2
nct00775606	DB00625	head_to_head	2
nct00775606	DB01601	head_to_head	2
nct00776373	DB00987	single_arm_combination	1
nct00776373	DB00773	single_arm_combination	1
nct00776373	DB00877	single_arm_combination	1
nct00776802	DB00773	single_arm_combination	1
nct00776802	DB01234	single_arm_combination	1
nct00777218	DB00571	head_to_head	3
nct00777218	DB00909	head_to_head	3
nct00777218	DB00273	head_to_head	3
nct00777335	DB06603	backbone	2
nct00778817	DB00648	single_arm_combination	1
nct00779142	DB00563	investigational	1
nct00779285	DB00997	investigational	1
nct00779311	DB00398	single_arm_combination	1
nct00779311	DB00650	single_arm_combination	1
nct00779311	DB00544	single_arm_combination	1
nct00779311	DB03256	single_arm_combination	1
nct00780000	DB12442	investigational	1
nct00780143	DB00987	investigational	1
nct00780143	DB04977	investigational	1
nct00780676	DB01254	investigational	4
nct00780676	DB11689	investigational	4
nct00780728	DB00203	investigational	1
nct00780975	DB04977	investigational	1
nct00780988	DB01073	unmatched	0
nct00781326	DB00393	investigational	1
nct00781326	DB00476	unmatched	1
nct00781326	DB01175	unmatched	1
nct00782041	DB00650	single_arm_combination	1
nct00782041	DB00544	single_arm_combination	1
nct00782301	DB06414	head_to_head	2
nct00782834	DB04868	investigational	0
nct00783172	DB00441	single_arm_combination	1
nct00783250	DB01409	backbone	2
nct00783250	DB01001	investigational	2
nct00783471	DB00530	backbone	2
nct00783471	DB01248	backbone	2
nct00783536	DB00563	investigational	2
nct00783614	DB00945	investigational	4
nct00784485	DB13867	unmatched	1
nct00785356	DB05253	investigational	3
nct00785694	DB00305	described_only	2
nct00785772	DB00996	backbone	3
nct00785798	DB02546	single_arm_combination	1
nct00785798	DB00997	single_arm_combination	1
nct00786682	DB01611	single_arm_combination	1
nct00786682	DB01248	single_arm_combination	1
nct00787111	DB00472	investigational	1
nct00787267	DB01254	investigational	1
nct00787332	DB00278	backbone	2
nct00787436	DB01041	investigational	2
nct00787644	DB01132	investigational	2
nct00787787	DB01268	single_arm_combination	1
nct00787787	DB01101	single_arm_combination	1
nct00787852	DB01229	backbone	2
nct00787852	DB01254	backbone	2
nct00788307	DB05382	single_arm_combination	1
nct00788515	DB13872	comparator	2
nct00788541	DB05288	backbone	6
nct00788606	DB00860	described_only	1
nct00788606	DB00997	unmatched	1
nct00788606	DB00531	unmatched	1
nct00789399	DB00569	investigational	2
nct00790101	DB00481	comparator	3
nct00790101	DB00884	investigational	3
nct00790439	DB00091	backbone	2
nct00790439	DB00877	backbone	2
nct00790439	DB00864	backbone	2
nct00790439	DB00688	backbone	2
nct00790452	DB00945	investigational	2
nct00790478	DB01065	investigational	2
nct00790608	DB00435	investigational	0
nct00790842	DB01234	backbone	3
nct00790842	DB00480	backbone	3
nct00790855	DB06769	investigational	1
nct00790894	DB04845	backbone	2
nct00791271	DB01262	single_arm_combination	1
nct00791336	DB00220	investigational	1
nct00791544	DB00398	investigational	8
nct00791544	DB00530	investigational	8
nct00792506	DB12645	investigational	1
nct00792506	DB01234	unmatched	1
nct00792662	DB00422	investigational	2
nct00792740	DB12645	investigational	2
nct00792831	DB12645	investigational	1
nct00793338	DB00203	investigational	1
nct00793520	DB04896	backbone	2
nct00793546	DB06616	investigational	2
nct00793546	DB00990	backbone	2
nct00793650	DB01042	backbone	2
nct00793650	DB00188	backbone	2
nct00794313	DB00915	investigational	3
nct00794313	DB00273	investigational	3
nct00794417	DB00642	backbone	4
nct00794547	DB01248	unmatched	2
nct00794547	DB00136	backbone	2
nct00794963	DB01039	investigational	2
nct00794963	DB01083	investigational	2
nct00794963	DB00331	investigational	2
nct00794963	DB01029	investigational	2
nct00794963	DB00175	investigational	2
nct00795587	DB00742	backbone	2
nct00795639	DB06268	investigational	2
nct00796107	DB01006	single_arm_combination	1
nct00796250	DB00993	backbone	2
nct00796510	DB06268	backbone	2
nct00796510	DB00203	investigational	2
nct00796601	DB12395	investigational	2
nct00796666	DB06268	backbone	2
nct00796666	DB00203	investigational	2
nct00797667	DB12228	investigational	3
nct00798460	DB06683	head_to_head	2
nct00798460	DB13868	backbone	2
nct00798616	DB00860	investigational	4
nct00798616	DB00959	investigational	4
nct00799110	DB00724	investigational	2
nct00799201	DB01183	investigational	1
nct00799201	DB11089	investigational	1
nct00799448	DB00912	no_arm_data	0
nct00799760	DB00198	backbone	3
nct00799760	DB00558	backbone	3
nct00800566	DB00631	investigational	1
nct00801060	DB01073	described_only	2
nct00801060	DB00531	described_only	2
nct00801151	DB00361	investigational	1
nct00801151	DB02546	investigational	1
nct00801268	DB07715	comparator	2
nct00801736	DB01229	backbone	2
nct00801801	DB00398	investigational	1
nct00801801	DB01248	investigational	1
nct00801905	DB06802	investigational	2
nct00801918	DB00773	investigational	2
nct00801918	DB01181	investigational	2
nct00802893	DB00360	investigational	2
nct00803309	DB00811	backbone	2
nct00803530	DB00126	investigational	1
nct00804050	DB00982	described_only	2
nct00804050	DB00136	unmatched	2
nct00804830	DB00997	investigational	1
nct00804973	DB00669	comparator	3
nct00805012	DB01248	backbone	2
nct00805285	DB01222	investigational	1
nct00805285	DB00741	investigational	1
nct00805311	DB00678	backbone	2
nct00805311	DB01076	backbone	2
nct00805311	DB00381	backbone	2
nct00805311	DB00945	backbone	2
nct00805467	DB12010	backbone	4
nct00805493	DB00740	investigational	3
nct00805857	DB00932	investigational	0
nct00806351	DB00520	investigational	2
nct00806390	DB00264	investigational	2
nct00806468	DB00035	investigational	1
nct00807170	DB05294	single_arm_combination	1
nct00807521	DB01234	investigational	2
nct00807612	DB01229	backbone	3
nct00807755	DB01590	single_arm_combination	1
nct00807755	DB00773	single_arm_combination	1
nct00808145	DB00398	investigational	1
nct00808145	DB00441	investigational	1
nct00808210	DB00563	backbone	2
nct00808899	DB00997	single_arm_combination	1
nct00808899	DB00762	single_arm_combination	1
nct00808899	DB00773	single_arm_combination	1
nct00808899	DB00531	single_arm_combination	1
nct00808899	DB06287	single_arm_combination	1
nct00808899	DB01030	single_arm_combination	1
nct00809185	DB01590	investigational	1
nct00809341	DB00997	backbone	2
nct00809341	DB01181	head_to_head	2
nct00809341	DB00773	head_to_head	2
nct00809341	DB00531	backbone	2
nct00809341	DB00635	backbone	2
nct00809510	DB05458	investigational	1
nct00810017	DB00773	single_arm_combination	1
nct00810576	DB02546	single_arm_combination	1
nct00810576	DB00188	single_arm_combination	1
nct00810862	DB00337	investigational	2
nct00811018	DB06268	investigational	1
nct00811031	DB01248	single_arm_combination	1
nct00811031	DB00635	single_arm_combination	1
nct00811486	DB00872	investigational	2
nct00811486	DB00421	investigational	2
nct00811915	DB00877	backbone	2
nct00811967	DB00811	investigational	2
nct00811993	DB00398	investigational	13
nct00811993	DB00853	investigational	13
nct00811993	DB00530	investigational	13
nct00811993	DB00762	investigational	13
nct00811993	DB00773	investigational	13
nct00811993	DB00544	investigational	13
nct00811993	DB00642	unmatched	13
nct00811993	DB01101	investigational	13
nct00811993	DB00441	investigational	13
nct00811993	DB01229	investigational	13
nct00811993	DB00650	investigational	13
nct00811993	DB01248	investigational	13
nct00812240	DB11526	investigational	4
nct00812266	DB01030	investigational	2
nct00812266	DB00773	comparator	2
nct00812812	DB00715	investigational	2
nct00813592	DB06663	investigational	1
nct00814164	DB00631	single_arm_combination	1
nct00814164	DB00694	single_arm_combination	1
nct00814372	DB11811	investigational	4
nct00814372	DB00331	backbone	4
nct00814372	DB01132	comparator	4
nct00814593	DB00262	investigational	2
nct00814606	DB01095	single_arm_combination	1
nct00814918	DB00855	backbone	2
nct00815347	DB00559	investigational	1
nct00815373	DB00869	head_to_head	2
nct00815373	DB00654	head_to_head	2
nct00815373	DB00373	backbone	2
nct00816166	DB00758	backbone	2
nct00816166	DB00945	backbone	2
nct00816777	DB00762	backbone	2
nct00816829	DB01039	investigational	2
nct00817531	DB01254	investigational	1
nct00817713	DB01058	investigational	2
nct00817713	DB00518	investigational	2
nct00818090	DB01229	investigational	1
nct00818389	DB14509	investigational	2
nct00818389	DB00740	backbone	2
nct00818649	DB02546	single_arm_combination	1
nct00818649	DB00188	single_arm_combination	1
nct00818675	DB06233	backbone	2
nct00818701	DB00203	investigational	2
nct00818961	DB01008	single_arm_combination	1
nct00818961	DB00864	single_arm_combination	1
nct00818961	DB00531	single_arm_combination	1
nct00818961	DB00563	single_arm_combination	1
nct00819637	DB01274	investigational	3
nct00819637	DB13139	comparator	3
nct00819754	DB01101	investigational	1
nct00819754	DB00762	investigational	1
nct00819910	DB00412	mixed	4
nct00819910	DB01039	mixed	4
nct00820612	DB00328	investigational	2
nct00820924	DB01259	investigational	1
nct00821184	DB01591	backbone	2
nct00822029	DB00630	investigational	2
nct00822900	DB00396	investigational	2
nct00823030	DB00281	investigational	2
nct00823290	DB00398	investigational	0
nct00823290	DB06603	investigational	0
nct00823979	DB06414	comparator	3
nct00824538	DB01268	investigational	1
nct00824785	DB01101	head_to_head	2
nct00824785	DB00445	head_to_head	2
nct00825188	DB00381	backbone	2
nct00825188	DB00700	backbone	2
nct00826800	DB00650	described_only	1
nct00826800	DB00544	described_only	1
nct00826930	DB05974	backbone	8
nct00827281	DB00260	investigational	2
nct00827567	DB01590	investigational	1
nct00827580	DB03516	investigational	1
nct00827762	DB00360	investigational	1
nct00828594	DB01590	single_arm_combination	1
nct00828594	DB00398	single_arm_combination	1
nct00829049	DB00210	head_to_head	2
nct00829049	DB00799	head_to_head	2
nct00829205	DB00773	no_arm_data	0
nct00829205	DB01181	no_arm_data	0
nct00829205	DB12697	unmatched	0
nct00829647	DB01254	investigational	1
nct00829647	DB00480	investigational	1
nct00830245	DB00530	investigational	1
nct00830427	DB11871	investigational	3
nct00830882	DB13139	mixed	3
nct00830882	DB01001	comparator	3
nct00831233	DB01128	comparator	2
nct00831233	DB00014	comparator	2
nct00831233	DB06699	investigational	2
nct00831441	DB06605	investigational	2
nct00831480	DB01590	investigational	1
nct00831493	DB02546	investigational	1
nct00832208	DB00681	backbone	2
nct00832299	DB00544	investigational	1
nct00832299	DB03256	investigational	1
nct00832338	DB01248	single_arm_combination	1
nct00832338	DB00531	single_arm_combination	1
nct00832520	DB00370	investigational	1
nct00832624	DB01261	investigational	1
nct00832637	DB00441	single_arm_combination	1
nct00832637	DB00530	single_arm_combination	1
nct00832871	DB00834	investigational	1
nct00833053	DB00563	investigational	2
nct00833300	DB00502	head_to_head	2
nct00833300	DB00334	head_to_head	2
nct00833534	DB00480	backbone	2
nct00833859	DB01101	investigational	1
nct00833859	DB00441	investigational	1
nct00833859	DB01248	investigational	1
nct00835679	DB01254	investigational	4
nct00836069	DB12105	investigational	4
nct00836173	DB00773	unmatched	1
nct00836173	DB01181	described_only	1
nct00836173	DB01234	described_only	1
nct00836355	DB01017	investigational	4
nct00836628	DB01008	investigational	1
nct00836875	DB00582	investigational	1
nct00837174	DB02546	investigational	1
nct00837174	DB00188	investigational	1
nct00837200	DB00997	investigational	1
nct00837200	DB01234	investigational	1
nct00837759	DB01261	single_arm_combination	1
nct00837759	DB00448	single_arm_combination	1
nct00838227	DB00745	investigational	1
nct00838253	DB06157	investigational	4
nct00838578	DB00762	single_arm_combination	1
nct00838955	DB06287	investigational	1
nct00839059	DB00480	investigational	1
nct00839501	DB00819	investigational	1
nct00840450	DB00619	investigational	1
nct00840450	DB01229	investigational	1
nct00840463	DB06403	investigational	2
nct00840489	DB00811	investigational	2
nct00840827	DB00091	single_arm_combination	1
nct00840827	DB00480	single_arm_combination	1
nct00840918	DB00281	investigational	2
nct00841035	DB00441	described_only	1
nct00841035	DB00530	investigational	1
nct00841802	DB00635	investigational	2
nct00841945	DB00997	backbone	2
nct00841945	DB00635	backbone	2
nct00842582	DB00928	investigational	1
nct00842933	DB00741	backbone	2
nct00843154	DB13919	investigational	2
nct00843310	DB01042	single_arm_combination	1
nct00843310	DB00480	single_arm_combination	1
nct00843310	DB01234	single_arm_combination	1
nct00843531	DB01590	single_arm_combination	1
nct00843531	DB00530	single_arm_combination	1
nct00843986	DB00872	investigational	2
nct00845039	DB00762	backbone	2
nct00845598	DB13867	backbone	2
nct00845598	DB00972	investigational	2
nct00845910	DB01101	single_arm_combination	1
nct00845910	DB01248	single_arm_combination	1
nct00846326	DB00935	backbone	2
nct00846326	DB00588	investigational	2
nct00846625	DB00620	comparator	2
nct00847223	DB04960	investigational	1
nct00847379	DB05016	investigational	1
nct00847678	DB00681	backbone	3
nct00847821	DB00481	head_to_head	8
nct00847821	DB06401	head_to_head	8
nct00847977	DB09153	comparator	2
nct00848107	DB00374	investigational	1
nct00848328	DB00480	single_arm_combination	1
nct00848497	DB00203	backbone	2
nct00848497	DB00624	investigational	2
nct00848523	DB06603	investigational	0
nct00848679	DB00281	backbone	2
nct00848783	DB00322	investigational	2
nct00848783	DB01101	backbone	2
nct00848783	DB00762	backbone	2
nct00849251	DB00997	single_arm_combination	1
nct00849251	DB00188	single_arm_combination	1
nct00849251	DB00531	single_arm_combination	1
nct00849251	DB01234	single_arm_combination	1
nct00849810	DB04861	single_arm_combination	1
nct00849810	DB00264	single_arm_combination	1
nct00849875	DB00851	single_arm_combination	1
nct00850239	DB11723	investigational	2
nct00850499	DB00188	investigational	2
nct00850499	DB01073	backbone	2
nct00850577	DB01229	backbone	2
nct00850642	DB06346	described_only	2
nct00851110	DB04572	described_only	0
nct00851110	DB00445	unmatched	0
nct00851110	DB00544	unmatched	0
nct00851110	DB00531	described_only	0
nct00851552	DB00188	no_arm_data	0
nct00851552	DB00997	no_arm_data	0
nct00852059	DB00422	backbone	2
nct00852332	DB01248	backbone	2
nct00852397	DB06605	investigational	3
nct00852631	DB01224	investigational	0
nct00853125	DB01268	single_arm_combination	1
nct00853411	DB00635	investigational	0
nct00853502	DB13943	investigational	2
nct00853567	DB05253	investigational	3
nct00854230	DB00704	backbone	2
nct00854581	DB00495	backbone	4
nct00855114	DB01590	investigational	1
nct00855153	DB00260	investigational	1
nct00855413	DB00503	single_arm_combination	1
nct00855413	DB06414	single_arm_combination	1
nct00855413	DB01264	single_arm_combination	1
nct00855517	DB00654	investigational	1
nct00856024	DB00811	backbone	3
nct00857233	DB01043	investigational	1
nct00857259	DB01590	mixed	3
nct00857324	DB02546	investigational	1
nct00857649	DB01043	investigational	2
nct00857714	DB01259	investigational	0
nct00857818	DB01238	investigational	2
nct00858403	DB01254	investigational	1
nct00859339	DB01268	single_arm_combination	1
nct00859339	DB00441	single_arm_combination	1
nct00859495	DB00997	single_arm_combination	1
nct00859495	DB00642	single_arm_combination	1
nct00859573	DB00745	investigational	2
nct00860158	DB01254	single_arm_combination	1
nct00860379	DB11135	described_only	3
nct00861471	DB00619	single_arm_combination	1
nct00861471	DB01248	single_arm_combination	1
nct00861497	DB04888	investigational	1
nct00862082	DB00398	single_arm_combination	1
nct00862082	DB05968	single_arm_combination	1
nct00862121	DB00244	investigational	2
nct00862134	DB01248	backbone	2
nct00862134	DB05968	unmatched	2
nct00862563	DB00909	investigational	4
nct00862563	DB01202	investigational	4
nct00862563	DB00273	comparator	4
nct00862836	DB05294	investigational	1
nct00862836	DB00997	described_only	1
nct00863434	DB00987	single_arm_combination	1
nct00863434	DB00631	single_arm_combination	1
nct00863512	DB00361	investigational	2
nct00863512	DB00441	investigational	2
nct00863512	DB01248	investigational	2
nct00863512	DB00642	investigational	2
nct00863668	DB06817	investigational	2
nct00863668	DB00300	backbone	2
nct00863668	DB12753	backbone	2
nct00863668	DB00879	backbone	2
nct00864513	DB00642	investigational	1
nct00865579	DB06654	investigational	1
nct00865592	DB11723	investigational	0
nct00865878	DB00855	investigational	2
nct00866281	DB06595	backbone	2
nct00866333	DB11841	investigational	1
nct00866684	DB00877	investigational	2
nct00867061	DB12146	investigational	0
nct00867126	DB01132	investigational	0
nct00867308	DB00480	backbone	2
nct00867360	DB00834	investigational	2
nct00867789	DB00440	investigational	2
nct00868374	DB01224	investigational	2
nct00868790	DB00331	investigational	14
nct00868855	DB12126	investigational	1
nct00868998	DB01101	investigational	1
nct00868998	DB00441	investigational	1
nct00868998	DB01248	investigational	1
nct00869115	DB06157	backbone	4
nct00869115	DB00390	unmatched	4
nct00869167	DB00980	backbone	2
nct00869869	DB01065	investigational	2
nct00870220	DB00783	investigational	1
nct00871065	DB00203	investigational	1
nct00871208	DB00860	described_only	2
nct00871208	DB14669	described_only	2
nct00871208	DB00410	unmatched	2
nct00871208	DB00620	described_only	2
nct00871208	DB00443	described_only	2
nct00871208	DB00959	described_only	2
nct00871208	DB00741	unmatched	2
nct00871208	DB00635	described_only	2
nct00871208	DB01234	described_only	2
nct00871273	DB01101	investigational	0
nct00871689	DB00531	single_arm_combination	1
nct00872976	DB01254	backbone	2
nct00872976	DB06769	backbone	2
nct00873002	DB00398	single_arm_combination	1
nct00873002	DB06603	single_arm_combination	1
nct00873366	DB00514	no_arm_data	0
nct00873366	DB00675	no_arm_data	0
nct00873808	DB00759	no_arm_data	0
nct00873808	DB00618	no_arm_data	0
nct00873808	DB00720	no_arm_data	0
nct00873808	DB00399	no_arm_data	0
nct00873808	DB00710	no_arm_data	0
nct00873834	DB00472	investigational	2
nct00873886	DB00198	investigational	2
nct00874133	DB01184	backbone	2
nct00874302	DB05253	backbone	2
nct00874315	DB01008	no_arm_data	0
nct00874497	DB05298	investigational	2
nct00874939	DB00843	backbone	12
nct00875342	DB00260	described_only	2
nct00875875	DB01220	backbone	2
nct00876226	DB00215	investigational	1
nct00877773	DB06287	investigational	1
nct00878657	DB00441	investigational	1
nct00878748	DB00285	backbone	2
nct00878969	DB00178	head_to_head	3
nct00878969	DB00177	head_to_head	3
nct00879229	DB06403	backbone	2
nct00879619	DB01268	single_arm_combination	1
nct00879619	DB01248	single_arm_combination	1
nct00879619	DB00635	single_arm_combination	1
nct00879970	DB00153	head_to_head	5
nct00879970	DB01132	head_to_head	5
nct00879970	DB00412	head_to_head	5
nct00880009	DB01006	backbone	2
nct00880009	DB06616	investigational	2
nct00880048	DB12427	investigational	3
nct00880386	DB00678	investigational	1
nct00880399	DB12427	investigational	3
nct00880542	DB00398	single_arm_combination	1
nct00880542	DB01181	single_arm_combination	1
nct00880594	DB01151	backbone	2
nct00881205	DB00989	investigational	2
nct00881387	DB00361	backbone	2
nct00881387	DB00441	backbone	2
nct00881439	DB09026	investigational	2
nct00881504	DB00650	investigational	1
nct00881504	DB00544	investigational	1
nct00881556	DB01073	single_arm_combination	1
nct00881556	DB01008	single_arm_combination	1
nct00881595	DB00853	head_to_head	3
nct00881621	DB01101	investigational	1
nct00881621	DB01259	investigational	1
nct00881725	DB00331	investigational	1
nct00882193	DB00811	single_arm_combination	1
nct00882206	DB00997	single_arm_combination	1
nct00882206	DB01262	single_arm_combination	1
nct00882206	DB02546	single_arm_combination	1
nct00882206	DB00563	single_arm_combination	1
nct00882206	DB00987	single_arm_combination	1
nct00882206	DB00635	single_arm_combination	1
nct00882583	DB01254	backbone	2
nct00883116	DB01229	comparator	2
nct00883116	DB00997	comparator	2
nct00883116	DB04845	investigational	2
nct00885690	DB06144	head_to_head	2
nct00885690	DB00334	head_to_head	2
nct00885963	DB06365	investigational	1
nct00886457	DB01262	investigational	1
nct00887315	DB01248	backbone	2
nct00887640	DB06287	single_arm_combination	1
nct00888810	DB01030	no_arm_data	0
nct00888810	DB01259	no_arm_data	0
nct00889187	DB01101	backbone	5
nct00889343	DB00398	investigational	2
nct00889343	DB00650	backbone	2
nct00889343	DB00544	backbone	2
nct00889343	DB00762	backbone	2
nct00889421	DB05676	investigational	1
nct00890643	DB00457	investigational	2
nct00891033	DB00188	backbone	4
nct00891033	DB06603	backbone	4
nct00892242	DB00399	investigational	1
nct00892801	DB01590	investigational	1
nct00893048	DB00635	investigational	2
nct00893516	DB00531	backbone	2
nct00893984	DB04861	investigational	1
nct00894101	DB06198	investigational	1
nct00894101	DB14930	investigational	1
nct00894465	DB00683	investigational	2
nct00895297	DB01254	investigational	0
nct00895648	DB00642	single_arm_combination	1
nct00895882	DB11929	investigational	6
nct00895895	DB12229	investigational	5
nct00895895	DB00843	comparator	5
nct00895960	DB00853	single_arm_combination	1
nct00895960	DB01254	single_arm_combination	1
nct00896441	DB00215	investigational	2
nct00897377	DB00853	investigational	4
nct00898573	DB01259	no_arm_data	0
nct00899197	DB00675	no_arm_data	0
nct00899431	DB06769	backbone	2
nct00899431	DB00480	head_to_head	2
nct00899431	DB01073	backbone	2
nct00899951	DB00813	investigational	1
nct00900445	DB00694	single_arm_combination	1
nct00900445	DB00635	single_arm_combination	1
nct00900510	DB00440	comparator	2
nct00901303	DB00570	backbone	2
nct00901303	DB00997	backbone	2
nct00901303	DB00851	backbone	2
nct00901537	DB00928	investigational	1
nct00901927	DB01204	single_arm_combination	1
nct00901927	DB06769	single_arm_combination	1
nct00902603	DB01088	investigational	1
nct00902668	DB00227	investigational	1
nct00903006	DB01254	head_to_head	4
nct00903006	DB00947	backbone	4
nct00903214	DB00740	no_arm_data	0
nct00903630	DB00997	backbone	3
nct00903630	DB00480	backbone	3
nct00903656	DB00997	described_only	1
nct00903656	DB01259	investigational	1
nct00903838	DB00413	comparator	2
nct00903838	DB12061	investigational	2
nct00903942	DB01229	investigational	0
nct00904488	DB00695	head_to_head	2
nct00904488	DB00524	head_to_head	2
nct00904605	DB00281	investigational	2
nct00904605	DB00482	comparator	2
nct00904852	DB05465	investigational	1
nct00904852	DB00853	investigational	1
nct00905021	DB01268	single_arm_combination	1
nct00905021	DB00990	single_arm_combination	1
nct00905229	DB01022	backbone	2
nct00905398	DB04868	investigational	1
nct00906035	DB00975	head_to_head	3
nct00906035	DB00945	head_to_head	3
nct00906360	DB01268	single_arm_combination	1
nct00907166	DB00441	backbone	3
nct00907179	DB00642	single_arm_combination	1
nct00907179	DB06603	single_arm_combination	1
nct00907504	DB00441	backbone	2
nct00907595	DB00980	investigational	2
nct00908531	DB01006	backbone	2
nct00909363	DB06210	investigational	3
nct00910000	DB02546	backbone	6
nct00910000	DB00441	backbone	6
nct00910299	DB00758	comparator	2
nct00910299	DB06209	investigational	2
nct00911053	DB01065	investigational	5
nct00911339	DB01076	backbone	2
nct00911573	DB00560	investigational	2
nct00912054	DB01194	unmatched	2
nct00912444	DB01248	backbone	2
nct00912444	DB00531	backbone	2
nct00912899	DB06174	investigational	1
nct00913562	DB01098	investigational	4
nct00913692	DB00130	no_arm_data	0
nct00914316	DB00243	investigational	4
nct00914394	DB00388	backbone	3
nct00914940	DB00864	single_arm_combination	1
nct00915694	DB00853	single_arm_combination	1
nct00915694	DB00220	single_arm_combination	1
nct00915811	DB01073	single_arm_combination	1
nct00915811	DB01008	single_arm_combination	1
nct00916669	DB00773	backbone	3
nct00917865	DB13146	investigational	1
nct00918385	DB00665	head_to_head	2
nct00918385	DB01254	head_to_head	2
nct00918450	DB12340	investigational	1
nct00918463	DB01254	investigational	1
nct00918554	DB00563	investigational	2
nct00918931	DB12191	investigational	1
nct00919022	DB04839	investigational	1
nct00920153	DB00361	investigational	3
nct00920153	DB00851	investigational	3
nct00920153	DB00997	backbone	3
nct00920153	DB01181	investigational	3
nct00920153	DB01042	investigational	3
nct00920153	DB00773	backbone	3
nct00920153	DB12967	investigational	3
nct00920153	DB00441	investigational	3
nct00920153	DB00309	backbone	3
nct00920153	DB00959	backbone	3
nct00920153	DB00987	investigational	3
nct00920153	DB00262	backbone	3
nct00920153	DB01234	investigational	3
nct00920309	DB00877	investigational	2
nct00920556	DB00188	single_arm_combination	1
nct00920608	DB00563	single_arm_combination	1
nct00921128	DB12458	investigational	0
nct00921310	DB06287	backbone	3
nct00921310	DB00642	backbone	3
nct00922129	DB00091	comparator	2
nct00922129	DB00877	investigational	2
nct00922129	DB00864	comparator	2
nct00922532	DB00435	investigational	2
nct00923117	DB01268	backbone	2
nct00923234	DB00480	single_arm_combination	1
nct00923234	DB00928	single_arm_combination	1
nct00923247	DB00188	mixed	3
nct00923247	DB05294	backbone	3
nct00923273	DB00877	backbone	5
nct00923273	DB00642	backbone	5
nct00923390	DB01073	no_arm_data	0
nct00923390	DB00531	no_arm_data	0
nct00923949	DB01132	investigational	1
nct00924001	DB01073	single_arm_combination	1
nct00924001	DB00531	single_arm_combination	1
nct00924066	DB04845	investigational	1
nct00924209	DB00441	single_arm_combination	1
nct00924508	DB00620	investigational	1
nct00924807	DB00398	investigational	1
nct00924950	DB02300	backbone	2
nct00925119	DB00335	investigational	1
nct00925132	DB00853	investigational	1
nct00925132	DB01262	investigational	1
nct00925132	DB06603	investigational	1
nct00925652	DB00563	investigational	4
nct00925652	DB00531	investigational	4
nct00926055	DB00973	mixed	3
nct00926055	DB00641	investigational	3
nct00926107	DB06287	investigational	0
nct00926575	DB00394	investigational	2
nct00926627	DB00559	investigational	2
nct00926835	DB00715	mixed	9
nct00926835	DB01175	comparator	9
nct00926835	DB00285	comparator	9
nct00926835	DB00370	comparator	9
nct00926835	DB01238	comparator	9
nct00926835	DB01156	comparator	9
nct00926835	DB00555	comparator	9
nct00927290	DB01132	investigational	2
nct00927602	DB00569	investigational	1
nct00927732	DB15300	investigational	2
nct00928200	DB00380	single_arm_combination	1
nct00928200	DB00997	single_arm_combination	1
nct00928200	DB01234	single_arm_combination	1
nct00929162	DB01229	backbone	2
nct00929669	DB06663	investigational	1
nct00930020	DB01017	investigational	2
nct00930345	DB01268	investigational	1
nct00931398	DB00422	investigational	2
nct00931762	DB06603	investigational	1
nct00932152	DB00947	investigational	4
nct00932152	DB01217	investigational	4
nct00933374	DB01590	single_arm_combination	1
nct00933374	DB01229	single_arm_combination	1
nct00933426	DB01229	single_arm_combination	1
nct00933426	DB00480	single_arm_combination	1
nct00933985	DB00380	single_arm_combination	1
nct00933985	DB12191	single_arm_combination	1
nct00933985	DB00997	single_arm_combination	1
nct00934076	DB00530	investigational	1
nct00934076	DB09401	investigational	1
nct00934232	DB01008	investigational	1
nct00934440	DB00928	single_arm_combination	1
nct00934635	DB00734	head_to_head	9
nct00934635	DB01267	head_to_head	9
nct00934739	DB01041	investigational	3
nct00934739	DB00482	investigational	3
nct00934739	DB00531	comparator	3
nct00934739	DB01234	comparator	3
nct00934895	DB01590	single_arm_combination	1
nct00934895	DB01229	single_arm_combination	1
nct00935363	DB00196	investigational	4
nct00935363	DB01045	investigational	4
nct00935363	DB01016	backbone	4
nct00935558	DB01006	backbone	2
nct00935558	DB01217	backbone	2
nct00935558	DB00990	backbone	2
nct00936234	DB04876	backbone	2
nct00936520	DB11611	backbone	3
nct00936767	DB00358	investigational	2
nct00936832	DB01268	no_arm_data	0
nct00936832	DB00650	no_arm_data	0
nct00936832	DB00544	no_arm_data	0
nct00936832	DB00762	no_arm_data	0
nct00937144	DB00203	investigational	2
nct00937300	DB01073	investigational	0
nct00937300	DB00531	investigational	0
nct00937664	DB00441	single_arm_combination	1
nct00937768	DB00014	investigational	2
nct00938353	DB00394	investigational	2
nct00938990	DB00683	comparator	2
nct00938990	DB00292	investigational	2
nct00939159	DB06603	investigational	1
nct00939276	DB06802	backbone	2
nct00939328	DB06769	no_arm_data	0
nct00939549	DB00531	investigational	1
nct00939653	DB00631	single_arm_combination	1
nct00939653	DB00773	single_arm_combination	1
nct00939653	DB00531	single_arm_combination	1
nct00939939	DB01261	investigational	2
nct00940095	DB06677	investigational	3
nct00940784	DB00758	investigational	2
nct00940784	DB00945	backbone	2
nct00940875	DB00441	backbone	2
nct00941928	DB01073	single_arm_combination	1
nct00941928	DB00531	single_arm_combination	1
nct00942539	DB00683	investigational	1
nct00943553	DB01262	investigational	2
nct00944216	DB00936	unmatched	1
nct00944333	DB00758	backbone	2
nct00945360	DB01006	investigational	1
nct00945477	DB06589	investigational	1
nct00945802	DB00537	comparator	2
nct00945802	DB01234	backbone	2
nct00946023	DB01073	single_arm_combination	1
nct00946023	DB00531	single_arm_combination	1
nct00946166	DB00641	investigational	2
nct00946712	DB01229	backbone	2
nct00946907	DB00945	investigational	2
nct00946985	DB00734	comparator	2
nct00947037	DB00190	unmatched	1
nct00947037	DB01235	unmatched	1
nct00947167	DB00530	single_arm_combination	1
nct00947193	DB05016	investigational	1
nct00947375	DB00555	investigational	2
nct00947388	DB06769	single_arm_combination	1
nct00947557	DB11723	investigational	2
nct00947791	DB00683	backbone	2
nct00947791	DB01221	backbone	2
nct00947895	DB00959	head_to_head	2
nct00948194	DB00435	investigational	2
nct00948324	DB00412	described_only	4
nct00948324	DB00331	described_only	4
nct00948389	DB01206	head_to_head	2
nct00948389	DB01254	head_to_head	2
nct00948688	DB02546	single_arm_combination	1
nct00948688	DB00544	single_arm_combination	1
nct00949962	DB00499	investigational	2
nct00949962	DB11760	investigational	2
nct00949962	DB01128	investigational	2
nct00949988	DB01254	backbone	2
nct00950391	DB00864	investigational	1
nct00950820	DB01101	backbone	3
nct00951132	DB01098	investigational	2
nct00951379	DB01132	investigational	2
nct00951444	DB00441	backbone	2
nct00952016	DB00563	investigational	0
nct00952861	DB00254	investigational	2
nct00953459	DB01268	investigational	0
nct00953576	DB01026	backbone	3
nct00953576	DB01126	backbone	3
nct00953576	DB01259	backbone	3
nct00953576	DB00741	backbone	3
nct00953615	DB01041	investigational	1
nct00953706	DB08820	backbone	2
nct00953771	DB01406	investigational	2
nct00954005	DB00441	investigational	1
nct00954603	DB00502	comparator	2
nct00954603	DB01224	investigational	2
nct00954876	DB01101	investigational	0
nct00954993	DB11929	investigational	1
nct00955097	DB00556	investigational	1
nct00955240	DB00544	no_arm_data	0
nct00955305	DB01229	backbone	2
nct00955474	DB00215	comparator	2
nct00955474	DB01104	comparator	2
nct00955474	DB01175	comparator	2
nct00955474	DB01224	backbone	2
nct00955721	DB00398	backbone	2
nct00955721	DB00441	backbone	2
nct00955890	DB00380	investigational	3
nct00955929	DB00692	unmatched	3
nct00955929	DB00770	investigational	3
nct00955929	DB01113	described_only	3
nct00955929	DB00203	investigational	3
nct00956072	DB00619	comparator	2
nct00956176	DB00369	investigational	1
nct00957034	DB00624	investigational	3
nct00957242	DB00682	investigational	2
nct00957320	DB00877	single_arm_combination	1
nct00958022	DB00773	investigational	1
nct00958022	DB06603	investigational	1
nct00958074	DB02546	backbone	2
nct00958269	DB11723	investigational	5
nct00958412	DB05253	investigational	1
nct00958633	DB01156	backbone	2
nct00958633	DB01175	backbone	2
nct00958776	DB06614	investigational	2
nct00959946	DB01101	single_arm_combination	1
nct00959946	DB06616	single_arm_combination	1
nct00960297	DB01229	single_arm_combination	1
nct00960544	DB01101	investigational	1
nct00960726	DB03310	unmatched	1
nct00960921	DB09153	comparator	2
nct00961142	DB01042	investigational	0
nct00961142	DB04572	investigational	0
nct00961142	DB01073	investigational	0
nct00961207	DB09026	backbone	2
nct00961376	DB01073	unmatched	2
nct00961376	DB00531	unmatched	2
nct00961571	DB01268	investigational	1
nct00961571	DB01101	investigational	1
nct00961649	DB01194	mixed	4
nct00961649	DB00484	mixed	4
nct00961844	DB00853	single_arm_combination	1
nct00963196	DB00159	backbone	3
nct00963196	DB03756	unmatched	3
nct00963547	DB01259	investigational	7
nct00963664	DB00227	single_arm_combination	1
nct00964041	DB00260	investigational	2
nct00964691	DB00608	head_to_head	2
nct00964691	DB01299	head_to_head	2
nct00964691	DB00205	head_to_head	2
nct00964704	DB01101	single_arm_combination	1
nct00965419	DB09184	investigational	1
nct00967226	DB00860	comparator	2
nct00967226	DB00571	investigational	2
nct00967291	DB00305	no_arm_data	0
nct00967291	DB01181	no_arm_data	0
nct00967798	DB01261	backbone	2
nct00967928	DB01590	single_arm_combination	1
nct00967967	DB00967	investigational	1
nct00967967	DB14512	investigational	1
nct00968383	DB00678	described_only	2
nct00968383	DB04630	described_only	2
nct00968396	DB01042	investigational	1
nct00969033	DB00762	backbone	2
nct00969085	DB11672	investigational	1
nct00969306	DB00608	investigational	1
nct00969722	DB00982	comparator	2
nct00970424	DB11723	investigational	2
nct00971126	DB00398	investigational	1
nct00971126	DB01041	investigational	1
nct00971191	DB11963	investigational	1
nct00971893	DB00959	investigational	1
nct00972023	DB01708	investigational	1
nct00972101	DB04572	investigational	2
nct00972101	DB00864	backbone	2
nct00972101	DB01042	investigational	2
nct00972101	DB00773	investigational	2
nct00972101	DB00688	backbone	2
nct00972101	DB01073	investigational	2
nct00972335	DB01590	single_arm_combination	1
nct00973271	DB01076	backbone	4
nct00973271	DB13873	comparator	4
nct00973271	DB01119	investigational	4
nct00973804	DB00773	unmatched	0
nct00973804	DB01073	unmatched	0
nct00973804	DB00531	unmatched	0
nct00974740	DB01076	investigational	2
nct00974922	DB00153	head_to_head	3
nct00974922	DB09026	head_to_head	3
nct00975611	DB00915	investigational	3
nct00975806	DB01268	backbone	2
nct00975806	DB00480	backbone	2
nct00976183	DB02546	investigational	1
nct00976183	DB01229	described_only	1
nct00976677	DB01229	backbone	2
nct00976677	DB00530	investigational	2
nct00977054	DB00811	backbone	2
nct00977132	DB00313	described_only	1
nct00977132	DB00480	single_arm_combination	1
nct00977171	DB06262	investigational	1
nct00977379	DB01101	investigational	2
nct00977561	DB00773	backbone	2
nct00977795	DB00855	investigational	1
nct00978432	DB01590	backbone	3
nct00978432	DB06603	backbone	3
nct00978822	DB04920	investigational	1
nct00979121	DB01098	investigational	2
nct00979550	DB00724	investigational	2
nct00979576	DB09079	backbone	3
nct00979576	DB00642	backbone	3
nct00979641	DB01248	investigational	1
nct00979667	DB00198	investigational	3
nct00979667	DB00558	investigational	3
nct00979693	DB11664	backbone	2
nct00979940	DB01076	investigational	2
nct00980551	DB01030	single_arm_combination	1
nct00981318	DB00503	investigational	1
nct00981318	DB01601	investigational	1
nct00981370	DB01609	investigational	1
nct00981591	DB01088	investigational	2
nct00981747	DB00678	single_arm_combination	1
nct00981747	DB00203	single_arm_combination	1
nct00981799	DB01280	backbone	4
nct00981799	DB00773	backbone	4
nct00981799	DB00531	backbone	4
nct00982150	DB04982	investigational	1
nct00982657	DB01268	backbone	6
nct00983047	DB01248	backbone	2
nct00983151	DB00193	unmatched	2
nct00983346	DB00188	investigational	1
nct00983528	DB00631	no_arm_data	0
nct00983541	DB00441	single_arm_combination	1
nct00983541	DB00544	single_arm_combination	1
nct00983736	DB00193	investigational	2
nct00984438	DB00262	single_arm_combination	1
nct00984438	DB00762	single_arm_combination	1
nct00984490	DB00331	investigational	1
nct00984568	DB00860	backbone	2
nct00984568	DB00993	backbone	2
nct00984568	DB00244	comparator	2
nct00984828	DB01042	unmatched	2
nct00984828	DB00188	backbone	2
nct00985374	DB01590	single_arm_combination	1
nct00985530	DB04942	single_arm_combination	1
nct00985738	DB01126	investigational	2
nct00985907	DB01042	investigational	1
nct00985907	DB00188	investigational	1
nct00985907	DB00997	investigational	1
nct00985946	DB06603	investigational	1
nct00985998	DB01248	described_only	1
nct00986115	DB01043	investigational	2
nct00986284	DB00317	investigational	1
nct00986440	DB11894	investigational	2
nct00986856	DB02703	backbone	2
nct00986999	DB01098	investigational	1
nct00987662	DB00381	head_to_head	2
nct00987662	DB01029	head_to_head	2
nct00988052	DB06685	investigational	1
nct00988169	DB00530	investigational	1
nct00988169	DB09401	investigational	1
nct00988481	DB00273	investigational	0
nct00988663	DB01043	backbone	2
nct00988728	DB00334	comparator	3
nct00988897	DB00650	single_arm_combination	1
nct00988897	DB00544	single_arm_combination	1
nct00989001	DB06217	investigational	2
nct00989820	DB09140	investigational	2
nct00990197	DB00184	backbone	2
nct00990496	DB01073	single_arm_combination	1
nct00990496	DB00531	single_arm_combination	1
nct00990834	DB00641	investigational	1
nct00991029	DB00758	investigational	2
nct00991744	DB00987	backbone	2
nct00991744	DB00860	described_only	2
nct00991939	DB00635	backbone	2
nct00991939	DB01234	backbone	2
nct00992173	DB06704	investigational	1
nct00993421	DB01105	mixed	7
nct00993642	DB06603	investigational	1
nct00994253	DB00999	comparator	2
nct00994253	DB09026	investigational	2
nct00995059	DB00188	single_arm_combination	1
nct00995059	DB00877	single_arm_combination	1
nct00995059	DB00864	single_arm_combination	1
nct00995488	DB00441	described_only	1
nct00995488	DB01229	investigational	1
nct00996346	DB06287	backbone	3
nct00996346	DB00762	backbone	3
nct00996424	DB06151	investigational	2
nct00996424	DB09153	comparator	2
nct00996502	DB00530	single_arm_combination	1
nct00996502	DB01248	single_arm_combination	1
nct00996502	DB00635	single_arm_combination	1
nct00996944	DB00268	investigational	2
nct00997087	DB01205	backbone	2
nct00997243	DB00928	single_arm_combination	1
nct00997477	DB01222	investigational	1
nct00997477	DB00983	investigational	1
nct00997581	DB05676	investigational	2
nct00997672	DB14509	investigational	2
nct00998101	DB04845	no_arm_data	0
nct00998166	DB00642	single_arm_combination	1
nct00998582	DB00300	backbone	2
nct00998608	DB00502	described_only	1
nct00998608	DB00734	investigational	1
nct00998686	DB11723	investigational	2
nct01000155	DB02546	investigational	1
nct01000896	DB11805	single_arm_combination	1
nct01000896	DB01229	single_arm_combination	1
nct01001598	DB01406	investigational	1
nct01001780	DB00552	investigational	1
nct01001780	DB00531	investigational	1
nct01002183	DB02948	investigational	1
nct01002248	DB00188	backbone	2
nct01002248	DB01234	backbone	2
nct01002248	DB06641	investigational	2
nct01002534	DB00862	investigational	3
nct01002859	DB00091	described_only	2
nct01003405	DB12080	investigational	1
nct01003678	DB00631	investigational	1
nct01003769	DB00480	single_arm_combination	1
nct01003938	DB01030	single_arm_combination	1
nct01003938	DB00530	single_arm_combination	1
nct01004159	DB00762	investigational	1
nct01004185	DB00244	backbone	2
nct01004419	DB05294	single_arm_combination	1
nct01004419	DB00947	single_arm_combination	1
nct01005641	DB01259	single_arm_combination	1
nct01005641	DB00990	single_arm_combination	1
nct01005875	DB00398	investigational	1
nct01005914	DB00997	single_arm_combination	1
nct01005914	DB00531	single_arm_combination	1
nct01005914	DB00619	single_arm_combination	1
nct01005914	DB00563	single_arm_combination	1
nct01005914	DB00959	single_arm_combination	1
nct01005914	DB00987	single_arm_combination	1
nct01005914	DB01234	single_arm_combination	1
nct01005979	DB00531	investigational	1
nct01005979	DB00480	investigational	1
nct01006018	DB01261	investigational	3
nct01006018	DB01132	investigational	3
nct01006096	DB00530	investigational	2
nct01006252	DB01229	comparator	2
nct01007084	DB00571	investigational	2
nct01007695	DB00313	investigational	1
nct01007773	DB00818	backbone	2
nct01007773	DB00633	investigational	2
nct01007773	DB00813	comparator	2
nct01008592	DB06282	unmatched	1
nct01009203	DB06287	single_arm_combination	1
nct01009203	DB00530	single_arm_combination	1
nct01009294	DB05016	single_arm_combination	1
nct01009515	DB00853	investigational	1
nct01009515	DB01229	investigational	1
nct01009593	DB00398	comparator	2
nct01009593	DB06080	investigational	2
nct01009801	DB01590	investigational	2
nct01009801	DB00997	backbone	2
nct01009931	DB01234	single_arm_combination	1
nct01009944	DB00335	investigational	1
nct01009944	DB00722	investigational	1
nct01009957	DB01590	investigational	2
nct01009983	DB01229	single_arm_combination	1
nct01010087	DB00198	backbone	2
nct01010568	DB06769	investigational	1
nct01010854	DB00445	described_only	1
nct01010854	DB00544	described_only	1
nct01010854	DB00531	described_only	1
nct01010854	DB00313	described_only	1
nct01010958	DB00313	investigational	1
nct01011114	DB01012	investigational	2
nct01011257	DB00758	head_to_head	2
nct01011257	DB00945	head_to_head	2
nct01011283	DB01262	head_to_head	2
nct01011283	DB00928	head_to_head	2
nct01011478	DB01098	investigational	2
nct01011699	DB02701	head_to_head	2
nct01011998	DB00619	investigational	0
nct01011998	DB00313	investigational	0
nct01012297	DB00441	backbone	2
nct01012297	DB01248	backbone	2
nct01012414	DB00910	investigational	2
nct01013506	DB01006	backbone	2
nct01013506	DB00014	backbone	2
nct01013506	DB06075	backbone	2
nct01013506	DB00530	investigational	2
nct01013831	DB00530	investigational	1
nct01013870	DB01076	investigational	2
nct01014260	DB00254	investigational	2
nct01014364	DB00741	investigational	2
nct01014481	DB14126	investigational	1
nct01014481	DB00709	investigational	1
nct01014481	DB00625	investigational	1
nct01014767	DB00853	investigational	4
nct01014767	DB00997	investigational	4
nct01014767	DB00970	investigational	4
nct01014767	DB00762	investigational	4
nct01014767	DB00773	backbone	4
nct01014767	DB00531	backbone	4
nct01014767	DB00563	investigational	4
nct01014858	DB00843	backbone	2
nct01015066	DB01183	comparator	2
nct01015066	DB00704	investigational	2
nct01015443	DB00531	investigational	2
nct01015664	DB06287	no_arm_data	0
nct01016054	DB00441	investigational	2
nct01016054	DB00997	investigational	2
nct01016717	DB00338	backbone	2
nct01016717	DB00213	backbone	2
nct01016847	DB00471	investigational	2
nct01017263	DB01255	investigational	1
nct01017653	DB00762	single_arm_combination	1
nct01017822	DB01101	no_arm_data	0
nct01017822	DB00441	no_arm_data	0
nct01019707	DB01577	unmatched	2
nct01019707	DB00289	backbone	2
nct01020305	DB06287	single_arm_combination	1
nct01020305	DB01128	single_arm_combination	1
nct01020864	DB00361	single_arm_combination	1
nct01021423	DB00480	investigational	2
nct01022983	DB00922	backbone	2
nct01025492	DB13873	investigational	2
nct01025570	DB00441	investigational	1
nct01025570	DB06616	investigational	1
nct01025648	DB00668	mixed	6
nct01025882	DB00441	investigational	2
nct01026090	DB04855	backbone	2
nct01026844	DB00530	investigational	2
nct01026844	DB01611	backbone	2
nct01026870	DB14512	investigational	2
nct01027702	DB00563	unmatched	1
nct01027806	DB00471	backbone	2
nct01027923	DB00987	backbone	3
nct01027923	DB06809	backbone	3
nct01027923	DB00773	backbone	3
nct01027923	DB01204	backbone	3
nct01028313	DB06603	single_arm_combination	1
nct01028339	DB09153	investigational	2
nct01028339	DB00742	comparator	2
nct01028586	DB06654	investigational	3
nct01028846	DB01119	investigational	2
nct01029223	DB09083	investigational	3
nct01029223	DB00264	investigational	3
nct01029418	DB00398	investigational	1
nct01029418	DB11689	investigational	1
nct01029795	DB00331	unmatched	2
nct01029925	DB08809	investigational	1
nct01030666	DB00878	backbone	2
nct01030666	DB00254	investigational	2
nct01031628	DB00619	backbone	4
nct01031849	DB00503	described_only	1
nct01031849	DB01601	described_only	1
nct01032070	DB00773	comparator	2
nct01032070	DB00530	investigational	2
nct01032148	DB06603	investigational	1
nct01032291	DB00480	backbone	2
nct01032837	DB00198	backbone	4
nct01032850	DB00398	investigational	1
nct01032850	DB01101	investigational	1
nct01033019	DB09143	investigational	2
nct01033149	DB06151	investigational	1
nct01033227	DB09112	investigational	2
nct01033370	DB04920	investigational	1
nct01033565	DB01065	investigational	1
nct01033955	DB01098	investigational	2
nct01033981	DB01268	investigational	1
nct01034410	DB00987	backbone	3
nct01034592	DB00480	investigational	1
nct01034657	DB06603	backbone	2
nct01035255	DB00177	investigational	2
nct01035255	DB09292	investigational	2
nct01035619	DB11431	investigational	1
nct01035658	DB00997	backbone	4
nct01035658	DB06589	backbone	4
nct01036399	DB00480	investigational	1
nct01036802	DB00682	investigational	2
nct01038648	DB01261	investigational	2
nct01038752	DB01248	investigational	2
nct01038752	DB04786	investigational	2
nct01038856	DB00530	investigational	1
nct01039103	DB14631	investigational	2
nct01039103	DB00959	backbone	2
nct01039844	DB01229	investigational	1
nct01040338	DB00184	backbone	2
nct01040585	DB00601	investigational	1
nct01041027	DB01229	single_arm_combination	1
nct01041495	DB00924	investigational	2
nct01041781	DB00441	backbone	2
nct01041781	DB00482	investigational	2
nct01041781	DB00642	backbone	2
nct01042015	DB09153	described_only	2
nct01042028	DB01590	investigational	2
nct01042028	DB00762	investigational	2
nct01042574	DB04920	investigational	0
nct01043601	DB00983	mixed	4
nct01044225	DB00853	unmatched	2
nct01044745	DB00864	single_arm_combination	1
nct01044745	DB00688	single_arm_combination	1
nct01044966	DB00987	investigational	1
nct01044966	DB00853	investigational	1
nct01045694	DB00281	comparator	3
nct01045928	DB00480	single_arm_combination	1
nct01045941	DB00441	investigational	1
nct01046773	DB00169	backbone	2
nct01047072	DB00864	investigational	2
nct01047072	DB00531	comparator	2
nct01047072	DB00688	backbone	2
nct01047319	DB06685	investigational	1
nct01047423	DB00641	investigational	2
nct01048086	DB00755	investigational	2
nct01048138	DB00810	investigational	2
nct01048177	DB00281	investigational	1
nct01048229	DB01367	investigational	2
nct01048723	DB01590	investigational	1
nct01048983	DB01017	head_to_head	16
nct01048983	DB11672	head_to_head	16
nct01048983	DB06413	head_to_head	16
nct01048983	DB01156	head_to_head	16
nct01049776	DB06589	investigational	1
nct01049932	DB08864	investigational	1
nct01050491	DB06268	comparator	2
nct01050764	DB01042	single_arm_combination	1
nct01050764	DB04572	single_arm_combination	1
nct01050946	DB01008	described_only	1
nct01050946	DB00864	unmatched	1
nct01050946	DB01042	described_only	1
nct01050946	DB00688	unmatched	1
nct01050946	DB01073	described_only	1
nct01051440	DB01255	investigational	2
nct01051791	DB01590	investigational	1
nct01051947	DB04861	investigational	2
nct01052311	DB00627	investigational	2
nct01052363	DB12577	backbone	2
nct01052896	DB00996	investigational	2
nct01053663	DB00198	investigational	1
nct01054443	DB13125	investigational	4
nct01054911	DB01268	investigational	1
nct01055028	DB01229	backbone	2
nct01055301	DB00188	single_arm_combination	1
nct01055301	DB00997	single_arm_combination	1
nct01055301	DB00480	single_arm_combination	1
nct01055301	DB01042	single_arm_combination	1
nct01055301	DB00773	single_arm_combination	1
nct01055301	DB00531	single_arm_combination	1
nct01055301	DB01041	single_arm_combination	1
nct01055301	DB01234	single_arm_combination	1
nct01055522	DB00851	backbone	3
nct01055756	DB00455	backbone	2
nct01056380	DB00507	investigational	2
nct01056601	DB00188	single_arm_combination	1
nct01056601	DB06603	single_arm_combination	1
nct01056757	DB00811	investigational	1
nct01057212	DB04845	single_arm_combination	1
nct01057277	DB01590	investigational	1
nct01057758	DB00641	investigational	2
nct01058369	DB01609	investigational	1
nct01058408	DB01590	single_arm_combination	1
nct01059110	DB00724	investigational	4
nct01059110	DB00544	investigational	4
nct01059110	DB09152	investigational	4
nct01059110	DB00936	unmatched	4
nct01059123	DB01060	backbone	2
nct01059305	DB00530	investigational	1
nct01059656	DB06589	investigational	1
nct01060293	DB00695	backbone	3
nct01060293	DB00988	head_to_head	3
nct01060345	DB12116	unmatched	1
nct01060423	DB00762	backbone	2
nct01060514	DB00361	single_arm_combination	1
nct01060514	DB06589	single_arm_combination	1
nct01060865	DB09026	investigational	1
nct01061372	DB00230	investigational	3
nct01061606	DB06287	investigational	1
nct01061853	DB00877	investigational	2
nct01062230	DB00188	investigational	1
nct01063478	DB01590	investigational	1
nct01063933	DB06614	backbone	7
nct01064973	DB08891	investigational	1
nct01065051	DB08931	investigational	2
nct01065454	DB08931	investigational	4
nct01065545	DB00631	investigational	1
nct01066143	DB01224	investigational	1
nct01066468	DB00619	investigational	1
nct01066598	DB00635	described_only	1
nct01066897	DB00413	investigational	2
nct01067066	DB00853	single_arm_combination	1
nct01067274	DB00987	investigational	6
nct01067274	DB01177	described_only	6
nct01067274	DB00755	investigational	6
nct01067274	DB00928	investigational	6
nct01067326	DB09026	investigational	2
nct01067430	DB01628	head_to_head	2
nct01067430	DB00586	head_to_head	2
nct01067989	DB00282	investigational	1
nct01067989	DB00531	investigational	1
nct01067989	DB01101	investigational	1
nct01067989	DB00482	investigational	1
nct01067989	DB00563	investigational	1
nct01067989	DB00399	investigational	1
nct01068782	DB08875	backbone	4
nct01068873	DB00503	investigational	1
nct01068873	DB01601	investigational	1
nct01069796	DB01101	single_arm_combination	1
nct01069796	DB01229	single_arm_combination	1
nct01069861	DB00203	described_only	1
nct01070186	DB01268	investigational	1
nct01070290	DB12200	investigational	2
nct01070888	DB01222	backbone	2
nct01070888	DB00983	backbone	2
nct01071135	DB01224	investigational	1
nct01071564	DB08828	single_arm_combination	1
nct01071928	DB06235	single_arm_combination	1
nct01071928	DB01248	single_arm_combination	1
nct01072643	DB00633	investigational	1
nct01073644	DB01268	investigational	1
nct01073813	DB01017	investigational	2
nct01074437	DB00860	backbone	2
nct01074437	DB00571	head_to_head	2
nct01074502	DB05676	investigational	1
nct01074918	DB00761	comparator	2
nct01075126	DB14509	no_arm_data	0
nct01075126	DB00313	no_arm_data	0
nct01075412	DB06198	backbone	2
nct01075412	DB14930	backbone	2
nct01076140	DB04861	head_to_head	2
nct01076140	DB00722	head_to_head	2
nct01076400	DB01030	backbone	3
nct01076400	DB11740	investigational	3
nct01076556	DB03496	single_arm_combination	1
nct01076556	DB00531	single_arm_combination	1
nct01077297	DB06558	investigational	1
nct01077518	DB06769	backbone	2
nct01078376	DB08822	backbone	4
nct01078441	DB00188	single_arm_combination	1
nct01078441	DB01234	single_arm_combination	1
nct01078441	DB00997	single_arm_combination	1
nct01078441	DB00531	single_arm_combination	1
nct01078844	DB01043	investigational	2
nct01078974	DB08910	single_arm_combination	1
nct01078974	DB01234	single_arm_combination	1
nct01079767	DB06287	investigational	1
nct01079793	DB04845	investigational	1
nct01080222	DB00811	investigational	6
nct01080222	DB05521	backbone	6
nct01080248	DB00441	single_arm_combination	1
nct01080248	DB06589	single_arm_combination	1
nct01080768	DB00381	backbone	2
nct01080768	DB09026	backbone	2
nct01081028	DB08910	unmatched	3
nct01081028	DB08889	unmatched	3
nct01082965	DB00843	investigational	2
nct01083537	DB01229	investigational	2
nct01083615	DB06772	backbone	2
nct01083615	DB01248	backbone	2
nct01083615	DB00635	backbone	2
nct01083641	DB00783	investigational	1
nct01084369	DB00624	investigational	1
nct01085331	DB03256	backbone	3
nct01085331	DB00650	backbone	3
nct01085331	DB00544	backbone	3
nct01085331	DB00762	backbone	3
nct01085656	DB05143	investigational	1
nct01086332	DB00441	single_arm_combination	1
nct01086332	DB00220	single_arm_combination	1
nct01086345	DB00762	single_arm_combination	1
nct01086696	DB01229	unmatched	2
nct01087580	DB01248	backbone	2
nct01087580	DB00635	backbone	2
nct01087593	DB00783	backbone	2
nct01088620	DB00642	backbone	2
nct01088763	DB01234	single_arm_combination	1
nct01088997	DB00235	backbone	2
nct01089452	DB00275	investigational	3
nct01089452	DB00790	comparator	3
nct01089452	DB00381	mixed	3
nct01089595	DB00619	head_to_head	2
nct01089595	DB04868	backbone	2
nct01089621	DB00476	investigational	1
nct01089790	DB11723	investigational	2
nct01090128	DB01229	single_arm_combination	1
nct01090128	DB00997	single_arm_combination	1
nct01090128	DB00531	single_arm_combination	1
nct01090414	DB09054	investigational	1
nct01090414	DB06769	unmatched	1
nct01090570	DB12978	backbone	6
nct01090830	DB05015	investigational	1
nct01090830	DB01229	investigational	1
nct01090908	DB00537	unmatched	2
nct01090973	DB06603	investigational	1
nct01092572	DB00641	investigational	2
nct01092624	DB01591	investigational	2
nct01092728	DB01254	backbone	2
nct01092975	DB00388	backbone	8
nct01093066	DB00570	described_only	1
nct01093066	DB00563	unmatched	1
nct01093066	DB00997	described_only	1
nct01093183	DB00480	single_arm_combination	1
nct01093183	DB00531	single_arm_combination	1
nct01093963	DB01255	investigational	2
nct01094067	DB06558	backbone	2
nct01094613	DB01033	backbone	2
nct01094717	DB00459	investigational	4
nct01094717	DB00799	investigational	4
nct01094977	DB00302	investigational	3
nct01095094	DB00503	single_arm_combination	1
nct01095094	DB01601	single_arm_combination	1
nct01095445	DB00811	investigational	2
nct01096095	DB06819	investigational	2
nct01096199	DB01590	investigational	0
nct01096199	DB09256	unmatched	0
nct01096290	DB01046	investigational	2
nct01096732	DB08828	investigational	1
nct01096745	DB00441	investigational	2
nct01097330	DB01118	head_to_head	2
nct01097707	DB07933	investigational	5
nct01098656	DB00480	investigational	2
nct01099592	DB00215	investigational	0
nct01100203	DB00700	investigational	2
nct01100242	DB00398	investigational	1
nct01100242	DB00188	investigational	1
nct01100437	DB00295	backbone	2
nct01100437	DB00704	backbone	2
nct01100944	DB05015	described_only	1
nct01100944	DB00997	investigational	1
nct01100944	DB00531	investigational	1
nct01101269	DB00678	described_only	2
nct01101269	DB00722	backbone	2
nct01101594	DB00997	investigational	1
nct01101906	DB06075	investigational	2
nct01101945	DB11723	investigational	0
nct01103180	DB01175	backbone	2
nct01103375	DB00982	single_arm_combination	1
nct01103375	DB00530	single_arm_combination	1
nct01103583	DB01005	investigational	2
nct01104298	DB00997	comparator	2
nct01104298	DB05109	investigational	2
nct01105390	DB00642	single_arm_combination	1
nct01105702	DB00853	single_arm_combination	1
nct01105702	DB14509	single_arm_combination	1
nct01106053	DB00413	investigational	1
nct01106235	DB00531	single_arm_combination	1
nct01106950	DB01073	single_arm_combination	1
nct01106950	DB00531	single_arm_combination	1
nct01107145	DB00608	comparator	3
nct01107145	DB06708	investigational	3
nct01107145	DB00358	investigational	3
nct01107145	DB06697	investigational	3
nct01107145	DB09274	investigational	3
nct01107899	DB00758	comparator	3
nct01107899	DB06209	mixed	3
nct01108458	DB00530	single_arm_combination	1
nct01108627	DB00860	investigational	2
nct01108627	DB14669	investigational	2
nct01108627	DB00983	investigational	2
nct01108627	DB00620	investigational	2
nct01108627	DB00443	investigational	2
nct01108627	DB00741	investigational	2
nct01108627	DB00959	investigational	2
nct01108627	DB00635	investigational	2
nct01108627	DB01234	investigational	2
nct01108666	DB00220	investigational	1
nct01108744	DB09153	head_to_head	2
nct01108744	DB00742	head_to_head	2
nct01109615	DB00441	single_arm_combination	1
nct01109615	DB00642	single_arm_combination	1
nct01110330	DB01026	investigational	3
nct01110421	DB01413	investigational	2
nct01110421	DB06211	investigational	2
nct01110876	DB02546	backbone	4
nct01110876	DB00853	investigational	4
nct01110876	DB00530	backbone	4
nct01111058	DB01590	investigational	2
nct01111188	DB09073	single_arm_combination	1
nct01111188	DB00188	single_arm_combination	1
nct01111292	DB13178	investigational	2
nct01111448	DB06287	investigational	1
nct01111539	DB01238	investigational	5
nct01111539	DB01175	investigational	5
nct01111552	DB01238	head_to_head	5
nct01111552	DB01175	head_to_head	5
nct01111565	DB01238	investigational	5
nct01111565	DB01175	investigational	5
nct01111682	DB09153	head_to_head	2
nct01111682	DB00742	head_to_head	2
nct01113502	DB06210	backbone	5
nct01113541	DB00246	investigational	1
nct01114503	DB00959	comparator	3
nct01114698	DB15203	unmatched	3
nct01115036	DB06603	investigational	1
nct01115244	DB00250	investigational	2
nct01115803	DB01590	investigational	2
nct01115803	DB00530	investigational	2
nct01116128	DB01042	single_arm_combination	1
nct01116128	DB01254	single_arm_combination	1
nct01116128	DB00635	single_arm_combination	1
nct01116154	DB02546	single_arm_combination	1
nct01116154	DB00480	single_arm_combination	1
nct01116232	DB00877	single_arm_combination	1
nct01116232	DB00864	single_arm_combination	1
nct01116661	DB00855	described_only	1
nct01117051	DB06480	investigational	2
nct01117129	DB00563	backbone	2
nct01117220	DB00246	investigational	2
nct01117948	DB06725	investigational	2
nct01117987	DB00619	backbone	2
nct01118013	DB01008	single_arm_combination	1
nct01118013	DB00864	single_arm_combination	1
nct01118013	DB00563	single_arm_combination	1
nct01118013	DB00688	single_arm_combination	1
nct01118351	DB01268	investigational	1
nct01118975	DB02546	backbone	2
nct01118975	DB01259	backbone	2
nct01119430	DB00472	investigational	2
nct01119742	DB01091	mixed	5
nct01119794	DB00188	investigational	1
nct01120158	DB01229	single_arm_combination	1
nct01120171	DB00997	single_arm_combination	1
nct01120171	DB00531	single_arm_combination	1
nct01121120	DB11720	investigational	2
nct01121536	DB06413	investigational	1
nct01121549	DB00990	investigational	1
nct01121757	DB00480	backbone	2
nct01121757	DB00928	backbone	2
nct01122342	DB01420	investigational	1
nct01122511	DB01234	investigational	2
nct01122888	DB01268	unmatched	2
nct01122927	DB01238	investigational	1
nct01123473	DB01101	backbone	2
nct01123473	DB01259	investigational	2
nct01123473	DB00445	backbone	2
nct01123473	DB00544	backbone	2
nct01123707	DB01238	backbone	4
nct01123707	DB01175	backbone	4
nct01124656	DB01132	investigational	1
nct01124877	DB00246	investigational	1
nct01125293	DB01590	backbone	6
nct01125293	DB00188	investigational	6
nct01125683	DB00843	comparator	5
nct01125787	DB06769	investigational	1
nct01126216	DB01229	investigational	2
nct01126255	DB00396	investigational	2
nct01126255	DB01013	comparator	2
nct01126450	DB00480	single_arm_combination	1
nct01126502	DB12442	investigational	1
nct01126749	DB08871	investigational	2
nct01126749	DB00441	backbone	2
nct01126801	DB00783	investigational	2
nct01126866	DB00650	unmatched	1
nct01126866	DB00544	investigational	1
nct01126866	DB00762	investigational	1
nct01127178	DB00853	unmatched	1
nct01127503	DB00765	investigational	2
nct01127542	DB00480	investigational	1
nct01127646	DB00422	comparator	2
nct01127646	DB00289	investigational	2
nct01127672	DB00860	head_to_head	2
nct01127672	DB14669	head_to_head	2
nct01127672	DB00620	head_to_head	2
nct01127672	DB00959	head_to_head	2
nct01127672	DB00443	head_to_head	2
nct01127672	DB00635	head_to_head	2
nct01127672	DB01234	head_to_head	2
nct01128452	DB05956	investigational	2
nct01128712	DB00230	backbone	2
nct01129024	DB13125	investigational	1
nct01129232	DB00142	unmatched	2
nct01129323	DB01073	investigational	1
nct01129323	DB00531	investigational	1
nct01129557	DB09026	head_to_head	3
nct01129557	DB00177	head_to_head	3
nct01129674	DB01238	comparator	2
nct01129674	DB00334	comparator	2
nct01129674	DB00734	comparator	2
nct01129674	DB01224	comparator	2
nct01129778	DB00338	investigational	1
nct01129778	DB09104	unmatched	1
nct01129778	DB01390	investigational	1
nct01129947	DB01708	investigational	1
nct01130246	DB01076	described_only	2
nct01130246	DB05737	investigational	2
nct01130623	DB06589	investigational	0
nct01130688	DB00619	described_only	1
nct01130688	DB00744	investigational	1
nct01130909	DB11889	investigational	4
nct01130909	DB01221	comparator	4
nct01131039	DB00441	investigational	1
nct01131247	DB06769	investigational	1
nct01131325	DB04868	investigational	1
nct01131364	DB00997	investigational	1
nct01131559	DB01255	investigational	2
nct01131572	DB06151	investigational	1
nct01131884	DB00630	investigational	2
nct01132664	DB01101	investigational	2
nct01133353	DB04844	investigational	2
nct01133678	DB01590	investigational	2
nct01133678	DB01229	investigational	2
nct01133756	DB00441	backbone	2
nct01133756	DB09078	investigational	2
nct01133990	DB00650	backbone	3
nct01133990	DB00544	backbone	3
nct01133990	DB00762	backbone	3
nct01134315	DB00136	head_to_head	2
nct01134315	DB00910	head_to_head	2
nct01134601	DB01101	single_arm_combination	1
nct01134601	DB11689	single_arm_combination	1
nct01134627	DB01017	investigational	2
nct01134835	DB01132	described_only	2
nct01134991	DB01017	backbone	3
nct01135017	DB04855	investigational	2
nct01135199	DB08910	investigational	1
nct01135758	DB01221	investigational	1
nct01137994	DB01259	investigational	2
nct01138137	DB06151	single_arm_combination	1
nct01138137	DB01229	single_arm_combination	1
nct01138553	DB00834	investigational	1
nct01139125	DB00847	investigational	1
nct01139359	DB00531	single_arm_combination	1
nct01139996	DB00575	investigational	2
nct01140191	DB01421	investigational	1
nct01140503	DB05676	investigational	1
nct01140984	DB00959	investigational	1
nct01141296	DB01039	investigational	2
nct01141478	DB00398	backbone	2
nct01142128	DB00736	mixed	4
nct01142323	DB01039	investigational	1
nct01142414	DB00544	no_arm_data	0
nct01142700	DB00811	backbone	5
nct01143545	DB00482	single_arm_combination	1
nct01143545	DB00531	single_arm_combination	1
nct01144169	DB01611	investigational	1
nct01144403	DB01073	single_arm_combination	1
nct01144403	DB01204	single_arm_combination	1
nct01144403	DB00531	single_arm_combination	1
nct01145404	DB01101	investigational	2
nct01145404	DB01259	backbone	2
nct01145508	DB01248	backbone	2
nct01145508	DB00635	backbone	2
nct01147458	DB00788	investigational	4
nct01147601	DB00373	investigational	2
nct01148810	DB12371	investigational	2
nct01149356	DB00014	backbone	2
nct01149356	DB00990	backbone	2
nct01149993	DB01024	backbone	3
nct01150409	DB09153	backbone	2
nct01150409	DB00741	investigational	2
nct01151215	DB01217	backbone	3
nct01151761	DB01101	single_arm_combination	1
nct01151761	DB00441	single_arm_combination	1
nct01151761	DB00544	single_arm_combination	1
nct01151787	DB00924	investigational	2
nct01151904	DB00373	single_arm_combination	1
nct01151904	DB00654	single_arm_combination	1
nct01151904	DB00484	single_arm_combination	1
nct01153698	DB06695	investigational	1
nct01153919	DB00811	backbone	2
nct01155310	DB09140	unmatched	2
nct01155479	DB01367	comparator	5
nct01155518	DB00882	investigational	6
nct01155518	DB00624	investigational	6
nct01155791	DB11127	unmatched	1
nct01155791	DB01248	single_arm_combination	1
nct01155869	DB00704	backbone	2
nct01156051	DB01018	investigational	2
nct01156415	DB06594	backbone	2
nct01156480	DB00741	investigational	2
nct01156961	DB01229	single_arm_combination	1
nct01158417	DB02709	investigational	3
nct01158885	DB00987	single_arm_combination	1
nct01158885	DB00631	single_arm_combination	1
nct01159236	DB00997	backbone	3
nct01159236	DB00544	backbone	3
nct01159236	DB00531	backbone	3
nct01159236	DB01229	backbone	3
nct01159236	DB00445	backbone	3
nct01159301	DB00398	single_arm_combination	1
nct01159301	DB11841	single_arm_combination	1
nct01159327	DB00398	investigational	2
nct01160354	DB06809	single_arm_combination	1
nct01160354	DB00631	single_arm_combination	1
nct01160432	DB01183	backbone	2
nct01160432	DB00333	backbone	2
nct01160731	DB00773	single_arm_combination	1
nct01160731	DB06603	single_arm_combination	1
nct01160926	DB11689	investigational	2
nct01160926	DB04849	investigational	2
nct01161368	DB00361	investigational	1
nct01161368	DB01259	investigational	1
nct01162031	DB00188	investigational	0
nct01163084	DB00014	backbone	2
nct01163084	DB08828	investigational	2
nct01163786	DB00188	investigational	1
nct01163929	DB01590	investigational	1
nct01163929	DB01229	investigational	1
nct01163942	DB00091	unmatched	4
nct01164046	DB00682	head_to_head	2
nct01164540	DB01098	investigational	2
nct01165931	DB08931	investigational	1
nct01166126	DB06287	single_arm_combination	1
nct01166126	DB11689	single_arm_combination	1
nct01166178	DB00399	investigational	2
nct01167725	DB00762	backbone	2
nct01167725	DB00544	backbone	2
nct01167725	DB01101	backbone	2
nct01167725	DB00305	investigational	2
nct01167725	DB00650	backbone	2
nct01167738	DB01101	backbone	2
nct01167738	DB00441	backbone	2
nct01167738	DB00445	backbone	2
nct01167738	DB00331	investigational	2
nct01167816	DB00441	unmatched	1
nct01167816	DB00928	investigational	1
nct01168908	DB00203	backbone	2
nct01169415	DB14649	backbone	2
nct01169870	DB01229	backbone	2
nct01170052	DB06287	no_arm_data	0
nct01170052	DB06769	no_arm_data	0
nct01170325	DB00313	investigational	2
nct01170364	DB01105	backbone	2
nct01170442	DB00169	investigational	3
nct01170468	DB00169	investigational	2
nct01170650	DB05168	investigational	2
nct01170650	DB00997	backbone	2
nct01170949	DB09031	investigational	2
nct01171456	DB00331	investigational	2
nct01171482	DB00398	comparator	2
nct01171482	DB00305	investigational	2
nct01171482	DB00544	investigational	2
nct01171755	DB00441	investigational	1
nct01171755	DB09256	unmatched	1
nct01172509	DB00181	backbone	5
nct01172756	DB08931	investigational	4
nct01173510	DB06817	investigational	2
nct01173510	DB00300	described_only	2
nct01173510	DB12753	described_only	2
nct01173510	DB00879	described_only	2
nct01173679	DB01073	single_arm_combination	1
nct01173679	DB01254	single_arm_combination	1
nct01174199	DB06287	single_arm_combination	1
nct01174199	DB02546	single_arm_combination	1
nct01175330	DB00159	investigational	2
nct01175330	DB03756	unmatched	2
nct01175616	DB00148	investigational	1
nct01175772	DB00482	investigational	1
nct01175772	DB00531	investigational	1
nct01175772	DB00563	investigational	1
nct01176513	DB13146	investigational	1
nct01176565	DB00622	backbone	2
nct01177501	DB01030	investigational	1
nct01177540	DB01262	backbone	2
nct01177683	DB00188	single_arm_combination	1
nct01177683	DB00997	single_arm_combination	1
nct01177683	DB06769	single_arm_combination	1
nct01177852	DB01075	investigational	2
nct01177852	DB00852	backbone	2
nct01178047	DB01367	backbone	2
nct01178151	DB01590	investigational	1
nct01179100	DB00281	backbone	2
nct01179269	DB01229	investigational	1
nct01179269	DB06589	investigational	1
nct01179490	DB00860	single_arm_combination	1
nct01179490	DB06769	single_arm_combination	1
nct01179594	DB00442	investigational	4
nct01179737	DB04868	investigational	2
nct01180062	DB00654	backbone	3
nct01180569	DB00480	investigational	1
nct01181921	DB00674	investigational	1
nct01182350	DB00853	investigational	4
nct01182350	DB00530	investigational	4
nct01182675	DB06809	backbone	2
nct01183442	DB00153	backbone	2
nct01183884	DB00982	investigational	1
nct01184144	DB01132	investigational	2
nct01184443	DB00334	investigational	2
nct01184911	DB01299	investigational	1
nct01184911	DB00205	investigational	1
nct01185366	DB01590	investigational	2
nct01185366	DB01268	comparator	2
nct01185509	DB00361	backbone	2
nct01185548	DB01124	single_arm_combination	1
nct01185808	DB00169	backbone	2
nct01186328	DB00997	single_arm_combination	1
nct01186328	DB00563	single_arm_combination	1
nct01186328	DB00741	single_arm_combination	1
nct01186328	DB00987	single_arm_combination	1
nct01186328	DB00635	single_arm_combination	1
nct01186406	DB00262	single_arm_combination	1
nct01186406	DB00853	single_arm_combination	1
nct01186458	DB00188	single_arm_combination	1
nct01186458	DB01073	single_arm_combination	1
nct01187446	DB02546	investigational	2
nct01187615	DB00642	backbone	2
nct01187615	DB08896	backbone	2
nct01187810	DB05076	single_arm_combination	1
nct01187810	DB00563	single_arm_combination	1
nct01187810	DB00987	single_arm_combination	1
nct01187888	DB01367	investigational	2
nct01188109	DB00441	single_arm_combination	1
nct01188408	DB01248	investigational	1
nct01188486	DB01249	single_arm_combination	1
nct01188486	DB01362	single_arm_combination	1
nct01188707	DB05015	investigational	1
nct01188707	DB00530	investigational	1
nct01188889	DB01590	no_arm_data	0
nct01188889	DB00619	no_arm_data	0
nct01189253	DB05109	investigational	3
nct01189318	DB01224	investigational	2
nct01189435	DB00530	investigational	1
nct01190306	DB00140	backbone	2
nct01191034	DB00724	investigational	0
nct01192503	DB01367	investigational	2
nct01193166	DB00850	comparator	8
nct01193166	DB01267	mixed	8
nct01193166	DB01224	comparator	8
nct01193166	DB00502	unmatched	8
nct01193166	DB00734	comparator	8
nct01193166	DB01238	comparator	8
nct01193166	DB00334	comparator	8
nct01193400	DB00987	single_arm_combination	1
nct01193400	DB00631	single_arm_combination	1
nct01193881	DB00530	single_arm_combination	1
nct01194427	DB02546	investigational	1
nct01194427	DB00675	investigational	1
nct01194856	DB00503	investigational	2
nct01194856	DB01072	investigational	2
nct01194856	DB00625	comparator	2
nct01194869	DB00398	single_arm_combination	1
nct01194869	DB01229	single_arm_combination	1
nct01194908	DB00675	investigational	1
nct01194908	DB01262	investigational	1
nct01194908	DB06603	investigational	1
nct01194960	DB01248	backbone	2
nct01195428	DB00641	investigational	2
nct01195649	DB00398	investigational	1
nct01197664	DB00544	backbone	2
nct01197664	DB00910	investigational	2
nct01198002	DB00563	backbone	3
nct01198054	DB00480	investigational	1
nct01198067	DB08910	investigational	1
nct01198158	DB01590	backbone	2
nct01198522	DB00441	investigational	1
nct01198548	DB00169	single_arm_combination	1
nct01198548	DB00650	single_arm_combination	1
nct01198548	DB00544	single_arm_combination	1
nct01198873	DB04855	investigational	2
nct01199367	DB01006	investigational	1
nct01199367	DB01259	investigational	1
nct01199497	DB00852	described_only	2
nct01199497	DB01075	described_only	2
nct01200004	DB00480	backbone	4
nct01200004	DB00928	investigational	4
nct01200212	DB01101	investigational	2
nct01200212	DB01229	described_only	2
nct01200264	DB05676	investigational	1
nct01200342	DB01229	single_arm_combination	1
nct01200407	DB00381	investigational	1
nct01200810	DB01128	backbone	2
nct01201538	DB04868	investigational	1
nct01202110	DB00571	investigational	2
nct01202513	DB00905	investigational	1
nct01202890	DB00997	single_arm_combination	1
nct01202890	DB00480	single_arm_combination	1
nct01203371	DB00706	comparator	2
nct01203371	DB12092	investigational	2
nct01203930	DB09054	single_arm_combination	1
nct01204138	DB05676	investigational	2
nct01204216	DB00121	backbone	2
nct01204450	DB06287	single_arm_combination	1
nct01204450	DB00313	single_arm_combination	1
nct01204502	DB04485	unmatched	1
nct01204853	DB06268	investigational	1
nct01205217	DB01259	investigational	2
nct01205685	DB01006	single_arm_combination	1
nct01205685	DB00014	single_arm_combination	1
nct01205685	DB06075	single_arm_combination	1
nct01205685	DB00530	single_arm_combination	1
nct01205828	DB07232	single_arm_combination	1
nct01205828	DB00853	single_arm_combination	1
nct01206296	DB00441	investigational	1
nct01206439	DB04861	investigational	1
nct01207102	DB01229	single_arm_combination	1
nct01207622	DB00289	investigational	2
nct01207726	DB11841	investigational	2
nct01207726	DB00928	investigational	2
nct01208064	DB06589	investigational	2
nct01208441	DB01006	single_arm_combination	1
nct01209715	DB00938	backbone	2
nct01209715	DB13867	backbone	2
nct01209832	DB00683	single_arm_combination	1
nct01210131	DB00773	unmatched	1
nct01210365	DB00695	comparator	2
nct01210365	DB00594	described_only	2
nct01210378	DB00727	investigational	1
nct01210443	DB06268	investigational	1
nct01210521	DB00169	investigational	2
nct01210677	DB00635	backbone	2
nct01211314	DB00584	investigational	1
nct01211314	DB00528	investigational	1
nct01211665	DB00860	backbone	2
nct01211665	DB00959	backbone	2
nct01212627	DB06233	investigational	1
nct01212887	DB00531	no_arm_data	0
nct01212965	DB11135	investigational	0
nct01213394	DB00688	investigational	2
nct01213563	DB00331	described_only	2
nct01213888	DB06824	investigational	2
nct01214057	DB00818	investigational	2
nct01214057	DB00899	backbone	2
nct01214291	DB00539	investigational	0
nct01215019	DB09153	head_to_head	2
nct01215019	DB00742	head_to_head	2
nct01215032	DB00331	investigational	1
nct01215136	DB01590	backbone	2
nct01215136	DB01229	head_to_head	2
nct01215266	DB00398	investigational	2
nct01215409	DB00862	investigational	1
nct01215565	DB01268	investigational	1
nct01215578	DB01268	investigational	1
nct01216449	DB00215	investigational	2
nct01216657	DB01268	investigational	1
nct01217099	DB00207	comparator	2
nct01217099	DB00959	comparator	2
nct01218009	DB01001	backbone	2
nct01218867	DB01073	backbone	11
nct01218867	DB00531	backbone	11
nct01219049	DB00135	investigational	3
nct01219673	DB01017	investigational	8
nct01219673	DB06413	investigational	8
nct01219673	DB01156	investigational	8
nct01219686	DB01175	backbone	3
nct01219686	DB00960	investigational	3
nct01219907	DB00531	single_arm_combination	1
nct01220128	DB00997	mixed	7
nct01220128	DB00544	mixed	7
nct01220128	DB00531	mixed	7
nct01220128	DB01229	mixed	7
nct01220128	DB00445	mixed	7
nct01220128	DB01248	mixed	7
nct01220258	DB00207	investigational	1
nct01220297	DB00877	backbone	2
nct01220297	DB00688	backbone	2
nct01221753	DB00544	single_arm_combination	1
nct01221753	DB01248	single_arm_combination	1
nct01222013	DB00619	investigational	1
nct01222143	DB00987	single_arm_combination	1
nct01222143	DB00773	described_only	1
nct01222143	DB04868	single_arm_combination	1
nct01222143	DB01204	described_only	1
nct01222195	DB00480	single_arm_combination	1
nct01222572	DB00773	backbone	3
nct01222871	DB00620	investigational	2
nct01223001	DB00476	investigational	2
nct01223755	DB00877	investigational	2
nct01224795	DB06614	investigational	2
nct01224964	DB00471	head_to_head	2
nct01225016	DB00556	investigational	0
nct01225172	DB01006	investigational	2
nct01225705	DB01072	comparator	2
nct01225705	DB12753	described_only	2
nct01225705	DB00503	comparator	2
nct01225705	DB14126	described_only	2
nct01225705	DB06817	investigational	2
nct01225705	DB00879	described_only	2
nct01226823	DB01586	investigational	2
nct01227408	DB01101	investigational	1
nct01227408	DB00563	investigational	1
nct01227408	DB00997	investigational	1
nct01227408	DB00531	investigational	1
nct01227434	DB09073	backbone	2
nct01227941	DB00997	backbone	2
nct01227941	DB11793	backbone	2
nct01228656	DB14512	backbone	2
nct01228656	DB00936	investigational	2
nct01228994	DB00181	investigational	3
nct01229605	DB01248	investigational	1
nct01229605	DB00531	investigational	1
nct01229644	DB11832	backbone	3
nct01230307	DB00169	investigational	2
nct01230788	DB00773	unmatched	1
nct01230788	DB01181	unmatched	1
nct01230788	DB00635	unmatched	1
nct01230970	DB02292	investigational	1
nct01231451	DB00503	unmatched	1
nct01231451	DB00603	investigational	1
nct01231451	DB01601	unmatched	1
nct01231555	DB00625	comparator	3
nct01232400	DB00187	investigational	2
nct01233492	DB00120	no_arm_data	0
nct01233492	DB00742	no_arm_data	0
nct01233635	DB00678	investigational	3
nct01233947	DB00947	investigational	2
nct01234298	DB01255	investigational	3
nct01234519	DB12755	backbone	5
nct01234532	DB11841	single_arm_combination	1
nct01234532	DB01217	single_arm_combination	1
nct01234883	DB09153	comparator	2
nct01234922	DB00678	investigational	4
nct01234922	DB00178	investigational	4
nct01234922	DB00542	investigational	4
nct01234922	DB00722	investigational	4
nct01234974	DB01590	single_arm_combination	1
nct01234974	DB06663	single_arm_combination	1
nct01235741	DB01278	investigational	2
nct01235793	DB00853	investigational	1
nct01235910	DB09026	investigational	1
nct01236456	DB00531	investigational	0
nct01236573	DB01073	backbone	11
nct01236573	DB00531	backbone	11
nct01236586	DB01234	no_arm_data	0
nct01237041	DB00627	backbone	5
nct01237041	DB09055	unmatched	5
nct01237678	DB00773	comparator	2
nct01238029	DB00361	investigational	1
nct01238029	DB01101	investigational	1
nct01238029	DB01259	investigational	1
nct01238133	DB01229	single_arm_combination	1
nct01238146	DB12191	investigational	2
nct01238146	DB06769	backbone	2
nct01238224	DB00820	backbone	2
nct01238783	DB06802	investigational	4
nct01238783	DB00218	investigational	4
nct01238965	DB00650	single_arm_combination	1
nct01238965	DB00544	single_arm_combination	1
nct01238965	DB06603	single_arm_combination	1
nct01239173	DB00571	investigational	4
nct01239342	DB01590	investigational	2
nct01239368	DB00552	described_only	2
nct01239368	DB00877	backbone	2
nct01239368	DB00531	described_only	2
nct01239745	DB00990	investigational	1
nct01240304	DB00441	investigational	1
nct01240928	DB00014	single_arm_combination	1
nct01240928	DB00990	single_arm_combination	1
nct01240941	DB00014	single_arm_combination	1
nct01240941	DB00990	single_arm_combination	1
nct01241786	DB00480	single_arm_combination	1
nct01241786	DB00928	single_arm_combination	1
nct01242514	DB12010	backbone	3
nct01242579	DB08639	mixed	4
nct01242748	DB00014	comparator	2
nct01242748	DB06699	investigational	2
nct01243762	DB06233	investigational	7
nct01244009	DB11793	investigational	1
nct01244191	DB00530	backbone	2
nct01244191	DB12200	investigational	2
nct01244256	DB00257	backbone	2
nct01244269	DB00422	investigational	4
nct01244711	DB01224	investigational	1
nct01244724	DB01175	investigational	1
nct01245101	DB06817	backbone	2
nct01245582	DB00398	backbone	2
nct01245582	DB01101	investigational	2
nct01245660	DB01259	investigational	1
nct01245725	DB00775	investigational	2
nct01246752	DB00987	comparator	2
nct01247688	DB01073	single_arm_combination	1
nct01247688	DB00531	single_arm_combination	1
nct01247922	DB00530	investigational	1
nct01247961	DB01234	investigational	2
nct01248234	DB00818	head_to_head	3
nct01248234	DB00292	head_to_head	3
nct01248299	DB00544	investigational	2
nct01248299	DB01248	investigational	2
nct01249443	DB02546	single_arm_combination	1
nct01249443	DB01229	single_arm_combination	1
nct01250457	DB00373	investigational	1
nct01251354	DB02292	investigational	1
nct01251965	DB08877	backbone	3
nct01252238	DB00381	comparator	3
nct01252238	DB09026	mixed	3
nct01252238	DB00177	comparator	3
nct01252355	DB08880	investigational	3
nct01252758	DB01001	mixed	6
nct01253460	DB06365	single_arm_combination	1
nct01253460	DB00531	single_arm_combination	1
nct01253642	DB00780	single_arm_combination	1
nct01253642	DB01248	single_arm_combination	1
nct01254136	DB00361	single_arm_combination	1
nct01255683	DB00860	investigational	1
nct01255683	DB14669	investigational	1
nct01255683	DB01234	investigational	1
nct01255683	DB00620	investigational	1
nct01255683	DB00443	investigational	1
nct01255683	DB00959	investigational	1
nct01255683	DB00635	investigational	1
nct01256580	DB01234	head_to_head	2
nct01256905	DB06413	investigational	1
nct01257412	DB06292	investigational	3
nct01257464	DB01261	investigational	2
nct01257893	DB00945	investigational	2
nct01258634	DB00380	single_arm_combination	1
nct01258634	DB00997	single_arm_combination	1
nct01258634	DB01181	single_arm_combination	1
nct01258634	DB09110	single_arm_combination	1
nct01258634	DB00773	single_arm_combination	1
nct01258868	DB00482	single_arm_combination	1
nct01259284	DB01076	investigational	3
nct01260103	DB00853	comparator	2
nct01260467	DB01043	investigational	1
nct01260649	DB01221	investigational	2
nct01260714	DB00773	single_arm_combination	1
nct01260714	DB01204	single_arm_combination	1
nct01260714	DB00928	single_arm_combination	1
nct01260857	DB00774	investigational	0
nct01260857	DB00421	unmatched	0
nct01261377	DB09140	unmatched	3
nct01261624	DB12645	backbone	2
nct01262183	DB00544	described_only	2
nct01262274	DB09256	investigational	2
nct01262274	DB01217	backbone	2
nct01262612	DB04849	backbone	2
nct01262729	DB13453	investigational	2
nct01263366	DB00368	investigational	1
nct01264081	DB01259	investigational	1
nct01264341	DB06287	single_arm_combination	1
nct01264770	DB12010	backbone	5
nct01264861	DB06654	investigational	1
nct01264874	DB00169	investigational	2
nct01264965	DB00316	head_to_head	2
nct01264965	DB00497	head_to_head	2
nct01265017	DB00603	investigational	2
nct01265017	DB00783	investigational	2
nct01265017	DB00741	investigational	2
nct01265199	DB00987	investigational	0
nct01265199	DB00694	investigational	0
nct01266291	DB01080	investigational	1
nct01266811	DB00188	backbone	2
nct01266811	DB01234	backbone	2
nct01267240	DB02546	single_arm_combination	1
nct01267240	DB01101	single_arm_combination	1
nct01267266	DB11805	investigational	2
nct01268059	DB01229	backbone	2
nct01268995	DB00091	backbone	2
nct01268995	DB00864	backbone	2
nct01269203	DB11672	investigational	2
nct01269658	DB00207	investigational	2
nct01270438	DB00650	backbone	2
nct01270438	DB00544	backbone	2
nct01270893	DB04868	backbone	2
nct01271010	DB01073	single_arm_combination	1
nct01271010	DB00531	single_arm_combination	1
nct01271114	DB09153	backbone	2
nct01271166	DB00619	investigational	1
nct01271166	DB00650	investigational	1
nct01271166	DB00544	investigational	1
nct01271283	DB00480	investigational	1
nct01271907	DB01073	backbone	3
nct01271907	DB00531	backbone	3
nct01272141	DB01590	investigational	1
nct01272141	DB01259	investigational	1
nct01272388	DB00820	investigational	2
nct01272609	DB00373	investigational	2
nct01273064	DB00811	backbone	4
nct01273064	DB08490	investigational	4
nct01273181	DB01073	backbone	4
nct01273181	DB00531	backbone	4
nct01274221	DB01255	investigational	2
nct01275248	DB00904	investigational	3
nct01275339	DB00820	investigational	4
nct01275352	DB00700	investigational	4
nct01276054	DB09374	backbone	2
nct01276054	DB08167	backbone	2
nct01276093	DB01118	comparator	2
nct01276613	DB00678	investigational	2
nct01276613	DB00441	backbone	2
nct01276834	DB01590	backbone	2
nct01277289	DB01234	backbone	2
nct01277510	DB01012	investigational	2
nct01278615	DB11689	investigational	1
nct01278758	DB06235	investigational	1
nct01278849	DB06235	investigational	1
nct01279616	DB01008	single_arm_combination	1
nct01279616	DB00864	single_arm_combination	1
nct01279616	DB00531	single_arm_combination	1
nct01279616	DB00688	single_arm_combination	1
nct01279616	DB01073	single_arm_combination	1
nct01279681	DB01101	backbone	2
nct01279681	DB00544	backbone	2
nct01280565	DB11526	investigational	2
nct01280565	DB00851	comparator	2
nct01280643	DB01101	backbone	9
nct01280643	DB00650	investigational	9
nct01280643	DB00544	backbone	9
nct01280643	DB00762	investigational	9
nct01280669	DB00877	investigational	2
nct01281163	DB01259	single_arm_combination	1
nct01281254	DB00997	described_only	2
nct01281748	DB00959	investigational	2
nct01281943	DB06287	investigational	1
nct01281943	DB00997	investigational	1
nct01281956	DB05562	backbone	2
nct01282047	DB00480	investigational	1
nct01282333	DB07232	single_arm_combination	1
nct01282333	DB00441	single_arm_combination	1
nct01282476	DB06603	investigational	1
nct01283386	DB01073	investigational	2
nct01283386	DB00531	investigational	2
nct01283386	DB00291	comparator	2
nct01284166	DB00869	investigational	1
nct01284166	DB00373	investigational	1
nct01284166	DB00484	investigational	1
nct01284504	DB00482	investigational	2
nct01285102	DB00762	investigational	1
nct01285310	DB05676	investigational	3
nct01285557	DB09257	backbone	2
nct01285557	DB09256	backbone	2
nct01285557	DB00544	comparator	2
nct01285557	DB03209	backbone	2
nct01285635	DB09401	investigational	3
nct01285635	DB01248	backbone	3
nct01285934	DB00531	unmatched	2
nct01286038	DB06210	investigational	1
nct01286844	DB06346	backbone	2
nct01287221	DB01045	investigational	2
nct01287338	DB00768	backbone	2
nct01287741	DB00531	backbone	2
nct01287741	DB00997	backbone	2
nct01287741	DB00635	backbone	2
nct01288092	DB11651	investigational	1
nct01289223	DB06769	investigational	2
nct01290146	DB00922	investigational	2
nct01290406	DB11651	investigational	1
nct01290601	DB00608	comparator	4
nct01290601	DB06608	investigational	4
nct01290601	DB01087	comparator	4
nct01290718	DB01101	single_arm_combination	1
nct01292083	DB00928	single_arm_combination	1
nct01293123	DB06817	investigational	2
nct01293123	DB00625	comparator	2
nct01293539	DB01042	investigational	1
nct01293942	DB01101	investigational	1
nct01293942	DB00762	investigational	1
nct01295073	DB06824	investigational	2
nct01295099	DB00620	head_to_head	3
nct01295099	DB00544	head_to_head	3
nct01296035	DB00441	described_only	1
nct01296555	DB01006	investigational	6
nct01296555	DB12108	backbone	6
nct01296555	DB00947	investigational	6
nct01296659	DB06233	backbone	2
nct01296971	DB00811	backbone	3
nct01299220	DB00459	investigational	0
nct01300793	DB00188	investigational	0
nct01300793	DB01181	investigational	0
nct01300793	DB00773	investigational	0
nct01301040	DB00445	backbone	2
nct01301040	DB01248	backbone	2
nct01301040	DB00531	backbone	2
nct01301313	DB00922	investigational	2
nct01301963	DB06809	investigational	2
nct01302002	DB00331	investigational	1
nct01302106	DB00987	investigational	1
nct01302106	DB00631	investigational	1
nct01302236	DB00700	investigational	1
nct01302444	DB00820	investigational	2
nct01302444	DB00374	described_only	2
nct01302613	DB01101	single_arm_combination	1
nct01302613	DB00650	single_arm_combination	1
nct01302613	DB00544	single_arm_combination	1
nct01302743	DB00331	comparator	3
nct01302938	DB01036	investigational	2
nct01303679	DB00990	investigational	2
nct01303965	DB00877	single_arm_combination	1
nct01303965	DB00480	single_arm_combination	1
nct01305239	DB00990	investigational	1
nct01305395	DB00877	backbone	5
nct01307605	DB00480	head_to_head	2
nct01307956	DB00650	single_arm_combination	1
nct01307956	DB00544	single_arm_combination	1
nct01308203	DB00627	investigational	2
nct01309074	DB01104	comparator	2
nct01309074	DB00230	investigational	2
nct01309412	DB00188	unmatched	1
nct01309412	DB01234	unmatched	1
nct01309581	DB01221	investigational	2
nct01310738	DB00681	investigational	4
nct01310803	DB00385	investigational	2
nct01310855	DB00317	investigational	2
nct01310855	DB04849	backbone	2
nct01312376	DB01073	no_arm_data	0
nct01312376	DB00531	no_arm_data	0
nct01312376	DB00945	unmatched	0
nct01312818	DB02546	single_arm_combination	1
nct01312818	DB00188	single_arm_combination	1
nct01312818	DB01234	single_arm_combination	1
nct01312844	DB00747	backbone	2
nct01313390	DB01590	no_arm_data	0
nct01313390	DB01248	no_arm_data	0
nct01313416	DB00441	single_arm_combination	1
nct01313429	DB00482	single_arm_combination	1
nct01313429	DB00531	single_arm_combination	1
nct01313559	DB06663	backbone	2
nct01313559	DB01590	investigational	2
nct01313611	DB06769	investigational	1
nct01313663	DB06589	investigational	2
nct01313663	DB00642	comparator	2
nct01313884	DB00853	single_arm_combination	1
nct01313884	DB00997	single_arm_combination	1
nct01313884	DB00531	single_arm_combination	1
nct01313884	DB00762	single_arm_combination	1
nct01313923	DB00877	investigational	1
nct01314027	DB00441	backbone	2
nct01314417	DB00563	investigational	1
nct01315574	DB00287	head_to_head	2
nct01315574	DB00654	backbone	2
nct01315691	DB00479	investigational	2
nct01315873	DB00188	single_arm_combination	1
nct01315873	DB06769	single_arm_combination	1
nct01316445	DB00683	investigational	1
nct01316770	DB09153	described_only	2
nct01316770	DB01234	investigational	2
nct01316939	DB15250	investigational	3
nct01317433	DB00254	investigational	2
nct01317472	DB05351	investigational	2
nct01317849	DB00165	investigational	2
nct01317849	DB00158	investigational	2
nct01318161	DB00295	comparator	2
nct01318161	DB00296	investigational	2
nct01318590	DB00297	investigational	2
nct01318590	DB00281	described_only	2
nct01318642	DB00441	backbone	2
nct01318993	DB15250	investigational	1
nct01319045	DB01088	investigational	1
nct01319838	DB00982	investigational	1
nct01320280	DB08916	investigational	1
nct01320501	DB00530	investigational	1
nct01320683	DB00650	single_arm_combination	1
nct01320683	DB00544	single_arm_combination	1
nct01320683	DB00762	single_arm_combination	1
nct01322971	DB00916	investigational	2
nct01323582	DB00199	comparator	2
nct01323582	DB00207	investigational	2
nct01324141	DB00305	single_arm_combination	1
nct01324141	DB00544	single_arm_combination	1
nct01324635	DB06603	backbone	2
nct01324960	DB05381	investigational	2
nct01324960	DB00928	backbone	2
nct01326117	DB00820	investigational	1
nct01326364	DB01249	no_arm_data	0
nct01326364	DB01362	no_arm_data	0
nct01326468	DB06287	backbone	2
nct01326676	DB00945	described_only	2
nct01326845	DB01609	backbone	2
nct01326923	DB01229	unmatched	1
nct01327521	DB00997	no_arm_data	0
nct01327521	DB00544	no_arm_data	0
nct01327521	DB00441	no_arm_data	0
nct01327521	DB00305	no_arm_data	0
nct01327521	DB00445	no_arm_data	0
nct01327625	DB00860	investigational	1
nct01327625	DB14669	investigational	1
nct01327625	DB00207	investigational	1
nct01327625	DB00620	investigational	1
nct01327625	DB00443	investigational	1
nct01327625	DB00959	investigational	1
nct01327625	DB00635	investigational	1
nct01327625	DB01234	investigational	1
nct01328002	DB04896	investigational	2
nct01328093	DB01238	comparator	2
nct01328106	DB08911	investigational	1
nct01328392	DB05351	investigational	0
nct01329289	DB06663	single_arm_combination	1
nct01329289	DB00188	single_arm_combination	1
nct01329289	DB01234	single_arm_combination	1
nct01329549	DB09079	backbone	3
nct01329549	DB00997	unmatched	3
nct01329627	DB01229	investigational	1
nct01329627	DB00997	investigational	1
nct01329627	DB00531	investigational	1
nct01330355	DB06771	investigational	2
nct01330355	DB01044	comparator	2
nct01331018	DB06809	single_arm_combination	1
nct01331109	DB04896	investigational	1
nct01331785	DB00211	investigational	1
nct01331824	DB06263	investigational	1
nct01332279	DB01590	single_arm_combination	1
nct01332279	DB00530	single_arm_combination	1
nct01332331	DB06403	backbone	2
nct01332552	DB00503	backbone	3
nct01332617	DB00188	investigational	1
nct01332617	DB00641	investigational	1
nct01332617	DB06769	investigational	1
nct01332617	DB00959	investigational	1
nct01332617	DB00399	investigational	1
nct01332799	DB00437	described_only	2
nct01333137	DB00441	backbone	2
nct01333423	DB06195	single_arm_combination	1
nct01333423	DB00997	single_arm_combination	1
nct01333449	DB01262	investigational	1
nct01333488	DB00653	investigational	3
nct01333852	DB01229	backbone	2
nct01333852	DB00331	investigational	2
nct01333891	DB00388	backbone	3
nct01334203	DB00243	backbone	2
nct01334710	DB00398	investigational	1
nct01334710	DB06075	investigational	1
nct01334892	DB00091	backbone	2
nct01335074	DB06287	investigational	1
nct01335074	DB00398	investigational	1
nct01335204	DB06772	investigational	1
nct01335867	DB01080	investigational	2
nct01336530	DB12532	mixed	4
nct01336530	DB09104	investigational	4
nct01336530	DB06723	comparator	4
nct01336543	DB00441	investigational	1
nct01336543	DB00642	investigational	1
nct01336985	DB00762	investigational	0
nct01337154	DB04942	investigational	2
nct01337323	DB08906	investigational	1
nct01337349	DB00806	investigational	2
nct01337492	DB00398	investigational	1
nct01337570	DB08639	investigational	2
nct01337583	DB08639	investigational	2
nct01337635	DB00153	backbone	2
nct01338025	DB00709	head_to_head	2
nct01338025	DB12753	head_to_head	2
nct01338025	DB00879	head_to_head	2
nct01338857	DB00398	investigational	1
nct01339026	DB00758	head_to_head	2
nct01339026	DB06209	head_to_head	2
nct01339039	DB06809	backbone	3
nct01339910	DB01042	investigational	2
nct01339910	DB01073	backbone	2
nct01339910	DB01008	backbone	2
nct01339910	DB00531	comparator	2
nct01340573	DB00811	backbone	2
nct01340794	DB06589	investigational	1
nct01341106	DB00442	investigational	1
nct01341379	DB06775	investigational	1
nct01341496	DB00482	single_arm_combination	1
nct01341496	DB00531	single_arm_combination	1
nct01341730	DB01076	backbone	2
nct01341730	DB01132	investigational	2
nct01342172	DB00441	described_only	1
nct01342172	DB00480	investigational	1
nct01342328	DB00818	investigational	3
nct01342328	DB00633	investigational	3
nct01342627	DB00398	investigational	1
nct01342770	DB01132	investigational	1
nct01342887	DB00091	single_arm_combination	1
nct01342887	DB00773	single_arm_combination	1
nct01342887	DB01204	single_arm_combination	1
nct01342887	DB00175	single_arm_combination	1
nct01343329	DB00571	comparator	2
nct01343329	DB00187	investigational	2
nct01343628	DB00289	investigational	2
nct01344252	DB00281	backbone	2
nct01345136	DB01590	investigational	1
nct01345669	DB08916	investigational	2
nct01345864	DB00843	investigational	1
nct01346059	DB00512	investigational	2
nct01346930	DB08932	investigational	1
nct01347645	DB00762	head_to_head	2
nct01347866	DB00762	investigational	2
nct01347866	DB07101	investigational	2
nct01348126	DB01248	backbone	2
nct01348503	DB00398	single_arm_combination	1
nct01348503	DB00480	single_arm_combination	1
nct01349036	DB12978	backbone	2
nct01349088	DB01101	single_arm_combination	1
nct01349088	DB05575	single_arm_combination	1
nct01349088	DB04845	single_arm_combination	1
nct01349114	DB09026	investigational	2
nct01349192	DB01045	investigational	2
nct01349192	DB00878	investigational	2
nct01349192	DB00410	investigational	2
nct01349192	DB01017	investigational	2
nct01349192	DB01015	investigational	2
nct01349192	DB00440	investigational	2
nct01349491	DB00243	investigational	2
nct01349556	DB00755	investigational	1
nct01349673	DB01222	investigational	1
nct01350232	DB00987	single_arm_combination	1
nct01350232	DB00188	single_arm_combination	1
nct01350232	DB01073	single_arm_combination	1
nct01350232	DB00531	single_arm_combination	1
nct01350258	DB01042	single_arm_combination	1
nct01350258	DB04572	single_arm_combination	1
nct01350258	DB01073	single_arm_combination	1
nct01351038	DB01101	investigational	1
nct01351038	DB00445	investigational	1
nct01351168	DB01235	comparator	4
nct01351168	DB00425	investigational	4
nct01351519	DB00855	investigational	1
nct01351753	DB01083	investigational	6
nct01351753	DB00331	mixed	6
nct01351753	DB00273	investigational	6
nct01351792	DB00394	investigational	2
nct01351792	DB01222	comparator	2
nct01352026	DB00331	investigational	1
nct01352312	DB00552	single_arm_combination	1
nct01352312	DB06769	single_arm_combination	1
nct01352416	DB00243	investigational	4
nct01352611	DB00181	investigational	1
nct01352702	DB00946	comparator	2
nct01352702	DB14726	investigational	2
nct01353794	DB00398	investigational	1
nct01353937	DB06809	investigational	3
nct01353963	DB06700	investigational	1
nct01354652	DB00709	mixed	3
nct01354652	DB00442	mixed	3
nct01355302	DB01101	backbone	2
nct01355302	DB01053	unmatched	2
nct01355523	DB01065	investigational	2
nct01355809	DB09140	unmatched	3
nct01355809	DB09152	comparator	3
nct01355874	DB11686	investigational	3
nct01356303	DB01248	investigational	1
nct01356368	DB00441	investigational	1
nct01356368	DB01248	investigational	1
nct01356368	DB00642	investigational	1
nct01357148	DB01261	investigational	1
nct01357148	DB00331	investigational	1
nct01357655	DB01254	backbone	2
nct01357863	DB01101	described_only	2
nct01357863	DB01259	described_only	2
nct01359007	DB00650	investigational	1
nct01359007	DB00544	investigational	1
nct01359007	DB00762	investigational	1
nct01359228	DB01220	investigational	2
nct01359826	DB04896	backbone	2
nct01360450	DB00575	investigational	2
nct01360671	DB00203	investigational	1
nct01360827	DB00544	backbone	2
nct01361945	DB01006	described_only	1
nct01361945	DB01259	described_only	1
nct01362036	DB11720	investigational	1
nct01362205	DB00633	investigational	2
nct01362348	DB06589	investigational	1
nct01362686	DB00674	investigational	3
nct01362686	DB00989	investigational	3
nct01362686	DB00843	investigational	3
nct01363310	DB01175	head_to_head	2
nct01363310	DB01224	head_to_head	2
nct01363557	DB00317	investigational	2
nct01364220	DB01098	investigational	2
nct01364259	DB01143	investigational	2
nct01364389	DB00635	comparator	3
nct01365468	DB01590	investigational	1
nct01365910	DB06080	investigational	1
nct01366612	DB01073	backbone	2
nct01366612	DB01008	backbone	2
nct01367210	DB01264	investigational	2
nct01367275	DB00762	single_arm_combination	1
nct01367301	DB01229	single_arm_combination	1
nct01367990	DB00368	investigational	1
nct01368003	DB01126	investigational	2
nct01368068	DB09070	investigational	3
nct01368068	DB01175	comparator	3
nct01368263	DB01006	backbone	3
nct01368263	DB00014	backbone	3
nct01368263	DB01217	backbone	3
nct01368536	DB00381	comparator	3
nct01368536	DB00310	comparator	3
nct01368536	DB09026	described_only	3
nct01368536	DB00177	described_only	3
nct01368887	DB02300	comparator	4
nct01368887	DB02701	comparator	4
nct01369199	DB00442	investigational	1
nct01369875	DB01073	backbone	2
nct01369875	DB00531	backbone	2
nct01370096	DB01240	no_arm_data	0
nct01370486	DB01065	investigational	2
nct01370694	DB00860	single_arm_combination	1
nct01370694	DB00531	single_arm_combination	1
nct01370876	DB00544	described_only	1
nct01371110	DB01221	investigational	2
nct01372202	DB01229	head_to_head	3
nct01372202	DB00544	head_to_head	3
nct01372618	DB06663	investigational	1
nct01372813	DB05294	investigational	1
nct01373463	DB00642	backbone	2
nct01373528	DB01222	investigational	1
nct01373970	DB00213	investigational	2
nct01374087	DB06825	investigational	2
nct01374217	DB00820	single_arm_combination	1
nct01374217	DB00480	single_arm_combination	1
nct01374217	DB01234	single_arm_combination	1
nct01374451	DB01590	backbone	2
nct01374451	DB06663	investigational	2
nct01374568	DB01261	investigational	2
nct01374633	DB01236	investigational	1
nct01374789	DB00441	backbone	2
nct01375335	DB00841	investigational	1
nct01375361	DB01001	investigational	2
nct01375556	DB00898	unmatched	0
nct01375816	DB00650	backbone	2
nct01375816	DB00544	backbone	2
nct01375816	DB00762	backbone	2
nct01377103	DB00624	investigational	2
nct01377376	DB00530	backbone	2
nct01377376	DB12200	investigational	2
nct01377389	DB00014	single_arm_combination	1
nct01377389	DB06699	single_arm_combination	1
nct01377428	DB00983	comparator	2
nct01377428	DB05039	investigational	2
nct01377961	DB01645	backbone	2
nct01378481	DB02546	investigational	1
nct01378754	DB06716	backbone	3
nct01378884	DB01184	investigational	1
nct01379196	DB00207	investigational	1
nct01379274	DB00480	investigational	1
nct01379274	DB00928	investigational	1
nct01379521	DB01590	investigational	2
nct01379976	DB08842	investigational	2
nct01380301	DB09031	backbone	2
nct01381211	DB00997	described_only	2
nct01381549	DB01597	comparator	3
nct01381549	DB01598	comparator	3
nct01381549	DB11744	investigational	3
nct01381666	DB09153	comparator	2
nct01381666	DB04005	investigational	2
nct01382706	DB01259	single_arm_combination	1
nct01382706	DB01248	single_arm_combination	1
nct01383044	DB01136	backbone	2
nct01383447	DB00619	single_arm_combination	1
nct01383447	DB11841	single_arm_combination	1
nct01383668	DB00877	single_arm_combination	1
nct01384292	DB09049	investigational	3
nct01384383	DB00811	described_only	2
nct01384383	DB12037	investigational	2
nct01384383	DB09027	investigational	2
nct01384747	DB09279	investigational	2
nct01385527	DB00620	backbone	2
nct01386255	DB00181	investigational	2
nct01386398	DB02546	no_arm_data	0
nct01386398	DB00188	no_arm_data	0
nct01386723	DB06210	investigational	1
nct01387958	DB12866	investigational	2
nct01388647	DB08871	single_arm_combination	1
nct01389076	DB00563	single_arm_combination	1
nct01389856	DB00559	investigational	2
nct01390181	DB00678	investigational	1
nct01390324	DB00952	mixed	3
nct01390324	DB00788	mixed	3
nct01390584	DB00997	backbone	2
nct01390584	DB00851	backbone	2
nct01390584	DB00570	backbone	2
nct01390584	DB00773	investigational	2
nct01390584	DB00531	investigational	2
nct01390584	DB01168	investigational	2
nct01390584	DB00635	investigational	2
nct01391039	DB00556	investigational	1
nct01391130	DB01268	backbone	2
nct01391377	DB00627	investigational	2
nct01391611	DB06589	investigational	1
nct01392170	DB00619	unmatched	1
nct01392170	DB01254	unmatched	1
nct01392170	DB04868	unmatched	1
nct01392352	DB06589	investigational	1
nct01392495	DB00619	investigational	1
nct01393145	DB00938	comparator	2
nct01393145	DB13867	backbone	2
nct01393145	DB00983	investigational	2
nct01393769	DB01042	investigational	1
nct01394133	DB01072	investigational	1
nct01394133	DB12753	investigational	1
nct01394133	DB00503	investigational	1
nct01394133	DB14126	investigational	1
nct01394133	DB00879	investigational	1
nct01394211	DB06589	single_arm_combination	1
nct01394211	DB01217	single_arm_combination	1
nct01394926	DB00556	investigational	1
nct01395394	DB00360	investigational	3
nct01395537	DB01229	single_arm_combination	1
nct01395537	DB01259	single_arm_combination	1
nct01395797	DB01132	mixed	6
nct01395953	DB00490	investigational	2
nct01396278	DB00588	comparator	5
nct01396278	DB01410	unmatched	5
nct01397006	DB00230	backbone	2
nct01397149	DB06210	investigational	2
nct01397162	DB00588	comparator	5
nct01397162	DB01410	unmatched	5
nct01397201	DB00588	comparator	5
nct01397201	DB01410	unmatched	5
nct01397500	DB13946	head_to_head	3
nct01397552	DB01234	head_to_head	2
nct01397591	DB00188	single_arm_combination	1
nct01398852	DB00140	investigational	1
nct01400256	DB00177	investigational	0
nct01400308	DB00878	described_only	2
nct01400308	DB00410	comparator	2
nct01400451	DB08881	single_arm_combination	1
nct01400672	DB00724	single_arm_combination	1
nct01401322	DB00480	investigational	1
nct01402817	DB01268	investigational	1
nct01403246	DB00480	investigational	1
nct01403246	DB00291	investigational	1
nct01403285	DB00724	no_arm_data	0
nct01403285	DB00531	no_arm_data	0
nct01404117	DB06685	investigational	3
nct01404702	DB00399	single_arm_combination	1
nct01404767	DB00264	comparator	2
nct01404767	DB00187	investigational	2
nct01404832	DB00448	investigational	0
nct01405573	DB00398	investigational	2
nct01407562	DB01229	single_arm_combination	1
nct01407562	DB06589	single_arm_combination	1
nct01407679	DB00523	investigational	1
nct01408043	DB06809	single_arm_combination	1
nct01408043	DB00773	single_arm_combination	1
nct01408056	DB00373	investigational	2
nct01408095	DB00331	unmatched	2
nct01408160	DB00987	single_arm_combination	1
nct01408589	DB00289	backbone	4
nct01408641	DB00273	investigational	2
nct01408836	DB00959	comparator	2
nct01409031	DB00203	investigational	2
nct01409174	DB00853	single_arm_combination	1
nct01409408	DB00381	head_to_head	2
nct01409408	DB09026	head_to_head	2
nct01409811	DB00399	investigational	1
nct01410383	DB05035	investigational	3
nct01410695	DB11526	investigational	3
nct01410708	DB01254	investigational	0
nct01411098	DB00773	single_arm_combination	1
nct01411514	DB00635	investigational	2
nct01412437	DB00360	investigational	2
nct01412515	DB01590	investigational	1
nct01413087	DB00441	described_only	2
nct01413620	DB00163	investigational	2
nct01413711	DB01080	investigational	1
nct01413750	DB02546	investigational	2
nct01413750	DB01229	backbone	2
nct01413854	DB00586	investigational	2
nct01414166	DB00627	investigational	2
nct01415141	DB00811	backbone	2
nct01415141	DB05521	head_to_head	2
nct01415765	DB00773	no_arm_data	0
nct01415765	DB00635	no_arm_data	0
nct01415765	DB00997	no_arm_data	0
nct01415765	DB00531	no_arm_data	0
nct01415986	DB11630	investigational	1
nct01416220	DB00715	comparator	2
nct01416220	DB14509	investigational	2
nct01416558	DB01229	investigational	0
nct01416948	DB00674	comparator	3
nct01416948	DB00422	investigational	3
nct01417104	DB09026	investigational	2
nct01417364	DB13944	mixed	3
nct01418001	DB00441	investigational	1
nct01418001	DB01248	investigational	1
nct01418001	DB06589	investigational	1
nct01418651	DB04896	investigational	1
nct01418742	DB00199	unmatched	2
nct01418742	DB00254	investigational	2
nct01419548	DB07232	no_arm_data	0
nct01419548	DB01229	no_arm_data	0
nct01419795	DB00480	backbone	2
nct01420523	DB06817	investigational	1
nct01420666	DB00316	head_to_head	4
nct01420666	DB01050	head_to_head	4
nct01420679	DB06813	investigational	2
nct01420965	DB00531	investigational	3
nct01421927	DB00480	investigational	1
nct01422486	DB05460	investigational	1
nct01423240	DB08815	investigational	3
nct01423487	DB00331	investigational	2
nct01423539	DB12340	investigational	2
nct01423539	DB06769	backbone	2
nct01424033	DB06151	investigational	1
nct01425190	DB08873	backbone	3
nct01425216	DB00398	investigational	1
nct01425242	DB00381	comparator	2
nct01425242	DB09026	investigational	2
nct01425307	DB01005	investigational	2
nct01425320	DB00250	mixed	4
nct01425320	DB00210	mixed	4
nct01426113	DB00905	investigational	2
nct01426334	DB00091	single_arm_combination	1
nct01426334	DB01254	single_arm_combination	1
nct01426555	DB00399	investigational	2
nct01426724	DB00153	unmatched	0
nct01426971	DB00201	investigational	2
nct01426971	DB01050	backbone	2
nct01427205	DB06075	investigational	2
nct01428219	DB08875	investigational	1
nct01429168	DB01628	investigational	3
nct01430351	DB00853	backbone	8
nct01430351	DB00331	investigational	8
nct01430351	DB00358	investigational	8
nct01430351	DB01043	investigational	8
nct01430585	DB01006	mixed	3
nct01431794	DB00441	backbone	5
nct01431794	DB09143	mixed	5
nct01431794	DB01229	backbone	5
nct01432106	DB09026	backbone	2
nct01432106	DB00177	backbone	2
nct01432119	DB00530	investigational	2
nct01432171	DB06218	investigational	2
nct01433133	DB00811	unmatched	1
nct01433328	DB00281	investigational	2
nct01433432	DB01033	described_only	2
nct01433978	DB11995	mixed	3
nct01433978	DB06210	comparator	3
nct01433991	DB09078	investigational	5
nct01434459	DB00441	investigational	1
nct01434745	DB00641	investigational	2
nct01434849	DB00373	investigational	2
nct01434862	DB01278	backbone	3
nct01435902	DB00588	backbone	2
nct01435902	DB08906	head_to_head	2
nct01435902	DB09082	head_to_head	2
nct01436084	DB11697	investigational	1
nct01436175	DB01255	investigational	1
nct01436643	DB08868	backbone	3
nct01436643	DB00472	investigational	3
nct01436643	DB00215	investigational	3
nct01436643	DB00285	investigational	3
nct01437020	DB00681	single_arm_combination	1
nct01437787	DB12500	investigational	3
nct01437878	DB01088	investigational	2
nct01438177	DB00608	single_arm_combination	1
nct01438177	DB00188	single_arm_combination	1
nct01438177	DB00531	single_arm_combination	1
nct01439828	DB06151	unmatched	2
nct01439867	DB01012	single_arm_combination	1
nct01439958	DB00091	described_only	1
nct01440062	DB00169	backbone	2
nct01440127	DB00331	investigational	2
nct01440595	DB00811	backbone	4
nct01440595	DB11575	investigational	4
nct01441128	DB08865	backbone	2
nct01441128	DB11963	backbone	2
nct01441414	DB06626	backbone	2
nct01441531	DB00996	investigational	2
nct01441570	DB04861	head_to_head	2
nct01441570	DB00264	head_to_head	2
nct01442168	DB14763	backbone	2
nct01442714	DB00928	single_arm_combination	1
nct01442714	DB00480	single_arm_combination	1
nct01442766	DB00843	investigational	2
nct01443923	DB00811	backbone	2
nct01443923	DB08873	backbone	2
nct01444118	DB00531	investigational	2
nct01445340	DB06176	investigational	0
nct01445691	DB00855	investigational	1
nct01445821	DB01073	investigational	2
nct01445821	DB00531	backbone	2
nct01445938	DB06708	comparator	6
nct01446211	DB00860	backbone	2
nct01446211	DB12692	investigational	2
nct01446211	DB00959	backbone	2
nct01446211	DB00635	backbone	2
nct01446250	DB08873	comparator	2
nct01446900	DB00242	single_arm_combination	1
nct01447394	DB00811	backbone	2
nct01447589	DB00220	investigational	1
nct01448499	DB00363	investigational	3
nct01448499	DB06288	investigational	3
nct01449448	DB00620	comparator	2
nct01449448	DB00465	investigational	2
nct01450410	DB00627	investigational	2
nct01450696	DB01101	backbone	2
nct01451060	DB01364	no_arm_data	0
nct01451060	DB00610	no_arm_data	0
nct01451437	DB00987	unmatched	9
nct01451606	DB00476	investigational	2
nct01451723	DB12116	investigational	2
nct01452152	DB00758	investigational	3
nct01452152	DB06209	investigational	3
nct01453049	DB00412	investigational	2
nct01453049	DB00222	backbone	2
nct01453088	DB01042	comparator	2
nct01453088	DB00188	investigational	2
nct01453140	DB00928	investigational	3
nct01453140	DB00877	backbone	3
nct01453140	DB00531	backbone	3
nct01453595	DB11651	investigational	1
nct01454453	DB06288	described_only	1
nct01455025	DB06809	investigational	1
nct01455389	DB00530	single_arm_combination	1
nct01455883	DB00331	unmatched	2
nct01456208	DB00368	no_arm_data	0
nct01456234	DB00198	backbone	2
nct01457001	DB00146	unmatched	2
nct01457053	DB00695	head_to_head	2
nct01457053	DB00887	head_to_head	2
nct01457053	DB00214	head_to_head	2
nct01457131	DB01073	no_arm_data	0
nct01457131	DB00531	no_arm_data	0
nct01457846	DB01229	comparator	2
nct01458119	DB05018	investigational	1
nct01458236	DB05229	investigational	2
nct01458418	DB00471	investigational	3
nct01458639	DB13453	comparator	2
nct01458886	DB01410	unmatched	3
nct01458912	DB01410	unmatched	3
nct01459159	DB05460	investigational	0
nct01459679	DB00140	backbone	3
nct01459913	DB00811	backbone	4
nct01459913	DB05521	backbone	4
nct01460602	DB00552	backbone	2
nct01460602	DB00188	backbone	2
nct01461915	DB00441	backbone	3
nct01461915	DB01229	backbone	3
nct01462656	DB04953	unmatched	1
nct01463215	DB06742	investigational	1
nct01464034	DB08910	single_arm_combination	1
nct01464034	DB08889	single_arm_combination	1
nct01464034	DB01234	single_arm_combination	1
nct01464164	DB00635	investigational	2
nct01464359	DB01073	single_arm_combination	1
nct01464359	DB01008	single_arm_combination	1
nct01464359	DB00531	single_arm_combination	1
nct01464593	DB00997	single_arm_combination	1
nct01464788	DB00278	investigational	3
nct01465074	DB00184	investigational	2
nct01465230	DB00480	investigational	1
nct01465334	DB00959	backbone	2
nct01465386	DB00188	investigational	1
nct01465516	DB08873	investigational	1
nct01465919	DB00370	investigational	2
nct01466855	DB01030	investigational	1
nct01467076	DB00770	investigational	3
nct01467076	DB09153	head_to_head	3
nct01467479	DB00811	backbone	3
nct01467479	DB05521	backbone	3
nct01467492	DB00811	backbone	2
nct01467492	DB05521	backbone	2
nct01467505	DB00811	backbone	2
nct01467505	DB05521	backbone	2
nct01467700	DB00980	investigational	4
nct01467713	DB00980	investigational	4
nct01468311	DB01042	described_only	1
nct01468311	DB00262	described_only	1
nct01468311	DB00773	described_only	1
nct01468311	DB00987	described_only	1
nct01468636	DB11248	described_only	2
nct01468818	DB01073	single_arm_combination	1
nct01468818	DB00531	single_arm_combination	1
nct01469338	DB06772	single_arm_combination	1
nct01469338	DB00635	single_arm_combination	1
nct01469988	DB00624	backbone	2
nct01470131	DB11526	investigational	2
nct01470651	DB06413	investigational	2
nct01470742	DB01101	comparator	2
nct01471054	DB01234	investigational	2
nct01471197	DB00642	comparator	2
nct01471379	DB04896	backbone	3
nct01471925	DB01390	investigational	2
nct01471925	DB00736	backbone	2
nct01471964	DB05220	investigational	1
nct01471964	DB00530	investigational	1
nct01472445	DB00169	backbone	2
nct01473303	DB00650	backbone	2
nct01473303	DB00544	backbone	2
nct01473303	DB00762	backbone	2
nct01473758	DB01656	investigational	2
nct01474122	DB08932	investigational	3
nct01474551	DB08881	investigational	1
nct01475253	DB00281	investigational	3
nct01475656	DB01202	backbone	2
nct01476657	DB11952	investigational	1
nct01477060	DB00331	head_to_head	3
nct01477060	DB01259	head_to_head	3
nct01477853	DB01076	backbone	3
nct01477853	DB01261	investigational	3
nct01478035	DB00252	investigational	2
nct01478074	DB00987	single_arm_combination	1
nct01478074	DB01073	single_arm_combination	1
nct01478113	DB00182	investigational	2
nct01478308	DB00331	no_arm_data	0
nct01478308	DB01248	no_arm_data	0
nct01478308	DB00635	no_arm_data	0
nct01478321	DB00853	single_arm_combination	1
nct01478828	DB00227	investigational	1
nct01479192	DB05076	investigational	2
nct01479231	DB05351	investigational	1
nct01479348	DB02594	backbone	2
nct01480141	DB08916	investigational	1
nct01480232	DB11726	investigational	4
nct01480531	DB04920	investigational	0
nct01480791	DB00999	mixed	3
nct01480791	DB09026	investigational	3
nct01480817	DB00398	comparator	2
nct01481116	DB00331	described_only	3
nct01481233	DB01394	investigational	1
nct01481441	DB11104	investigational	1
nct01482559	DB00988	investigational	2
nct01482949	DB01268	described_only	1
nct01483274	DB01262	described_only	2
nct01483638	DB06626	investigational	2
nct01483690	DB02546	backbone	2
nct01483690	DB01262	backbone	2
nct01484041	DB01006	single_arm_combination	1
nct01484041	DB00990	single_arm_combination	1
nct01484041	DB01217	single_arm_combination	1
nct01484041	DB05928	single_arm_combination	1
nct01484314	DB06210	investigational	1
nct01484626	DB06769	investigational	1
nct01485822	DB00287	head_to_head	2
nct01485874	DB09079	single_arm_combination	1
nct01485874	DB00997	single_arm_combination	1
nct01486043	DB00331	investigational	1
nct01486966	DB00331	backbone	2
nct01487174	DB11973	investigational	2
nct01487174	DB00530	comparator	2
nct01488253	DB00877	single_arm_combination	1
nct01488253	DB00864	single_arm_combination	1
nct01488318	DB01254	single_arm_combination	1
nct01488877	DB00421	comparator	3
nct01489410	DB00997	head_to_head	2
nct01489410	DB00898	unmatched	2
nct01490047	DB00997	backbone	7
nct01490216	DB01255	investigational	1
nct01490671	DB14126	investigational	8
nct01491139	DB09074	single_arm_combination	1
nct01491633	DB01254	investigational	1
nct01492192	DB13848	unmatched	1
nct01492881	DB02546	single_arm_combination	1
nct01492881	DB00188	single_arm_combination	1
nct01492881	DB00997	single_arm_combination	1
nct01493154	DB00531	backbone	4
nct01493505	DB01229	backbone	2
nct01494090	DB01098	investigational	2
nct01494350	DB01421	investigational	1
nct01494584	DB04953	investigational	1
nct01495247	DB01229	backbone	2
nct01495247	DB11651	backbone	2
nct01495572	DB01073	backbone	2
nct01495572	DB00531	backbone	2
nct01495884	DB01259	single_arm_combination	1
nct01495884	DB00997	single_arm_combination	1
nct01495988	DB05239	mixed	4
nct01495988	DB08881	backbone	4
nct01496430	DB08822	investigational	3
nct01496612	DB00490	investigational	2
nct01497275	DB00188	investigational	1
nct01497626	DB00188	investigational	1
nct01497626	DB01259	investigational	1
nct01498445	DB01254	backbone	6
nct01498445	DB01262	backbone	6
nct01498588	DB08871	single_arm_combination	1
nct01498588	DB00997	single_arm_combination	1
nct01498588	DB00531	single_arm_combination	1
nct01499043	DB12978	investigational	1
nct01499160	DB01590	single_arm_combination	1
nct01499160	DB01006	single_arm_combination	1
nct01499160	DB01259	single_arm_combination	1
nct01499251	DB00853	single_arm_combination	1
nct01499251	DB08932	single_arm_combination	1
nct01499667	DB08868	backbone	3
nct01499940	DB00169	investigational	1
nct01500382	DB01137	backbone	4
nct01500382	DB00567	backbone	4
nct01500382	DB14895	investigational	4
nct01500473	DB00304	investigational	1
nct01500538	DB02546	investigational	1
nct01500538	DB06210	investigational	1
nct01500772	DB00811	single_arm_combination	1
nct01500798	DB05983	investigational	2
nct01500824	DB08865	investigational	1
nct01501370	DB02546	investigational	2
nct01501370	DB00480	backbone	2
nct01501370	DB01234	backbone	2
nct01502605	DB00855	investigational	1
nct01502761	DB00653	backbone	4
nct01503008	DB00412	comparator	2
nct01503008	DB00331	comparator	2
nct01503008	DB01132	comparator	2
nct01504477	DB00188	investigational	1
nct01504659	DB01221	investigational	2
nct01505166	DB00745	investigational	3
nct01505296	DB00204	comparator	2
nct01505296	DB01195	comparator	2
nct01505296	DB00489	comparator	2
nct01505296	DB01182	described_only	2
nct01505608	DB00853	backbone	2
nct01505608	DB00762	backbone	2
nct01505881	DB00682	comparator	2
nct01505881	DB14726	investigational	2
nct01507740	DB01268	unmatched	2
nct01507740	DB00398	head_to_head	2
nct01508000	DB01101	described_only	3
nct01508000	DB00544	described_only	3
nct01508117	DB06626	investigational	1
nct01509053	DB01238	single_arm_combination	1
nct01509339	DB00512	investigational	1
nct01510132	DB00373	investigational	1
nct01510132	DB00287	investigational	1
nct01510522	DB00331	backbone	2
nct01510561	DB00441	investigational	2
nct01510756	DB00398	investigational	1
nct01510847	DB00624	described_only	1
nct01511042	DB00368	no_arm_data	0
nct01511107	DB01060	backbone	2
nct01511263	DB12116	unmatched	2
nct01512199	DB01229	backbone	3
nct01512446	DB00630	investigational	2
nct01512472	DB06699	backbone	2
nct01514721	DB00287	investigational	1
nct01514721	DB00373	investigational	1
nct01514734	DB01194	investigational	1
nct01514734	DB00373	investigational	1
nct01514838	DB11698	investigational	2
nct01514864	DB01254	backbone	2
nct01515046	DB00441	investigational	1
nct01515046	DB00126	investigational	1
nct01515813	DB00625	investigational	3
nct01515813	DB00300	investigational	3
nct01515813	DB12753	investigational	3
nct01515813	DB00175	backbone	3
nct01515813	DB00879	investigational	3
nct01515969	DB00530	single_arm_combination	1
nct01515969	DB05928	single_arm_combination	1
nct01517165	DB01132	investigational	2
nct01517308	DB00811	backbone	2
nct01517776	DB00853	single_arm_combination	1
nct01517854	DB00203	investigational	2
nct01518153	DB01042	backbone	2
nct01518153	DB01073	backbone	2
nct01518348	DB09499	described_only	1
nct01518348	DB14540	described_only	1
nct01518348	DB00626	described_only	1
nct01518465	DB00480	backbone	2
nct01518465	DB01234	backbone	2
nct01518595	DB00559	investigational	2
nct01518621	DB00530	investigational	2
nct01519297	DB01029	investigational	1
nct01519323	DB08881	investigational	1
nct01519427	DB11689	single_arm_combination	1
nct01520298	DB00316	investigational	2
nct01520350	DB01238	investigational	2
nct01522040	DB00653	investigational	2
nct01522092	DB01175	investigational	1
nct01522378	DB06704	investigational	1
nct01522612	DB00544	backbone	2
nct01522677	DB00855	investigational	1
nct01523106	DB00583	investigational	2
nct01523171	DB12500	investigational	1
nct01523418	DB06228	investigational	1
nct01523548	DB11588	investigational	1
nct01523639	DB00331	backbone	2
nct01523639	DB00762	described_only	2
nct01524068	DB00860	described_only	2
nct01524068	DB14669	unmatched	2
nct01524068	DB01234	described_only	2
nct01524068	DB00620	unmatched	2
nct01524068	DB00443	unmatched	2
nct01524068	DB00741	unmatched	2
nct01524068	DB00959	described_only	2
nct01524068	DB00635	described_only	2
nct01524575	DB00441	investigational	2
nct01525069	DB00322	backbone	3
nct01525069	DB00441	investigational	3
nct01525225	DB06335	single_arm_combination	1
nct01525225	DB00331	single_arm_combination	1
nct01525927	DB00544	unmatched	2
nct01525927	DB01248	unmatched	2
nct01526148	DB14509	head_to_head	2
nct01526148	DB01224	head_to_head	2
nct01526408	DB00426	investigational	2
nct01526590	DB00556	investigational	1
nct01526876	DB04920	investigational	1
nct01526928	DB11907	backbone	6
nct01527019	DB01059	comparator	3
nct01527097	DB01076	investigational	2
nct01527747	DB06335	backbone	2
nct01528345	DB00947	backbone	2
nct01528345	DB05928	investigational	2
nct01528501	DB06603	investigational	1
nct01528865	DB00709	single_arm_combination	1
nct01528865	DB00300	single_arm_combination	1
nct01528930	DB00479	investigational	1
nct01529593	DB06287	single_arm_combination	1
nct01529593	DB00331	single_arm_combination	1
nct01531205	DB06772	single_arm_combination	1
nct01531205	DB00624	single_arm_combination	1
nct01531244	DB01042	single_arm_combination	1
nct01531244	DB00970	single_arm_combination	1
nct01531712	DB00441	single_arm_combination	1
nct01531712	DB00530	single_arm_combination	1
nct01531764	DB00361	investigational	0
nct01531764	DB08916	investigational	0
nct01532154	DB06637	investigational	0
nct01532544	DB01088	investigational	2
nct01532804	DB00293	investigational	2
nct01533207	DB00997	investigational	2
nct01533207	DB00441	investigational	2
nct01533207	DB01248	investigational	2
nct01533376	DB00373	investigational	2
nct01533948	DB06626	investigational	1
nct01534143	DB00188	single_arm_combination	1
nct01534143	DB01008	single_arm_combination	1
nct01534351	DB00706	mixed	3
nct01534351	DB01216	investigational	3
nct01534455	DB08871	backbone	2
nct01534455	DB01259	backbone	2
nct01534806	DB00465	investigational	2
nct01534806	DB00433	unmatched	2
nct01535157	DB01026	investigational	1
nct01535157	DB05076	investigational	1
nct01535196	DB00146	described_only	2
nct01535937	DB00683	comparator	2
nct01535937	DB01221	investigational	2
nct01536015	DB05271	investigational	2
nct01536067	DB00188	single_arm_combination	1
nct01536418	DB15250	backbone	2
nct01537315	DB01611	investigational	2
nct01537861	DB00188	single_arm_combination	1
nct01537861	DB00480	single_arm_combination	1
nct01537861	DB08889	single_arm_combination	1
nct01537861	DB01041	single_arm_combination	1
nct01537861	DB08910	single_arm_combination	1
nct01538901	DB00724	comparator	2
nct01538901	DB00992	investigational	2
nct01539018	DB00398	backbone	2
nct01539018	DB09256	investigational	2
nct01539174	DB00635	single_arm_combination	1
nct01539174	DB00997	single_arm_combination	1
nct01539174	DB00531	single_arm_combination	1
nct01539291	DB09054	backbone	2
nct01540227	DB01053	described_only	1
nct01542047	DB06589	single_arm_combination	1
nct01542255	DB00570	single_arm_combination	1
nct01542255	DB00851	single_arm_combination	1
nct01542255	DB00531	single_arm_combination	1
nct01542372	DB00715	described_only	2
nct01542372	DB00457	head_to_head	2
nct01542684	DB00928	single_arm_combination	1
nct01543139	DB02097	mixed	3
nct01543139	DB00148	investigational	3
nct01543464	DB00853	investigational	1
nct01543724	DB14509	investigational	1
nct01543750	DB06637	investigational	2
nct01543802	DB06589	investigational	1
nct01544504	DB00368	investigational	1
nct01544842	DB00620	head_to_head	3
nct01544842	DB00864	head_to_head	3
nct01545141	DB00482	investigational	4
nct01545427	DB00619	investigational	2
nct01545817	DB01590	investigational	1
nct01545817	DB06589	investigational	1
nct01545882	DB06699	investigational	1
nct01546883	DB06695	investigational	1
nct01546896	DB00404	mixed	3
nct01546896	DB00490	investigational	3
nct01546935	DB00198	investigational	1
nct01547143	DB00773	investigational	1
nct01547312	DB00811	investigational	4
nct01547312	DB11575	investigational	4
nct01547390	DB00945	investigational	2
nct01548573	DB00188	single_arm_combination	1
nct01548573	DB00997	single_arm_combination	1
nct01548573	DB01042	single_arm_combination	1
nct01548573	DB00773	single_arm_combination	1
nct01548573	DB00531	single_arm_combination	1
nct01548573	DB00441	unmatched	1
nct01548573	DB01041	single_arm_combination	1
nct01548573	DB00262	unmatched	1
nct01548573	DB01234	single_arm_combination	1
nct01548924	DB01229	investigational	2
nct01548924	DB05928	backbone	2
nct01549158	DB00695	comparator	3
nct01549158	DB00214	mixed	3
nct01549769	DB05983	investigational	1
nct01549847	DB09210	investigational	2
nct01549847	DB00583	investigational	2
nct01549964	DB00331	described_only	4
nct01550185	DB06210	investigational	1
nct01550510	DB00762	backbone	2
nct01550510	DB00126	investigational	2
nct01550705	DB00951	investigational	1
nct01550900	DB00331	investigational	2
nct01551407	DB06261	investigational	0
nct01551446	DB05983	investigational	1
nct01552122	DB06670	investigational	2
nct01552434	DB06287	backbone	3
nct01552434	DB00313	investigational	3
nct01553071	DB05076	investigational	1
nct01554488	DB00588	backbone	2
nct01555281	DB01234	single_arm_combination	1
nct01555281	DB00220	single_arm_combination	1
nct01555281	DB00480	single_arm_combination	1
nct01555489	DB00441	described_only	1
nct01555489	DB00530	described_only	1
nct01555489	DB00126	investigational	1
nct01555853	DB01229	backbone	4
nct01556568	DB11967	investigational	1
nct01556659	DB00758	described_only	2
nct01556659	DB06209	described_only	2
nct01556659	DB00208	described_only	2
nct01556659	DB00945	unmatched	2
nct01557452	DB12645	investigational	1
nct01557647	DB00374	investigational	2
nct01557660	DB00374	investigational	1
nct01557764	DB01259	single_arm_combination	1
nct01558011	DB01101	investigational	1
nct01558011	DB01248	investigational	1
nct01558128	DB01118	investigational	1
nct01558492	DB01229	single_arm_combination	1
nct01558960	DB01042	investigational	1
nct01559129	DB08910	investigational	2
nct01559974	DB00169	investigational	2
nct01560507	DB01156	head_to_head	3
nct01560507	DB00184	head_to_head	3
nct01560585	DB00982	investigational	1
nct01560962	DB00207	head_to_head	4
nct01560962	DB00684	head_to_head	4
nct01560962	DB01234	head_to_head	4
nct01561092	DB01175	investigational	2
nct01561482	DB00331	single_arm_combination	1
nct01561482	DB00641	single_arm_combination	1
nct01561508	DB02530	investigational	2
nct01561989	DB00169	backbone	2
nct01562041	DB00243	investigational	1
nct01562093	DB00860	investigational	2
nct01562093	DB14669	investigational	2
nct01562093	DB01234	investigational	2
nct01562093	DB00620	investigational	2
nct01562093	DB00959	investigational	2
nct01562093	DB00443	investigational	2
nct01562093	DB00635	investigational	2
nct01562132	DB00196	backbone	2
nct01562132	DB01099	investigational	2
nct01562301	DB01248	single_arm_combination	1
nct01562873	DB08877	backbone	2
nct01562899	DB11967	backbone	4
nct01563601	DB00773	backbone	2
nct01563601	DB12191	investigational	2
nct01563614	DB00987	single_arm_combination	1
nct01563614	DB01206	single_arm_combination	1
nct01564095	DB00864	investigational	2
nct01564121	DB00399	investigational	0
nct01565590	DB00633	investigational	2
nct01565772	DB00773	single_arm_combination	1
nct01566370	DB00909	investigational	2
nct01567124	DB09242	backbone	2
nct01567384	DB06075	investigational	1
nct01567384	DB00642	investigational	1
nct01567540	DB01261	investigational	1
nct01568645	DB00619	no_arm_data	0
nct01568645	DB01136	no_arm_data	0
nct01569074	DB12010	investigational	5
nct01569152	DB00563	backbone	3
nct01570192	DB00601	backbone	2
nct01570192	DB00760	backbone	2
nct01570192	DB00512	backbone	2
nct01570192	DB00684	investigational	2
nct01570192	DB00479	investigational	2
nct01570348	DB00864	single_arm_combination	1
nct01570348	DB01024	single_arm_combination	1
nct01570348	DB00531	single_arm_combination	1
nct01570348	DB00688	single_arm_combination	1
nct01570868	DB08901	backbone	2
nct01571791	DB00465	investigational	2
nct01571791	DB00281	investigational	2
nct01573338	DB00773	single_arm_combination	1
nct01574014	DB00741	investigational	2
nct01574365	DB05983	backbone	4
nct01575275	DB00855	investigational	1
nct01575782	DB00608	investigational	1
nct01576042	DB01118	head_to_head	2
nct01576042	DB00489	head_to_head	2
nct01576146	DB12865	investigational	1
nct01576887	DB05983	investigational	2
nct01578343	DB02546	investigational	1
nct01578343	DB01073	investigational	1
nct01578343	DB01204	investigational	1
nct01578343	DB01234	investigational	1
nct01579019	DB00503	mixed	4
nct01579019	DB00811	backbone	4
nct01579019	DB11779	backbone	4
nct01579058	DB00612	investigational	2
nct01579578	DB01229	backbone	2
nct01580683	DB00126	investigational	2
nct01581281	DB00321	head_to_head	3
nct01581281	DB00273	head_to_head	3
nct01581541	DB12638	investigational	1
nct01582009	DB01590	single_arm_combination	1
nct01582009	DB06603	single_arm_combination	1
nct01582672	DB01268	comparator	2
nct01583114	DB00790	investigational	2
nct01583439	DB00625	investigational	0
nct01583439	DB00300	investigational	0
nct01583439	DB00709	investigational	0
nct01583439	DB01601	investigational	0
nct01583439	DB12753	investigational	0
nct01583439	DB00495	investigational	0
nct01583439	DB00503	investigational	0
nct01583439	DB00879	investigational	0
nct01583686	DB01073	backbone	2
nct01583686	DB00531	backbone	2
nct01583842	DB06704	investigational	3
nct01584466	DB01267	investigational	1
nct01584934	DB01440	investigational	2
nct01584934	DB09072	investigational	2
nct01584947	DB00297	investigational	2
nct01585415	DB01073	single_arm_combination	1
nct01585415	DB08881	single_arm_combination	1
nct01585415	DB00531	single_arm_combination	1
nct01585441	DB01216	investigational	2
nct01585688	DB00254	unmatched	1
nct01585688	DB00997	unmatched	1
nct01586195	DB08881	investigational	1
nct01587066	DB00313	head_to_head	2
nct01587066	DB01224	head_to_head	2
nct01587144	DB00853	backbone	2
nct01587144	DB04967	investigational	2
nct01587261	DB00126	investigational	2
nct01588951	DB00987	investigational	3
nct01589068	DB00396	backbone	3
nct01589068	DB00184	backbone	3
nct01589237	DB12866	investigational	1
nct01589861	DB01259	investigational	1
nct01590082	DB00853	single_arm_combination	1
nct01590082	DB00254	single_arm_combination	1
nct01590225	DB00811	backbone	2
nct01590225	DB08873	backbone	2
nct01590342	DB00586	investigational	2
nct01590979	DB00243	investigational	2
nct01591291	DB00904	investigational	2
nct01592006	DB00811	single_arm_combination	1
nct01592006	DB05521	single_arm_combination	1
nct01592201	DB01267	described_only	2
nct01592773	DB01043	investigational	1
nct01593137	DB00222	comparator	2
nct01593137	DB00331	backbone	2
nct01593319	DB00296	investigational	2
nct01593319	DB09153	described_only	2
nct01595893	DB00169	investigational	2
nct01597518	DB00740	investigational	2
nct01597531	DB01083	head_to_head	3
nct01598259	DB01065	investigational	2
nct01598584	DB00370	investigational	2
nct01598584	DB00441	backbone	2
nct01598896	DB00470	investigational	2
nct01598896	DB00575	investigational	2
nct01599754	DB06626	investigational	2
nct01599832	DB06589	investigational	1
nct01600053	DB00480	investigational	1
nct01600807	DB00441	backbone	2
nct01600807	DB06075	investigational	2
nct01600807	DB00530	backbone	2
nct01601184	DB00853	mixed	3
nct01601184	DB08828	mixed	3
nct01601483	DB01275	backbone	2
nct01601626	DB01045	comparator	3
nct01601626	DB00615	investigational	3
nct01601626	DB01601	backbone	3
nct01601626	DB00503	backbone	3
nct01601626	DB06817	investigational	3
nct01601899	DB14126	head_to_head	3
nct01601899	DB00649	head_to_head	3
nct01602016	DB00650	mixed	3
nct01602315	DB12015	investigational	7
nct01602822	DB00300	investigational	1
nct01602822	DB01072	investigational	1
nct01602822	DB12753	investigational	1
nct01602822	DB00503	investigational	1
nct01602822	DB00879	investigational	1
nct01603121	DB12406	backbone	2
nct01603394	DB00230	investigational	1
nct01603420	DB01248	investigational	2
nct01604031	DB00480	single_arm_combination	1
nct01604889	DB11717	backbone	5
nct01605162	DB00853	unmatched	1
nct01605344	DB01076	backbone	2
nct01605344	DB00762	backbone	2
nct01605357	DB09153	backbone	2
nct01605617	DB06702	backbone	2
nct01605981	DB04868	investigational	1
nct01606111	DB09153	comparator	2
nct01606358	DB01229	investigational	1
nct01606800	DB00811	backbone	2
nct01607554	DB00762	investigational	1
nct01607645	DB00987	backbone	2
nct01607645	DB01177	backbone	2
nct01607645	DB01262	backbone	2
nct01607671	DB00373	investigational	2
nct01608451	DB00396	head_to_head	4
nct01608451	DB00169	head_to_head	4
nct01608464	DB00544	investigational	2
nct01608464	DB01248	comparator	2
nct01608464	DB00762	comparator	2
nct01608737	DB00811	unmatched	5
nct01608737	DB11808	investigational	5
nct01609231	DB00762	backbone	2
nct01609439	DB00153	investigational	2
nct01609881	DB00465	investigational	2
nct01610544	DB06198	investigational	0
nct01610999	DB06809	investigational	3
nct01611506	DB01101	single_arm_combination	1
nct01611584	DB00855	unmatched	1
nct01611662	DB00441	single_arm_combination	1
nct01611675	DB01097	single_arm_combination	1
nct01611675	DB08881	single_arm_combination	1
nct01612078	DB06262	investigational	2
nct01612299	DB01590	backbone	2
nct01612299	DB00864	described_only	2
nct01612377	DB00860	backbone	3
nct01612377	DB00975	investigational	3
nct01612884	DB00758	backbone	2
nct01612884	DB06209	backbone	2
nct01612975	DB00213	described_only	2
nct01612975	DB00788	investigational	2
nct01612988	DB00959	described_only	1
nct01612988	DB06769	described_only	1
nct01613469	DB00650	investigational	1
nct01613469	DB00544	described_only	1
nct01613820	DB01221	investigational	3
nct01613820	DB00747	investigational	3
nct01614184	DB00693	investigational	1
nct01614405	DB00300	investigational	2
nct01614405	DB12753	investigational	2
nct01614405	DB01601	investigational	2
nct01614405	DB00503	investigational	2
nct01614405	DB00879	investigational	2
nct01615042	DB00480	investigational	1
nct01615185	DB00391	described_only	2
nct01615185	DB06288	backbone	2
nct01615874	DB00471	comparator	5
nct01615874	DB00394	comparator	5
nct01615874	DB14512	investigational	5
nct01615874	DB00983	investigational	5
nct01615939	DB00297	head_to_head	2
nct01615939	DB00296	head_to_head	2
nct01616160	DB14512	investigational	1
nct01616186	DB01590	investigational	2
nct01616186	DB00398	investigational	2
nct01616186	DB01268	comparator	2
nct01616199	DB08881	backbone	3
nct01617213	DB01042	single_arm_combination	1
nct01617213	DB00480	single_arm_combination	1
nct01618253	DB00398	investigational	1
nct01619566	DB00476	investigational	2
nct01620216	DB00398	investigational	7
nct01620216	DB01254	investigational	7
nct01620216	DB11697	investigational	7
nct01620216	DB08901	investigational	7
nct01620216	DB01268	investigational	7
nct01620216	DB09054	investigational	7
nct01620216	DB08877	investigational	7
nct01620788	DB00678	backbone	4
nct01620788	DB00808	investigational	4
nct01621165	DB00457	investigational	2
nct01621243	DB00441	backbone	2
nct01621243	DB01229	backbone	2
nct01621269	DB08868	investigational	1
nct01621477	DB01008	single_arm_combination	1
nct01621477	DB00864	single_arm_combination	1
nct01621477	DB00531	single_arm_combination	1
nct01621477	DB00631	single_arm_combination	1
nct01621477	DB00688	single_arm_combination	1
nct01621477	DB00987	single_arm_combination	1
nct01621477	DB06809	single_arm_combination	1
nct01622088	DB15130	investigational	1
nct01622556	DB01073	single_arm_combination	1
nct01622556	DB01008	single_arm_combination	1
nct01622660	DB00441	single_arm_combination	1
nct01622660	DB06589	single_arm_combination	1
nct01623908	DB00399	investigational	1
nct01624337	DB11638	described_only	2
nct01624337	DB13941	investigational	2
nct01624493	DB00441	backbone	2
nct01625260	DB00441	backbone	2
nct01625793	DB00811	described_only	2
nct01625923	DB00334	investigational	1
nct01627067	DB01590	single_arm_combination	1
nct01627067	DB00331	single_arm_combination	1
nct01627067	DB00990	single_arm_combination	1
nct01627106	DB01118	comparator	2
nct01627106	DB06217	investigational	2
nct01627223	DB00709	investigational	2
nct01627223	DB00442	investigational	2
nct01627379	DB00544	comparator	2
nct01628913	DB01590	comparator	2
nct01628913	DB11651	investigational	2
nct01629329	DB00316	head_to_head	2
nct01629329	DB00433	head_to_head	2
nct01629329	DB00201	head_to_head	2
nct01629329	DB00945	head_to_head	2
nct01629511	DB00631	single_arm_combination	1
nct01629511	DB00441	single_arm_combination	1
nct01629511	DB01008	single_arm_combination	1
nct01629732	DB09102	backbone	7
nct01629732	DB00811	investigational	7
nct01631409	DB00945	head_to_head	7
nct01631513	DB06204	investigational	1
nct01631513	DB00295	unmatched	1
nct01631513	DB00497	unmatched	1
nct01631513	DB00956	unmatched	1
nct01631539	DB00544	single_arm_combination	1
nct01631539	DB00762	single_arm_combination	1
nct01631630	DB01132	investigational	2
nct01632020	DB00331	investigational	2
nct01632306	DB00441	investigational	3
nct01632306	DB01229	investigational	3
nct01632306	DB00650	investigational	3
nct01632306	DB00544	investigational	3
nct01632436	DB06193	backbone	2
nct01633060	DB00947	backbone	2
nct01633112	DB08868	investigational	3
nct01633593	DB00843	backbone	2
nct01634360	DB08883	investigational	1
nct01636180	DB00758	backbone	2
nct01636609	DB00987	investigational	2
nct01636609	DB00928	investigational	2
nct01636609	DB11781	backbone	2
nct01637090	DB01590	investigational	1
nct01637376	DB11630	investigational	0
nct01638377	DB00704	investigational	2
nct01639131	DB00441	single_arm_combination	1
nct01639131	DB01248	single_arm_combination	1
nct01639521	DB00570	investigational	2
nct01639521	DB00441	investigational	2
nct01639521	DB00563	investigational	2
nct01639521	DB00997	investigational	2
nct01639547	DB00811	backbone	2
nct01640054	DB12010	investigational	1
nct01640496	DB00169	investigational	2
nct01640587	DB11638	investigational	2
nct01640587	DB13941	investigational	2
nct01640587	DB00358	comparator	2
nct01640587	DB09274	comparator	2
nct01641666	DB00811	single_arm_combination	1
nct01641666	DB08873	single_arm_combination	1
nct01641939	DB01229	described_only	3
nct01641939	DB01248	described_only	3
nct01642433	DB00457	investigational	2
nct01642862	DB00641	backbone	2
nct01644253	DB09054	investigational	8
nct01644253	DB09053	investigational	8
nct01644253	DB06769	investigational	8
nct01645709	DB00661	investigational	2
nct01645826	DB00343	investigational	2
nct01646125	DB01248	comparator	2
nct01646125	DB00642	comparator	2
nct01646515	DB06267	investigational	2
nct01646554	DB01101	backbone	2
nct01646554	DB00544	backbone	2
nct01646580	DB01188	investigational	1
nct01646762	DB01229	investigational	1
nct01647165	DB00188	no_arm_data	0
nct01647165	DB00480	no_arm_data	0
nct01647165	DB01234	no_arm_data	0
nct01647880	DB08868	investigational	2
nct01648465	DB01590	investigational	1
nct01649180	DB06626	investigational	1
nct01649544	DB01118	comparator	2
nct01649622	DB06769	investigational	1
nct01649791	DB00480	investigational	1
nct01650285	DB06772	investigational	1
nct01650350	DB00704	investigational	1
nct01650740	DB00476	investigational	3
nct01650805	DB00619	comparator	2
nct01650805	DB08901	investigational	2
nct01651936	DB00563	backbone	3
nct01652261	DB00997	investigational	2
nct01652261	DB00851	investigational	2
nct01652261	DB00570	investigational	2
nct01652261	DB00773	unmatched	2
nct01652261	DB00531	unmatched	2
nct01652261	DB01168	unmatched	2
nct01652261	DB00635	unmatched	2
nct01652534	DB00915	investigational	2
nct01653418	DB00188	single_arm_combination	1
nct01653418	DB01042	single_arm_combination	1
nct01653418	DB00773	single_arm_combination	1
nct01653418	DB00987	single_arm_combination	1
nct01653418	DB00262	single_arm_combination	1
nct01653483	DB09076	comparator	2
nct01653522	DB00254	investigational	4
nct01654081	DB00762	investigational	1
nct01654562	DB00641	backbone	2
nct01654640	DB00331	investigational	2
nct01654861	DB00441	investigational	1
nct01654861	DB00126	investigational	1
nct01654939	DB01220	investigational	1
nct01655212	DB01610	investigational	2
nct01655992	DB01101	comparator	2
nct01655992	DB09256	investigational	2
nct01656252	DB06210	backbone	3
nct01656382	DB00681	backbone	2
nct01656395	DB00471	mixed	8
nct01656629	DB00630	head_to_head	3
nct01657240	DB00768	comparator	2
nct01658007	DB00877	investigational	1
nct01658176	DB00990	backbone	2
nct01658358	DB01259	backbone	2
nct01658358	DB00997	backbone	2
nct01658527	DB01128	comparator	2
nct01658605	DB15250	comparator	2
nct01658891	DB00394	backbone	2
nct01658891	DB00983	backbone	2
nct01658904	DB08889	backbone	3
nct01659021	DB09054	investigational	2
nct01659047	DB09054	investigational	1
nct01659242	DB00795	head_to_head	2
nct01659242	DB00563	backbone	2
nct01659242	DB01097	backbone	2
nct01659346	DB01136	comparator	2
nct01659554	DB00997	single_arm_combination	1
nct01660867	DB09153	comparator	3
nct01660867	DB01234	comparator	3
nct01660997	DB01234	no_arm_data	0
nct01661140	DB00563	backbone	2
nct01661322	DB00975	described_only	2
nct01661322	DB00758	investigational	2
nct01661322	DB00945	investigational	2
nct01661777	DB00342	head_to_head	3
nct01661868	DB09074	backbone	2
nct01662297	DB00656	head_to_head	2
nct01662297	DB01224	head_to_head	2
nct01662726	DB02292	investigational	1
nct01662895	DB00746	investigational	2
nct01663285	DB00441	investigational	1
nct01663415	DB08899	investigational	1
nct01663935	DB01235	investigational	1
nct01663935	DB00190	investigational	1
nct01664260	DB06151	investigational	2
nct01665274	DB01101	backbone	2
nct01665950	DB00641	investigational	3
nct01666431	DB01259	investigational	1
nct01666600	DB09079	investigational	2
nct01667289	DB00563	described_only	2
nct01667666	DB09153	investigational	1
nct01667744	DB00215	backbone	2
nct01668654	DB04953	investigational	1
nct01668680	DB01101	investigational	2
nct01668680	DB00482	investigational	2
nct01668680	DB00563	investigational	2
nct01668901	DB00682	investigational	2
nct01668901	DB00945	comparator	2
nct01670071	DB00734	comparator	2
nct01670071	DB01267	investigational	2
nct01670084	DB04868	single_arm_combination	1
nct01670084	DB00635	single_arm_combination	1
nct01670084	DB00997	single_arm_combination	1
nct01670084	DB09110	single_arm_combination	1
nct01670084	DB00531	single_arm_combination	1
nct01670084	DB00563	single_arm_combination	1
nct01670084	DB00987	single_arm_combination	1
nct01670084	DB00650	single_arm_combination	1
nct01670084	DB01234	single_arm_combination	1
nct01671488	DB00305	single_arm_combination	1
nct01671488	DB00544	described_only	1
nct01671852	DB14512	investigational	2
nct01672736	DB00188	investigational	1
nct01672736	DB06075	unmatched	1
nct01672736	DB01234	investigational	1
nct01673061	DB00281	head_to_head	2
nct01673386	DB01268	comparator	2
nct01673386	DB11800	investigational	2
nct01673490	DB01126	investigational	1
nct01673490	DB00706	investigational	1
nct01673984	DB06825	backbone	2
nct01674010	DB00313	backbone	2
nct01674010	DB03106	investigational	2
nct01674010	DB00555	backbone	2
nct01674738	DB00642	backbone	2
nct01674868	DB00472	investigational	2
nct01675141	DB00480	investigational	1
nct01675154	DB01083	investigational	4
nct01675154	DB05678	investigational	4
nct01675947	DB00877	investigational	2
nct01676363	DB00861	investigational	1
nct01676415	DB00764	head_to_head	2
nct01676415	DB00635	head_to_head	2
nct01677390	DB01590	single_arm_combination	1
nct01677949	DB00631	backbone	2
nct01677949	DB00773	backbone	2
nct01677949	DB00531	backbone	2
nct01677988	DB01101	unmatched	1
nct01677988	DB00650	investigational	1
nct01677988	DB00544	investigational	1
nct01677988	DB00762	investigational	1
nct01678820	DB01261	backbone	3
nct01678820	DB00641	backbone	3
nct01679041	DB01073	single_arm_combination	1
nct01679041	DB00531	single_arm_combination	1
nct01679080	DB00399	investigational	3
nct01679405	DB00441	backbone	2
nct01679405	DB08916	backbone	2
nct01679951	DB00563	backbone	4
nct01680107	DB00260	investigational	2
nct01680172	DB01221	investigational	2
nct01680796	DB00188	single_arm_combination	1
nct01680796	DB01234	single_arm_combination	1
nct01680796	DB05928	single_arm_combination	1
nct01682031	DB11142	investigational	2
nct01683188	DB08881	backbone	2
nct01683656	DB00627	investigational	2
nct01685255	DB11717	head_to_head	2
nct01685255	DB00675	head_to_head	2
nct01685489	DB01248	backbone	2
nct01687478	DB00472	backbone	2
nct01687478	DB00334	investigational	2
nct01687751	DB00683	comparator	2
nct01687751	DB00633	investigational	2
nct01688336	DB00650	investigational	1
nct01688336	DB00544	investigational	1
nct01688336	DB00762	investigational	1
nct01688791	DB05168	backbone	3
nct01688791	DB01229	investigational	3
nct01690325	DB00445	backbone	2
nct01690325	DB01248	backbone	2
nct01690325	DB00531	backbone	2
nct01690637	DB00198	investigational	2
nct01691209	DB00741	unmatched	3
nct01692132	DB06480	investigational	1
nct01692626	DB00337	backbone	2
nct01692691	DB00262	single_arm_combination	1
nct01692691	DB00851	single_arm_combination	1
nct01693276	DB00441	single_arm_combination	1
nct01693276	DB01229	single_arm_combination	1
nct01694576	DB01229	investigational	2
nct01694589	DB09143	investigational	1
nct01695057	DB02546	investigational	1
nct01695330	DB00188	investigational	1
nct01695616	DB12007	unmatched	2
nct01695707	DB01132	investigational	2
nct01696383	DB00373	investigational	1
nct01696383	DB00287	investigational	1
nct01696942	DB00244	comparator	2
nct01697072	DB01101	backbone	2
nct01697072	DB00445	backbone	2
nct01697293	DB01229	single_arm_combination	1
nct01697293	DB00997	single_arm_combination	1
nct01697293	DB00531	single_arm_combination	1
nct01697332	DB13453	investigational	1
nct01697735	DB01076	backbone	2
nct01697735	DB04115	investigational	2
nct01697735	DB01098	backbone	2
nct01698281	DB12755	investigational	2
nct01700569	DB00853	single_arm_combination	1
nct01700569	DB03256	single_arm_combination	1
nct01700790	DB00503	investigational	1
nct01700790	DB01601	investigational	1
nct01701037	DB08911	single_arm_combination	1
nct01701037	DB08912	single_arm_combination	1
nct01701063	DB00811	single_arm_combination	1
nct01701063	DB05521	single_arm_combination	1
nct01701349	DB01229	backbone	2
nct01701349	DB12577	investigational	2
nct01701375	DB09073	investigational	1
nct01701622	DB04854	investigational	1
nct01701843	DB01003	backbone	2
nct01701934	DB01656	investigational	2
nct01702415	DB00399	investigational	2
nct01702558	DB01101	mixed	4
nct01702701	DB00471	head_to_head	2
nct01702701	DB13867	head_to_head	2
nct01702714	DB00441	investigational	2
nct01702714	DB01229	investigational	2
nct01703039	DB01104	backbone	2
nct01703039	DB00740	investigational	2
nct01703065	DB08875	backbone	2
nct01703754	DB05668	investigational	2
nct01704027	DB00624	investigational	1
nct01704599	DB00165	investigational	1
nct01704599	DB00158	investigational	1
nct01704690	DB01229	mixed	3
nct01704690	DB00544	comparator	3
nct01705106	DB01101	single_arm_combination	1
nct01705106	DB00482	single_arm_combination	1
nct01705340	DB01259	single_arm_combination	1
nct01705392	DB00851	comparator	3
nct01705470	DB00695	investigational	2
nct01705483	DB01229	backbone	2
nct01705483	DB01248	backbone	2
nct01705509	DB00243	investigational	1
nct01705652	DB01698	unmatched	2
nct01706523	DB08891	investigational	1
nct01707823	DB00945	investigational	1
nct01708161	DB12015	single_arm_combination	1
nct01709136	DB00877	investigational	1
nct01709474	DB00169	backbone	2
nct01710462	DB00213	backbone	2
nct01710462	DB01184	investigational	2
nct01712477	DB00683	head_to_head	2
nct01712477	DB00818	head_to_head	2
nct01712659	DB08877	backbone	3
nct01712854	DB01222	backbone	2
nct01712854	DB00983	described_only	2
nct01713595	DB09153	investigational	1
nct01713803	DB01183	backbone	2
nct01714089	DB09140	unmatched	3
nct01715051	DB03929	investigational	2
nct01715311	DB01409	comparator	3
nct01715311	DB05039	investigational	3
nct01715363	DB00544	single_arm_combination	1
nct01715363	DB03256	single_arm_combination	1
nct01715610	DB01190	investigational	2
nct01715987	DB00300	head_to_head	2
nct01715987	DB00442	head_to_head	2
nct01716039	DB00563	unmatched	3
nct01716403	DB00811	unmatched	1
nct01716403	DB05521	unmatched	1
nct01716546	DB01248	unmatched	1
nct01716546	DB00544	unmatched	1
nct01717040	DB01132	investigational	2
nct01717482	DB00331	investigational	2
nct01717898	DB11651	single_arm_combination	1
nct01717898	DB00635	single_arm_combination	1
nct01718223	DB11630	single_arm_combination	1
nct01718808	DB01101	head_to_head	2
nct01719419	DB01083	investigational	2
nct01719861	DB01151	investigational	1
nct01720043	DB00188	investigational	1
nct01720901	DB11737	investigational	1
nct01721330	DB00704	investigational	2
nct01721616	DB00207	head_to_head	2
nct01721616	DB01327	backbone	2
nct01721694	DB00207	backbone	2
nct01721707	DB01194	investigational	2
nct01721707	DB00654	backbone	2
nct01722292	DB00773	backbone	3
nct01723371	DB01136	investigational	1
nct01724138	DB01609	investigational	1
nct01724372	DB00472	investigational	2
nct01724372	DB01238	comparator	2
nct01725256	DB09112	backbone	3
nct01725269	DB00435	unmatched	3
nct01726465	DB06151	investigational	3
nct01726465	DB00959	investigational	3
nct01726920	DB00952	mixed	3
nct01726920	DB00788	mixed	3
nct01727167	DB11588	unmatched	2
nct01727336	DB06626	backbone	6
nct01727401	DB00569	investigational	1
nct01727843	DB00302	investigational	2
nct01728181	DB00530	mixed	4
nct01728181	DB11800	mixed	4
nct01728259	DB08910	single_arm_combination	1
nct01728259	DB00188	single_arm_combination	1
nct01728259	DB01234	single_arm_combination	1
nct01728961	DB06697	backbone	2
nct01728961	DB06708	backbone	2
nct01729104	DB08889	backbone	3
nct01729104	DB00480	backbone	3
nct01729338	DB00188	single_arm_combination	1
nct01729338	DB00531	single_arm_combination	1
nct01729338	DB00480	single_arm_combination	1
nct01729923	DB01101	single_arm_combination	1
nct01729923	DB00482	single_arm_combination	1
nct01730248	DB08877	backbone	2
nct01730313	DB00165	investigational	4
nct01730313	DB00313	mixed	4
nct01730313	DB00252	investigational	4
nct01732107	DB05928	investigational	1
nct01732640	DB01229	single_arm_combination	1
nct01732640	DB08916	single_arm_combination	1
nct01732913	DB09054	backbone	2
nct01732926	DB09054	investigational	2
nct01733043	DB00633	investigational	2
nct01733095	DB06403	investigational	1
nct01733680	DB00594	investigational	2
nct01736878	DB00398	backbone	2
nct01737541	DB00472	investigational	2
nct01737827	DB11791	investigational	1
nct01738555	DB00495	described_only	2
nct01738555	DB00503	described_only	2
nct01738555	DB01601	described_only	2
nct01738594	DB08889	backbone	2
nct01738594	DB06176	investigational	2
nct01738698	DB01255	investigational	4
nct01738724	DB09123	investigational	3
nct01738724	DB00014	investigational	3
nct01738724	DB00304	comparator	3
nct01739348	DB12285	backbone	4
nct01739400	DB08932	investigational	1
nct01739439	DB00441	investigational	1
nct01739491	DB06769	described_only	1
nct01739556	DB08816	investigational	2
nct01739556	DB00945	investigational	2
nct01739790	DB06151	investigational	2
nct01740154	DB01268	investigational	1
nct01740388	DB06771	investigational	2
nct01740401	DB00531	investigational	1
nct01740570	DB06772	investigational	1
nct01740726	DB00472	comparator	2
nct01741103	DB01261	investigational	2
nct01741155	DB01248	backbone	3
nct01742338	DB00860	backbone	2
nct01742338	DB14669	backbone	2
nct01742338	DB00620	backbone	2
nct01742338	DB00443	backbone	2
nct01742338	DB00741	backbone	2
nct01742338	DB00959	backbone	2
nct01742338	DB00635	backbone	2
nct01742338	DB01234	backbone	2
nct01742793	DB00480	backbone	2
nct01742793	DB06176	backbone	2
nct01743755	DB01234	investigational	2
nct01743885	DB00571	head_to_head	2
nct01743885	DB01193	head_to_head	2
nct01744912	DB00480	single_arm_combination	1
nct01745354	DB11100	investigational	1
nct01745367	DB01229	backbone	2
nct01745367	DB11800	investigational	2
nct01745913	DB01042	backbone	2
nct01745913	DB01073	backbone	2
nct01746173	DB01008	single_arm_combination	1
nct01746173	DB00997	single_arm_combination	1
nct01746173	DB01042	single_arm_combination	1
nct01746173	DB00773	single_arm_combination	1
nct01746173	DB00531	single_arm_combination	1
nct01746173	DB00441	single_arm_combination	1
nct01746173	DB00635	single_arm_combination	1
nct01747239	DB06772	investigational	1
nct01747499	DB00928	backbone	5
nct01747876	DB11730	investigational	1
nct01748123	DB00999	head_to_head	2
nct01748123	DB00310	head_to_head	2
nct01748162	DB00860	comparator	2
nct01748162	DB13867	investigational	2
nct01748240	DB02546	investigational	1
nct01748240	DB00928	investigational	1
nct01748812	DB01012	unmatched	0
nct01748851	DB01101	backbone	2
nct01749111	DB00531	investigational	2
nct01749293	DB01073	single_arm_combination	1
nct01749293	DB01008	single_arm_combination	1
nct01749293	DB00531	single_arm_combination	1
nct01750762	DB00480	investigational	1
nct01750866	DB06772	single_arm_combination	1
nct01750866	DB00635	single_arm_combination	1
nct01751425	DB08877	single_arm_combination	1
nct01751828	DB01104	investigational	1
nct01752023	DB00441	backbone	2
nct01752569	DB11689	investigational	1
nct01752790	DB00993	backbone	2
nct01752790	DB00959	comparator	2
nct01754376	DB08881	single_arm_combination	1
nct01754623	DB00544	single_arm_combination	1
nct01754623	DB01101	single_arm_combination	1
nct01754623	DB00441	single_arm_combination	1
nct01754623	DB01248	single_arm_combination	1
nct01754870	DB06769	investigational	1
nct01754870	DB00480	investigational	1
nct01754883	DB14509	investigational	1
nct01755325	DB00619	described_only	2
nct01755520	DB08816	investigational	2
nct01755871	DB08868	investigational	1
nct01756105	DB00331	investigational	2
nct01757015	DB00986	investigational	2
nct01757262	DB08816	investigational	2
nct01757262	DB00758	comparator	2
nct01757327	DB09143	investigational	2
nct01757691	DB08868	investigational	2
nct01757899	DB00959	investigational	2
nct01759238	DB01101	single_arm_combination	1
nct01759303	DB06589	investigational	1
nct01759914	DB00860	unmatched	2
nct01759914	DB14669	unmatched	2
nct01759914	DB00620	unmatched	2
nct01759914	DB00959	unmatched	2
nct01759914	DB00443	unmatched	2
nct01759914	DB00635	unmatched	2
nct01759914	DB01234	unmatched	2
nct01760252	DB01101	investigational	1
nct01760252	DB00762	investigational	1
nct01760304	DB01222	investigational	2
nct01760304	DB00983	investigational	2
nct01760993	DB01255	investigational	1
nct01761747	DB08901	investigational	1
nct01762644	DB00091	investigational	2
nct01762644	DB00338	backbone	2
nct01762657	DB00091	investigational	2
nct01762657	DB00448	investigational	2
nct01763437	DB00759	investigational	2
nct01764607	DB00877	investigational	1
nct01764672	DB00422	backbone	2
nct01764685	DB00273	investigational	2
nct01764997	DB00563	backbone	5
nct01765218	DB00273	investigational	2
nct01765270	DB06335	investigational	2
nct01765556	DB01026	investigational	2
nct01765556	DB08881	investigational	2
nct01765582	DB01101	backbone	3
nct01765582	DB00650	backbone	3
nct01765582	DB00544	backbone	3
nct01765582	DB00762	investigational	3
nct01766115	DB05521	investigational	1
nct01766128	DB00909	investigational	2
nct01766336	DB03106	backbone	2
nct01766505	DB00678	comparator	2
nct01766505	DB13919	investigational	2
nct01768767	DB01221	mixed	3
nct01768988	DB00230	investigational	2
nct01769027	DB00207	investigational	2
nct01769027	DB01104	backbone	2
nct01769027	DB01053	investigational	2
nct01769508	DB00544	single_arm_combination	1
nct01769508	DB01259	single_arm_combination	1
nct01769547	DB05928	investigational	1
nct01769885	DB11800	investigational	1
nct01769911	DB11919	single_arm_combination	1
nct01769911	DB01042	single_arm_combination	1
nct01769911	DB00773	single_arm_combination	1
nct01769911	DB00987	single_arm_combination	1
nct01769911	DB00262	single_arm_combination	1
nct01770600	DB00734	investigational	2
nct01771198	DB00641	investigational	1
nct01772537	DB00818	head_to_head	3
nct01772537	DB00753	head_to_head	3
nct01772719	DB00399	investigational	1
nct01772719	DB00641	investigational	1
nct01773187	DB11697	investigational	2
nct01773460	DB01590	investigational	2
nct01773616	DB00959	backbone	2
nct01773616	DB00688	backbone	2
nct01773785	DB01248	single_arm_combination	1
nct01774253	DB08828	investigational	1
nct01774487	DB00806	investigational	1
nct01774578	DB00441	backbone	3
nct01774578	DB01248	backbone	3
nct01774578	DB00642	backbone	3
nct01774851	DB01229	backbone	2
nct01775098	DB00437	backbone	2
nct01776008	DB00014	single_arm_combination	1
nct01776008	DB01217	single_arm_combination	1
nct01776320	DB00770	investigational	1
nct01777217	DB01591	investigational	2
nct01777464	DB05381	backbone	2
nct01777737	DB00440	described_only	2
nct01777776	DB11730	investigational	4
nct01777776	DB11718	backbone	4
nct01778647	DB00422	backbone	2
nct01779050	DB00997	backbone	2
nct01779050	DB00544	backbone	2
nct01779050	DB00531	backbone	2
nct01779050	DB01229	backbone	2
nct01779050	DB00445	backbone	2
nct01779050	DB01248	backbone	2
nct01779167	DB01041	single_arm_combination	1
nct01779167	DB00480	single_arm_combination	1
nct01781442	DB06287	investigational	1
nct01783054	DB00441	single_arm_combination	1
nct01783054	DB01229	single_arm_combination	1
nct01783340	DB00608	described_only	3
nct01783340	DB00207	mixed	3
nct01784523	DB01611	investigational	2
nct01784666	DB00270	investigational	3
nct01784861	DB01590	backbone	6
nct01784978	DB01590	backbone	2
nct01784978	DB01268	backbone	2
nct01785836	DB00250	backbone	4
nct01786161	DB00512	backbone	2
nct01786226	DB00834	backbone	2
nct01786538	DB00650	described_only	2
nct01786538	DB00544	described_only	2
nct01786538	DB08896	investigational	2
nct01787240	DB01175	investigational	2
nct01787578	DB07425	investigational	1
nct01787851	DB11677	backbone	2
nct01788475	DB01234	backbone	3
nct01789047	DB00273	investigational	2
nct01789333	DB00140	investigational	1
nct01789892	DB00959	investigational	1
nct01790295	DB08877	investigational	1
nct01790295	DB01073	unmatched	1
nct01790295	DB01008	unmatched	1
nct01790971	DB00295	backbone	2
nct01791192	DB08868	investigational	2
nct01793636	DB01590	backbone	2
nct01794000	DB06209	investigational	2
nct01794091	DB00700	investigational	2
nct01794169	DB00987	comparator	2
nct01794169	DB00694	comparator	2
nct01794169	DB00928	investigational	2
nct01794455	DB01104	investigational	2
nct01794455	DB13919	investigational	2
nct01794845	DB01248	single_arm_combination	1
nct01795170	DB00123	head_to_head	2
nct01795313	DB00724	single_arm_combination	1
nct01795430	DB01008	single_arm_combination	1
nct01795430	DB01181	single_arm_combination	1
nct01795430	DB01042	single_arm_combination	1
nct01795430	DB00773	single_arm_combination	1
nct01795430	DB01030	single_arm_combination	1
nct01795729	DB00945	described_only	2
nct01795924	DB00987	described_only	1
nct01796405	DB00631	backbone	2
nct01796470	DB09054	single_arm_combination	1
nct01797315	DB00877	investigational	2
nct01797380	DB01175	investigational	2
nct01797848	DB09102	investigational	2
nct01797848	DB00811	backbone	2
nct01798277	DB01118	head_to_head	2
nct01798277	DB00489	head_to_head	2
nct01798485	DB01248	backbone	2
nct01798576	DB00811	single_arm_combination	1
nct01798602	DB01098	described_only	2
nct01799057	DB00331	investigational	2
nct01799161	DB00277	backbone	3
nct01800097	DB00745	investigational	2
nct01801046	DB00987	single_arm_combination	1
nct01801046	DB01204	single_arm_combination	1
nct01801163	DB00398	investigational	1
nct01801358	DB11967	backbone	2
nct01801917	DB12371	investigational	3
nct01802255	DB00683	comparator	2
nct01802255	DB01236	investigational	2
nct01802359	DB11792	described_only	1
nct01802515	DB00289	investigational	3
nct01802593	DB00563	backbone	2
nct01802593	DB00993	backbone	2
nct01802658	DB00399	investigational	2
nct01803269	DB01030	comparator	2
nct01803607	DB06670	investigational	2
nct01803711	DB06700	backbone	2
nct01804777	DB00594	investigational	2
nct01805791	DB05767	investigational	3
nct01806051	DB00360	investigational	2
nct01806064	DB06626	backbone	2
nct01807156	DB11800	investigational	1
nct01807286	DB01042	single_arm_combination	1
nct01807286	DB08910	single_arm_combination	1
nct01807286	DB01234	single_arm_combination	1
nct01807741	DB06216	investigational	2
nct01808950	DB06530	backbone	3
nct01809340	DB01017	investigational	3
nct01809340	DB01221	investigational	3
nct01810185	DB00704	investigational	2
nct01810302	DB00622	investigational	2
nct01810575	DB00770	mixed	3
nct01810913	DB01248	investigational	4
nct01811693	DB00727	backbone	3
nct01812005	DB05220	backbone	2
nct01812434	DB00203	investigational	2
nct01812720	DB08889	single_arm_combination	1
nct01812720	DB01234	single_arm_combination	1
nct01813214	DB05239	investigational	2
nct01813214	DB08881	backbone	2
nct01813253	DB00762	backbone	2
nct01813656	DB01238	investigational	2
nct01813955	DB01113	described_only	1
nct01814046	DB01073	backbone	2
nct01814046	DB00531	backbone	2
nct01814059	DB00877	investigational	0
nct01814618	DB01222	investigational	2
nct01814865	DB01217	comparator	2
nct01815723	DB08908	mixed	3
nct01816659	DB00331	investigational	2
nct01817777	DB00331	backbone	2
nct01817803	DB00695	head_to_head	4
nct01817803	DB00524	head_to_head	4
nct01817803	DB00421	backbone	4
nct01818999	DB04845	investigational	1
nct01820325	DB01229	backbone	2
nct01820364	DB11718	investigational	1
nct01820793	DB01331	investigational	1
nct01821040	DB00635	backbone	2
nct01821625	DB06210	investigational	1
nct01821859	DB01229	single_arm_combination	1
nct01821898	DB01222	head_to_head	2
nct01821963	DB00811	single_arm_combination	1
nct01821963	DB05521	single_arm_combination	1
nct01822275	DB00853	investigational	1
nct01822496	DB08865	investigational	4
nct01822496	DB00530	investigational	4
nct01822756	DB08877	backbone	2
nct01822756	DB00441	backbone	2
nct01822756	DB01229	investigational	2
nct01822860	DB00999	comparator	3
nct01822860	DB00310	investigational	3
nct01822951	DB00843	comparator	2
nct01823393	DB09153	comparator	2
nct01823679	DB01101	investigational	1
nct01823835	DB09073	investigational	15
nct01824264	DB01261	comparator	9
nct01824303	DB00281	investigational	2
nct01824602	DB09119	investigational	4
nct01824823	DB08916	investigational	2
nct01825369	DB00583	investigational	1
nct01826175	DB08816	investigational	2
nct01826175	DB00758	comparator	2
nct01826370	DB08882	investigational	1
nct01826448	DB12978	backbone	4
nct01826448	DB08881	backbone	4
nct01826838	DB01254	investigational	1
nct01827930	DB00619	backbone	3
nct01828476	DB05812	backbone	2
nct01828476	DB12340	backbone	2
nct01828476	DB01611	investigational	2
nct01829464	DB01261	described_only	3
nct01829477	DB00222	backbone	2
nct01830101	DB00853	backbone	2
nct01830270	DB01229	single_arm_combination	1
nct01830270	DB00445	single_arm_combination	1
nct01830322	DB00441	mixed	4
nct01830790	DB00203	backbone	2
nct01830829	DB01126	investigational	2
nct01830829	DB00706	investigational	2
nct01832571	DB12753	described_only	1
nct01832571	DB00300	described_only	1
nct01832571	DB00879	described_only	1
nct01832727	DB01234	backbone	9
nct01832766	DB00470	investigational	2
nct01833455	DB01195	backbone	2
nct01833767	DB00531	investigational	1
nct01833845	DB00811	single_arm_combination	1
nct01833845	DB01611	single_arm_combination	1
nct01834183	DB00441	single_arm_combination	1
nct01834183	DB11800	single_arm_combination	1
nct01834235	DB00441	backbone	4
nct01834235	DB01229	backbone	4
nct01834274	DB01261	comparator	2
nct01834885	DB00938	comparator	2
nct01834885	DB13867	comparator	2
nct01834885	DB00986	unmatched	2
nct01834885	DB05039	unmatched	2
nct01835184	DB08875	single_arm_combination	1
nct01835184	DB08881	single_arm_combination	1
nct01836289	DB00531	investigational	1
nct01836341	DB00642	single_arm_combination	1
nct01836341	DB08916	single_arm_combination	1
nct01836432	DB00762	backbone	4
nct01836432	DB00544	backbone	4
nct01836432	DB01101	backbone	4
nct01836432	DB00441	backbone	4
nct01836432	DB01229	backbone	4
nct01836432	DB00650	backbone	4
nct01837797	DB09128	investigational	3
nct01837927	DB00986	investigational	2
nct01838174	DB00959	comparator	2
nct01838174	DB00635	comparator	2
nct01838200	DB00951	backbone	4
nct01838642	DB08901	backbone	2
nct01839526	DB01362	investigational	1
nct01841307	DB01003	investigational	1
nct01841463	DB15157	single_arm_combination	1
nct01841463	DB08881	single_arm_combination	1
nct01841502	DB00715	backbone	2
nct01841502	DB05521	investigational	2
nct01842282	DB01025	investigational	1
nct01842334	DB00260	described_only	2
nct01842594	DB00877	investigational	1
nct01842594	DB01611	investigational	1
nct01843062	DB11689	investigational	2
nct01843179	DB00605	single_arm_combination	1
nct01843738	DB08881	investigational	1
nct01843998	DB00877	investigational	1
nct01844076	DB01103	backbone	4
nct01844076	DB01101	backbone	4
nct01844427	DB01043	investigational	2
nct01845025	DB00588	backbone	2
nct01845025	DB00983	investigational	2
nct01845441	DB00683	comparator	2
nct01845441	DB00633	investigational	2
nct01845441	DB00813	comparator	2
nct01845623	DB05039	investigational	3
nct01845792	DB06772	backbone	2
nct01846026	DB00153	investigational	2
nct01846182	DB00476	head_to_head	3
nct01846182	DB00230	head_to_head	3
nct01846624	DB06595	single_arm_combination	1
nct01846624	DB01262	single_arm_combination	1
nct01847014	DB08932	investigational	1
nct01847495	DB00762	investigational	1
nct01847677	DB01229	backbone	2
nct01848301	DB03128	investigational	1
nct01848756	DB06070	investigational	1
nct01849276	DB00987	single_arm_combination	1
nct01849276	DB00331	single_arm_combination	1
nct01849588	DB00398	investigational	1
nct01849640	DB11638	unmatched	2
nct01849640	DB13941	backbone	2
nct01849640	DB01087	backbone	2
nct01851174	DB00441	single_arm_combination	1
nct01851174	DB01229	single_arm_combination	1
nct01851408	DB06287	single_arm_combination	1
nct01851408	DB00398	single_arm_combination	1
nct01852292	DB01229	backbone	2
nct01853228	DB00987	single_arm_combination	1
nct01853228	DB01262	single_arm_combination	1
nct01853982	DB09050	backbone	2
nct01853982	DB01606	backbone	2
nct01854099	DB00853	unmatched	3
nct01855724	DB00441	investigational	1
nct01855724	DB06589	investigational	1
nct01856101	DB11651	investigational	1
nct01856127	DB06684	investigational	2
nct01856322	DB00605	head_to_head	3
nct01857271	DB00530	investigational	1
nct01857726	DB00997	backbone	2
nct01857752	DB00853	investigational	1
nct01857817	DB00571	investigational	2
nct01857817	DB00749	investigational	2
nct01858064	DB00422	investigational	1
nct01858532	DB06199	investigational	2
nct01858662	DB00650	backbone	2
nct01858662	DB00544	backbone	2
nct01858662	DB00762	head_to_head	2
nct01858961	DB00811	backbone	2
nct01858961	DB05521	investigational	2
nct01858961	DB11808	investigational	2
nct01859182	DB11689	single_arm_combination	1
nct01859741	DB00773	backbone	2
nct01860040	DB00441	investigational	2
nct01860040	DB00642	investigational	2
nct01860066	DB00986	unmatched	2
nct01860066	DB05039	unmatched	2
nct01860664	DB00741	investigational	2
nct01861145	DB14512	investigational	2
nct01861301	DB12200	investigational	1
nct01861990	DB00313	investigational	1
nct01862263	DB04876	investigational	2
nct01863004	DB00188	investigational	1
nct01863667	DB00222	comparator	2
nct01863667	DB11992	investigational	2
nct01864070	DB01590	investigational	1
nct01865084	DB00820	investigational	3
nct01865188	DB00381	mixed	9
nct01866553	DB04868	single_arm_combination	1
nct01866930	DB09102	backbone	2
nct01866930	DB00811	backbone	2
nct01868243	DB00682	comparator	2
nct01868243	DB14726	investigational	2
nct01868503	DB01259	investigational	1
nct01868880	DB09083	investigational	2
nct01868880	DB00612	investigational	2
nct01868906	DB00853	backbone	2
nct01870726	DB11791	backbone	2
nct01871311	DB04868	investigational	1
nct01871571	DB00650	single_arm_combination	1
nct01871571	DB00544	single_arm_combination	1
nct01871662	DB00811	backbone	3
nct01872351	DB09270	investigational	1
nct01872351	DB08842	investigational	1
nct01872988	DB00300	investigational	2
nct01873495	DB04865	investigational	1
nct01873833	DB01101	single_arm_combination	1
nct01873833	DB01259	single_arm_combination	1
nct01873833	DB00531	single_arm_combination	1
nct01874756	DB07933	investigational	4
nct01875185	DB00945	investigational	1
nct01875237	DB01042	single_arm_combination	1
nct01875237	DB01073	single_arm_combination	1
nct01875237	DB04974	single_arm_combination	1
nct01876043	DB04977	investigational	1
nct01876251	DB01248	single_arm_combination	1
nct01876641	DB05239	investigational	1
nct01876641	DB01262	investigational	1
nct01876641	DB08881	investigational	1
nct01876953	DB00987	backbone	2
nct01876953	DB01177	backbone	2
nct01876953	DB01254	backbone	2
nct01878318	DB00563	single_arm_combination	1
nct01878708	DB01234	single_arm_combination	1
nct01878864	DB00297	investigational	2
nct01878864	DB00281	comparator	2
nct01880307	DB00993	backbone	2
nct01880437	DB00987	single_arm_combination	1
nct01880437	DB08828	single_arm_combination	1
nct01881412	DB13867	investigational	2
nct01881789	DB01234	backbone	6
nct01881789	DB00531	investigational	6
nct01881789	DB00480	investigational	6
nct01882218	DB11735	investigational	2
nct01882374	DB11720	investigational	1
nct01882387	DB11720	investigational	1
nct01882660	DB01262	investigational	1
nct01882764	DB05767	investigational	2
nct01884675	DB06403	investigational	2
nct01885949	DB08899	single_arm_combination	1
nct01885949	DB11800	single_arm_combination	1
nct01886313	DB09120	investigational	2
nct01886573	DB11841	single_arm_combination	1
nct01886573	DB00928	single_arm_combination	1
nct01887119	DB00700	investigational	2
nct01887132	DB00843	investigational	3
nct01887288	DB01101	single_arm_combination	1
nct01887288	DB00390	single_arm_combination	1
nct01887353	DB00243	investigational	2
nct01887522	DB00570	backbone	2
nct01887522	DB04868	investigational	2
nct01887587	DB00997	single_arm_combination	1
nct01887587	DB01234	single_arm_combination	1
nct01887691	DB00402	investigational	1
nct01888042	DB01590	investigational	1
nct01888562	DB08901	investigational	1
nct01888796	DB08882	investigational	2
nct01888965	DB05928	investigational	1
nct01889420	DB01590	investigational	1
nct01889420	DB08910	investigational	1
nct01889420	DB01234	described_only	1
nct01889680	DB00650	backbone	2
nct01889680	DB00544	backbone	2
nct01890772	DB00811	backbone	2
nct01890772	DB05521	backbone	2
nct01890772	DB00169	head_to_head	2
nct01890902	DB01009	investigational	2
nct01891357	DB01229	single_arm_combination	1
nct01891357	DB01259	single_arm_combination	1
nct01891643	DB00480	backbone	2
nct01891643	DB01234	backbone	2
nct01892644	DB01609	head_to_head	4
nct01893359	DB00140	investigational	3
nct01893385	DB00169	backbone	2
nct01893632	DB00996	investigational	2
nct01894022	DB06403	investigational	1
nct01894594	DB01390	investigational	1
nct01894984	DB00734	head_to_head	2
nct01897441	DB01229	investigational	6
nct01897441	DB00997	investigational	6
nct01897441	DB00531	investigational	6
nct01897454	DB00441	single_arm_combination	1
nct01897454	DB00650	single_arm_combination	1
nct01897454	DB00544	single_arm_combination	1
nct01897454	DB00762	single_arm_combination	1
nct01897714	DB01234	investigational	6
nct01898377	DB00619	investigational	1
nct01898377	DB00688	investigational	1
nct01898598	DB08828	investigational	2
nct01898806	DB00620	investigational	4
nct01899326	DB01151	single_arm_combination	1
nct01900327	DB00441	backbone	2
nct01900730	DB00313	investigational	2
nct01901224	DB00331	investigational	2
nct01901471	DB00091	investigational	2
nct01902186	DB00503	backbone	2
nct01902186	DB06817	investigational	2
nct01902186	DB01072	backbone	2
nct01902381	DB04519	investigational	1
nct01902862	DB00188	single_arm_combination	1
nct01902966	DB00571	investigational	1
nct01903057	DB00207	backbone	2
nct01903057	DB00518	backbone	2
nct01903473	DB00877	comparator	2
nct01904253	DB01030	comparator	2
nct01904253	DB09343	unmatched	2
nct01904253	DB06263	comparator	2
nct01904253	DB00432	unmatched	2
nct01904643	DB00480	single_arm_combination	1
nct01904786	DB01065	investigational	2
nct01905592	DB11793	investigational	2
nct01907009	DB01042	single_arm_combination	1
nct01907100	DB09079	investigational	2
nct01907100	DB00642	backbone	2
nct01907308	DB01248	single_arm_combination	1
nct01907594	DB00184	backbone	2
nct01907594	DB00260	investigational	2
nct01907815	DB08911	single_arm_combination	1
nct01908387	DB00928	investigational	1
nct01908751	DB00153	investigational	4
nct01910389	DB00820	investigational	2
nct01910441	DB00222	comparator	2
nct01910441	DB04876	investigational	2
nct01910532	DB04920	investigational	1
nct01910844	DB00531	single_arm_combination	1
nct01911325	DB01248	backbone	3
nct01911416	DB09143	investigational	1
nct01912625	DB08911	single_arm_combination	1
nct01912625	DB01229	single_arm_combination	1
nct01912872	DB01222	backbone	2
nct01912872	DB00983	backbone	2
nct01912963	DB08871	backbone	3
nct01913327	DB00734	comparator	2
nct01913327	DB00745	backbone	2
nct01913327	DB01238	investigational	2
nct01913535	DB12341	investigational	5
nct01915264	DB00331	investigational	1
nct01916109	DB00441	single_arm_combination	1
nct01916200	DB00715	investigational	2
nct01916902	DB08816	backbone	2
nct01917006	DB09153	comparator	7
nct01917318	DB04946	backbone	2
nct01918111	DB00640	comparator	2
nct01918761	DB11963	investigational	1
nct01918761	DB00642	investigational	1
nct01919229	DB11730	investigational	3
nct01919229	DB01006	backbone	3
nct01919996	DB00207	investigational	1
nct01921751	DB01101	investigational	3
nct01921751	DB00441	backbone	3
nct01921751	DB01229	backbone	3
nct01922141	DB00381	backbone	3
nct01922141	DB09026	investigational	3
nct01922141	DB00178	comparator	3
nct01923623	DB00296	backbone	2
nct01923909	DB00860	comparator	2
nct01923909	DB14669	comparator	2
nct01923909	DB00620	comparator	2
nct01923909	DB00959	comparator	2
nct01923909	DB00443	comparator	2
nct01923909	DB00635	comparator	2
nct01923909	DB01234	comparator	2
nct01924169	DB00480	single_arm_combination	1
nct01925092	DB00834	investigational	1
nct01925274	DB00762	backbone	2
nct01925950	DB00394	investigational	2
nct01926769	DB00331	investigational	1
nct01927055	DB06262	investigational	2
nct01927484	DB00563	investigational	2
nct01927718	DB01041	single_arm_combination	1
nct01927718	DB00480	single_arm_combination	1
nct01927757	DB00563	single_arm_combination	1
nct01928043	DB11672	investigational	1
nct01928160	DB00530	investigational	2
nct01928160	DB00642	backbone	2
nct01929317	DB00268	backbone	2
nct01929811	DB00445	backbone	2
nct01929811	DB00331	investigational	2
nct01929811	DB01248	backbone	2
nct01929811	DB00531	described_only	2
nct01929889	DB04946	investigational	1
nct01929941	DB00441	investigational	2
nct01929941	DB01229	investigational	2
nct01930292	DB01229	backbone	4
nct01932541	DB08815	investigational	1
nct01933061	DB01229	backbone	2
nct01933269	DB13146	investigational	1
nct01934335	DB05294	investigational	2
nct01935141	DB01249	backbone	2
nct01935622	DB00254	investigational	3
nct01935908	DB01202	investigational	2
nct01935947	DB11841	investigational	3
nct01935947	DB00928	investigational	3
nct01936974	DB00441	backbone	2
nct01937364	DB00181	investigational	2
nct01937507	DB00544	unmatched	1
nct01937507	DB03256	described_only	1
nct01937715	DB00650	backbone	2
nct01937715	DB00544	backbone	2
nct01937715	DB00762	backbone	2
nct01938144	DB00388	described_only	3
nct01938144	DB01114	described_only	3
nct01938144	DB01050	investigational	3
nct01938456	DB08911	single_arm_combination	1
nct01938456	DB01248	single_arm_combination	1
nct01938664	DB13919	investigational	2
nct01938716	DB00441	investigational	1
nct01938833	DB01229	single_arm_combination	1
nct01938833	DB06176	single_arm_combination	1
nct01939028	DB09374	single_arm_combination	1
nct01939223	DB08896	investigational	2
nct01939418	DB01590	single_arm_combination	1
nct01939418	DB00441	single_arm_combination	1
nct01939483	DB00762	investigational	1
nct01939548	DB08387	investigational	3
nct01939691	DB06781	investigational	3
nct01939691	DB06802	investigational	3
nct01939691	DB15566	investigational	3
nct01939990	DB04861	investigational	2
nct01940536	DB00302	investigational	2
nct01940809	DB08911	investigational	8
nct01940809	DB08912	investigational	8
nct01941004	DB08868	backbone	2
nct01941173	DB00650	single_arm_combination	1
nct01941173	DB00544	single_arm_combination	1
nct01941173	DB00762	single_arm_combination	1
nct01941550	DB06772	investigational	1
nct01941849	DB05294	investigational	1
nct01942187	DB01238	head_to_head	2
nct01942187	DB01156	head_to_head	2
nct01942993	DB08881	investigational	1
nct01943019	DB08882	investigational	1
nct01943058	DB00351	investigational	2
nct01943058	DB00367	investigational	2
nct01943188	DB00531	single_arm_combination	1
nct01944618	DB06292	investigational	1
nct01944657	DB00472	described_only	2
nct01944657	DB00215	described_only	2
nct01944657	DB00715	described_only	2
nct01944657	DB00780	described_only	2
nct01944657	DB01242	described_only	2
nct01944657	DB01175	described_only	2
nct01944657	DB01156	described_only	2
nct01944657	DB00176	described_only	2
nct01944657	DB00540	described_only	2
nct01944657	DB01104	described_only	2
nct01944657	DB00458	described_only	2
nct01944657	DB00285	described_only	2
nct01944657	DB00370	described_only	2
nct01944657	DB00476	described_only	2
nct01944943	DB08828	investigational	1
nct01944969	DB09128	investigational	1
nct01946152	DB08910	single_arm_combination	1
nct01946152	DB01234	single_arm_combination	1
nct01946399	DB01234	investigational	1
nct01946646	DB00441	described_only	1
nct01946646	DB09257	unmatched	1
nct01946646	DB09256	unmatched	1
nct01946646	DB03209	unmatched	1
nct01946880	DB01611	backbone	2
nct01946880	DB00635	backbone	2
nct01946880	DB00688	backbone	2
nct01947309	DB00480	investigational	1
nct01947699	DB01016	backbone	3
nct01948232	DB00790	investigational	1
nct01948817	DB01609	investigational	1
nct01949870	DB00441	single_arm_combination	1
nct01949870	DB11689	single_arm_combination	1
nct01950585	DB01005	investigational	0
nct01952249	DB01229	backbone	2
nct01952847	DB00130	investigational	4
nct01953406	DB00305	single_arm_combination	1
nct01953406	DB00544	single_arm_combination	1
nct01953445	DB01229	single_arm_combination	1
nct01953536	DB05168	investigational	3
nct01953536	DB01229	mixed	3
nct01953744	DB00196	investigational	2
nct01954082	DB13178	investigational	2
nct01954290	DB00872	investigational	2
nct01954732	DB00331	investigational	3
nct01954784	DB00188	single_arm_combination	1
nct01954784	DB00480	single_arm_combination	1
nct01955629	DB01101	single_arm_combination	1
nct01956604	DB00575	investigational	2
nct01956812	DB00441	backbone	2
nct01956864	DB00153	backbone	6
nct01957410	DB01221	investigational	2
nct01957631	DB00860	comparator	2
nct01957631	DB14669	comparator	2
nct01957631	DB00620	comparator	2
nct01957631	DB00443	comparator	2
nct01957631	DB00959	comparator	2
nct01957631	DB00635	comparator	2
nct01957631	DB01234	comparator	2
nct01957644	DB12062	backbone	3
nct01957644	DB00928	backbone	3
nct01957657	DB11808	backbone	4
nct01958112	DB08911	single_arm_combination	1
nct01958580	DB00441	single_arm_combination	1
nct01958580	DB01248	single_arm_combination	1
nct01958593	DB01454	investigational	2
nct01960023	DB11828	single_arm_combination	1
nct01960153	DB00820	investigational	2
nct01960387	DB00987	single_arm_combination	1
nct01960387	DB00631	single_arm_combination	1
nct01961388	DB00331	head_to_head	2
nct01961453	DB01020	investigational	2
nct01961908	DB05253	investigational	1
nct01962948	DB01229	backbone	4
nct01964235	DB11791	investigational	2
nct01964755	DB00997	single_arm_combination	1
nct01964755	DB00495	single_arm_combination	1
nct01964755	DB00563	single_arm_combination	1
nct01964755	DB01005	single_arm_combination	1
nct01964755	DB00650	single_arm_combination	1
nct01965834	DB01039	investigational	1
nct01967251	DB06267	investigational	4
nct01967875	DB01101	backbone	3
nct01967875	DB01248	investigational	3
nct01968590	DB00169	backbone	2
nct01969123	DB11726	investigational	3
nct01969136	DB11726	investigational	3
nct01969565	DB08889	single_arm_combination	1
nct01969565	DB01234	single_arm_combination	1
nct01969682	DB01045	single_arm_combination	1
nct01969682	DB11581	single_arm_combination	1
nct01969942	DB01042	investigational	2
nct01969942	DB01073	investigational	2
nct01969942	DB01008	investigational	2
nct01969942	DB00531	unmatched	2
nct01970462	DB01261	investigational	2
nct01971593	DB00700	backbone	2
nct01972438	DB09153	described_only	2
nct01972516	DB11800	investigational	2
nct01972854	DB00140	investigational	2
nct01974700	DB01202	investigational	2
nct01975194	DB01098	investigational	1
nct01975298	DB06685	investigational	3
nct01976195	DB01041	investigational	2
nct01976195	DB01234	backbone	2
nct01977729	DB01104	investigational	2
nct01977820	DB00360	investigational	2
nct01978236	DB08911	investigational	2
nct01978236	DB08912	backbone	2
nct01978457	DB00571	backbone	3
nct01979276	DB08910	single_arm_combination	1
nct01979276	DB06176	single_arm_combination	1
nct01979276	DB01234	single_arm_combination	1
nct01980277	DB01229	investigational	1
nct01980810	DB01229	single_arm_combination	1
nct01980810	DB09257	unmatched	1
nct01980810	DB09256	unmatched	1
nct01980810	DB03209	unmatched	1
nct01980875	DB09054	investigational	3
nct01980888	DB09054	investigational	2
nct01980888	DB06769	backbone	2
nct01980979	DB00374	investigational	1
nct01981668	DB06772	investigational	1
nct01981811	DB01238	investigational	1
nct01982487	DB11717	investigational	4
nct01983462	DB00999	comparator	3
nct01983462	DB00575	investigational	3
nct01984606	DB09038	investigational	2
nct01985477	DB00480	backbone	2
nct01985477	DB00755	backbone	2
nct01985477	DB01234	investigational	2
nct01985841	DB00544	single_arm_combination	1
nct01985841	DB00445	single_arm_combination	1
nct01985841	DB01248	single_arm_combination	1
nct01985841	DB00531	single_arm_combination	1
nct01985893	DB01101	described_only	2
nct01985893	DB01259	backbone	2
nct01986348	DB11942	backbone	4
nct01987960	DB09128	investigational	2
nct01988831	DB00571	investigational	2
nct01989052	DB01206	investigational	4
nct01990261	DB00530	investigational	1
nct01990352	DB00997	investigational	1
nct01991210	DB00997	unmatched	2
nct01993472	DB05767	unmatched	2
nct01993472	DB01101	backbone	2
nct01994590	DB05928	single_arm_combination	1
nct01994824	DB01075	unmatched	1
nct01994824	DB00454	unmatched	1
nct01994824	DB00316	unmatched	1
nct01994824	DB00959	unmatched	1
nct01995058	DB05812	backbone	4
nct01995058	DB08875	investigational	4
nct01995344	DB01073	backbone	2
nct01995344	DB00531	backbone	2
nct01996098	DB11737	investigational	3
nct01996852	DB00203	mixed	3
nct01997203	DB00153	investigational	2
nct01997255	DB01590	investigational	1
nct01997268	DB00159	unmatched	4
nct01997268	DB03756	unmatched	4
nct01997775	DB00331	investigational	1
nct01997840	DB08910	investigational	1
nct01997840	DB12376	investigational	1
nct01997840	DB01234	investigational	1
nct01998035	DB00928	backbone	7
nct01998035	DB06176	backbone	7
nct01998347	DB01229	investigational	2
nct01999335	DB08910	backbone	5
nct01999335	DB01234	backbone	5
nct02000726	DB00215	single_arm_combination	1
nct02002598	DB08889	single_arm_combination	1
nct02002598	DB01234	single_arm_combination	1
nct02002598	DB06769	single_arm_combination	1
nct02003573	DB12062	single_arm_combination	1
nct02003573	DB01262	single_arm_combination	1
nct02003664	DB00181	investigational	2
nct02003768	DB00818	investigational	2
nct02003768	DB01189	comparator	2
nct02003794	DB09153	investigational	2
nct02004184	DB00642	backbone	2
nct02004392	DB11726	backbone	2
nct02008006	DB01042	investigational	1
nct02008006	DB00773	investigational	1
nct02008006	DB06769	investigational	1
nct02008006	DB00987	investigational	1
nct02008019	DB01590	investigational	3
nct02008786	DB00178	investigational	2
nct02008786	DB01098	investigational	2
nct02009098	DB01112	backbone	2
nct02009423	DB11526	investigational	2
nct02010437	DB00464	backbone	3
nct02010437	DB11328	backbone	3
nct02010567	DB01101	backbone	2
nct02010645	DB01262	single_arm_combination	1
nct02010645	DB06210	single_arm_combination	1
nct02011321	DB04920	investigational	1
nct02011451	DB12116	unmatched	2
nct02011971	DB12131	backbone	4
nct02012192	DB01229	backbone	2
nct02012335	DB01221	investigational	2
nct02012777	DB00571	backbone	3
nct02013375	DB00877	single_arm_combination	1
nct02013375	DB00531	single_arm_combination	1
nct02013453	DB01229	backbone	3
nct02013453	DB00544	backbone	3
nct02013453	DB00642	backbone	3
nct02013453	DB00338	mixed	3
nct02013778	DB01611	unmatched	1
nct02014831	DB01229	described_only	2
nct02014831	DB01181	described_only	2
nct02015637	DB11943	investigational	2
nct02015637	DB01212	comparator	2
nct02015650	DB00305	head_to_head	2
nct02015650	DB00544	head_to_head	2
nct02015910	DB01261	investigational	2
nct02016820	DB00338	investigational	2
nct02017600	DB00544	single_arm_combination	1
nct02018523	DB00480	investigational	1
nct02019589	DB00396	investigational	3
nct02019979	DB00331	investigational	1
nct02020213	DB01263	investigational	1
nct02020941	DB08889	single_arm_combination	1
nct02020941	DB01234	single_arm_combination	1
nct02021201	DB06144	backbone	2
nct02021201	DB00734	backbone	2
nct02021929	DB00398	investigational	2
nct02022358	DB00650	backbone	2
nct02022358	DB00563	backbone	2
nct02023905	DB01590	backbone	3
nct02023905	DB00853	investigational	3
nct02025218	DB00317	investigational	1
nct02025426	DB01364	head_to_head	2
nct02025426	DB00388	head_to_head	2
nct02025881	DB04572	single_arm_combination	1
nct02025881	DB00853	single_arm_combination	1
nct02025881	DB01008	single_arm_combination	1
nct02025881	DB00762	single_arm_combination	1
nct02025881	DB00773	single_arm_combination	1
nct02025881	DB00531	single_arm_combination	1
nct02026232	DB01611	investigational	2
nct02028039	DB11952	investigational	1
nct02028312	DB00091	backbone	2
nct02028312	DB14596	investigational	2
nct02029274	DB12371	investigational	4
nct02029417	DB00987	single_arm_combination	1
nct02029417	DB01262	single_arm_combination	1
nct02029417	DB04865	single_arm_combination	1
nct02029690	DB00642	unmatched	1
nct02030015	DB00419	investigational	1
nct02030184	DB01030	described_only	1
nct02030314	DB00310	investigational	1
nct02030405	DB09570	investigational	1
nct02030483	DB09073	single_arm_combination	1
nct02030483	DB01234	single_arm_combination	1
nct02030483	DB00480	single_arm_combination	1
nct02030574	DB00441	investigational	1
nct02031536	DB01590	investigational	2
nct02031965	DB01234	single_arm_combination	1
nct02032654	DB00301	backbone	2
nct02032927	DB01183	head_to_head	2
nct02032927	DB00316	head_to_head	2
nct02032927	DB00318	head_to_head	2
nct02032927	DB00497	head_to_head	2
nct02033148	DB11737	investigational	1
nct02033538	DB01229	investigational	1
nct02034097	DB12307	backbone	3
nct02034097	DB00530	investigational	3
nct02034916	DB11760	investigational	1
nct02034968	DB01229	described_only	1
nct02035124	DB06772	single_arm_combination	1
nct02036463	DB00635	backbone	4
nct02036476	DB08875	investigational	1
nct02036502	DB08889	investigational	8
nct02036502	DB01234	backbone	8
nct02036502	DB00480	investigational	8
nct02037412	DB08816	investigational	2
nct02037412	DB00758	comparator	2
nct02037529	DB08871	investigational	2
nct02037529	DB01229	investigational	2
nct02038153	DB00480	investigational	1
nct02038478	DB00877	described_only	1
nct02038634	DB00443	backbone	2
nct02038803	DB00684	investigational	1
nct02038816	DB01609	investigational	2
nct02038816	DB00928	backbone	2
nct02040311	DB00273	investigational	3
nct02041299	DB00746	comparator	2
nct02041299	DB08826	investigational	2
nct02041819	DB01229	described_only	1
nct02042495	DB00331	investigational	1
nct02042573	DB01104	head_to_head	3
nct02042950	DB08889	investigational	1
nct02043587	DB01254	single_arm_combination	1
nct02043587	DB01033	described_only	1
nct02043587	DB00773	single_arm_combination	1
nct02043587	DB00531	single_arm_combination	1
nct02043587	DB00563	single_arm_combination	1
nct02043587	DB00694	single_arm_combination	1
nct02043587	DB00741	single_arm_combination	1
nct02043587	DB00987	single_arm_combination	1
nct02043587	DB00635	single_arm_combination	1
nct02043860	DB01042	single_arm_combination	1
nct02044601	DB01229	backbone	2
nct02044601	DB00530	investigational	2
nct02044822	DB09054	single_arm_combination	1
nct02045030	DB00650	investigational	1
nct02045030	DB00544	investigational	1
nct02045030	DB00762	investigational	1
nct02046187	DB00853	investigational	1
nct02046317	DB00297	unmatched	2
nct02046538	DB00650	backbone	2
nct02046538	DB00544	backbone	2
nct02046538	DB00762	backbone	2
nct02046551	DB00289	investigational	2
nct02047019	DB00796	backbone	3
nct02047019	DB01115	backbone	3
nct02047149	DB01254	single_arm_combination	1
nct02047149	DB00744	single_arm_combination	1
nct02047422	DB00695	investigational	4
nct02047422	DB00524	investigational	4
nct02047422	DB00421	investigational	4
nct02047500	DB00441	single_arm_combination	1
nct02047500	DB01229	single_arm_combination	1
nct02047630	DB00654	backbone	2
nct02048085	DB08816	investigational	2
nct02048085	DB00758	comparator	2
nct02048904	DB01261	investigational	2
nct02048943	DB00441	single_arm_combination	1
nct02048943	DB01229	single_arm_combination	1
nct02048943	DB05928	single_arm_combination	1
nct02049385	DB01119	investigational	2
nct02049736	DB01265	investigational	1
nct02049801	DB00987	single_arm_combination	1
nct02049801	DB01177	single_arm_combination	1
nct02049801	DB11967	single_arm_combination	1
nct02050009	DB01229	single_arm_combination	1
nct02050009	DB00331	single_arm_combination	1
nct02050321	DB08881	single_arm_combination	1
nct02050321	DB00459	single_arm_combination	1
nct02052193	DB08881	backbone	2
nct02052193	DB08912	backbone	2
nct02052440	DB00181	investigational	2
nct02052635	DB08816	investigational	2
nct02052635	DB00758	comparator	2
nct02053246	DB04861	investigational	1
nct02053545	DB00531	described_only	1
nct02053597	DB01229	single_arm_combination	1
nct02053597	DB00997	single_arm_combination	1
nct02053727	DB00442	unmatched	2
nct02054104	DB00482	investigational	2
nct02054104	DB00531	investigational	2
nct02054338	DB00441	backbone	2
nct02054338	DB11641	investigational	2
nct02054884	DB01229	backbone	2
nct02054936	DB00682	head_to_head	2
nct02054936	DB06228	head_to_head	2
nct02054949	DB06151	investigational	1
nct02055170	DB01216	investigational	1
nct02055196	DB00762	single_arm_combination	1
nct02055690	DB12577	investigational	2
nct02055690	DB06589	backbone	2
nct02055781	DB11697	investigational	3
nct02055963	DB01017	investigational	2
nct02056171	DB01224	investigational	2
nct02056223	DB00316	investigational	2
nct02056223	DB01050	comparator	2
nct02056288	DB00296	head_to_head	2
nct02056288	DB00813	head_to_head	2
nct02056678	DB00316	investigational	2
nct02057549	DB00502	investigational	2
nct02057770	DB01008	investigational	2
nct02057770	DB00531	investigational	2
nct02058108	DB01265	investigational	2
nct02058199	DB06228	backbone	4
nct02058537	DB01019	investigational	1
nct02058823	DB00381	head_to_head	4
nct02058823	DB00177	head_to_head	4
nct02058875	DB00091	investigational	3
nct02058875	DB01024	mixed	3
nct02059265	DB01254	investigational	1
nct02059850	DB00531	single_arm_combination	1
nct02059967	DB01229	single_arm_combination	1
nct02060487	DB00203	backbone	3
nct02060669	DB01101	investigational	2
nct02061163	DB00556	investigational	1
nct02061449	DB06176	backbone	2
nct02063425	DB00472	investigational	2
nct02063945	DB00734	head_to_head	2
nct02063945	DB00422	head_to_head	2
nct02065323	DB00624	described_only	2
nct02065323	DB05928	investigational	2
nct02065466	DB00853	single_arm_combination	1
nct02065466	DB01229	single_arm_combination	1
nct02066311	DB00220	investigational	1
nct02067104	DB08828	investigational	2
nct02067884	DB00556	investigational	1
nct02068079	DB08881	investigational	1
nct02068079	DB06824	investigational	1
nct02068625	DB01367	investigational	2
nct02069080	DB06809	investigational	1
nct02069834	DB08930	described_only	2
nct02069834	DB08864	described_only	2
nct02070042	DB01062	described_only	2
nct02070341	DB09268	investigational	2
nct02071641	DB01268	investigational	1
nct02072057	DB08877	investigational	1
nct02072096	DB00222	comparator	2
nct02072096	DB08882	backbone	2
nct02072096	DB01261	backbone	2
nct02072096	DB00331	backbone	2
nct02072096	DB01132	backbone	2
nct02072226	DB00945	comparator	2
nct02074007	DB01086	investigational	2
nct02074878	DB01268	backbone	3
nct02074878	DB08865	backbone	3
nct02075021	DB01229	single_arm_combination	1
nct02075021	DB00480	single_arm_combination	1
nct02075034	DB12146	backbone	3
nct02075047	DB00246	investigational	2
nct02075125	DB08816	investigational	2
nct02075125	DB06209	investigational	2
nct02076243	DB01229	investigational	1
nct02076594	DB01101	backbone	2
nct02076594	DB00445	investigational	2
nct02076594	DB01248	investigational	2
nct02077309	DB08882	investigational	2
nct02077959	DB00480	single_arm_combination	1
nct02078960	DB04865	investigational	1
nct02079220	DB01101	backbone	2
nct02079974	DB00175	investigational	1
nct02080078	DB00530	backbone	2
nct02080078	DB00277	backbone	2
nct02080195	DB01073	single_arm_combination	1
nct02080195	DB00864	single_arm_combination	1
nct02080195	DB00531	single_arm_combination	1
nct02080195	DB00688	single_arm_combination	1
nct02080416	DB00220	investigational	1
nct02081690	DB08932	investigational	1
nct02082405	DB00188	single_arm_combination	1
nct02082405	DB01234	single_arm_combination	1
nct02082405	DB00531	single_arm_combination	1
nct02082626	DB08871	investigational	1
nct02082717	DB01390	investigational	2
nct02083536	DB01248	investigational	1
nct02084004	DB04115	investigational	3
nct02085005	DB01101	single_arm_combination	1
nct02085265	DB00966	investigational	2
nct02085265	DB00790	comparator	2
nct02085304	DB00262	backbone	2
nct02085304	DB00853	backbone	2
nct02086487	DB04868	investigational	1
nct02086513	DB09143	investigational	1
nct02086591	DB00254	investigational	1
nct02087085	DB00484	investigational	2
nct02087176	DB11740	investigational	2
nct02087176	DB01248	unmatched	2
nct02087241	DB11740	investigational	2
nct02087241	DB00642	backbone	2
nct02087527	DB01234	investigational	2
nct02087813	DB00959	backbone	2
nct02088060	DB00334	comparator	3
nct02088060	DB09061	investigational	3
nct02088450	DB00999	described_only	2
nct02088450	DB01054	backbone	2
nct02088450	DB00584	described_only	2
nct02088957	DB05541	investigational	2
nct02088957	DB00252	comparator	2
nct02089178	DB00818	investigational	2
nct02089178	DB00899	backbone	2
nct02089178	DB01236	comparator	2
nct02089230	DB11967	backbone	3
nct02089334	DB01590	described_only	1
nct02089386	DB00675	investigational	1
nct02089802	DB06589	investigational	1
nct02090283	DB11100	investigational	1
nct02090296	DB01005	investigational	2
nct02090348	DB08908	investigational	1
nct02090959	DB05016	investigational	1
nct02090998	DB00321	backbone	2
nct02090998	DB00281	backbone	2
nct02091063	DB12376	investigational	1
nct02091752	DB08877	investigational	1
nct02092961	DB12010	mixed	3
nct02093299	DB00758	investigational	1
nct02093962	DB00642	backbone	2
nct02094651	DB00313	investigational	2
nct02094807	DB00316	backbone	2
nct02095184	DB01006	backbone	6
nct02095184	DB01217	backbone	6
nct02095522	DB01394	investigational	2
nct02095574	DB11581	investigational	1
nct02095717	DB11672	investigational	2
nct02095717	DB01248	backbone	2
nct02095782	DB01229	investigational	1
nct02095782	DB00530	investigational	1
nct02095847	DB01123	investigational	1
nct02096042	DB00928	investigational	2
nct02096133	DB00169	investigational	2
nct02096315	DB14777	investigational	1
nct02097225	DB08911	backbone	5
nct02097225	DB08912	backbone	5
nct02098148	DB13453	backbone	2
nct02098499	DB01075	backbone	2
nct02098499	DB01233	head_to_head	2
nct02098499	DB00502	head_to_head	2
nct02099331	DB01065	investigational	2
nct02099604	DB00153	investigational	2
nct02099604	DB00811	investigational	2
nct02099825	DB00834	backbone	2
nct02099825	DB00260	backbone	2
nct02100891	DB00864	unmatched	1
nct02100891	DB00877	unmatched	1
nct02100891	DB00531	unmatched	1
nct02100891	DB00688	unmatched	1
nct02100891	DB01073	unmatched	1
nct02101021	DB00441	backbone	2
nct02101021	DB01229	backbone	2
nct02101047	DB00388	backbone	3
nct02101164	DB00282	backbone	2
nct02102022	DB00544	investigational	1
nct02102022	DB03256	investigational	1
nct02102243	DB00556	backbone	2
nct02102438	DB01229	single_arm_combination	1
nct02102594	DB00188	investigational	1
nct02103465	DB05271	investigational	2
nct02103543	DB00860	described_only	2
nct02103543	DB14669	unmatched	2
nct02103543	DB00620	unmatched	2
nct02103543	DB00959	described_only	2
nct02103543	DB00443	unmatched	2
nct02103543	DB00635	described_only	2
nct02103543	DB01234	described_only	2
nct02103998	DB06715	investigational	2
nct02104011	DB00571	investigational	1
nct02105116	DB00987	single_arm_combination	1
nct02105623	DB01098	investigational	2
nct02106871	DB00203	backbone	2
nct02107859	DB05016	investigational	1
nct02108743	DB01001	investigational	2
nct02108782	DB05928	investigational	1
nct02108951	DB04868	investigational	1
nct02109081	DB01234	investigational	2
nct02109224	DB09053	investigational	1
nct02109315	DB00126	unmatched	2
nct02109445	DB00441	backbone	3
nct02109445	DB01229	backbone	3
nct02109614	DB00627	investigational	2
nct02109627	DB00987	single_arm_combination	1
nct02109653	DB11718	investigational	1
nct02110069	DB00877	investigational	2
nct02110784	DB11638	investigational	1
nct02110784	DB13941	investigational	1
nct02110953	DB00762	investigational	1
nct02110992	DB01248	investigational	1
nct02111096	DB01261	comparator	3
nct02111551	DB05708	backbone	3
nct02111785	DB01234	mixed	4
nct02111824	DB09374	investigational	3
nct02111863	DB01073	single_arm_combination	1
nct02111863	DB00531	single_arm_combination	1
nct02112045	DB01042	backbone	2
nct02112552	DB01229	single_arm_combination	1
nct02112630	DB00811	backbone	2
nct02112630	DB08873	backbone	2
nct02112643	DB11127	investigational	2
nct02113007	DB00853	investigational	1
nct02113267	DB14512	investigational	2
nct02113397	DB00684	backbone	2
nct02113553	DB06825	investigational	1
nct02113826	DB06589	investigational	1
nct02114502	DB01008	single_arm_combination	1
nct02114502	DB01042	single_arm_combination	1
nct02114502	DB08889	single_arm_combination	1
nct02114502	DB02546	single_arm_combination	1
nct02114502	DB00441	single_arm_combination	1
nct02114502	DB01234	single_arm_combination	1
nct02114528	DB01118	head_to_head	2
nct02114528	DB01035	head_to_head	2
nct02114528	DB00489	head_to_head	2
nct02114528	DB00379	head_to_head	2
nct02115035	DB08881	investigational	1
nct02115048	DB01006	backbone	2
nct02115048	DB08916	investigational	2
nct02115386	DB04868	investigational	1
nct02115464	DB00331	investigational	2
nct02115594	DB11841	investigational	2
nct02115594	DB00947	backbone	2
nct02115672	DB00619	described_only	1
nct02116660	DB06817	investigational	2
nct02116660	DB00709	backbone	2
nct02116660	DB00238	investigational	2
nct02116959	DB01042	backbone	2
nct02116959	DB00773	backbone	2
nct02117024	DB00531	investigational	2
nct02117076	DB00996	backbone	2
nct02117076	DB08872	head_to_head	2
nct02117336	DB15157	investigational	1
nct02117479	DB01101	backbone	2
nct02117479	DB08877	investigational	2
nct02117817	DB01229	single_arm_combination	1
nct02118597	DB00811	single_arm_combination	1
nct02118597	DB06290	single_arm_combination	1
nct02118597	DB08873	single_arm_combination	1
nct02118688	DB00734	head_to_head	4
nct02118688	DB00656	head_to_head	4
nct02119273	DB00635	investigational	2
nct02119650	DB08877	investigational	2
nct02119650	DB00642	backbone	2
nct02119663	DB01101	backbone	2
nct02119663	DB08877	investigational	2
nct02119676	DB08877	investigational	2
nct02119676	DB08896	backbone	2
nct02119806	DB00683	head_to_head	2
nct02119806	DB12537	head_to_head	2
nct02120261	DB00281	comparator	2
nct02120274	DB00153	investigational	2
nct02120274	DB00811	described_only	2
nct02120339	DB01136	investigational	1
nct02120417	DB01101	backbone	2
nct02120417	DB08877	investigational	2
nct02121288	DB08816	investigational	2
nct02121288	DB00758	comparator	2
nct02121405	DB01101	backbone	2
nct02122003	DB00398	investigational	1
nct02123966	DB00877	investigational	1
nct02124369	DB00441	single_arm_combination	1
nct02124369	DB01229	single_arm_combination	1
nct02124902	DB01248	backbone	2
nct02125617	DB05812	single_arm_combination	1
nct02126527	DB00877	single_arm_combination	1
nct02127151	DB11760	investigational	1
nct02127372	DB00619	no_arm_data	0
nct02127372	DB01248	no_arm_data	0
nct02127697	DB00986	investigational	2
nct02127905	DB01073	unmatched	1
nct02127905	DB00531	unmatched	1
nct02128230	DB00480	single_arm_combination	1
nct02128230	DB01042	single_arm_combination	1
nct02128230	DB08889	single_arm_combination	1
nct02128230	DB01041	single_arm_combination	1
nct02128230	DB01234	single_arm_combination	1
nct02128841	DB06228	investigational	1
nct02129062	DB09053	investigational	1
nct02129816	DB01591	unmatched	3
nct02130622	DB01069	investigational	2
nct02131012	DB00482	investigational	1
nct02131155	DB08916	investigational	2
nct02131506	DB01259	investigational	1
nct02131506	DB00997	investigational	1
nct02132403	DB00441	single_arm_combination	1
nct02132598	DB08875	investigational	1
nct02133885	DB01017	investigational	2
nct02134002	DB00822	investigational	2
nct02134015	DB00530	backbone	2
nct02134106	DB06211	investigational	2
nct02134366	DB00349	backbone	3
nct02134886	DB00530	investigational	1
nct02134912	DB08865	investigational	2
nct02134912	DB00642	backbone	2
nct02137096	DB01181	single_arm_combination	1
nct02137343	DB01101	backbone	2
nct02137837	DB01590	investigational	3
nct02137837	DB00947	backbone	3
nct02137837	DB01217	investigational	3
nct02138786	DB11942	investigational	1
nct02138812	DB01229	single_arm_combination	1
nct02138825	DB08931	backbone	2
nct02138838	DB01012	investigational	2
nct02139098	DB00321	mixed	5
nct02139098	DB00425	mixed	5
nct02140437	DB00947	investigational	2
nct02140437	DB01217	backbone	2
nct02140788	DB00159	unmatched	4
nct02140788	DB00331	head_to_head	4
nct02140840	DB08911	investigational	0
nct02141100	DB00352	investigational	1
nct02141295	DB00650	backbone	6
nct02141295	DB00544	backbone	6
nct02141477	DB01262	single_arm_combination	1
nct02141477	DB04865	single_arm_combination	1
nct02143050	DB08911	single_arm_combination	1
nct02143050	DB00331	single_arm_combination	1
nct02143050	DB08912	single_arm_combination	1
nct02144012	DB01248	comparator	2
nct02144246	DB00977	investigational	2
nct02144831	DB00758	backbone	2
nct02144831	DB00945	backbone	2
nct02145078	DB00441	single_arm_combination	1
nct02145078	DB01248	single_arm_combination	1
nct02145078	DB00642	single_arm_combination	1
nct02145598	DB00480	investigational	2
nct02145910	DB08881	backbone	2
nct02146833	DB11942	backbone	3
nct02146846	DB00619	investigational	1
nct02147132	DB00184	backbone	4
nct02147873	DB00928	backbone	2
nct02147990	DB11907	backbone	3
nct02148783	DB00422	investigational	1
nct02149901	DB00852	mixed	4
nct02150447	DB00448	investigational	2
nct02150473	DB00563	unmatched	2
nct02150499	DB13139	backbone	2
nct02150967	DB11886	investigational	1
nct02152059	DB09079	investigational	1
nct02153177	DB00956	backbone	2
nct02153177	DB01050	head_to_head	2
nct02153645	DB00915	investigational	3
nct02153905	DB01073	backbone	2
nct02153905	DB00531	backbone	2
nct02154243	DB00211	investigational	3
nct02154529	DB11973	backbone	4
nct02155634	DB00480	investigational	2
nct02157116	DB01248	single_arm_combination	1
nct02157272	DB06228	backbone	2
nct02158936	DB00928	backbone	2
nct02158936	DB06210	investigational	2
nct02159040	DB00928	backbone	2
nct02159040	DB01609	investigational	2
nct02159248	DB00441	investigational	1
nct02159248	DB09216	investigational	1
nct02159690	DB01126	no_arm_data	0
nct02159690	DB08899	no_arm_data	0
nct02159690	DB06699	no_arm_data	0
nct02160704	DB06735	investigational	2
nct02162537	DB00642	backbone	2
nct02162758	DB05351	backbone	2
nct02162979	DB00203	investigational	2
nct02163330	DB00819	investigational	2
nct02163356	DB05076	single_arm_combination	1
nct02163356	DB01026	single_arm_combination	1
nct02164734	DB00899	comparator	2
nct02166229	DB00313	investigational	1
nct02166658	DB06772	investigational	1
nct02167685	DB12151	investigational	1
nct02167698	DB00959	backbone	2
nct02168062	DB00014	backbone	2
nct02168062	DB06825	backbone	2
nct02168270	DB00853	investigational	1
nct02168270	DB00126	investigational	1
nct02168530	DB08828	investigational	2
nct02168777	DB08896	backbone	3
nct02168907	DB06769	single_arm_combination	1
nct02169284	DB00530	investigational	2
nct02170025	DB08931	investigational	2
nct02170298	DB01255	backbone	2
nct02170519	DB01088	backbone	2
nct02172508	DB01409	investigational	2
nct02173990	DB00650	investigational	1
nct02173990	DB00544	investigational	1
nct02173990	DB00762	investigational	1
nct02174094	DB00349	investigational	2
nct02174328	DB00945	investigational	2
nct02174445	DB00619	investigational	2
nct02174445	DB04868	comparator	2
nct02175654	DB08896	investigational	1
nct02176057	DB00207	investigational	2
nct02176187	DB00332	described_only	2
nct02176187	DB01288	backbone	2
nct02176200	DB01288	backbone	2
nct02176837	DB09112	investigational	1
nct02177266	DB01394	investigational	2
nct02177370	DB01288	investigational	2
nct02177760	DB00877	investigational	1
nct02177812	DB00755	backbone	2
nct02177825	DB00619	investigational	1
nct02178397	DB00530	investigational	2
nct02178566	DB00374	backbone	2
nct02178813	DB01017	investigational	1
nct02179138	DB14126	unmatched	1
nct02179151	DB12671	investigational	3
nct02179567	DB01248	single_arm_combination	1
nct02181790	DB00459	backbone	2
nct02182622	DB09143	backbone	4
nct02182622	DB01248	backbone	4
nct02182622	DB00635	backbone	4
nct02182700	DB00332	investigational	1
nct02182700	DB01001	investigational	1
nct02182869	DB00332	investigational	2
nct02182869	DB01001	backbone	2
nct02183246	DB06478	investigational	2
nct02183805	DB01229	investigational	1
nct02183805	DB00531	investigational	1
nct02184260	DB04817	investigational	2
nct02185547	DB01104	investigational	2
nct02185651	DB00419	backbone	2
nct02186158	DB00126	investigational	2
nct02186301	DB11907	investigational	2
nct02186301	DB00530	comparator	2
nct02187809	DB00349	investigational	1
nct02188368	DB00188	investigational	3
nct02188368	DB00997	unmatched	3
nct02188368	DB08889	investigational	3
nct02188368	DB00531	investigational	3
nct02188368	DB00959	investigational	3
nct02188368	DB08910	backbone	3
nct02188368	DB00635	investigational	3
nct02188368	DB01234	investigational	3
nct02189213	DB01104	investigational	2
nct02189668	DB01060	unmatched	2
nct02189668	DB01606	described_only	2
nct02189668	DB00319	described_only	2
nct02189915	DB00148	investigational	1
nct02190526	DB00321	investigational	3
nct02190526	DB00244	investigational	3
nct02190838	DB01065	investigational	3
nct02190838	DB00331	investigational	3
nct02190838	DB00851	backbone	3
nct02191748	DB00620	investigational	3
nct02192697	DB12036	backbone	3
nct02193152	DB06589	investigational	1
nct02194374	DB01073	single_arm_combination	1
nct02194374	DB00531	single_arm_combination	1
nct02194374	DB06769	single_arm_combination	1
nct02195791	DB01132	investigational	2
nct02195817	DB06230	head_to_head	2
nct02196168	DB11740	investigational	2
nct02196259	DB01221	backbone	3
nct02197286	DB00169	investigational	2
nct02198482	DB00987	backbone	3
nct02198482	DB00694	backbone	3
nct02198482	DB12062	investigational	3
nct02199223	DB08896	investigational	1
nct02199964	DB00091	investigational	2
nct02200354	DB00642	investigational	1
nct02200562	DB08912	investigational	1
nct02200848	DB09053	investigational	1
nct02200848	DB00480	investigational	1
nct02202304	DB00878	backbone	2
nct02203474	DB01409	mixed	5
nct02203578	DB06176	investigational	1
nct02203773	DB11581	backbone	3
nct02203773	DB01262	investigational	3
nct02203773	DB00928	investigational	3
nct02204020	DB00928	investigational	1
nct02204332	DB06772	investigational	2
nct02204345	DB01229	single_arm_combination	1
nct02204475	DB11574	investigational	2
nct02204475	DB11575	investigational	2
nct02204722	DB00619	backbone	2
nct02204982	DB11952	investigational	2
nct02205398	DB11791	single_arm_combination	1
nct02205463	DB11973	investigational	1
nct02205463	DB00650	described_only	1
nct02205463	DB00544	described_only	1
nct02205463	DB03256	unmatched	1
nct02205775	DB01076	investigational	4
nct02205775	DB00973	investigational	4
nct02205775	DB01098	investigational	4
nct02206763	DB00530	single_arm_combination	1
nct02206776	DB00683	comparator	2
nct02206776	DB01221	investigational	2
nct02206932	DB08934	investigational	1
nct02206932	DB06290	investigational	1
nct02207309	DB06589	investigational	2
nct02208063	DB06402	investigational	2
nct02208063	DB01053	comparator	2
nct02208063	DB00512	comparator	2
nct02208063	DB01327	comparator	2
nct02208310	DB00169	backbone	2
nct02209545	DB00929	investigational	2
nct02209701	DB06478	investigational	1
nct02209792	DB03044	investigational	5
nct02212015	DB01229	investigational	1
nct02212015	DB06589	investigational	1
nct02212275	DB00514	backbone	2
nct02212574	DB01206	single_arm_combination	1
nct02212574	DB09110	single_arm_combination	1
nct02212574	DB00531	single_arm_combination	1
nct02212613	DB09128	investigational	1
nct02213042	DB01259	head_to_head	3
nct02213133	DB11942	backbone	3
nct02214095	DB01296	investigational	2
nct02214706	DB00877	investigational	4
nct02214888	DB03044	investigational	3
nct02215044	DB00441	single_arm_combination	1
nct02215161	DB11942	investigational	1
nct02215174	DB01098	backbone	2
nct02215876	DB08871	single_arm_combination	1
nct02215876	DB00997	single_arm_combination	1
nct02215876	DB00531	single_arm_combination	1
nct02217007	DB00659	investigational	1
nct02217982	DB00836	investigational	2
nct02218762	DB00938	backbone	2
nct02218762	DB00588	backbone	2
nct02218775	DB12341	investigational	1
nct02218879	DB08908	investigational	1
nct02220088	DB00398	comparator	2
nct02220634	DB06213	investigational	1
nct02220972	DB08883	backbone	2
nct02221947	DB11752	investigational	2
nct02222207	DB08896	investigational	8
nct02222727	DB00843	investigational	2
nct02223299	DB11256	backbone	2
nct02223299	DB00135	investigational	2
nct02223299	DB00150	investigational	2
nct02225275	DB00480	single_arm_combination	1
nct02225574	DB11967	backbone	2
nct02225574	DB04868	backbone	2
nct02226172	DB11978	investigational	2
nct02227368	DB08816	investigational	2
nct02227784	DB01076	backbone	4
nct02227784	DB00973	comparator	4
nct02227914	DB00398	backbone	2
nct02228382	DB06616	investigational	1
nct02228512	DB00997	backbone	3
nct02228512	DB00773	backbone	3
nct02228512	DB00531	backbone	3
nct02228512	DB08910	backbone	3
nct02228512	DB00635	backbone	3
nct02229149	DB00361	backbone	2
nct02229149	DB01101	backbone	2
nct02229149	DB01229	backbone	2
nct02229149	DB01248	backbone	2
nct02229266	DB00987	comparator	2
nct02229981	DB12764	investigational	1
nct02230527	DB08816	investigational	2
nct02230527	DB00758	comparator	2
nct02230930	DB00714	head_to_head	4
nct02230930	DB00741	head_to_head	4
nct02231164	DB09079	investigational	2
nct02231164	DB01248	backbone	2
nct02231710	DB04974	investigational	1
nct02234011	DB01221	backbone	2
nct02234037	DB01262	investigational	1
nct02234180	DB08896	investigational	2
nct02234752	DB00674	single_arm_combination	1
nct02234752	DB01043	single_arm_combination	1
nct02235064	DB01104	investigational	2
nct02235311	DB00213	backbone	2
nct02235324	DB00650	single_arm_combination	1
nct02235324	DB00544	single_arm_combination	1
nct02235428	DB00332	investigational	2
nct02235428	DB01001	backbone	2
nct02235740	DB08889	backbone	5
nct02236572	DB01590	investigational	1
nct02238457	DB00678	backbone	2
nct02238977	DB00472	comparator	2
nct02238977	DB01156	investigational	2
nct02239510	DB08890	head_to_head	2
nct02239926	DB00243	investigational	2
nct02240108	DB01220	investigational	2
nct02240121	DB01220	investigational	2
nct02240641	DB09236	single_arm_combination	1
nct02240641	DB00612	single_arm_combination	1
nct02240641	DB01136	single_arm_combination	1
nct02240641	DB00571	single_arm_combination	1
nct02240641	DB00264	single_arm_combination	1
nct02241148	DB00316	comparator	2
nct02241551	DB00441	investigational	2
nct02241551	DB01229	investigational	2
nct02241551	DB00650	investigational	2
nct02241551	DB00544	investigational	2
nct02241720	DB08896	investigational	1
nct02242409	DB00441	investigational	1
nct02242409	DB01229	investigational	1
nct02242812	DB00966	investigational	2
nct02242812	DB00264	comparator	2
nct02243007	DB00762	investigational	2
nct02243007	DB00544	backbone	2
nct02243007	DB01101	backbone	2
nct02243007	DB00441	investigational	2
nct02243007	DB01229	investigational	2
nct02243007	DB00650	investigational	2
nct02243124	DB01234	backbone	3
nct02244164	DB08882	head_to_head	3
nct02244164	DB06335	head_to_head	3
nct02244164	DB01261	head_to_head	3
nct02244164	DB04876	head_to_head	3
nct02244489	DB01101	backbone	2
nct02245087	DB01076	investigational	2
nct02245230	DB11720	backbone	2
nct02246075	DB11726	backbone	3
nct02246920	DB00588	mixed	3
nct02247986	DB00422	investigational	0
nct02248701	DB13944	investigational	2
nct02248701	DB01216	investigational	2
nct02248870	DB00297	described_only	2
nct02248870	DB01234	investigational	2
nct02248922	DB00684	described_only	1
nct02250794	DB01261	investigational	2
nct02250794	DB00331	investigational	2
nct02251249	DB00316	backbone	2
nct02252796	DB01229	backbone	2
nct02252978	DB00537	investigational	2
nct02253394	DB06403	backbone	2
nct02253394	DB00421	investigational	2
nct02254239	DB01590	single_arm_combination	1
nct02254551	DB09143	single_arm_combination	1
nct02254551	DB00188	single_arm_combination	1
nct02254681	DB00441	single_arm_combination	1
nct02254954	DB00853	investigational	1
nct02254954	DB08932	investigational	1
nct02255110	DB00997	single_arm_combination	1
nct02255162	DB00987	single_arm_combination	1
nct02255162	DB00480	single_arm_combination	1
nct02255461	DB09073	investigational	1
nct02256124	DB00555	investigational	2
nct02256683	DB00946	comparator	2
nct02256683	DB14726	investigational	2
nct02256982	DB00441	backbone	2
nct02257619	DB01248	single_arm_combination	1
nct02258464	DB08913	investigational	2
nct02258529	DB09054	single_arm_combination	1
nct02258607	DB08911	backbone	3
nct02259517	DB01255	investigational	2
nct02259517	DB01018	investigational	2
nct02260349	DB09374	investigational	1
nct02261805	DB00997	backbone	3
nct02261883	DB00374	investigational	2
nct02262169	DB00338	comparator	2
nct02262702	DB00316	backbone	2
nct02263235	DB00149	investigational	3
nct02263898	DB11967	single_arm_combination	1
nct02263898	DB11718	single_arm_combination	1
nct02265510	DB00188	investigational	3
nct02265510	DB00480	investigational	3
nct02265510	DB08889	investigational	3
nct02265510	DB00441	investigational	3
nct02265510	DB01229	investigational	3
nct02265510	DB00928	investigational	3
nct02265510	DB08910	investigational	3
nct02265510	DB01234	investigational	3
nct02266433	DB00465	investigational	2
nct02266433	DB01234	comparator	2
nct02267317	DB04933	head_to_head	4
nct02267707	DB00441	backbone	2
nct02267707	DB01229	backbone	2
nct02268435	DB00619	investigational	1
nct02268435	DB05928	investigational	1
nct02269085	DB08889	single_arm_combination	1
nct02269085	DB09053	single_arm_combination	1
nct02269566	DB09153	comparator	2
nct02269579	DB00987	investigational	1
nct02269579	DB00694	investigational	1
nct02269670	DB00675	single_arm_combination	1
nct02269670	DB01006	single_arm_combination	1
nct02269670	DB00947	single_arm_combination	1
nct02269670	DB00351	single_arm_combination	1
nct02269670	DB01590	single_arm_combination	1
nct02269670	DB01217	single_arm_combination	1
nct02270827	DB01223	no_arm_data	0
nct02270827	DB00277	no_arm_data	0
nct02270827	DB00741	no_arm_data	0
nct02271906	DB08916	investigational	1
nct02272686	DB09053	investigational	1
nct02272699	DB01229	investigational	3
nct02272868	DB00338	backbone	2
nct02272868	DB01220	backbone	2
nct02274012	DB01229	single_arm_combination	1
nct02274012	DB08916	single_arm_combination	1
nct02274038	DB06198	unmatched	1
nct02274038	DB14930	unmatched	1
nct02274506	DB01073	single_arm_combination	1
nct02274506	DB00531	single_arm_combination	1
nct02275481	DB01274	investigational	2
nct02275481	DB01409	comparator	2
nct02275806	DB00762	single_arm_combination	1
nct02276560	DB00441	comparator	3
nct02276560	DB01229	investigational	3
nct02276560	DB00642	comparator	3
nct02277093	DB11697	investigational	1
nct02277457	DB08865	investigational	2
nct02277457	DB00530	investigational	2
nct02278783	DB08896	investigational	1
nct02279576	DB01229	single_arm_combination	1
nct02279576	DB06589	single_arm_combination	1
nct02279992	DB00862	investigational	2
nct02280239	DB00316	investigational	2
nct02281006	DB09499	investigational	2
nct02281279	DB06176	single_arm_combination	1
nct02281279	DB00480	single_arm_combination	1
nct02281799	DB00993	investigational	1
nct02281799	DB01033	investigational	1
nct02281838	DB00584	backbone	2
nct02281838	DB01275	backbone	2
nct02281838	DB00598	backbone	2
nct02281968	DB00465	described_only	2
nct02281968	DB00788	investigational	2
nct02282176	DB00207	investigational	2
nct02282241	DB01065	investigational	2
nct02282358	DB11830	investigational	1
nct02282384	DB00198	investigational	2
nct02283359	DB11942	single_arm_combination	1
nct02283359	DB00762	single_arm_combination	1
nct02283905	DB00582	single_arm_combination	1
nct02283905	DB00681	single_arm_combination	1
nct02284737	DB00203	backbone	2
nct02285543	DB00544	described_only	2
nct02285543	DB01248	described_only	2
nct02285855	DB00331	investigational	2
nct02286206	DB00363	investigational	1
nct02287025	DB08896	backbone	2
nct02288507	DB00398	investigational	1
nct02288897	DB00853	comparator	2
nct02288897	DB00851	comparator	2
nct02289144	DB09063	investigational	1
nct02289222	DB08910	single_arm_combination	1
nct02289222	DB01234	single_arm_combination	1
nct02290717	DB00588	investigational	3
nct02292225	DB11952	single_arm_combination	1
nct02292706	DB08934	head_to_head	8
nct02292706	DB00811	head_to_head	8
nct02292706	DB11613	head_to_head	8
nct02292706	DB09027	head_to_head	8
nct02292966	DB09102	investigational	1
nct02292966	DB11586	investigational	1
nct02292966	DB12225	investigational	1
nct02293096	DB00264	single_arm_combination	1
nct02294357	DB08910	investigational	5
nct02294357	DB08889	backbone	5
nct02294357	DB00480	investigational	5
nct02294357	DB01234	investigational	5
nct02294786	DB01101	backbone	2
nct02294786	DB01259	backbone	2
nct02295722	DB01042	single_arm_combination	1
nct02295722	DB00441	single_arm_combination	1
nct02295787	DB01221	investigational	2
nct02296346	DB00553	described_only	2
nct02296671	DB00650	investigational	2
nct02296671	DB00544	investigational	2
nct02296671	DB00642	backbone	2
nct02297230	DB01101	investigational	4
nct02297230	DB01229	investigational	4
nct02298153	DB11717	backbone	6
nct02298166	DB11832	investigational	2
nct02298595	DB12015	backbone	3
nct02299115	DB00860	investigational	2
nct02299115	DB01080	comparator	2
nct02299726	DB00421	investigational	2
nct02299765	DB00441	investigational	2
nct02299765	DB00317	backbone	2
nct02300935	DB08911	single_arm_combination	1
nct02300935	DB01229	single_arm_combination	1
nct02301390	DB01118	backbone	2
nct02301494	DB00724	investigational	2
nct02301494	DB01047	investigational	2
nct02302092	DB11935	investigational	2
nct02302092	DB01413	comparator	2
nct02302508	DB08816	backbone	4
nct02302508	DB00758	backbone	4
nct02302508	DB06209	backbone	4
nct02302846	DB09570	investigational	1
nct02303041	DB09143	backbone	2
nct02303405	DB01611	investigational	2
nct02303405	DB01132	comparator	2
nct02303782	DB00928	backbone	2
nct02303951	DB05239	single_arm_combination	1
nct02303951	DB08881	single_arm_combination	1
nct02303964	DB09153	comparator	2
nct02304289	DB09274	investigational	1
nct02304705	DB00203	investigational	2
nct02305056	DB00161	investigational	1
nct02305199	DB09153	head_to_head	2
nct02305563	DB00987	backbone	4
nct02306070	DB00331	backbone	2
nct02307474	DB06589	investigational	1
nct02308111	DB05990	investigational	2
nct02310997	DB01042	investigational	2
nct02310997	DB01073	investigational	2
nct02310997	DB01008	investigational	2
nct02310997	DB00531	backbone	2
nct02312804	DB01229	backbone	2
nct02312804	DB11886	backbone	2
nct02313909	DB06228	investigational	2
nct02313909	DB00945	comparator	2
nct02314143	DB08911	backbone	3
nct02314143	DB08912	backbone	3
nct02314247	DB11942	investigational	1
nct02315157	DB06769	backbone	2
nct02315625	DB01590	investigational	2
nct02315625	DB01268	investigational	2
nct02316496	DB00762	single_arm_combination	1
nct02317263	DB00624	investigational	2
nct02317276	DB00620	investigational	1
nct02318368	DB00530	backbone	2
nct02318537	DB09061	investigational	2
nct02318563	DB09061	investigational	2
nct02319200	DB00331	investigational	2
nct02319304	DB00650	investigational	1
nct02319304	DB00544	investigational	1
nct02319369	DB00928	investigational	5
nct02319616	DB11750	investigational	2
nct02319889	DB01229	single_arm_combination	1
nct02322190	DB00553	investigational	2
nct02322281	DB00642	comparator	3
nct02322281	DB00441	comparator	3
nct02322281	DB11907	investigational	3
nct02322281	DB01229	comparator	3
nct02322281	DB01248	comparator	3
nct02322814	DB05239	investigational	4
nct02322814	DB01229	backbone	4
nct02322853	DB00675	backbone	2
nct02323100	DB08909	investigational	2
nct02323126	DB11791	investigational	3
nct02323230	DB00531	single_arm_combination	1
nct02323269	DB08908	backbone	2
nct02323516	DB00836	backbone	2
nct02323516	DB00945	comparator	2
nct02323659	DB00563	head_to_head	2
nct02323906	DB00398	single_arm_combination	1
nct02324491	DB12671	investigational	3
nct02324699	DB00635	investigational	2
nct02325063	DB00860	unmatched	3
nct02325063	DB00959	unmatched	3
nct02325063	DB00635	unmatched	3
nct02326285	DB00317	single_arm_combination	1
nct02326285	DB01248	single_arm_combination	1
nct02326350	DB00945	investigational	2
nct02326779	DB00945	investigational	2
nct02326844	DB11760	investigational	1
nct02327182	DB11726	backbone	2
nct02329379	DB00451	mixed	8
nct02329795	DB00853	investigational	1
nct02331095	DB01076	investigational	2
nct02331251	DB00361	investigational	6
nct02331251	DB00997	investigational	6
nct02331251	DB00762	investigational	6
nct02331251	DB00441	investigational	6
nct02331251	DB01229	investigational	6
nct02331251	DB01248	investigational	6
nct02332889	DB01262	single_arm_combination	1
nct02333045	DB14126	unmatched	2
nct02333045	DB12753	unmatched	2
nct02333045	DB00879	unmatched	2
nct02333344	DB00399	investigational	2
nct02334527	DB09073	investigational	1
nct02335944	DB11791	backbone	6
nct02336048	DB00291	backbone	2
nct02336308	DB01221	investigational	2
nct02337517	DB08828	investigational	1
nct02338232	DB00966	investigational	1
nct02338570	DB01590	investigational	1
nct02340156	DB00853	single_arm_combination	1
nct02340221	DB12108	investigational	2
nct02340221	DB00947	backbone	2
nct02341105	DB01118	head_to_head	2
nct02341209	DB00254	investigational	1
nct02341495	DB00169	single_arm_combination	1
nct02341495	DB01609	single_arm_combination	1
nct02341495	DB00928	single_arm_combination	1
nct02342353	DB00530	backbone	2
nct02342353	DB11697	backbone	2
nct02342548	DB08387	backbone	2
nct02342600	DB08911	single_arm_combination	1
nct02342600	DB06589	single_arm_combination	1
nct02342704	DB08868	comparator	2
nct02343159	DB08908	backbone	3
nct02343549	DB00853	single_arm_combination	1
nct02343575	DB00313	investigational	2
nct02343666	DB06809	single_arm_combination	1
nct02343666	DB00262	single_arm_combination	1
nct02343666	DB11919	single_arm_combination	1
nct02343679	DB09063	investigational	1
nct02343939	DB00987	investigational	3
nct02343939	DB01262	investigational	3
nct02343939	DB00694	investigational	3
nct02343939	DB00928	investigational	3
nct02344810	DB00650	backbone	2
nct02344810	DB00544	backbone	2
nct02345460	DB00650	single_arm_combination	1
nct02345460	DB00544	single_arm_combination	1
nct02345460	DB00762	single_arm_combination	1
nct02345746	DB00544	single_arm_combination	1
nct02345746	DB03256	single_arm_combination	1
nct02345772	DB01248	single_arm_combination	1
nct02345772	DB00947	single_arm_combination	1
nct02346370	DB01248	single_arm_combination	1
nct02346630	DB00190	investigational	2
nct02346630	DB01235	investigational	2
nct02347033	DB01104	head_to_head	2
nct02347163	DB00399	investigational	1
nct02348255	DB00262	single_arm_combination	1
nct02348281	DB01128	investigational	1
nct02348398	DB01030	single_arm_combination	1
nct02348398	DB06589	single_arm_combination	1
nct02349386	DB00783	investigational	4
nct02349516	DB06461	backbone	4
nct02349633	DB09073	investigational	4
nct02350543	DB00945	investigational	2
nct02351037	DB00987	investigational	3
nct02351037	DB09053	backbone	3
nct02351037	DB00928	investigational	3
nct02351505	DB11942	investigational	1
nct02351869	DB06690	investigational	2
nct02351869	DB00683	comparator	2
nct02352831	DB01101	backbone	2
nct02352831	DB11781	backbone	2
nct02353130	DB01043	investigational	1
nct02353468	DB00188	single_arm_combination	1
nct02353468	DB00480	single_arm_combination	1
nct02353468	DB01234	single_arm_combination	1
nct02353572	DB01042	single_arm_combination	1
nct02353572	DB00188	single_arm_combination	1
nct02353741	DB00317	described_only	1
nct02353741	DB00530	investigational	1
nct02354547	DB01030	single_arm_combination	1
nct02354547	DB00531	single_arm_combination	1
nct02355431	DB00530	backbone	2
nct02356458	DB00188	single_arm_combination	1
nct02356458	DB09053	single_arm_combination	1
nct02356640	DB00297	unmatched	2
nct02356640	DB01002	head_to_head	2
nct02357004	DB00310	investigational	2
nct02357004	DB01136	investigational	2
nct02357147	DB00642	backbone	2
nct02357225	DB00545	backbone	2
nct02357277	DB01222	investigational	3
nct02357732	DB08911	investigational	3
nct02357732	DB08912	investigational	3
nct02357849	DB00472	head_to_head	2
nct02357849	DB01238	head_to_head	2
nct02358200	DB01229	single_arm_combination	1
nct02358200	DB11760	single_arm_combination	1
nct02358265	DB11614	backbone	4
nct02358642	DB00722	investigational	2
nct02358863	DB00762	single_arm_combination	1
nct02358863	DB01101	single_arm_combination	1
nct02358863	DB00445	single_arm_combination	1
nct02358863	DB03256	single_arm_combination	1
nct02358863	DB01248	single_arm_combination	1
nct02360111	DB00531	investigational	1
nct02362230	DB11737	investigational	1
nct02365233	DB00331	described_only	3
nct02365233	DB01132	head_to_head	3
nct02365870	DB05271	investigational	2
nct02366299	DB00818	head_to_head	2
nct02366299	DB00633	head_to_head	2
nct02366819	DB00650	single_arm_combination	1
nct02366819	DB00544	single_arm_combination	1
nct02366819	DB00762	single_arm_combination	1
nct02367352	DB05220	backbone	3
nct02367352	DB01229	backbone	3
nct02367651	DB06589	investigational	2
nct02367690	DB11942	backbone	3
nct02368431	DB00909	investigational	2
nct02369900	DB00187	investigational	2
nct02370095	DB00374	investigational	2
nct02370888	DB00480	investigational	1
nct02371577	DB00480	investigational	1
nct02371590	DB00480	single_arm_combination	1
nct02372240	DB01234	investigational	1
nct02372318	DB06230	investigational	2
nct02372409	DB00773	investigational	2
nct02372409	DB00997	investigational	2
nct02372695	DB00910	investigational	2
nct02373241	DB00678	backbone	2
nct02373462	DB00275	investigational	2
nct02373865	DB00222	comparator	2
nct02373865	DB01261	investigational	2
nct02374099	DB00947	backbone	2
nct02374099	DB00928	investigational	2
nct02374489	DB09063	investigational	1
nct02374957	DB01166	investigational	2
nct02376699	DB00441	investigational	6
nct02376699	DB01229	investigational	6
nct02376972	DB01220	investigational	4
nct02378142	DB06589	investigational	1
nct02378415	DB01221	investigational	2
nct02378623	DB06605	investigational	2
nct02379390	DB06772	investigational	2
nct02379390	DB08899	comparator	2
nct02379442	DB00860	unmatched	1
nct02379442	DB14669	unmatched	1
nct02379442	DB00620	unmatched	1
nct02379442	DB00443	unmatched	1
nct02379442	DB00741	unmatched	1
nct02379442	DB00959	unmatched	1
nct02379442	DB00635	unmatched	1
nct02379442	DB01234	unmatched	1
nct02379585	DB01248	backbone	2
nct02379585	DB00997	head_to_head	2
nct02379585	DB00531	head_to_head	2
nct02379585	DB01229	backbone	2
nct02380313	DB05812	investigational	10
nct02380313	DB08899	investigational	10
nct02381548	DB05015	single_arm_combination	1
nct02381548	DB11740	single_arm_combination	1
nct02381600	DB00153	investigational	1
nct02382406	DB01229	backbone	2
nct02382588	DB01004	investigational	2
nct02383121	DB00211	investigational	1
nct02383433	DB00441	single_arm_combination	1
nct02383433	DB08896	single_arm_combination	1
nct02384746	DB09570	single_arm_combination	1
nct02384746	DB00947	single_arm_combination	1
nct02384850	DB00650	single_arm_combination	1
nct02384850	DB11942	single_arm_combination	1
nct02384850	DB00544	single_arm_combination	1
nct02385500	DB06702	backbone	2
nct02386111	DB01268	investigational	1
nct02386735	DB00635	comparator	2
nct02387164	DB00169	backbone	2
nct02387164	DB00142	unmatched	2
nct02387216	DB01248	backbone	2
nct02387229	DB06228	head_to_head	2
nct02388477	DB00254	investigational	2
nct02389543	DB00480	backbone	2
nct02389543	DB11942	backbone	2
nct02389543	DB01234	backbone	2
nct02389712	DB00472	head_to_head	2
nct02389712	DB00555	head_to_head	2
nct02389764	DB09079	investigational	1
nct02389985	DB01229	backbone	2
nct02390284	DB01194	investigational	3
nct02390284	DB00905	investigational	3
nct02390284	DB00373	investigational	3
nct02390284	DB00287	investigational	3
nct02390284	DB00869	investigational	3
nct02390284	DB00703	investigational	3
nct02390284	DB00819	investigational	3
nct02390284	DB00654	investigational	3
nct02390362	DB00688	described_only	2
nct02390440	DB00297	investigational	1
nct02390739	DB01073	single_arm_combination	1
nct02390739	DB00531	single_arm_combination	1
nct02391545	DB11952	backbone	2
nct02392286	DB00860	backbone	2
nct02392286	DB14669	backbone	2
nct02392286	DB00620	backbone	2
nct02392286	DB00443	backbone	2
nct02392286	DB00959	backbone	2
nct02392286	DB00635	backbone	2
nct02392286	DB01234	backbone	2
nct02392377	DB01229	investigational	2
nct02392377	DB00650	investigational	2
nct02392377	DB00544	investigational	2
nct02392572	DB11581	backbone	5
nct02392572	DB14844	backbone	5
nct02392676	DB09074	investigational	2
nct02393209	DB01248	backbone	4
nct02394418	DB00818	head_to_head	3
nct02394418	DB01236	head_to_head	3
nct02394418	DB00633	head_to_head	3
nct02394665	DB00853	backbone	2
nct02395627	DB02546	backbone	3
nct02395627	DB00675	investigational	3
nct02395692	DB00853	single_arm_combination	1
nct02395783	DB01065	investigational	3
nct02396030	DB00653	backbone	2
nct02396628	DB08877	described_only	2
nct02396732	DB00945	investigational	2
nct02397395	DB09102	single_arm_combination	1
nct02397395	DB06290	single_arm_combination	1
nct02398136	DB00683	comparator	2
nct02398136	DB01221	investigational	2
nct02398825	DB08901	investigational	1
nct02398994	DB00959	backbone	2
nct02399800	DB00297	investigational	2
nct02399800	DB00620	investigational	2
nct02399852	DB08827	investigational	0
nct02399917	DB00928	backbone	3
nct02400242	DB08910	single_arm_combination	1
nct02400242	DB01234	single_arm_combination	1
nct02400385	DB01268	single_arm_combination	1
nct02401542	DB01248	comparator	3
nct02401594	DB06228	investigational	2
nct02402036	DB08896	investigational	1
nct02402114	DB00741	backbone	2
nct02402348	DB00331	investigational	1
nct02402725	DB01234	investigational	1
nct02403895	DB01229	single_arm_combination	1
nct02404220	DB01234	backbone	4
nct02404363	DB00758	investigational	2
nct02404506	DB08871	investigational	1
nct02405585	DB00441	single_arm_combination	1
nct02405585	DB00650	single_arm_combination	1
nct02405585	DB00544	single_arm_combination	1
nct02405793	DB00814	backbone	3
nct02405910	DB00441	backbone	2
nct02405910	DB01229	backbone	2
nct02406508	DB01042	investigational	1
nct02406508	DB00398	investigational	1
nct02407314	DB08816	investigational	2
nct02407314	DB00945	backbone	2
nct02407626	DB00818	comparator	2
nct02407626	DB01236	investigational	2
nct02407821	DB01175	investigational	2
nct02408042	DB09110	head_to_head	3
nct02408042	DB00773	head_to_head	3
nct02408042	DB01181	head_to_head	3
nct02408328	DB00201	head_to_head	2
nct02408419	DB00297	investigational	2
nct02409238	DB00331	investigational	2
nct02409355	DB00441	comparator	2
nct02409433	DB06218	investigational	2
nct02409433	DB00252	comparator	2
nct02410005	DB00678	backbone	2
nct02410005	DB00136	investigational	2
nct02410551	DB01073	single_arm_combination	1
nct02410551	DB01008	single_arm_combination	1
nct02410551	DB11697	single_arm_combination	1
nct02410590	DB00202	comparator	2
nct02410590	DB01400	comparator	2
nct02410590	DB00572	comparator	2
nct02410590	DB00565	comparator	2
nct02410590	DB00728	investigational	2
nct02410863	DB08911	backbone	2
nct02410863	DB08912	backbone	2
nct02411643	DB02300	investigational	1
nct02412371	DB07232	investigational	4
nct02412371	DB01229	backbone	4
nct02412475	DB02546	single_arm_combination	1
nct02412475	DB01073	single_arm_combination	1
nct02412475	DB01262	single_arm_combination	1
nct02412475	DB00987	single_arm_combination	1
nct02413047	DB00563	single_arm_combination	1
nct02413047	DB00993	single_arm_combination	1
nct02413047	DB01033	single_arm_combination	1
nct02413853	DB00650	backbone	2
nct02413853	DB00544	backbone	2
nct02414165	DB01099	investigational	2
nct02414451	DB00571	investigational	2
nct02414555	DB03166	described_only	2
nct02414555	DB09153	head_to_head	2
nct02414724	DB11730	single_arm_combination	1
nct02414724	DB00441	single_arm_combination	1
nct02414750	DB05239	investigational	1
nct02414750	DB08881	investigational	1
nct02414776	DB01611	investigational	1
nct02415036	DB01042	backbone	2
nct02415608	DB09053	backbone	2
nct02416102	DB00678	backbone	3
nct02416570	DB01211	investigational	2
nct02418702	DB01221	investigational	2
nct02419170	DB00531	single_arm_combination	1
nct02419469	DB00997	single_arm_combination	1
nct02419469	DB00352	single_arm_combination	1
nct02419469	DB01033	single_arm_combination	1
nct02419469	DB00531	single_arm_combination	1
nct02419469	DB00563	single_arm_combination	1
nct02419469	DB00694	single_arm_combination	1
nct02419469	DB00987	single_arm_combination	1
nct02419469	DB00635	single_arm_combination	1
nct02419469	DB01234	single_arm_combination	1
nct02419495	DB00997	investigational	15
nct02419495	DB00762	investigational	15
nct02419495	DB08871	investigational	15
nct02419495	DB09074	investigational	15
nct02419495	DB11942	backbone	15
nct02419495	DB00544	investigational	15
nct02419495	DB00531	investigational	15
nct02419495	DB00642	investigational	15
nct02419495	DB01101	investigational	15
nct02419495	DB01229	investigational	15
nct02419495	DB01030	investigational	15
nct02419495	DB00650	investigational	15
nct02419638	DB08908	head_to_head	2
nct02419755	DB02546	backbone	2
nct02419755	DB00188	backbone	2
nct02420210	DB06769	single_arm_combination	1
nct02420210	DB01234	single_arm_combination	1
nct02420496	DB01586	comparator	3
nct02420509	DB01101	investigational	1
nct02420509	DB00650	investigational	1
nct02420509	DB00544	investigational	1
nct02420587	DB08079	investigational	1
nct02420652	DB00331	investigational	2
nct02420652	DB00945	investigational	2
nct02420717	DB08877	investigational	3
nct02420717	DB01254	investigational	3
nct02420795	DB14844	investigational	1
nct02421419	DB00281	head_to_head	3
nct02421419	DB09153	head_to_head	3
nct02421575	DB01611	backbone	3
nct02421926	DB00619	investigational	1
nct02421926	DB01254	investigational	1
nct02421926	DB04868	investigational	1
nct02422303	DB01221	investigational	2
nct02422368	DB00959	backbone	2
nct02422446	DB00159	investigational	2
nct02423083	DB00629	investigational	1
nct02423148	DB09374	investigational	1
nct02423954	DB06287	investigational	3
nct02423954	DB01101	investigational	3
nct02423954	DB00762	investigational	3
nct02425306	DB00531	investigational	4
nct02425683	DB08896	investigational	2
nct02425813	DB14644	single_arm_combination	1
nct02427308	DB09031	investigational	1
nct02427893	DB05239	backbone	2
nct02427893	DB08881	backbone	2
nct02428218	DB08908	investigational	2
nct02428764	DB00441	single_arm_combination	1
nct02429089	DB11730	investigational	1
nct02429505	DB09031	investigational	1
nct02429804	DB08913	described_only	1
nct02430532	DB08908	backbone	2
nct02431221	DB01074	investigational	2
nct02431351	DB11942	investigational	1
nct02432066	DB05708	investigational	2
nct02432378	DB01229	unmatched	2
nct02432378	DB00482	backbone	2
nct02432417	DB00608	investigational	2
nct02432612	DB14011	investigational	1
nct02433353	DB00285	investigational	2
nct02433535	DB00641	investigational	2
nct02435303	DB00203	investigational	2
nct02435836	DB01238	investigational	1
nct02436135	DB08877	backbone	4
nct02436135	DB09054	backbone	4
nct02436512	DB00435	investigational	1
nct02438007	DB08899	comparator	2
nct02438852	DB00296	investigational	2
nct02439138	DB09054	investigational	1
nct02439281	DB00575	investigational	2
nct02439281	DB00296	backbone	2
nct02439723	DB08896	investigational	1
nct02439788	DB01073	single_arm_combination	1
nct02439788	DB00531	single_arm_combination	1
nct02439957	DB01610	head_to_head	2
nct02439957	DB12151	head_to_head	2
nct02439970	DB01610	head_to_head	2
nct02439970	DB12151	head_to_head	2
nct02440568	DB04865	backbone	4
nct02441270	DB00531	investigational	1
nct02441309	DB01181	investigational	3
nct02441491	DB00531	investigational	1
nct02441517	DB08899	investigational	1
nct02442739	DB01221	investigational	2
nct02443142	DB00316	comparator	2
nct02443142	DB01050	investigational	2
nct02443194	DB00476	investigational	2
nct02444364	DB01261	investigational	1
nct02444728	DB01611	backbone	2
nct02444728	DB00993	head_to_head	2
nct02444728	DB00959	backbone	2
nct02444728	DB00531	head_to_head	2
nct02446132	DB00514	described_only	3
nct02446132	DB00908	unmatched	3
nct02446145	DB01262	described_only	2
nct02446145	DB00928	described_only	2
nct02446145	DB06210	investigational	2
nct02446652	DB01275	investigational	2
nct02446652	DB01229	backbone	2
nct02446652	DB00313	described_only	2
nct02447016	DB08864	investigational	2
nct02447016	DB00625	comparator	2
nct02447016	DB00300	backbone	2
nct02447016	DB00879	backbone	2
nct02447055	DB01042	single_arm_combination	1
nct02447055	DB01073	single_arm_combination	1
nct02447887	DB09570	single_arm_combination	1
nct02447939	DB08911	single_arm_combination	1
nct02447939	DB08912	single_arm_combination	1
nct02448095	DB08901	investigational	1
nct02448251	DB15327	backbone	2
nct02448810	DB00650	unmatched	6
nct02448810	DB00544	investigational	6
nct02449655	DB01229	backbone	2
nct02450045	DB00297	investigational	2
nct02450045	DB00296	investigational	2
nct02450201	DB00119	backbone	2
nct02451111	DB09053	investigational	2
nct02451540	DB01656	investigational	2
nct02451865	DB11967	single_arm_combination	1
nct02451865	DB01248	single_arm_combination	1
nct02452255	DB00571	head_to_head	4
nct02452255	DB01039	head_to_head	4
nct02452424	DB12978	backbone	2
nct02452463	DB09079	investigational	3
nct02452528	DB14126	backbone	2
nct02452528	DB00442	backbone	2
nct02452905	DB00507	investigational	2
nct02452983	DB01104	investigational	1
nct02453373	DB00818	investigational	2
nct02453373	DB00292	investigational	2
nct02453373	DB00653	investigational	2
nct02454283	DB03701	investigational	2
nct02454426	DB09068	investigational	1
nct02454608	DB00661	investigational	3
nct02454855	DB01065	investigational	2
nct02455167	DB08934	single_arm_combination	1
nct02455167	DB00811	single_arm_combination	1
nct02455167	DB06290	single_arm_combination	1
nct02455297	DB12483	investigational	1
nct02455362	DB00295	investigational	12
nct02456103	DB05016	investigational	1
nct02457910	DB12108	investigational	7
nct02457910	DB08899	backbone	7
nct02458482	DB00332	comparator	2
nct02458482	DB01001	comparator	2
nct02460367	DB01248	single_arm_combination	1
nct02460874	DB01016	backbone	2
nct02460991	DB00398	comparator	2
nct02460991	DB00997	described_only	2
nct02461186	DB11638	investigational	2
nct02461186	DB13941	backbone	2
nct02462473	DB01267	backbone	3
nct02462473	DB01224	backbone	3
nct02462473	DB00734	backbone	3
nct02462473	DB01238	backbone	3
nct02462473	DB00334	backbone	3
nct02462525	DB08910	investigational	2
nct02462538	DB00619	single_arm_combination	1
nct02462772	DB11751	investigational	2
nct02463110	DB01104	investigational	3
nct02463305	DB00148	investigational	3
nct02465138	DB00465	investigational	2
nct02465437	DB12193	investigational	5
nct02465593	DB01101	single_arm_combination	1
nct02465593	DB00544	single_arm_combination	1
nct02465983	DB00531	single_arm_combination	1
nct02466074	DB00819	investigational	2
nct02466243	DB12193	investigational	2
nct02468557	DB09054	backbone	3
nct02468661	DB11791	backbone	2
nct02468661	DB00530	backbone	2
nct02469116	DB01248	single_arm_combination	1
nct02469415	DB01262	single_arm_combination	1
nct02469415	DB00928	single_arm_combination	1
nct02469415	DB11697	single_arm_combination	1
nct02469974	DB08877	single_arm_combination	1
nct02469974	DB01008	single_arm_combination	1
nct02470065	DB08916	investigational	2
nct02470585	DB07232	investigational	3
nct02470585	DB01229	backbone	3
nct02470650	DB09101	investigational	3
nct02470650	DB08864	comparator	3
nct02470650	DB01048	comparator	3
nct02470650	DB00709	backbone	3
nct02470650	DB12753	investigational	3
nct02470650	DB01264	mixed	3
nct02470650	DB00503	comparator	3
nct02470650	DB14126	investigational	3
nct02470650	DB09065	investigational	3
nct02470650	DB00879	investigational	3
nct02472080	DB00441	investigational	1
nct02472353	DB00331	investigational	2
nct02472509	DB08834	unmatched	1
nct02472509	DB01586	investigational	1
nct02472626	DB00987	single_arm_combination	1
nct02472626	DB04519	single_arm_combination	1
nct02472626	DB00694	single_arm_combination	1
nct02472652	DB01238	investigational	1
nct02472938	DB08908	investigational	2
nct02473094	DB01101	backbone	2
nct02473094	DB00331	investigational	2
nct02473445	DB00847	investigational	1
nct02474173	DB01229	single_arm_combination	1
nct02474407	DB00829	backbone	2
nct02475304	DB08908	investigational	2
nct02476955	DB01229	single_arm_combination	1
nct02476955	DB01217	single_arm_combination	1
nct02477787	DB01073	unmatched	2
nct02477787	DB01008	unmatched	2
nct02477787	DB00959	unmatched	2
nct02477813	DB00853	investigational	1
nct02478125	DB01248	investigational	3
nct02478229	DB08934	investigational	1
nct02478229	DB09027	investigational	1
nct02478710	DB00512	investigational	2
nct02478710	DB00684	investigational	2
nct02479178	DB01248	investigational	0
nct02479490	DB01590	investigational	1
nct02479490	DB00635	investigational	1
nct02479880	DB00300	backbone	2
nct02482402	DB01088	investigational	2
nct02483195	DB00421	head_to_head	2
nct02483195	DB00350	head_to_head	2
nct02483195	DB01216	head_to_head	2
nct02483871	DB01098	investigational	1
nct02483936	DB00999	comparator	4
nct02483936	DB00310	investigational	4
nct02484209	DB00222	investigational	2
nct02485080	DB08934	single_arm_combination	1
nct02485080	DB06290	single_arm_combination	1
nct02485353	DB00987	investigational	1
nct02485353	DB11999	investigational	1
nct02485652	DB13164	investigational	1
nct02485834	DB01101	comparator	2
nct02485834	DB00445	unmatched	2
nct02485834	DB00544	comparator	2
nct02485990	DB09074	investigational	3
nct02486796	DB01065	backbone	2
nct02486796	DB09270	backbone	2
nct02487082	DB01065	backbone	2
nct02487082	DB00843	backbone	2
nct02487277	DB00441	backbone	2
nct02487277	DB01229	backbone	2
nct02487459	DB04974	single_arm_combination	1
nct02487823	DB01128	backbone	3
nct02488694	DB08916	investigational	2
nct02488694	DB00642	comparator	2
nct02489123	DB08899	investigational	1
nct02489201	DB00398	investigational	1
nct02489214	DB00398	investigational	1
nct02489266	DB01073	single_arm_combination	1
nct02489266	DB00531	single_arm_combination	1
nct02489500	DB01042	backbone	2
nct02489500	DB00188	investigational	2
nct02491411	DB08899	single_arm_combination	1
nct02491411	DB01234	single_arm_combination	1
nct02491970	DB13867	backbone	2
nct02491970	DB00983	investigational	2
nct02492295	DB00818	investigational	1
nct02493322	DB00275	backbone	3
nct02493322	DB00999	investigational	3
nct02493322	DB00310	investigational	3
nct02494713	DB01026	single_arm_combination	1
nct02494713	DB01196	single_arm_combination	1
nct02494713	DB06699	single_arm_combination	1
nct02494713	DB00997	single_arm_combination	1
nct02494713	DB01248	single_arm_combination	1
nct02495103	DB05294	backbone	2
nct02495103	DB00331	backbone	2
nct02495233	DB00530	backbone	2
nct02495233	DB12141	backbone	2
nct02496715	DB00938	investigational	3
nct02496715	DB00588	investigational	3
nct02496975	DB00091	investigational	2
nct02497222	DB09140	unmatched	2
nct02498535	DB00435	backbone	2
nct02499627	DB06769	single_arm_combination	1
nct02499887	DB00394	investigational	2
nct02499887	DB00635	backbone	2
nct02499887	DB01001	backbone	2
nct02499978	DB08930	backbone	2
nct02499978	DB01264	backbone	2
nct02500459	DB01030	investigational	1
nct02500784	DB00983	investigational	2
nct02500901	DB08899	single_arm_combination	1
nct02500901	DB11793	single_arm_combination	1
nct02500927	DB12036	single_arm_combination	1
nct02502747	DB11104	described_only	2
nct02503176	DB12017	investigational	1
nct02504099	DB00503	single_arm_combination	1
nct02504099	DB09297	single_arm_combination	1
nct02504099	DB09183	single_arm_combination	1
nct02504099	DB09296	single_arm_combination	1
nct02504099	DB00811	single_arm_combination	1
nct02504892	DB01590	backbone	2
nct02505087	DB06151	described_only	3
nct02506985	DB00682	investigational	2
nct02506985	DB06228	investigational	2
nct02507011	DB01136	backbone	2
nct02507076	DB01042	single_arm_combination	1
nct02507232	DB00853	head_to_head	2
nct02507323	DB08816	head_to_head	2
nct02507323	DB06209	head_to_head	2
nct02508077	DB00650	single_arm_combination	1
nct02508077	DB00544	single_arm_combination	1
nct02508077	DB00762	single_arm_combination	1
nct02508311	DB01001	investigational	2
nct02508636	DB08899	single_arm_combination	1
nct02510300	DB08934	no_arm_data	0
nct02510300	DB11613	no_arm_data	0
nct02510300	DB09027	no_arm_data	0
nct02510950	DB00853	single_arm_combination	1
nct02510976	DB06480	investigational	2
nct02511184	DB08865	single_arm_combination	1
nct02511613	DB06461	investigational	2
nct02512679	DB01073	described_only	4
nct02512679	DB00531	backbone	4
nct02512692	DB00441	single_arm_combination	1
nct02513667	DB09063	backbone	2
nct02514031	DB00441	single_arm_combination	1
nct02514031	DB01229	single_arm_combination	1
nct02516423	DB01234	investigational	2
nct02516423	DB00399	backbone	2
nct02516423	DB00480	investigational	2
nct02516670	DB01248	backbone	2
nct02516670	DB00126	investigational	2
nct02516696	DB01211	investigational	2
nct02516696	DB00480	backbone	2
nct02516696	DB01234	backbone	2
nct02517697	DB09112	investigational	2
nct02517996	DB00281	investigational	2
nct02518750	DB00188	single_arm_combination	1
nct02518750	DB06603	single_arm_combination	1
nct02519335	DB00380	investigational	1
nct02520011	DB00987	backbone	2
nct02520011	DB03496	investigational	2
nct02520011	DB01204	backbone	2
nct02520505	DB00882	head_to_head	2
nct02520518	DB06292	investigational	4
nct02520726	DB01104	investigational	2
nct02521051	DB11363	backbone	4
nct02521077	DB00126	backbone	2
nct02521233	DB00310	investigational	3
nct02521233	DB13919	investigational	3
nct02521246	DB00796	investigational	3
nct02521246	DB00310	investigational	3
nct02521792	DB05467	investigational	1
nct02521870	DB11100	backbone	9
nct02522910	DB01248	investigational	1
nct02523911	DB14499	backbone	2
nct02523911	DB09472	backbone	2
nct02523911	DB00653	backbone	2
nct02524119	DB11730	investigational	1
nct02524275	DB01101	single_arm_combination	1
nct02524275	DB01248	single_arm_combination	1
nct02524379	DB01016	investigational	1
nct02524639	DB00877	investigational	1
nct02524847	DB00553	investigational	1
nct02525692	DB14844	backbone	6
nct02527174	DB00987	single_arm_combination	1
nct02527174	DB01177	single_arm_combination	1
nct02527174	DB12062	single_arm_combination	1
nct02527772	DB00544	comparator	2
nct02527772	DB00441	investigational	2
nct02527772	DB00650	comparator	2
nct02527772	DB00997	investigational	2
nct02528877	DB08877	single_arm_combination	1
nct02528877	DB00877	single_arm_combination	1
nct02528877	DB00864	single_arm_combination	1
nct02529514	DB00181	investigational	2
nct02530437	DB01229	backbone	2
nct02530502	DB00853	single_arm_combination	1
nct02531308	DB00331	single_arm_combination	1
nct02531321	DB00977	backbone	2
nct02531321	DB00367	backbone	2
nct02531854	DB00642	backbone	2
nct02532010	DB00987	head_to_head	2
nct02532010	DB01262	head_to_head	2
nct02532010	DB11697	backbone	2
nct02532192	DB05015	single_arm_combination	1
nct02534337	DB00441	investigational	2
nct02534337	DB00650	comparator	2
nct02534337	DB00544	comparator	2
nct02535247	DB12483	comparator	2
nct02535351	DB01268	backbone	2
nct02535351	DB06589	backbone	2
nct02535806	DB00188	single_arm_combination	1
nct02535806	DB01204	single_arm_combination	1
nct02536183	DB00997	backbone	2
nct02536300	DB09054	backbone	3
nct02536495	DB11942	single_arm_combination	1
nct02536495	DB01248	single_arm_combination	1
nct02537561	DB00441	backbone	2
nct02537561	DB11760	backbone	2
nct02538081	DB00734	backbone	2
nct02538081	DB05708	head_to_head	2
nct02538432	DB12836	backbone	2
nct02538614	DB09054	backbone	2
nct02538627	DB08911	investigational	6
nct02538926	DB00997	single_arm_combination	1
nct02538926	DB00773	single_arm_combination	1
nct02538926	DB00531	single_arm_combination	1
nct02538926	DB00619	single_arm_combination	1
nct02538926	DB00635	single_arm_combination	1
nct02540330	DB00947	backbone	2
nct02541903	DB08916	investigational	1
nct02543086	DB13941	single_arm_combination	1
nct02544152	DB01046	investigational	2
nct02544529	DB01057	investigational	2
nct02545283	DB00987	backbone	2
nct02546102	DB00853	described_only	2
nct02546986	DB00928	investigational	2
nct02547116	DB01045	investigational	2
nct02548117	DB01216	investigational	2
nct02548169	DB00762	described_only	2
nct02548169	DB00544	described_only	2
nct02548169	DB00441	described_only	2
nct02548169	DB01229	described_only	2
nct02548169	DB03256	described_only	2
nct02548468	DB00864	single_arm_combination	1
nct02548468	DB00531	single_arm_combination	1
nct02548468	DB00688	single_arm_combination	1
nct02548715	DB00451	investigational	2
nct02548962	DB08910	backbone	3
nct02548962	DB09053	investigational	3
nct02548962	DB01234	backbone	3
nct02549573	DB00714	head_to_head	2
nct02549716	DB00316	backbone	2
nct02549755	DB03166	investigational	1
nct02549924	DB02709	investigational	2
nct02550028	DB01202	investigational	2
nct02550743	DB01101	backbone	4
nct02550743	DB12015	backbone	4
nct02551055	DB05220	investigational	7
nct02551055	DB01229	investigational	7
nct02551055	DB01248	investigational	7
nct02551731	DB09061	investigational	1
nct02551861	DB08934	backbone	2
nct02551861	DB09102	backbone	2
nct02551861	DB00811	head_to_head	2
nct02553330	DB08877	backbone	2
nct02555189	DB11730	investigational	5
nct02555189	DB08899	backbone	5
nct02556086	DB08934	single_arm_combination	1
nct02556086	DB09102	single_arm_combination	1
nct02556203	DB06228	investigational	2
nct02556333	DB09299	investigational	1
nct02556333	DB12753	investigational	1
nct02556333	DB00879	investigational	1
nct02556593	DB00530	investigational	2
nct02557516	DB09053	described_only	4
nct02557542	DB00464	backbone	2
nct02557542	DB11328	backbone	2
nct02557945	DB00996	investigational	2
nct02558023	DB00622	comparator	2
nct02558023	DB12661	investigational	2
nct02558361	DB05676	investigational	1
nct02558972	DB06262	backbone	2
nct02559817	DB08890	investigational	5
nct02560012	DB00398	single_arm_combination	1
nct02560012	DB06589	single_arm_combination	1
nct02560012	DB06287	single_arm_combination	1
nct02560012	DB01268	single_arm_combination	1
nct02560012	DB01590	single_arm_combination	1
nct02560012	DB06626	single_arm_combination	1
nct02560038	DB00441	single_arm_combination	1
nct02560038	DB01229	single_arm_combination	1
nct02560051	DB01026	backbone	3
nct02560051	DB01196	backbone	3
nct02560051	DB06699	backbone	3
nct02560051	DB00997	backbone	3
nct02560051	DB01248	backbone	3
nct02561169	DB00198	investigational	2
nct02561832	DB09074	single_arm_combination	1
nct02561845	DB01098	investigational	1
nct02561897	DB00682	comparator	2
nct02561897	DB09075	investigational	2
nct02562443	DB12146	investigational	2
nct02563561	DB12593	investigational	3
nct02563782	DB00864	backbone	2
nct02563782	DB00688	backbone	2
nct02564536	DB01262	single_arm_combination	1
nct02564536	DB11697	single_arm_combination	1
nct02565901	DB00877	backbone	2
nct02565901	DB01248	backbone	2
nct02566707	DB01072	single_arm_combination	1
nct02566707	DB00709	single_arm_combination	1
nct02566707	DB08930	single_arm_combination	1
nct02567149	DB00369	investigational	1
nct02567877	DB00451	investigational	1
nct02568046	DB00762	backbone	3
nct02568046	DB00650	backbone	3
nct02568046	DB00544	backbone	3
nct02568046	DB03256	backbone	3
nct02569437	DB00254	investigational	2
nct02569489	DB01229	single_arm_combination	1
nct02569489	DB06334	single_arm_combination	1
nct02569801	DB00947	comparator	2
nct02569957	DB06151	investigational	2
nct02569957	DB01030	backbone	2
nct02570529	DB00863	unmatched	2
nct02570711	DB00441	backbone	2
nct02570711	DB01229	backbone	2
nct02570711	DB11703	investigational	2
nct02570789	DB01268	investigational	1
nct02570789	DB06589	investigational	1
nct02570958	DB09374	investigational	1
nct02571608	DB00331	investigational	2
nct02572505	DB14126	investigational	1
nct02572505	DB12753	investigational	1
nct02572505	DB00879	investigational	1
nct02573220	DB00650	single_arm_combination	1
nct02573220	DB00544	single_arm_combination	1
nct02573220	DB00762	single_arm_combination	1
nct02573519	DB00545	head_to_head	2
nct02573519	DB00843	backbone	2
nct02573935	DB01211	investigational	2
nct02573935	DB00188	described_only	2
nct02573935	DB01234	described_only	2
nct02573935	DB00531	described_only	2
nct02574611	DB01400	comparator	4
nct02574611	DB00986	comparator	4
nct02575066	DB06589	investigational	1
nct02575365	DB08868	investigational	1
nct02575508	DB00544	single_arm_combination	1
nct02575508	DB11886	single_arm_combination	1
nct02575508	DB00762	single_arm_combination	1
nct02575534	DB01035	investigational	1
nct02575807	DB11717	investigational	5
nct02576275	DB11952	investigational	2
nct02576275	DB06769	backbone	2
nct02576665	DB01099	single_arm_combination	1
nct02576977	DB08910	backbone	2
nct02576977	DB01234	backbone	2
nct02577367	DB00451	backbone	2
nct02578121	DB09570	single_arm_combination	1
nct02578121	DB08910	single_arm_combination	1
nct02578121	DB01234	single_arm_combination	1
nct02578511	DB09570	investigational	1
nct02578719	DB00297	comparator	2
nct02579005	DB00531	described_only	2
nct02579733	DB00993	investigational	2
nct02579863	DB00480	backbone	2
nct02579863	DB01234	backbone	2
nct02580708	DB08911	single_arm_combination	1
nct02580708	DB11907	single_arm_combination	1
nct02581501	DB01101	investigational	1
nct02581501	DB00441	investigational	1
nct02581501	DB01229	investigational	1
nct02582008	DB01156	investigational	2
nct02582008	DB00184	comparator	2
nct02582476	DB00887	investigational	0
nct02582749	DB08913	investigational	2
nct02582749	DB01128	backbone	2
nct02582749	DB00014	unmatched	2
nct02582749	DB06699	unmatched	2
nct02582996	DB01233	investigational	2
nct02582996	DB00316	backbone	2
nct02582996	DB00320	investigational	2
nct02582996	DB00201	investigational	2
nct02583191	DB06228	investigational	2
nct02584556	DB00650	unmatched	2
nct02584556	DB00544	unmatched	2
nct02584556	DB00269	comparator	2
nct02584634	DB08865	investigational	2
nct02584634	DB12130	investigational	2
nct02584647	DB00877	backbone	2
nct02584647	DB12978	backbone	2
nct02584777	DB11697	investigational	1
nct02585024	DB09028	backbone	6
nct02585388	DB00361	backbone	2
nct02585388	DB01006	investigational	2
nct02585388	DB01217	investigational	2
nct02585479	DB11616	backbone	2
nct02585765	DB01132	investigational	2
nct02586610	DB01101	single_arm_combination	1
nct02586961	DB00668	investigational	2
nct02586961	DB09153	comparator	2
nct02586961	DB00443	investigational	2
nct02587598	DB00987	investigational	9
nct02587598	DB08877	investigational	9
nct02587598	DB00928	investigational	9
nct02587650	DB11791	investigational	4
nct02587650	DB09063	investigational	4
nct02587650	DB11986	investigational	4
nct02587650	DB08896	investigational	4
nct02587871	DB00987	single_arm_combination	1
nct02588261	DB12036	investigational	2
nct02588261	DB00317	comparator	2
nct02588261	DB00530	comparator	2
nct02589145	DB01008	single_arm_combination	1
nct02589145	DB00480	single_arm_combination	1
nct02589145	DB01042	single_arm_combination	1
nct02589145	DB02546	single_arm_combination	1
nct02589145	DB00441	single_arm_combination	1
nct02589340	DB00915	unmatched	2
nct02589340	DB00490	investigational	2
nct02590003	DB01229	backbone	2
nct02590523	DB00512	investigational	3
nct02590523	DB00218	investigational	3
nct02590588	DB09054	investigational	1
nct02590601	DB01200	head_to_head	2
nct02591173	DB11720	investigational	2
nct02591173	DB09153	comparator	2
nct02591199	DB00281	investigational	4
nct02592395	DB00650	investigational	1
nct02592395	DB00544	investigational	1
nct02592395	DB00762	investigational	1
nct02592876	DB00773	backbone	2
nct02592876	DB01181	backbone	2
nct02593708	DB01229	backbone	4
nct02593708	DB11828	backbone	4
nct02593929	DB08877	investigational	1
nct02594163	DB06769	backbone	2
nct02595242	DB01204	described_only	3
nct02595242	DB00531	backbone	3
nct02595242	DB00635	backbone	3
nct02595346	DB01611	investigational	2
nct02595840	DB08916	investigational	2
nct02595840	DB00642	investigational	2
nct02595996	DB00571	investigational	1
nct02596334	DB08930	backbone	2
nct02596555	DB14726	investigational	1
nct02596763	DB00181	investigational	1
nct02596867	DB00571	investigational	1
nct02597153	DB01204	investigational	1
nct02597309	DB08907	backbone	2
nct02597556	DB00518	investigational	2
nct02598011	DB01099	backbone	2
nct02598297	DB08877	investigational	2
nct02598310	DB01229	single_arm_combination	1
nct02598622	DB08842	backbone	2
nct02598687	DB01229	single_arm_combination	1
nct02599077	DB09123	investigational	2
nct02599077	DB00977	described_only	2
nct02599077	DB00367	comparator	2
nct02599090	DB00398	backbone	4
nct02599090	DB00853	backbone	4
nct02599649	DB00928	investigational	4
nct02599701	DB00996	investigational	2
nct02599961	DB11677	investigational	1
nct02600351	DB08934	backbone	4
nct02600351	DB00811	unmatched	4
nct02600351	DB09027	backbone	4
nct02603068	DB00374	backbone	2
nct02603146	DB01611	investigational	2
nct02604212	DB14126	backbone	4
nct02604212	DB00442	backbone	4
nct02604589	DB00297	investigational	3
nct02604589	DB00327	backbone	3
nct02605044	DB03256	backbone	2
nct02605044	DB11526	investigational	2
nct02605044	DB00544	backbone	2
nct02605044	DB00762	backbone	2
nct02605122	DB09308	investigational	2
nct02605304	DB08934	backbone	2
nct02605304	DB00811	investigational	2
nct02605304	DB09027	backbone	2
nct02605356	DB08913	investigational	5
nct02605356	DB00188	backbone	5
nct02605356	DB01234	backbone	5
nct02605694	DB11952	investigational	2
nct02605824	DB06151	investigational	2
nct02605824	DB09153	comparator	2
nct02606045	DB00302	backbone	2
nct02606279	DB00177	investigational	2
nct02606552	DB14726	described_only	3
nct02606552	DB00758	investigational	3
nct02606552	DB00945	comparator	3
nct02607124	DB11730	backbone	2
nct02607228	DB08899	investigational	5
nct02607423	DB00441	single_arm_combination	1
nct02607423	DB01248	single_arm_combination	1
nct02607423	DB00642	single_arm_combination	1
nct02608229	DB00441	backbone	2
nct02608229	DB01229	backbone	2
nct02608229	DB13930	backbone	2
nct02608411	DB12200	investigational	1
nct02608905	DB06292	investigational	2
nct02611908	DB09053	single_arm_combination	1
nct02612285	DB06070	investigational	1
nct02613403	DB00811	investigational	5
nct02613403	DB15206	described_only	5
nct02613403	DB11575	described_only	5
nct02613403	DB11713	described_only	5
nct02614508	DB09053	investigational	2
nct02614586	DB00904	backbone	6
nct02615184	DB05351	backbone	4
nct02615574	DB00482	single_arm_combination	1
nct02615938	DB01611	investigational	4
nct02616055	DB11973	backbone	4
nct02616315	DB01156	backbone	2
nct02616315	DB00704	backbone	2
nct02618577	DB09075	investigational	2
nct02618577	DB00945	unmatched	2
nct02619669	DB01006	single_arm_combination	1
nct02620007	DB00537	investigational	2
nct02620007	DB01220	investigational	2
nct02620384	DB00524	investigational	2
nct02621190	DB06772	investigational	2
nct02623023	DB00484	described_only	2
nct02623439	DB00531	investigational	1
nct02623504	DB00564	investigational	2
nct02623920	DB06769	single_arm_combination	1
nct02624388	DB01645	backbone	2
nct02624544	DB01260	comparator	2
nct02624544	DB00736	investigational	2
nct02624661	DB09462	investigational	1
nct02624700	DB00398	backbone	2
nct02624700	DB00642	backbone	2
nct02625779	DB02097	investigational	3
nct02625779	DB00148	investigational	3
nct02626169	DB08816	head_to_head	2
nct02626169	DB00758	head_to_head	2
nct02626455	DB00997	backbone	2
nct02626455	DB06769	backbone	2
nct02626455	DB00531	backbone	2
nct02626455	DB12483	investigational	2
nct02626455	DB00635	backbone	2
nct02626520	DB00762	investigational	2
nct02626520	DB00544	investigational	2
nct02626520	DB00441	backbone	2
nct02626520	DB01229	backbone	2
nct02626520	DB00305	unmatched	2
nct02626754	DB01268	investigational	1
nct02627430	DB11760	single_arm_combination	1
nct02627573	DB00531	investigational	2
nct02627677	DB04868	comparator	3
nct02627677	DB08901	investigational	3
nct02628704	DB08889	backbone	2
nct02628704	DB11942	investigational	2
nct02628704	DB01234	backbone	2
nct02628769	DB09308	investigational	2
nct02628847	DB00203	investigational	2
nct02629848	DB01229	backbone	2
nct02629848	DB05575	investigational	2
nct02630043	DB00323	single_arm_combination	1
nct02630186	DB11907	single_arm_combination	1
nct02630394	DB00207	investigational	1
nct02630420	DB12048	investigational	1
nct02630719	DB00373	investigational	2
nct02631252	DB00773	single_arm_combination	1
nct02631252	DB01611	single_arm_combination	1
nct02631252	DB01204	single_arm_combination	1
nct02631603	DB00860	comparator	2
nct02632903	DB00399	investigational	1
nct02633293	DB00374	investigational	1
nct02633514	DB00773	investigational	2
nct02633657	DB08872	investigational	1
nct02634827	DB06595	single_arm_combination	1
nct02634827	DB01262	single_arm_combination	1
nct02635074	DB00987	single_arm_combination	1
nct02635074	DB01177	single_arm_combination	1
nct02635074	DB09053	single_arm_combination	1
nct02636283	DB00177	unmatched	2
nct02636283	DB09292	unmatched	2
nct02636803	DB00518	comparator	4
nct02636803	DB11446	investigational	4
nct02637375	DB01229	single_arm_combination	1
nct02637466	DB09068	backbone	2
nct02638168	DB00422	investigational	2
nct02638519	DB13453	backbone	2
nct02638909	DB09063	investigational	1
nct02639234	DB00745	single_arm_combination	1
nct02639767	DB00642	investigational	1
nct02639819	DB00513	investigational	1
nct02640209	DB09053	unmatched	1
nct02640495	DB09274	investigational	1
nct02640534	DB08899	backbone	2
nct02640534	DB00331	investigational	2
nct02640573	DB01005	investigational	1
nct02640833	DB11952	single_arm_combination	1
nct02640833	DB11581	single_arm_combination	1
nct02641639	DB00997	described_only	2
nct02641639	DB01229	described_only	2
nct02641639	DB12577	investigational	2
nct02641782	DB00755	backbone	2
nct02642094	DB00877	investigational	1
nct02642380	DB01234	backbone	2
nct02642939	DB00834	investigational	1
nct02643719	DB00273	head_to_head	4
nct02644083	DB08908	investigational	0
nct02644252	DB00361	backbone	4
nct02644252	DB12647	investigational	4
nct02646774	DB01141	investigational	1
nct02646800	DB01141	investigational	1
nct02647762	DB00563	unmatched	4
nct02647983	DB00119	investigational	1
nct02648633	DB00313	single_arm_combination	1
nct02649504	DB01234	backbone	2
nct02649504	DB00688	investigational	2
nct02649673	DB01030	single_arm_combination	1
nct02649673	DB12085	single_arm_combination	1
nct02649751	DB06195	backbone	3
nct02649998	DB00695	head_to_head	3
nct02649998	DB00883	head_to_head	3
nct02651272	DB08932	investigational	1
nct02651727	DB00441	backbone	3
nct02651727	DB01229	backbone	3
nct02653027	DB08820	investigational	1
nct02653027	DB09280	investigational	1
nct02653196	DB04572	single_arm_combination	1
nct02653196	DB00864	single_arm_combination	1
nct02653196	DB01042	single_arm_combination	1
nct02653196	DB00091	single_arm_combination	1
nct02653196	DB00773	single_arm_combination	1
nct02653196	DB00688	single_arm_combination	1
nct02653196	DB01073	single_arm_combination	1
nct02653833	DB00820	backbone	2
nct02654041	DB00763	investigational	1
nct02654041	DB00279	unmatched	1
nct02654314	DB01065	investigational	2
nct02654587	DB01248	comparator	2
nct02654587	DB00642	comparator	2
nct02654639	DB09343	unmatched	1
nct02654639	DB00432	unmatched	1
nct02654730	DB11638	backbone	5
nct02654730	DB13941	backbone	5
nct02654730	DB01087	mixed	5
nct02655523	DB00297	backbone	3
nct02655523	DB09153	head_to_head	3
nct02655523	DB01234	head_to_head	3
nct02655523	DB00620	head_to_head	3
nct02656329	DB06704	backbone	2
nct02657356	DB05983	investigational	2
nct02657369	DB09078	investigational	1
nct02658084	DB00361	backbone	2
nct02658396	DB00188	single_arm_combination	1
nct02659644	DB00155	investigational	1
nct02659761	DB01048	investigational	1
nct02659761	DB08930	investigational	1
nct02659761	DB00709	investigational	1
nct02661022	DB08910	described_only	2
nct02661022	DB01234	described_only	2
nct02661347	DB00734	backbone	2
nct02661815	DB12376	backbone	4
nct02661815	DB01229	backbone	4
nct02662296	DB09054	single_arm_combination	1
nct02662296	DB09053	single_arm_combination	1
nct02662634	DB01229	backbone	4
nct02662634	DB00642	backbone	4
nct02662894	DB00177	backbone	4
nct02662894	DB01098	backbone	4
nct02663752	DB01609	investigational	1
nct02664077	DB08896	investigational	2
nct02664155	DB06605	investigational	2
nct02664155	DB06228	investigational	2
nct02664363	DB00853	unmatched	1
nct02664922	DB00818	investigational	4
nct02664922	DB00899	investigational	4
nct02664922	DB01236	investigational	4
nct02664922	DB01221	investigational	4
nct02668432	DB01118	backbone	2
nct02669043	DB01221	investigational	1
nct02669238	DB00294	investigational	2
nct02670096	DB00819	investigational	1
nct02670317	DB09053	single_arm_combination	1
nct02670317	DB00635	single_arm_combination	1
nct02670317	DB00997	single_arm_combination	1
nct02670317	DB00531	single_arm_combination	1
nct02671084	DB01236	backbone	2
nct02671552	DB00556	investigational	1
nct02671890	DB00822	backbone	2
nct02671890	DB00441	investigational	2
nct02671942	DB01656	investigational	4
nct02672358	DB08911	single_arm_combination	1
nct02672358	DB08912	single_arm_combination	1
nct02672917	DB00762	investigational	6
nct02672917	DB00544	investigational	6
nct02672917	DB00441	investigational	6
nct02672917	DB01229	investigational	6
nct02672917	DB00650	investigational	6
nct02674204	DB01076	investigational	2
nct02674958	DB00945	investigational	2
nct02675335	DB01261	investigational	2
nct02675413	DB08908	investigational	1
nct02675452	DB00928	investigational	8
nct02675842	DB00470	backbone	2
nct02675842	DB14011	backbone	2
nct02675842	DB09061	backbone	2
nct02676310	DB00905	backbone	5
nct02676323	DB00987	single_arm_combination	1
nct02676323	DB01073	single_arm_combination	1
nct02676323	DB06603	single_arm_combination	1
nct02677948	DB09053	single_arm_combination	1
nct02677948	DB11697	single_arm_combination	1
nct02678143	DB01073	single_arm_combination	1
nct02678143	DB00877	single_arm_combination	1
nct02678143	DB00531	single_arm_combination	1
nct02678143	DB00688	single_arm_combination	1
nct02678520	DB01128	backbone	2
nct02678520	DB00014	backbone	2
nct02679339	DB00281	investigational	2
nct02679560	DB00297	investigational	2
nct02679560	DB00296	comparator	2
nct02679963	DB09074	investigational	2
nct02680951	DB01254	backbone	3
nct02680951	DB01177	backbone	3
nct02680951	DB00563	unmatched	3
nct02680951	DB00741	unmatched	3
nct02680951	DB00987	backbone	3
nct02680951	DB01073	backbone	3
nct02681523	DB08871	investigational	1
nct02682082	DB00297	comparator	2
nct02683148	DB01708	backbone	4
nct02684071	DB01030	single_arm_combination	1
nct02684071	DB00563	single_arm_combination	1
nct02684071	DB00531	single_arm_combination	1
nct02684084	DB01234	backbone	2
nct02684136	DB09034	investigational	2
nct02684786	DB00281	investigational	2
nct02684786	DB00206	investigational	2
nct02685046	DB00619	investigational	1
nct02685267	DB08899	head_to_head	2
nct02685267	DB01248	backbone	2
nct02685267	DB00635	backbone	2
nct02685306	DB01229	backbone	2
nct02686008	DB09074	backbone	2
nct02687009	DB06803	investigational	1
nct02687269	DB00243	investigational	2
nct02687386	DB01204	investigational	1
nct02688309	DB01234	head_to_head	2
nct02688465	DB00714	investigational	1
nct02688803	DB00997	head_to_head	3
nct02688803	DB00531	backbone	3
nct02688907	DB11740	investigational	1
nct02689024	DB00297	investigational	2
nct02689024	DB00296	investigational	2
nct02689024	DB01002	investigational	2
nct02691182	DB01618	investigational	1
nct02693002	DB00783	investigational	2
nct02693444	DB00281	investigational	2
nct02693717	DB00642	investigational	1
nct02694289	DB00331	head_to_head	2
nct02694393	DB09112	investigational	1
nct02695290	DB08916	investigational	1
nct02696928	DB08167	unmatched	3
nct02696928	DB06697	unmatched	3
nct02696928	DB01087	comparator	3
nct02696928	DB06708	backbone	3
nct02697253	DB01261	investigational	4
nct02698098	DB00333	head_to_head	2
nct02698111	DB00398	investigational	1
nct02698293	DB00169	backbone	3
nct02698293	DB00855	backbone	3
nct02699138	DB00656	investigational	2
nct02700022	DB00997	investigational	1
nct02700022	DB05220	investigational	1
nct02700022	DB00773	investigational	1
nct02700022	DB00531	investigational	1
nct02700022	DB00635	investigational	1
nct02701517	DB00091	backbone	2
nct02701517	DB00563	comparator	2
nct02701673	DB01008	single_arm_combination	1
nct02701673	DB01042	single_arm_combination	1
nct02701673	DB05015	single_arm_combination	1
nct02701673	DB00441	single_arm_combination	1
nct02701673	DB00928	single_arm_combination	1
nct02702492	DB00627	investigational	13
nct02702778	DB00635	backbone	3
nct02702960	DB00864	single_arm_combination	1
nct02702960	DB09110	single_arm_combination	1
nct02702960	DB00531	single_arm_combination	1
nct02702960	DB00688	single_arm_combination	1
nct02702960	DB01073	single_arm_combination	1
nct02702960	DB00635	single_arm_combination	1
nct02703272	DB09053	backbone	2
nct02703272	DB01181	backbone	2
nct02703272	DB00773	backbone	2
nct02703272	DB01177	backbone	2
nct02703272	DB01234	backbone	2
nct02703571	DB11730	single_arm_combination	1
nct02703571	DB08911	single_arm_combination	1
nct02704325	DB09153	described_only	2
nct02705339	DB11907	investigational	1
nct02705378	DB09049	investigational	2
nct02706015	DB04817	described_only	2
nct02706015	DB00320	described_only	2
nct02706015	DB00201	described_only	2
nct02706626	DB12267	backbone	3
nct02706691	DB11886	investigational	1
nct02706730	DB01234	investigational	1
nct02706899	DB00928	backbone	2
nct02707328	DB00441	single_arm_combination	1
nct02707328	DB01229	single_arm_combination	1
nct02707666	DB00642	single_arm_combination	1
nct02709083	DB00619	single_arm_combination	1
nct02709083	DB01254	single_arm_combination	1
nct02709083	DB04868	single_arm_combination	1
nct02709200	DB00633	head_to_head	2
nct02710396	DB01229	investigational	3
nct02710396	DB00642	investigational	3
nct02710669	DB01182	mixed	3
nct02711137	DB05812	investigational	14
nct02711137	DB00441	investigational	14
nct02711137	DB01229	investigational	14
nct02711137	DB00928	investigational	14
nct02711137	DB12332	investigational	14
nct02711137	DB08877	investigational	14
nct02712788	DB00235	investigational	2
nct02712905	DB00755	investigational	2
nct02712905	DB00928	investigational	2
nct02714439	DB01123	investigational	1
nct02714530	DB00530	investigational	2
nct02715804	DB00441	backbone	2
nct02715804	DB01229	backbone	2
nct02716090	DB00210	backbone	2
nct02716090	DB09096	backbone	2
nct02716688	DB09257	unmatched	1
nct02716688	DB09256	unmatched	1
nct02716688	DB03209	unmatched	1
nct02716805	DB01042	backbone	4
nct02717130	DB01238	investigational	1
nct02717442	DB01234	investigational	2
nct02717949	DB08934	backbone	2
nct02717949	DB00811	investigational	2
nct02717949	DB09027	investigational	2
nct02718300	DB08877	backbone	4
nct02718417	DB01229	backbone	3
nct02718482	DB00441	investigational	2
nct02718482	DB01248	investigational	2
nct02718482	DB01181	investigational	2
nct02718742	DB01229	investigational	1
nct02719132	DB00331	backbone	2
nct02719132	DB06292	backbone	2
nct02719392	DB01017	head_to_head	4
nct02719392	DB06151	head_to_head	4
nct02720185	DB01254	investigational	1
nct02720510	DB00188	backbone	2
nct02720510	DB01234	backbone	2
nct02720510	DB06603	head_to_head	2
nct02720510	DB00480	backbone	2
nct02720601	DB01101	investigational	1
nct02720601	DB00762	investigational	1
nct02720757	DB09080	investigational	1
nct02720757	DB01409	investigational	1
nct02720926	DB01101	single_arm_combination	1
nct02720926	DB05928	single_arm_combination	1
nct02721875	DB12062	backbone	2
nct02721875	DB00928	investigational	2
nct02721979	DB11901	investigational	1
nct02722135	DB12062	investigational	1
nct02722369	DB00441	investigational	2
nct02722369	DB01611	investigational	2
nct02723435	DB06595	investigational	1
nct02723838	DB00441	no_arm_data	0
nct02723981	DB00877	investigational	2
nct02723981	DB14726	backbone	2
nct02723981	DB06228	backbone	2
nct02723981	DB00758	backbone	2
nct02724202	DB11672	single_arm_combination	1
nct02724202	DB00544	described_only	1
nct02724904	DB04572	single_arm_combination	1
nct02724904	DB01073	single_arm_combination	1
nct02724904	DB00563	single_arm_combination	1
nct02725372	DB00435	investigational	2
nct02726334	DB00544	investigational	2
nct02726334	DB00650	investigational	2
nct02726334	DB03256	investigational	2
nct02726334	DB00762	investigational	2
nct02726399	DB01101	single_arm_combination	1
nct02726490	DB01016	backbone	2
nct02726490	DB00331	head_to_head	2
nct02726867	DB01174	head_to_head	4
nct02726867	DB06218	head_to_head	4
nct02726867	DB01202	head_to_head	4
nct02726867	DB01221	head_to_head	4
nct02727101	DB00230	described_only	12
nct02727101	DB04953	described_only	12
nct02727101	DB00906	unmatched	12
nct02727101	DB14575	unmatched	12
nct02727101	DB06218	unmatched	12
nct02727101	DB00313	described_only	12
nct02727101	DB01202	described_only	12
nct02727101	DB00273	unmatched	12
nct02727101	DB08883	backbone	12
nct02727101	DB01174	described_only	12
nct02727101	DB00909	described_only	12
nct02727101	DB00349	described_only	12
nct02727101	DB00555	described_only	12
nct02727998	DB01221	investigational	2
nct02728271	DB00531	described_only	1
nct02728388	DB00855	investigational	1
nct02728453	DB09038	investigational	2
nct02728700	DB00877	single_arm_combination	1
nct02728700	DB00688	single_arm_combination	1
nct02729961	DB09063	single_arm_combination	1
nct02730091	DB00361	investigational	2
nct02730091	DB01006	backbone	2
nct02730091	DB01217	backbone	2
nct02730195	DB00135	single_arm_combination	1
nct02730195	DB01132	single_arm_combination	1
nct02730364	DB01620	investigational	2
nct02730364	DB00316	investigational	2
nct02730364	DB00388	investigational	2
nct02730364	DB00126	investigational	2
nct02730793	DB00355	backbone	2
nct02730871	DB01194	backbone	2
nct02730871	DB00484	backbone	2
nct02730884	DB12146	investigational	1
nct02731742	DB11100	backbone	6
nct02731846	DB09076	investigational	3
nct02731846	DB08906	backbone	3
nct02731846	DB09082	backbone	3
nct02732938	DB00441	single_arm_combination	1
nct02732938	DB01229	single_arm_combination	1
nct02734186	DB01058	backbone	2
nct02734615	DB11730	investigational	7
nct02734615	DB12015	investigational	7
nct02735343	DB00433	comparator	2
nct02735343	DB01221	investigational	2
nct02735694	DB00260	backbone	2
nct02735876	DB09053	comparator	3
nct02735876	DB11703	investigational	3
nct02736149	DB03424	investigational	1
nct02736448	DB01101	investigational	2
nct02737202	DB11805	investigational	1
nct02737709	DB00412	unmatched	1
nct02737709	DB01229	investigational	1
nct02737930	DB00472	investigational	2
nct02739594	DB00399	comparator	2
nct02739594	DB00710	investigational	2
nct02740387	DB01234	investigational	1
nct02740699	DB01076	single_arm_combination	1
nct02740699	DB01098	single_arm_combination	1
nct02742519	DB08820	backbone	3
nct02742883	DB09269	unmatched	1
nct02743546	DB09053	backbone	5
nct02743611	DB04974	backbone	4
nct02744287	DB04974	backbone	2
nct02744690	DB00305	backbone	2
nct02744820	DB00123	backbone	4
nct02748798	DB13453	backbone	2
nct02748798	DB00556	backbone	2
nct02748798	DB11104	backbone	2
nct02748889	DB00773	backbone	2
nct02749409	DB08439	investigational	2
nct02749526	DB09256	single_arm_combination	1
nct02749617	DB06605	investigational	1
nct02749825	DB00014	comparator	3
nct02749825	DB06825	investigational	3
nct02750254	DB00928	single_arm_combination	1
nct02750514	DB01254	investigational	5
nct02751385	DB09079	single_arm_combination	1
nct02753166	DB01234	investigational	2
nct02753205	DB00633	comparator	2
nct02753595	DB08871	backbone	3
nct02756013	DB01229	single_arm_combination	1
nct02756663	DB08889	backbone	3
nct02756663	DB01234	backbone	3
nct02756663	DB06603	investigational	3
nct02757248	DB12062	backbone	5
nct02757248	DB06176	backbone	5
nct02757326	DB12764	investigational	1
nct02757521	DB06690	investigational	2
nct02758067	DB09128	investigational	2
nct02758132	DB05812	head_to_head	2
nct02758132	DB08899	backbone	2
nct02758132	DB00635	head_to_head	2
nct02758366	DB00853	described_only	1
nct02758366	DB00313	described_only	1
nct02758366	DB00997	investigational	1
nct02759120	DB01015	described_only	2
nct02759120	DB00254	investigational	2
nct02759120	DB00440	described_only	2
nct02759315	DB15206	backbone	6
nct02759315	DB11713	backbone	6
nct02760719	DB09153	described_only	2
nct02760719	DB01001	described_only	2
nct02762253	DB00140	investigational	1
nct02762331	DB00126	investigational	2
nct02762448	DB09102	investigational	1
nct02762448	DB11586	investigational	1
nct02762617	DB00300	investigational	2
nct02763007	DB06203	mixed	3
nct02763007	DB00331	described_only	3
nct02763007	DB01132	mixed	3
nct02763384	DB01280	single_arm_combination	1
nct02763761	DB00959	backbone	2
nct02763761	DB00635	backbone	2
nct02764411	DB00484	investigational	1
nct02765165	DB01206	investigational	5
nct02765841	DB08827	investigational	1
nct02766140	DB01248	backbone	2
nct02766478	DB01645	investigational	2
nct02767752	DB01101	backbone	2
nct02767752	DB00441	backbone	2
nct02768220	DB09038	comparator	2
nct02768220	DB08882	investigational	2
nct02768558	DB00773	backbone	2
nct02768662	DB01234	investigational	1
nct02769494	DB00244	investigational	2
nct02769962	DB09074	backbone	2
nct02769962	DB04690	backbone	2
nct02770014	DB00530	investigational	1
nct02770443	DB00612	investigational	2
nct02770443	DB00571	investigational	2
nct02770443	DB00264	investigational	2
nct02770443	DB01136	investigational	2
nct02770729	DB00218	backbone	2
nct02771925	DB00996	investigational	2
nct02773550	DB01042	single_arm_combination	1
nct02773550	DB00188	single_arm_combination	1
nct02773550	DB00635	single_arm_combination	1
nct02773732	DB00537	backbone	3
nct02773732	DB00773	backbone	3
nct02773797	DB09153	described_only	3
nct02773797	DB00633	comparator	3
nct02774291	DB00531	single_arm_combination	1
nct02774512	DB04868	investigational	1
nct02774681	DB09073	single_arm_combination	1
nct02777489	DB00790	investigational	1
nct02779257	DB06663	single_arm_combination	1
nct02779257	DB01119	single_arm_combination	1
nct02779777	DB04960	backbone	2
nct02780128	DB11730	investigational	2
nct02780128	DB09063	investigational	2
nct02780700	DB01101	investigational	2
nct02780700	DB09079	backbone	2
nct02780830	DB09053	single_arm_combination	1
nct02781805	DB00630	investigational	1
nct02782052	DB00332	investigational	3
nct02782052	DB01001	investigational	3
nct02782182	DB00650	investigational	1
nct02782182	DB00762	investigational	1
nct02782403	DB06616	backbone	2
nct02782403	DB06626	backbone	2
nct02782481	DB01235	investigational	3
nct02782481	DB00190	investigational	3
nct02782559	DB00203	backbone	2
nct02783547	DB00928	investigational	1
nct02783547	DB12146	investigational	1
nct02784834	DB08908	investigational	1
nct02785068	DB00650	single_arm_combination	1
nct02785068	DB00544	single_arm_combination	1
nct02785068	DB00762	single_arm_combination	1
nct02785900	DB01262	backbone	2
nct02785900	DB00928	backbone	2
nct02786979	DB05229	investigational	2
nct02786979	DB00945	backbone	2
nct02787083	DB08893	investigational	2
nct02787798	DB00177	investigational	2
nct02789189	DB00441	investigational	1
nct02789397	DB00993	investigational	2
nct02790034	DB06454	investigational	3
nct02790632	DB00393	backbone	2
nct02790710	DB00571	investigational	2
nct02790736	DB00571	investigational	2
nct02791906	DB01020	backbone	2
nct02791919	DB00987	single_arm_combination	1
nct02791919	DB11740	single_arm_combination	1
nct02791919	DB01073	single_arm_combination	1
nct02792153	DB00783	investigational	1
nct02793219	DB01248	single_arm_combination	1
nct02793388	DB01087	backbone	2
nct02793583	DB06769	investigational	3
nct02793765	DB01248	single_arm_combination	1
nct02795143	DB00982	investigational	2
nct02795819	DB06589	backbone	7
nct02795884	DB00530	investigational	2
nct02795884	DB00642	investigational	2
nct02796144	DB00331	head_to_head	3
nct02796144	DB04871	investigational	3
nct02798068	DB00959	described_only	2
nct02800889	DB06193	investigational	1
nct02801097	DB00762	single_arm_combination	1
nct02801617	DB00654	backbone	2
nct02802163	DB08889	single_arm_combination	1
nct02802163	DB00480	single_arm_combination	1
nct02802163	DB06603	single_arm_combination	1
nct02802163	DB01234	single_arm_combination	1
nct02803073	DB00624	investigational	2
nct02805452	DB01591	investigational	2
nct02805660	DB11830	backbone	7
nct02805894	DB00624	unmatched	2
nct02806362	DB09296	investigational	1
nct02806362	DB00503	investigational	1
nct02806362	DB09297	investigational	1
nct02807181	DB00441	backbone	2
nct02807454	DB08910	investigational	2
nct02807467	DB00818	comparator	2
nct02807467	DB00633	investigational	2
nct02808091	DB00188	backbone	2
nct02808247	DB09079	investigational	2
nct02808247	DB01181	comparator	2
nct02810483	DB00273	investigational	2
nct02811133	DB13178	investigational	1
nct02811159	DB05253	investigational	1
nct02811484	DB06292	mixed	3
nct02811744	DB03166	backbone	2
nct02811783	DB01183	investigational	2
nct02812693	DB00619	single_arm_combination	1
nct02812862	DB09080	investigational	1
nct02812862	DB01409	investigational	1
nct02813369	DB09049	head_to_head	2
nct02813447	DB01104	investigational	2
nct02814019	DB09081	investigational	2
nct02815059	DB09053	single_arm_combination	1
nct02815059	DB01254	single_arm_combination	1
nct02815059	DB00635	single_arm_combination	1
nct02815397	DB00331	investigational	1
nct02815540	DB09061	investigational	1
nct02817113	DB00544	single_arm_combination	1
nct02817789	DB08816	investigational	2
nct02817789	DB00758	comparator	2
nct02817789	DB00945	comparator	2
nct02818023	DB05239	single_arm_combination	1
nct02818023	DB08881	single_arm_combination	1
nct02819804	DB01254	single_arm_combination	1
nct02819869	DB00331	investigational	2
nct02819921	DB06700	investigational	3
nct02819999	DB00773	investigational	4
nct02820441	DB01198	investigational	2
nct02822196	DB00297	backbone	2
nct02822196	DB00281	comparator	2
nct02822482	DB12483	single_arm_combination	1
nct02823106	DB00661	investigational	2
nct02823470	DB08820	backbone	2
nct02823470	DB09280	backbone	2
nct02823977	DB00633	backbone	2
nct02823977	DB01221	investigational	2
nct02824354	DB06230	investigational	2
nct02824575	DB13005	backbone	2
nct02824575	DB01229	investigational	2
nct02824575	DB08871	investigational	2
nct02825719	DB00302	backbone	2
nct02826161	DB01229	backbone	2
nct02826512	DB11793	investigational	1
nct02827747	DB00162	described_only	4
nct02827747	DB00143	described_only	4
nct02827747	DB00126	described_only	4
nct02829424	DB00563	investigational	2
nct02829814	DB00924	investigational	2
nct02829840	DB00928	backbone	3
nct02829840	DB08901	backbone	3
nct02831179	DB07232	single_arm_combination	1
nct02831179	DB00853	single_arm_combination	1
nct02831179	DB01101	single_arm_combination	1
nct02831491	DB01248	single_arm_combination	1
nct02831933	DB00577	single_arm_combination	1
nct02831933	DB04485	unmatched	1
nct02832531	DB06228	investigational	2
nct02832531	DB00945	comparator	2
nct02833506	DB00877	investigational	2
nct02833701	DB00126	investigational	1
nct02833766	DB00997	investigational	1
nct02834793	DB08883	backbone	2
nct02834819	DB09153	investigational	2
nct02834975	DB01229	single_arm_combination	1
nct02835794	DB00928	single_arm_combination	1
nct02835794	DB04865	single_arm_combination	1
nct02836028	DB00853	comparator	2
nct02836028	DB11760	backbone	2
nct02838030	DB00125	investigational	2
nct02838030	DB00945	backbone	2
nct02838745	DB00642	backbone	2
nct02839694	DB00482	comparator	3
nct02839694	DB01262	backbone	3
nct02839889	DB09049	investigational	2
nct02840136	DB00760	single_arm_combination	1
nct02840136	DB00438	single_arm_combination	1
nct02840136	DB00319	single_arm_combination	1
nct02840162	DB00482	investigational	2
nct02840591	DB00980	investigational	2
nct02842125	DB01101	investigational	3
nct02842580	DB00762	backbone	2
nct02842580	DB01101	backbone	2
nct02842580	DB00544	backbone	2
nct02842580	DB03256	described_only	2
nct02844582	DB06772	single_arm_combination	1
nct02844582	DB00635	single_arm_combination	1
nct02844907	DB01234	investigational	2
nct02844933	DB09061	investigational	2
nct02845050	DB11641	single_arm_combination	1
nct02845336	DB00482	investigational	2
nct02845349	DB09068	investigational	2
nct02846766	DB09078	investigational	1
nct02846792	DB05992	single_arm_combination	1
nct02849886	DB01004	unmatched	2
nct02850081	DB01076	investigational	3
nct02850250	DB01112	investigational	0
nct02850406	DB14975	investigational	1
nct02850419	DB00997	investigational	1
nct02850874	DB00441	backbone	2
nct02853500	DB00997	backbone	2
nct02855359	DB00531	backbone	4
nct02855359	DB00997	backbone	4
nct02855359	DB00635	backbone	4
nct02856503	DB00169	backbone	4
nct02856568	DB12376	single_arm_combination	1
nct02856568	DB00441	single_arm_combination	1
nct02856867	DB09079	investigational	2
nct02856867	DB00650	backbone	2
nct02856867	DB00544	backbone	2
nct02857244	DB00476	single_arm_combination	1
nct02857244	DB00843	single_arm_combination	1
nct02857244	DB00745	single_arm_combination	1
nct02858843	DB08820	investigational	1
nct02858843	DB09280	investigational	1
nct02859896	DB06410	investigational	2
nct02859896	DB00136	comparator	2
nct02860065	DB01591	described_only	1
nct02860065	DB00843	described_only	1
nct02860494	DB01590	investigational	4
nct02861040	DB12062	single_arm_combination	1
nct02862145	DB01234	single_arm_combination	1
nct02862574	DB00563	backbone	4
nct02862600	DB01074	investigational	1
nct02862873	DB00904	investigational	2
nct02863055	DB09079	investigational	2
nct02863068	DB09112	investigational	2
nct02863913	DB00531	backbone	2
nct02863991	DB14844	backbone	2
nct02863991	DB01234	backbone	2
nct02864368	DB00853	backbone	5
nct02864784	DB06724	investigational	2
nct02864953	DB01016	investigational	2
nct02866448	DB00945	mixed	4
nct02867280	DB00398	investigational	2
nct02867332	DB00531	backbone	2
nct02867345	DB00531	backbone	2
nct02867618	DB08889	single_arm_combination	1
nct02867878	DB00640	investigational	2
nct02868892	DB00642	investigational	1
nct02869425	DB08891	investigational	2
nct02871297	DB09068	investigational	1
nct02871427	DB12555	investigational	1
nct02872272	DB00479	investigational	1
nct02872649	DB00946	comparator	2
nct02872649	DB14726	investigational	2
nct02873351	DB01235	investigational	2
nct02873351	DB00190	investigational	2
nct02873702	DB00448	investigational	4
nct02873702	DB05351	investigational	4
nct02874430	DB00331	single_arm_combination	1
nct02874430	DB00254	single_arm_combination	1
nct02874651	DB14765	investigational	2
nct02874820	DB12551	investigational	1
nct02875002	DB05015	single_arm_combination	1
nct02875002	DB12062	single_arm_combination	1
nct02875067	DB00480	single_arm_combination	1
nct02875093	DB00987	single_arm_combination	1
nct02876081	DB08916	investigational	0
nct02876094	DB00482	investigational	1
nct02876211	DB00910	investigational	2
nct02877082	DB00188	single_arm_combination	1
nct02877082	DB00864	single_arm_combination	1
nct02880410	DB00853	investigational	1
nct02881528	DB00331	investigational	2
nct02882087	DB00563	backbone	2
nct02882126	DB00374	investigational	1
nct02882711	DB01221	investigational	1
nct02883439	DB00588	comparator	2
nct02885012	DB08932	described_only	2
nct02885012	DB00559	described_only	2
nct02885012	DB06403	backbone	2
nct02885324	DB08875	investigational	1
nct02885441	DB00465	investigational	2
nct02885649	DB08899	investigational	1
nct02887248	DB00441	single_arm_combination	1
nct02887248	DB01229	single_arm_combination	1
nct02887677	DB06292	investigational	2
nct02887807	DB00091	investigational	2
nct02888730	DB00684	investigational	2
nct02890719	DB11574	backbone	2
nct02890719	DB11575	backbone	2
nct02893176	DB08932	investigational	2
nct02893280	DB00758	investigational	0
nct02893280	DB00945	investigational	0
nct02893332	DB00135	unmatched	2
nct02893371	DB00215	no_arm_data	0
nct02893371	DB01224	no_arm_data	0
nct02893371	DB00246	no_arm_data	0
nct02893371	DB01142	no_arm_data	0
nct02893371	DB00476	no_arm_data	0
nct02893371	DB01156	no_arm_data	0
nct02893371	DB00176	no_arm_data	0
nct02893371	DB06216	no_arm_data	0
nct02893371	DB00734	no_arm_data	0
nct02893371	DB06700	no_arm_data	0
nct02893371	DB01238	no_arm_data	0
nct02893371	DB00334	no_arm_data	0
nct02893371	DB00564	no_arm_data	0
nct02893371	DB00363	no_arm_data	0
nct02893371	DB00472	no_arm_data	0
nct02893371	DB00715	no_arm_data	0
nct02893371	DB01267	no_arm_data	0
nct02893371	DB00776	no_arm_data	0
nct02893371	DB00285	no_arm_data	0
nct02893371	DB00313	no_arm_data	0
nct02893371	DB00555	no_arm_data	0
nct02893371	DB00850	no_arm_data	0
nct02893371	DB01175	no_arm_data	0
nct02893371	DB01104	no_arm_data	0
nct02893371	DB00502	no_arm_data	0
nct02893371	DB08815	no_arm_data	0
nct02893371	DB06684	no_arm_data	0
nct02893371	DB00370	no_arm_data	0
nct02893371	DB14509	no_arm_data	0
nct02893826	DB00393	backbone	2
nct02893995	DB00374	backbone	2
nct02895035	DB00668	head_to_head	2
nct02895035	DB00388	head_to_head	2
nct02895958	DB00811	described_only	1
nct02895958	DB11575	described_only	1
nct02895958	DB11574	described_only	1
nct02897050	DB00544	backbone	2
nct02897050	DB00531	backbone	2
nct02897050	DB01101	backbone	2
nct02897050	DB00445	backbone	2
nct02897050	DB01248	backbone	2
nct02897830	DB09570	single_arm_combination	1
nct02897830	DB00480	single_arm_combination	1
nct02897830	DB01234	single_arm_combination	1
nct02898259	DB09570	single_arm_combination	1
nct02898259	DB00480	single_arm_combination	1
nct02899728	DB00773	backbone	2
nct02899728	DB09074	backbone	2
nct02899728	DB04849	backbone	2
nct02900560	DB00928	backbone	4
nct02901067	DB01098	backbone	2
nct02901067	DB00945	backbone	2
nct02901106	DB08908	investigational	1
nct02902055	DB00728	unmatched	2
nct02902484	DB09079	investigational	1
nct02902744	DB00591	investigational	1
nct02903407	DB00683	head_to_head	2
nct02903407	DB00818	head_to_head	2
nct02903407	DB00633	head_to_head	2
nct02903901	DB01065	investigational	2
nct02904265	DB00829	comparator	2
nct02904265	DB00819	investigational	2
nct02904304	DB00967	investigational	2
nct02904304	DB00388	investigational	2
nct02904304	DB01050	investigational	2
nct02905994	DB00987	single_arm_combination	1
nct02905994	DB01177	single_arm_combination	1
nct02905994	DB12062	single_arm_combination	1
nct02906332	DB00480	single_arm_combination	1
nct02906332	DB01234	single_arm_combination	1
nct02906605	DB11901	backbone	2
nct02906696	DB06616	investigational	1
nct02907918	DB01006	single_arm_combination	1
nct02907918	DB09073	single_arm_combination	1
nct02908165	DB00398	backbone	2
nct02908334	DB01104	investigational	2
nct02908490	DB00203	backbone	2
nct02908516	DB00302	investigational	2
nct02908698	DB00635	investigational	2
nct02909140	DB00668	investigational	3
nct02909140	DB00979	investigational	3
nct02909140	DB00388	investigational	3
nct02909140	DB00281	backbone	3
nct02909335	DB01590	comparator	2
nct02909335	DB00864	investigational	2
nct02909504	DB14509	investigational	1
nct02910843	DB01101	single_arm_combination	1
nct02910843	DB08896	single_arm_combination	1
nct02910882	DB00441	single_arm_combination	1
nct02911467	DB00119	investigational	1
nct02912455	DB08907	investigational	2
nct02914327	DB09053	investigational	1
nct02914327	DB06070	investigational	1
nct02914600	DB14845	investigational	3
nct02914938	DB15035	investigational	3
nct02915172	DB01101	single_arm_combination	1
nct02915172	DB09078	single_arm_combination	1
nct02915666	DB08911	single_arm_combination	1
nct02915666	DB08912	single_arm_combination	1
nct02915666	DB00390	single_arm_combination	1
nct02917122	DB01104	backbone	2
nct02917629	DB00331	investigational	2
nct02917629	DB01132	investigational	2
nct02919462	DB00361	investigational	2
nct02919462	DB00642	comparator	2
nct02920242	DB01220	mixed	3
nct02920450	DB01229	backbone	4
nct02920996	DB12381	backbone	2
nct02921555	DB00959	backbone	2
nct02921555	DB00635	backbone	2
nct02921737	DB09343	unmatched	1
nct02921737	DB00432	unmatched	1
nct02922348	DB00977	backbone	2
nct02922348	DB00367	investigational	2
nct02922725	DB02959	investigational	3
nct02922725	DB00148	investigational	3
nct02923531	DB05501	single_arm_combination	1
nct02923739	DB01229	backbone	2
nct02923986	DB01254	backbone	2
nct02924389	DB08930	backbone	2
nct02926638	DB00530	backbone	2
nct02927249	DB00945	investigational	2
nct02927431	DB00198	backbone	3
nct02928029	DB08913	investigational	4
nct02928029	DB00188	backbone	4
nct02928029	DB01234	backbone	4
nct02928419	DB00480	backbone	2
nct02928419	DB06210	investigational	2
nct02928510	DB09054	investigational	1
nct02929394	DB05109	investigational	2
nct02929498	DB00928	investigational	2
nct02929576	DB01229	backbone	3
nct02929576	DB08899	investigational	3
nct02930343	DB00860	backbone	2
nct02930343	DB00795	head_to_head	2
nct02930343	DB01611	backbone	2
nct02930343	DB01097	backbone	2
nct02930343	DB00158	backbone	2
nct02930343	DB00563	backbone	2
nct02930811	DB00203	investigational	2
nct02930941	DB00302	investigational	2
nct02931253	DB00331	investigational	2
nct02932020	DB00297	backbone	2
nct02932293	DB08934	described_only	2
nct02932293	DB09102	described_only	2
nct02932293	DB06290	described_only	2
nct02932475	DB00331	investigational	2
nct02932488	DB00669	investigational	1
nct02933593	DB01275	head_to_head	3
nct02933593	DB01115	head_to_head	3
nct02933593	DB00598	head_to_head	3
nct02933684	DB00260	investigational	2
nct02933801	DB12941	investigational	2
nct02934503	DB00773	single_arm_combination	1
nct02934932	DB09128	backbone	3
nct02935101	DB00860	investigational	2
nct02936037	DB00121	investigational	2
nct02936206	DB00675	comparator	2
nct02936206	DB00947	investigational	2
nct02936999	DB00169	investigational	1
nct02939807	DB12764	investigational	1
nct02940691	DB11574	investigational	1
nct02940691	DB11575	investigational	1
nct02941510	DB01222	investigational	2
nct02941601	DB00441	backbone	2
nct02942212	DB00184	mixed	3
nct02942264	DB00853	backbone	4
nct02942485	DB00916	investigational	2
nct02942485	DB00911	comparator	2
nct02942758	DB00755	investigational	2
nct02942758	DB01132	investigational	2
nct02942758	DB00928	backbone	2
nct02943473	DB09053	investigational	1
nct02943603	DB00650	described_only	1
nct02943603	DB00544	described_only	1
nct02943642	DB02546	comparator	3
nct02943668	DB01609	investigational	1
nct02943733	DB00853	single_arm_combination	1
nct02943733	DB09343	unmatched	1
nct02943733	DB00432	unmatched	1
nct02944357	DB00441	single_arm_combination	1
nct02945644	DB00656	investigational	3
nct02945722	DB00878	described_only	2
nct02945722	DB00410	described_only	2
nct02945813	DB00331	investigational	2
nct02945839	DB00273	head_to_head	2
nct02946437	DB00683	comparator	3
nct02946437	DB00818	comparator	3
nct02946437	DB01236	mixed	3
nct02946580	DB09049	investigational	2
nct02946918	DB00451	backbone	2
nct02946996	DB00331	investigational	3
nct02947100	DB03756	unmatched	1
nct02947100	DB00159	unmatched	1
nct02947113	DB00773	single_arm_combination	1
nct02947113	DB00642	single_arm_combination	1
nct02947243	DB00295	comparator	2
nct02947581	DB01058	backbone	2
nct02947581	DB00518	backbone	2
nct02947880	DB00887	investigational	2
nct02948101	DB00531	single_arm_combination	1
nct02949232	DB00860	investigational	2
nct02949843	DB00135	investigational	3
nct02950038	DB09053	single_arm_combination	1
nct02951117	DB11581	backbone	2
nct02951117	DB01234	backbone	2
nct02951156	DB00928	investigational	5
nct02951156	DB06769	mixed	5
nct02951975	DB01234	investigational	1
nct02952573	DB12147	backbone	2
nct02952573	DB01234	backbone	2
nct02953106	DB00588	investigational	2
nct02953106	DB00972	investigational	2
nct02953366	DB00764	backbone	2
nct02953379	DB00764	backbone	2
nct02953509	DB00441	investigational	10
nct02953561	DB00928	single_arm_combination	1
nct02954159	DB00864	investigational	2
nct02954406	DB00441	investigational	11
nct02954406	DB00480	investigational	11
nct02954406	DB09053	investigational	11
nct02954406	DB06769	investigational	11
nct02954523	DB01254	backbone	5
nct02954523	DB09330	backbone	5
nct02954653	DB00987	comparator	4
nct02954653	DB00694	comparator	4
nct02954653	DB01262	comparator	4
nct02954653	DB00928	comparator	4
nct02954991	DB11830	investigational	3
nct02954991	DB06302	investigational	3
nct02955147	DB00635	single_arm_combination	1
nct02955524	DB00281	single_arm_combination	1
nct02955524	DB09085	single_arm_combination	1
nct02955654	DB01238	comparator	3
nct02956200	DB08868	investigational	2
nct02956629	DB15206	backbone	6
nct02956629	DB00811	backbone	6
nct02956629	DB11713	backbone	6
nct02956889	DB08828	investigational	1
nct02957032	DB00987	single_arm_combination	1
nct02959359	DB08934	single_arm_combination	1
nct02959359	DB00811	single_arm_combination	1
nct02959359	DB09027	single_arm_combination	1
nct02959437	DB11717	backbone	3
nct02959437	DB00928	investigational	3
nct02959554	DB01268	comparator	2
nct02959554	DB06589	comparator	2
nct02960217	DB11677	backbone	2
nct02960503	DB00207	investigational	2
nct02961816	DB01042	backbone	3
nct02961816	DB00441	backbone	3
nct02961816	DB01008	backbone	3
nct02961816	DB06603	backbone	3
nct02962245	DB04115	investigational	2
nct02962388	DB08877	investigational	2
nct02962388	DB00261	comparator	2
nct02963051	DB00822	backbone	3
nct02963090	DB01030	comparator	2
nct02963181	DB01065	investigational	2
nct02963181	DB01392	investigational	2
nct02963610	DB00480	single_arm_combination	1
nct02964507	DB00947	backbone	3
nct02965443	DB06335	investigational	2
nct02965443	DB06292	investigational	2
nct02965768	DB00704	backbone	2
nct02965911	DB08834	unmatched	2
nct02965911	DB01039	investigational	2
nct02965911	DB01586	backbone	2
nct02966119	DB00758	investigational	2
nct02966119	DB00975	unmatched	2
nct02966119	DB00945	investigational	2
nct02966184	DB01001	investigational	2
nct02966730	DB09053	investigational	1
nct02967133	DB01229	head_to_head	2
nct02967276	DB00331	single_arm_combination	1
nct02967692	DB08911	backbone	4
nct02967692	DB08912	backbone	4
nct02968121	DB09128	backbone	5
nct02968160	DB00966	backbone	2
nct02968160	DB01098	backbone	2
nct02968680	DB12821	investigational	1
nct02968901	DB00820	single_arm_combination	1
nct02968901	DB08932	single_arm_combination	1
nct02969265	DB00381	backbone	2
nct02969265	DB00796	unmatched	2
nct02969876	DB09068	investigational	1
nct02971033	DB00973	investigational	3
nct02971410	DB00641	investigational	1
nct02971839	DB08820	mixed	5
nct02972502	DB00502	investigational	2
nct02972502	DB01233	comparator	2
nct02972866	DB01222	backbone	2
nct02973399	DB09053	investigational	1
nct02973399	DB06070	investigational	1
nct02973711	DB08877	single_arm_combination	1
nct02973711	DB04868	single_arm_combination	1
nct02974426	DB00361	backbone	2
nct02974426	DB00642	backbone	2
nct02974725	DB11730	investigational	3
nct02974725	DB08911	investigational	3
nct02974777	DB00945	described_only	2
nct02974803	DB08911	single_arm_combination	1
nct02974803	DB08912	single_arm_combination	1
nct02975570	DB01137	investigational	6
nct02975570	DB00601	investigational	6
nct02975570	DB00339	investigational	6
nct02975570	DB11637	investigational	6
nct02975583	DB09030	investigational	2
nct02976441	DB00853	investigational	1
nct02978651	DB11642	investigational	2
nct02978716	DB00441	backbone	3
nct02981082	DB08908	investigational	2
nct02981459	DB08893	investigational	1
nct02982668	DB01233	investigational	3
nct02982668	DB11675	investigational	3
nct02983097	DB00987	single_arm_combination	1
nct02983097	DB00480	single_arm_combination	1
nct02983097	DB01234	single_arm_combination	1
nct02983604	DB00947	mixed	4
nct02983604	DB00990	investigational	4
nct02985021	DB01248	single_arm_combination	1
nct02985203	DB00361	investigational	2
nct02985242	DB00222	comparator	2
nct02985242	DB09038	investigational	2
nct02985333	DB01234	single_arm_combination	1
nct02985333	DB00531	single_arm_combination	1
nct02985333	DB01229	single_arm_combination	1
nct02986451	DB01211	single_arm_combination	1
nct02986451	DB00480	single_arm_combination	1
nct02986451	DB01234	single_arm_combination	1
nct02986685	DB01129	backbone	2
nct02987998	DB00773	single_arm_combination	1
nct02988297	DB09140	unmatched	2
nct02988778	DB01222	comparator	2
nct02989168	DB14975	backbone	2
nct02989649	DB06203	single_arm_combination	1
nct02989870	DB00398	single_arm_combination	1
nct02990312	DB00877	investigational	1
nct02990845	DB00990	investigational	1
nct02991651	DB00530	backbone	3
nct02991768	DB01222	investigational	2
nct02992340	DB00441	single_arm_combination	1
nct02992340	DB05944	single_arm_combination	1
nct02993094	DB09570	single_arm_combination	1
nct02993991	DB11830	single_arm_combination	1
nct02994784	DB01042	investigational	1
nct02995083	DB00860	investigational	3
nct02995083	DB14669	investigational	3
nct02995083	DB01234	investigational	3
nct02995083	DB09153	comparator	3
nct02995083	DB00620	investigational	3
nct02995083	DB00443	investigational	3
nct02995083	DB00959	investigational	3
nct02995083	DB00635	investigational	3
nct02995330	DB13943	single_arm_combination	1
nct02995330	DB00531	single_arm_combination	1
nct02995512	DB01394	investigational	1
nct02995746	DB01234	investigational	1
nct02997332	DB00544	single_arm_combination	1
nct02997332	DB01248	single_arm_combination	1
nct02999906	DB00374	investigational	2
nct03000127	DB00624	investigational	1
nct03000634	DB00188	backbone	2
nct03000634	DB00480	backbone	2
nct03000634	DB01234	backbone	2
nct03002103	DB00441	backbone	2
nct03002103	DB01229	backbone	2
nct03002506	DB09050	investigational	1
nct03002506	DB01606	investigational	1
nct03002623	DB11891	investigational	1
nct03002831	DB09257	backbone	2
nct03002831	DB09256	backbone	2
nct03002831	DB03209	backbone	2
nct03003143	DB01080	investigational	1
nct03003338	DB09296	unmatched	2
nct03003338	DB00503	backbone	2
nct03003338	DB09297	unmatched	2
nct03003338	DB09183	backbone	2
nct03003949	DB00396	investigational	2
nct03003949	DB00783	investigational	2
nct03004105	DB11689	backbone	3
nct03005015	DB09078	investigational	2
nct03005184	DB00177	backbone	12
nct03005184	DB09292	backbone	12
nct03005639	DB05239	investigational	1
nct03005639	DB08881	investigational	1
nct03005860	DB00818	investigational	2
nct03005860	DB01236	comparator	2
nct03006679	DB00760	investigational	4
nct03006679	DB00319	comparator	4
nct03008512	DB01229	investigational	1
nct03008616	DB00390	investigational	2
nct03009058	DB00762	investigational	17
nct03009058	DB00544	investigational	17
nct03009058	DB00531	investigational	17
nct03009058	DB01101	investigational	17
nct03009058	DB00441	investigational	17
nct03009058	DB01229	investigational	17
nct03009058	DB03256	investigational	17
nct03010423	DB09220	investigational	1
nct03011645	DB00246	head_to_head	3
nct03011645	DB04871	head_to_head	3
nct03012360	DB00537	investigational	2
nct03012360	DB01598	investigational	2
nct03012360	DB00601	investigational	2
nct03012360	DB01212	investigational	2
nct03012646	DB00374	investigational	1
nct03013491	DB08881	investigational	7
nct03014297	DB01590	single_arm_combination	1
nct03014297	DB12577	single_arm_combination	1
nct03015051	DB09140	unmatched	2
nct03015792	DB01234	single_arm_combination	1
nct03015792	DB09053	single_arm_combination	1
nct03015792	DB00480	single_arm_combination	1
nct03015831	DB01394	investigational	2
nct03016468	DB00374	single_arm_combination	1
nct03018288	DB00853	backbone	4
nct03018704	DB00273	investigational	2
nct03019588	DB01229	comparator	2
nct03020797	DB08883	investigational	2
nct03021395	DB01262	investigational	2
nct03022565	DB02546	investigational	1
nct03022578	DB01206	investigational	1
nct03022838	DB00201	backbone	2
nct03022877	DB00922	backbone	3
nct03023527	DB08910	backbone	2
nct03023527	DB01234	backbone	2
nct03024060	DB00855	investigational	3
nct03024437	DB11841	backbone	3
nct03026023	DB00811	investigational	1
nct03026023	DB11574	investigational	1
nct03026023	DB11575	investigational	1
nct03026088	DB00612	investigational	1
nct03026803	DB01101	single_arm_combination	1
nct03027167	DB00945	backbone	2
nct03027934	DB08816	backbone	2
nct03027934	DB06209	backbone	2
nct03028909	DB00198	backbone	3
nct03029585	DB01229	investigational	5
nct03029611	DB01229	single_arm_combination	1
nct03029845	DB00571	investigational	3
nct03031730	DB08889	single_arm_combination	1
nct03031730	DB01234	single_arm_combination	1
nct03031730	DB00480	single_arm_combination	1
nct03035253	DB00544	single_arm_combination	1
nct03035253	DB00650	single_arm_combination	1
nct03035253	DB03256	single_arm_combination	1
nct03035253	DB00762	single_arm_combination	1
nct03035630	DB01268	backbone	2
nct03035838	DB06717	investigational	1
nct03036046	DB15245	backbone	3
nct03036891	DB09049	investigational	2
nct03037580	DB00374	investigational	2
nct03037593	DB00169	investigational	2
nct03037736	DB00544	head_to_head	3
nct03040024	DB01221	investigational	3
nct03040765	DB00399	head_to_head	2
nct03041181	DB00441	backbone	2
nct03041181	DB01248	backbone	2
nct03041181	DB00642	backbone	2
nct03041285	DB04915	backbone	2
nct03041701	DB01254	backbone	3
nct03042013	DB12036	investigational	1
nct03042325	DB06203	investigational	1
nct03042637	DB00864	investigational	1
nct03043274	DB06441	investigational	2
nct03043430	DB00683	comparator	2
nct03043430	DB01221	investigational	2
nct03043651	DB00374	investigational	1
nct03043989	DB06772	head_to_head	2
nct03043989	DB01211	backbone	2
nct03043989	DB01248	head_to_head	2
nct03044314	DB01088	investigational	1
nct03044314	DB00435	investigational	1
nct03044379	DB08639	investigational	2
nct03044795	DB07232	backbone	2
nct03046901	DB00512	investigational	1
nct03047837	DB00331	investigational	4
nct03047837	DB00945	described_only	4
nct03050060	DB00220	single_arm_combination	1
nct03050398	DB11730	single_arm_combination	1
nct03050398	DB01006	single_arm_combination	1
nct03050450	DB02546	backbone	5
nct03050450	DB00480	backbone	5
nct03050814	DB01101	backbone	2
nct03050814	DB00650	backbone	2
nct03050814	DB00544	backbone	2
nct03051451	DB00472	investigational	3
nct03051451	DB00331	investigational	3
nct03051698	DB00537	investigational	3
nct03051698	DB00512	investigational	3
nct03051698	DB00916	investigational	3
nct03051945	DB01221	investigational	2
nct03052400	DB00834	investigational	2
nct03054038	DB08916	single_arm_combination	1
nct03054207	DB00758	mixed	4
nct03054207	DB06209	mixed	4
nct03055234	DB00374	investigational	2
nct03055312	DB01128	investigational	2
nct03056495	DB02546	investigational	1
nct03056638	DB06699	investigational	2
nct03057990	DB00205	investigational	1
nct03058094	DB15327	investigational	2
nct03058939	DB00675	comparator	6
nct03058939	DB01006	comparator	6
nct03058939	DB00544	unmatched	6
nct03058939	DB00531	unmatched	6
nct03058939	DB01229	investigational	6
nct03058939	DB00445	unmatched	6
nct03059615	DB00997	investigational	4
nct03060772	DB01132	investigational	3
nct03060980	DB00222	investigational	3
nct03060980	DB09038	investigational	3
nct03061136	DB01068	investigational	4
nct03062319	DB00758	described_only	2
nct03062319	DB00945	described_only	2
nct03062449	DB00133	investigational	2
nct03062540	DB00924	investigational	2
nct03063190	DB00169	investigational	4
nct03063203	DB01262	investigational	1
nct03064854	DB00441	investigational	4
nct03064854	DB01229	investigational	4
nct03064854	DB00642	investigational	4
nct03065062	DB09073	single_arm_combination	1
nct03065933	DB00575	investigational	1
nct03066154	DB00503	single_arm_combination	1
nct03066154	DB01248	single_arm_combination	1
nct03066440	DB09153	backbone	2
nct03066453	DB00684	backbone	2
nct03066466	DB01076	investigational	2
nct03066466	DB00563	backbone	2
nct03066466	DB00864	backbone	2
nct03068130	DB05983	investigational	1
nct03068247	DB00476	investigational	2
nct03069950	DB00322	backbone	2
nct03069950	DB00650	backbone	2
nct03069950	DB00544	backbone	2
nct03069950	DB00762	backbone	2
nct03070574	DB00244	investigational	3
nct03070691	DB09143	unmatched	2
nct03070730	DB00335	head_to_head	3
nct03070730	DB06262	head_to_head	3
nct03070964	DB04977	investigational	1
nct03071276	DB00987	single_arm_combination	1
nct03071276	DB01073	single_arm_combination	1
nct03071276	DB11942	single_arm_combination	1
nct03072511	DB00184	backbone	2
nct03073850	DB09075	mixed	3
nct03074318	DB05109	backbone	4
nct03074786	DB00300	investigational	2
nct03074786	DB08639	investigational	2
nct03074786	DB12753	investigational	2
nct03074786	DB00879	investigational	2
nct03076281	DB00331	investigational	3
nct03076281	DB00254	investigational	3
nct03076684	DB00437	investigational	3
nct03077698	DB00351	single_arm_combination	1
nct03078465	DB08816	investigational	2
nct03078725	DB01016	head_to_head	2
nct03078725	DB00331	head_to_head	2
nct03079102	DB00435	investigational	2
nct03079297	DB00149	investigational	2
nct03079505	DB01254	investigational	2
nct03079505	DB04868	comparator	2
nct03079973	DB02300	investigational	2
nct03081234	DB11730	investigational	2
nct03081247	DB01222	backbone	2
nct03081247	DB00983	investigational	2
nct03082014	DB00381	backbone	3
nct03082014	DB00335	backbone	3
nct03082014	DB00678	backbone	3
nct03082300	DB12036	backbone	3
nct03087448	DB08911	single_arm_combination	1
nct03087448	DB09063	single_arm_combination	1
nct03087578	DB08893	comparator	2
nct03087708	DB09049	investigational	3
nct03088293	DB00531	investigational	2
nct03090269	DB00422	investigational	1
nct03091075	DB00621	investigational	2
nct03092154	DB01076	unmatched	2
nct03092635	DB11632	unmatched	1
nct03093272	DB11901	single_arm_combination	1
nct03093272	DB01248	single_arm_combination	1
nct03093740	DB08934	investigational	2
nct03093740	DB11574	unmatched	2
nct03093740	DB11575	unmatched	2
nct03093831	DB09053	investigational	1
nct03094468	DB00857	investigational	2
nct03095248	DB11689	backbone	2
nct03095612	DB11942	single_arm_combination	1
nct03095612	DB01248	single_arm_combination	1
nct03099135	DB14906	described_only	1
nct03099135	DB06290	described_only	1
nct03099135	DB13041	described_only	1
nct03099265	DB00650	single_arm_combination	1
nct03099265	DB00544	single_arm_combination	1
nct03099265	DB00762	single_arm_combination	1
nct03099486	DB00650	single_arm_combination	1
nct03099486	DB00544	single_arm_combination	1
nct03099486	DB08896	single_arm_combination	1
nct03099499	DB14844	investigational	1
nct03100877	DB01042	single_arm_combination	1
nct03100877	DB00480	single_arm_combination	1
nct03101501	DB00305	investigational	1
nct03101527	DB03756	investigational	1
nct03101527	DB00159	investigational	1
nct03101540	DB00159	investigational	1
nct03101748	DB01229	backbone	3
nct03101748	DB11828	backbone	3
nct03102190	DB00661	investigational	1
nct03102827	DB09140	unmatched	2
nct03103971	DB01073	single_arm_combination	1
nct03103971	DB00531	single_arm_combination	1
nct03104270	DB08910	single_arm_combination	1
nct03104270	DB08889	single_arm_combination	1
nct03104270	DB01234	single_arm_combination	1
nct03104335	DB14765	investigational	1
nct03104725	DB06151	investigational	2
nct03105219	DB09083	investigational	2
nct03105349	DB08934	single_arm_combination	1
nct03105349	DB11575	single_arm_combination	1
nct03105349	DB00811	single_arm_combination	1
nct03105349	DB11574	single_arm_combination	1
nct03106597	DB00381	comparator	2
nct03106597	DB09238	investigational	2
nct03109301	DB11689	backbone	2
nct03109418	DB01221	investigational	2
nct03109795	DB00999	comparator	2
nct03109795	DB00575	investigational	2
nct03109847	DB00331	investigational	2
nct03110510	DB00650	single_arm_combination	1
nct03110510	DB00544	single_arm_combination	1
nct03110510	DB00762	single_arm_combination	1
nct03110575	DB00924	investigational	1
nct03110588	DB05812	described_only	2
nct03110588	DB06772	backbone	2
nct03110588	DB08899	described_only	2
nct03110588	DB00635	described_only	2
nct03111069	DB00997	investigational	2
nct03113071	DB01262	backbone	2
nct03113071	DB00390	backbone	2
nct03113409	DB00704	backbone	3
nct03113994	DB01098	investigational	2
nct03114280	DB00544	described_only	1
nct03114280	DB01248	described_only	1
nct03115489	DB00683	unmatched	2
nct03115489	DB00818	comparator	2
nct03115489	DB00829	unmatched	2
nct03115489	DB00313	unmatched	2
nct03115489	DB01221	investigational	2
nct03115489	DB00599	unmatched	2
nct03116971	DB00773	backbone	2
nct03117361	DB00188	single_arm_combination	1
nct03117361	DB04977	single_arm_combination	1
nct03117361	DB01234	single_arm_combination	1
nct03117530	DB01017	investigational	1
nct03117855	DB01101	investigational	1
nct03117972	DB00544	backbone	2
nct03117972	DB00762	backbone	2
nct03118713	DB11698	investigational	2
nct03118713	DB00331	backbone	2
nct03119012	DB08816	backbone	2
nct03119012	DB00758	backbone	2
nct03119012	DB00945	head_to_head	2
nct03119064	DB00853	backbone	3
nct03119064	DB00762	backbone	3
nct03119623	DB00584	head_to_head	2
nct03119623	DB00177	head_to_head	2
nct03119623	DB09292	head_to_head	2
nct03119714	DB00885	investigational	2
nct03121092	DB00678	described_only	2
nct03121534	DB09053	single_arm_combination	1
nct03121586	DB05316	investigational	1
nct03122301	DB00297	investigational	2
nct03123588	DB08877	investigational	2
nct03123588	DB00261	comparator	2
nct03123744	DB09073	investigational	1
nct03125577	DB01073	unmatched	1
nct03125577	DB00531	unmatched	1
nct03126864	DB01073	backbone	2
nct03126864	DB00531	backbone	2
nct03127124	DB00650	single_arm_combination	1
nct03127124	DB00544	single_arm_combination	1
nct03127800	DB00295	investigational	1
nct03128619	DB12483	backbone	4
nct03128619	DB01006	backbone	4
nct03128619	DB09073	investigational	4
nct03129074	DB01101	single_arm_combination	1
nct03129074	DB05944	single_arm_combination	1
nct03129776	DB00119	head_to_head	2
nct03130439	DB12001	investigational	1
nct03131206	DB11363	backbone	4
nct03132428	DB00435	backbone	2
nct03132571	DB01156	backbone	2
nct03132571	DB00704	investigational	2
nct03132584	DB00531	single_arm_combination	1
nct03133897	DB00860	backbone	2
nct03133897	DB00635	backbone	2
nct03133897	DB01234	backbone	2
nct03135028	DB00987	investigational	2
nct03135028	DB00694	investigational	2
nct03135262	DB11581	backbone	4
nct03135860	DB00435	investigational	1
nct03136406	DB00544	single_arm_combination	1
nct03136406	DB00531	single_arm_combination	1
nct03136406	DB01101	single_arm_combination	1
nct03136406	DB01229	single_arm_combination	1
nct03136406	DB00650	single_arm_combination	1
nct03136497	DB09053	backbone	2
nct03136497	DB11581	backbone	2
nct03136510	DB06605	backbone	2
nct03139747	DB01590	single_arm_combination	1
nct03139747	DB09078	single_arm_combination	1
nct03140176	DB01268	investigational	0
nct03140670	DB12332	investigational	1
nct03143920	DB09140	investigational	1
nct03143998	DB11574	described_only	4
nct03143998	DB11575	described_only	4
nct03145480	DB09053	backbone	2
nct03145558	DB04858	investigational	2
nct03145558	DB00997	comparator	2
nct03146247	DB05676	investigational	1
nct03146871	DB01262	single_arm_combination	1
nct03146871	DB00928	single_arm_combination	1
nct03147196	DB01128	investigational	4
nct03147196	DB00481	investigational	4
nct03149107	DB06151	investigational	4
nct03149120	DB06589	investigational	2
nct03149575	DB12873	investigational	2
nct03149679	DB00531	investigational	1
nct03150004	DB00987	backbone	2
nct03150004	DB01204	investigational	2
nct03150004	DB00242	backbone	2
nct03150056	DB05812	investigational	2
nct03150056	DB08899	investigational	2
nct03150797	DB01065	investigational	3
nct03151057	DB09054	investigational	2
nct03151304	DB05223	single_arm_combination	1
nct03151304	DB00928	single_arm_combination	1
nct03151408	DB05223	investigational	2
nct03151811	DB08910	comparator	2
nct03151811	DB01234	backbone	2
nct03151863	DB00633	investigational	2
nct03152084	DB06292	backbone	3
nct03152409	DB00945	investigational	2
nct03152552	DB09038	comparator	5
nct03152786	DB00571	investigational	2
nct03153072	DB01118	investigational	1
nct03153280	DB01101	single_arm_combination	1
nct03153813	DB06774	investigational	2
nct03153982	DB08877	investigational	1
nct03154333	DB11994	investigational	2
nct03155464	DB09374	backbone	2
nct03158610	DB01101	backbone	2
nct03158857	DB08934	backbone	2
nct03158857	DB09102	backbone	2
nct03159000	DB00297	investigational	2
nct03159000	DB00281	investigational	2
nct03159936	DB08895	investigational	1
nct03159988	DB11720	investigational	1
nct03161574	DB00650	described_only	1
nct03161574	DB00544	investigational	1
nct03161574	DB00762	investigational	1
nct03162120	DB01195	head_to_head	2
nct03162120	DB00243	head_to_head	2
nct03162120	DB00264	backbone	2
nct03164694	DB14765	investigational	2
nct03164694	DB00642	backbone	2
nct03164889	DB00442	backbone	2
nct03164980	DB00441	described_only	2
nct03164980	DB01229	described_only	2
nct03164980	DB00997	unmatched	2
nct03164980	DB05109	backbone	2
nct03165292	DB01030	investigational	2
nct03165292	DB04572	investigational	2
nct03165695	DB00980	investigational	2
nct03165721	DB11918	backbone	3
nct03166787	DB00820	investigational	3
nct03166787	DB11588	investigational	3
nct03166787	DB00126	investigational	3
nct03167164	DB00544	single_arm_combination	1
nct03167164	DB00531	single_arm_combination	1
nct03167164	DB01101	single_arm_combination	1
nct03167164	DB01229	single_arm_combination	1
nct03167164	DB00650	single_arm_combination	1
nct03167177	DB00544	single_arm_combination	1
nct03167177	DB00531	single_arm_combination	1
nct03167177	DB01101	single_arm_combination	1
nct03167177	DB01229	single_arm_combination	1
nct03167177	DB00650	single_arm_combination	1
nct03167957	DB00681	backbone	2
nct03168100	DB00188	single_arm_combination	1
nct03168100	DB01234	single_arm_combination	1
nct03168100	DB00480	single_arm_combination	1
nct03168529	DB09083	investigational	2
nct03168594	DB00762	investigational	2
nct03168919	DB00853	investigational	1
nct03169114	DB00537	described_only	2
nct03169114	DB00479	head_to_head	2
nct03169738	DB00544	single_arm_combination	1
nct03169738	DB00947	single_arm_combination	1
nct03169738	DB00531	single_arm_combination	1
nct03169738	DB01101	single_arm_combination	1
nct03169738	DB01229	single_arm_combination	1
nct03169738	DB00650	single_arm_combination	1
nct03169764	DB00544	single_arm_combination	1
nct03169764	DB00947	single_arm_combination	1
nct03169764	DB00531	single_arm_combination	1
nct03169764	DB01101	single_arm_combination	1
nct03169764	DB01229	single_arm_combination	1
nct03169764	DB00650	single_arm_combination	1
nct03169777	DB00544	single_arm_combination	1
nct03169777	DB00531	single_arm_combination	1
nct03169777	DB00947	single_arm_combination	1
nct03169777	DB01101	single_arm_combination	1
nct03169777	DB01229	single_arm_combination	1
nct03169777	DB00650	single_arm_combination	1
nct03169790	DB00544	single_arm_combination	1
nct03169790	DB00531	single_arm_combination	1
nct03169790	DB01101	single_arm_combination	1
nct03169790	DB01229	single_arm_combination	1
nct03169790	DB00650	single_arm_combination	1
nct03170115	DB00945	investigational	2
nct03172533	DB00977	investigational	2
nct03172741	DB00470	investigational	4
nct03172897	DB00633	investigational	2
nct03172988	DB00712	investigational	4
nct03172988	DB01234	investigational	4
nct03173092	DB09570	single_arm_combination	1
nct03173092	DB01234	single_arm_combination	1
nct03173092	DB00480	single_arm_combination	1
nct03173365	DB00484	investigational	1
nct03173859	DB11901	backbone	2
nct03173859	DB00635	described_only	2
nct03173963	DB09038	investigational	2
nct03175666	DB00544	single_arm_combination	1
nct03175666	DB00531	single_arm_combination	1
nct03175666	DB01101	single_arm_combination	1
nct03175666	DB01229	single_arm_combination	1
nct03175666	DB00650	single_arm_combination	1
nct03175978	DB00563	investigational	1
nct03176264	DB00544	single_arm_combination	1
nct03176264	DB00650	single_arm_combination	1
nct03176264	DB03256	single_arm_combination	1
nct03176277	DB11581	investigational	4
nct03176537	DB00624	investigational	2
nct03177187	DB08899	backbone	2
nct03177252	DB00297	investigational	2
nct03177252	DB00281	investigational	2
nct03179163	DB00999	comparator	4
nct03179163	DB01197	investigational	4
nct03179163	DB00584	investigational	4
nct03179956	DB11730	investigational	1
nct03181880	DB08897	head_to_head	2
nct03181880	DB00983	head_to_head	2
nct03182894	DB11717	investigational	1
nct03182894	DB00928	investigational	1
nct03185182	DB08824	investigational	1
nct03185871	DB00482	investigational	1
nct03187210	DB01042	described_only	3
nct03187210	DB00773	described_only	3
nct03187210	DB06769	described_only	3
nct03187210	DB00531	unmatched	3
nct03187899	DB00296	backbone	2
nct03187899	DB09153	comparator	2
nct03189186	DB09152	unmatched	1
nct03190239	DB14765	single_arm_combination	1
nct03190239	DB00642	single_arm_combination	1
nct03190798	DB08907	investigational	2
nct03191981	DB00531	single_arm_combination	1
nct03191981	DB00480	single_arm_combination	1
nct03192566	DB00316	investigational	1
nct03193333	DB00869	mixed	3
nct03193333	DB00373	mixed	3
nct03193333	DB00484	mixed	3
nct03193437	DB11942	investigational	1
nct03193463	DB01030	backbone	3
nct03193814	DB14765	investigational	1
nct03193814	DB00650	described_only	1
nct03193814	DB00544	described_only	1
nct03193814	DB00762	described_only	1
nct03196349	DB00682	head_to_head	3
nct03196349	DB06605	head_to_head	3
nct03196349	DB06228	head_to_head	3
nct03196921	DB00681	backbone	2
nct03197584	DB00544	single_arm_combination	1
nct03197584	DB00531	single_arm_combination	1
nct03197584	DB00947	single_arm_combination	1
nct03197584	DB01101	single_arm_combination	1
nct03197584	DB01229	single_arm_combination	1
nct03197584	DB00650	single_arm_combination	1
nct03198559	DB00822	single_arm_combination	1
nct03198559	DB02546	single_arm_combination	1
nct03199144	DB00441	described_only	1
nct03199144	DB01229	described_only	1
nct03199417	DB00181	described_only	2
nct03199417	DB00321	unmatched	2
nct03199417	DB00281	described_only	2
nct03199417	DB01009	described_only	2
nct03199755	DB06697	comparator	3
nct03199755	DB06708	comparator	3
nct03199885	DB01229	backbone	2
nct03199885	DB01248	backbone	2
nct03200600	DB00712	investigational	4
nct03200600	DB01234	investigational	4
nct03200613	DB06605	investigational	2
nct03201250	DB08875	investigational	1
nct03201445	DB14845	investigational	2
nct03201952	DB01586	backbone	2
nct03202004	DB06083	investigational	2
nct03202095	DB00148	investigational	1
nct03202446	DB00531	investigational	3
nct03203850	DB01609	investigational	2
nct03204201	DB09374	investigational	1
nct03204695	DB00758	investigational	1
nct03204994	DB09374	investigational	1
nct03205046	DB11703	backbone	2
nct03205137	DB00999	head_to_head	4
nct03205137	DB00966	backbone	4
nct03205137	DB00381	head_to_head	4
nct03206463	DB00470	investigational	3
nct03206788	DB00678	investigational	2
nct03207334	DB00987	single_arm_combination	1
nct03207334	DB06595	single_arm_combination	1
nct03207399	DB08934	described_only	1
nct03207399	DB11613	described_only	1
nct03207815	DB14845	investigational	2
nct03208244	DB13879	unmatched	1
nct03208244	DB13878	unmatched	1
nct03210324	DB00834	backbone	3
nct03210480	DB14509	backbone	2
nct03211988	DB11841	investigational	1
nct03212716	DB00343	investigational	2
nct03212716	DB00198	backbone	2
nct03212807	DB00480	single_arm_combination	1
nct03213626	DB08875	single_arm_combination	1
nct03213626	DB00530	single_arm_combination	1
nct03216356	DB00260	investigational	3
nct03217253	DB12887	investigational	1
nct03217838	DB11581	investigational	13
nct03217838	DB00928	investigational	13
nct03218683	DB14792	backbone	3
nct03218683	DB11581	investigational	3
nct03219372	DB00175	investigational	2
nct03219866	DB01274	investigational	2
nct03219866	DB00588	investigational	2
nct03219866	DB01222	investigational	2
nct03219866	DB00332	investigational	2
nct03219866	DB00938	backbone	2
nct03219866	DB01409	investigational	2
nct03220178	DB00990	backbone	2
nct03220178	DB01006	backbone	2
nct03220178	DB00947	backbone	2
nct03220178	DB09073	backbone	2
nct03220178	DB01217	backbone	2
nct03220711	DB00693	investigational	1
nct03221166	DB01041	investigational	2
nct03221582	DB11575	described_only	2
nct03221582	DB11574	described_only	2
nct03221751	DB00457	investigational	2
nct03222089	DB11596	backbone	2
nct03222089	DB00544	backbone	2
nct03222089	DB00762	backbone	2
nct03222622	DB11737	investigational	4
nct03224208	DB05239	single_arm_combination	1
nct03224208	DB08881	single_arm_combination	1
nct03225547	DB00834	backbone	2
nct03225716	DB09053	backbone	3
nct03226080	DB00728	investigational	2
nct03226899	DB02134	unmatched	2
nct03226899	DB11560	investigational	2
nct03227432	DB08910	investigational	2
nct03227432	DB01234	investigational	2
nct03227562	DB00734	backbone	2
nct03228043	DB14765	investigational	2
nct03228043	DB01101	comparator	2
nct03228186	DB01248	single_arm_combination	1
nct03228238	DB00126	investigational	4
nct03232307	DB09053	single_arm_combination	1
nct03232307	DB00480	single_arm_combination	1
nct03232450	DB00945	backbone	2
nct03232749	DB00860	investigational	1
nct03232749	DB14669	investigational	1
nct03232749	DB01234	investigational	1
nct03232749	DB00620	investigational	1
nct03232749	DB00443	investigational	1
nct03232749	DB00959	investigational	1
nct03232749	DB00635	investigational	1
nct03232892	DB08911	investigational	1
nct03233724	DB01262	backbone	2
nct03234842	DB01229	backbone	2
nct03235180	DB11104	investigational	1
nct03235531	DB00313	investigational	2
nct03235531	DB00186	backbone	2
nct03236649	DB00398	comparator	2
nct03238157	DB00591	investigational	2
nct03238638	DB11717	single_arm_combination	1
nct03238703	DB00990	single_arm_combination	1
nct03238703	DB00539	single_arm_combination	1
nct03238703	DB01006	single_arm_combination	1
nct03238703	DB00675	single_arm_combination	1
nct03238703	DB01217	single_arm_combination	1
nct03239236	DB00818	described_only	4
nct03239236	DB00728	described_only	4
nct03239236	DB00813	described_only	4
nct03240068	DB11720	investigational	2
nct03240068	DB09153	comparator	2
nct03240393	DB11791	backbone	3
nct03240861	DB06809	single_arm_combination	1
nct03240861	DB01073	single_arm_combination	1
nct03240861	DB01008	single_arm_combination	1
nct03241810	DB00947	backbone	2
nct03242772	DB00182	investigational	2
nct03243201	DB14521	investigational	2
nct03244358	DB15293	investigational	1
nct03244592	DB01017	investigational	2
nct03244982	DB00693	backbone	2
nct03245658	DB00470	investigational	2
nct03245658	DB09061	investigational	2
nct03245827	DB00882	investigational	4
nct03245840	DB01222	investigational	1
nct03245970	DB00335	investigational	2
nct03245970	DB01115	investigational	2
nct03245970	DB00598	investigational	2
nct03246113	DB00853	single_arm_combination	1
nct03246113	DB14737	unmatched	1
nct03246906	DB00091	backbone	2
nct03246906	DB00877	backbone	2
nct03246906	DB00531	investigational	2
nct03246906	DB00688	investigational	2
nct03247244	DB14737	unmatched	4
nct03248479	DB00928	investigational	12
nct03248713	DB00834	comparator	2
nct03249272	DB00640	backbone	3
nct03249272	DB06213	backbone	3
nct03249844	DB00860	investigational	2
nct03249844	DB00959	investigational	2
nct03250117	DB00268	backbone	4
nct03251326	DB00571	comparator	4
nct03251326	DB14737	unmatched	4
nct03251417	DB14765	single_arm_combination	1
nct03251417	DB00762	single_arm_combination	1
nct03251872	DB09074	investigational	1
nct03251911	DB08820	investigational	1
nct03255083	DB09330	single_arm_combination	1
nct03256045	DB08889	single_arm_combination	1
nct03256045	DB01234	single_arm_combination	1
nct03256045	DB06603	single_arm_combination	1
nct03256721	DB14765	investigational	2
nct03256721	DB01248	backbone	2
nct03256721	DB00642	backbone	2
nct03257215	DB00153	investigational	3
nct03257592	DB09278	unmatched	3
nct03257683	DB00243	investigational	1
nct03257722	DB09054	backbone	2
nct03258476	DB01018	investigational	2
nct03258723	DB00331	investigational	2
nct03259516	DB00755	investigational	5
nct03259516	DB01042	investigational	5
nct03259516	DB00531	investigational	5
nct03259516	DB00928	investigational	5
nct03259516	DB00987	investigational	5
nct03259516	DB01073	investigational	5
nct03261336	DB01026	investigational	1
nct03261336	DB00136	investigational	1
nct03261336	DB00741	investigational	1
nct03262142	DB00537	investigational	2
nct03262142	DB01606	investigational	2
nct03262142	DB00319	investigational	2
nct03262701	DB11091	investigational	3
nct03263091	DB04847	investigational	2
nct03263533	DB02546	backbone	2
nct03263533	DB00363	unmatched	2
nct03263767	DB00531	backbone	4
nct03265951	DB00980	investigational	2
nct03266159	DB08911	backbone	6
nct03266939	DB04871	investigational	2
nct03267108	DB00435	unmatched	3
nct03267940	DB00441	unmatched	6
nct03269318	DB00471	investigational	2
nct03269318	DB00938	investigational	2
nct03269318	DB00277	investigational	2
nct03269383	DB00297	investigational	2
nct03269552	DB08889	single_arm_combination	1
nct03272464	DB08911	single_arm_combination	1
nct03272464	DB08912	single_arm_combination	1
nct03272659	DB06261	investigational	1
nct03273153	DB05239	investigational	2
nct03273257	DB08931	investigational	2
nct03274778	DB08877	investigational	1
nct03274817	DB00285	head_to_head	3
nct03274817	DB01175	head_to_head	3
nct03275376	DB01076	investigational	2
nct03275558	DB01268	head_to_head	3
nct03275558	DB06626	head_to_head	3
nct03275558	DB06589	head_to_head	3
nct03275974	DB00130	single_arm_combination	1
nct03277170	DB00471	backbone	2
nct03277209	DB06809	investigational	1
nct03277352	DB11717	single_arm_combination	1
nct03278626	DB01229	investigational	1
nct03278808	DB00608	mixed	3
nct03278808	DB00207	investigational	3
nct03278938	DB00215	backbone	2
nct03278938	DB01156	backbone	2
nct03279133	DB08934	unmatched	1
nct03279133	DB09027	investigational	1
nct03279861	DB00177	backbone	2
nct03279861	DB09292	described_only	2
nct03280342	DB00273	backbone	2
nct03281083	DB00451	investigational	1
nct03281304	DB08895	backbone	2
nct03281369	DB00544	mixed	12
nct03281681	DB12873	investigational	1
nct03281694	DB00184	single_arm_combination	1
nct03283046	DB00480	single_arm_combination	1
nct03283046	DB01234	single_arm_combination	1
nct03283150	DB00818	head_to_head	3
nct03283150	DB00899	head_to_head	3
nct03283150	DB00633	head_to_head	3
nct03284723	DB01006	investigational	2
nct03284723	DB09073	investigational	2
nct03284957	DB01590	investigational	5
nct03284957	DB09073	investigational	5
nct03284957	DB12015	investigational	5
nct03284957	DB12001	investigational	5
nct03285607	DB01229	backbone	3
nct03285607	DB00997	backbone	3
nct03285607	DB00531	backbone	3
nct03286582	DB11750	comparator	2
nct03286582	DB11994	investigational	2
nct03287908	DB08910	investigational	3
nct03287908	DB01234	investigational	3
nct03288493	DB04974	backbone	8
nct03288818	DB00888	investigational	1
nct03289039	DB11828	backbone	2
nct03289039	DB00947	investigational	2
nct03290053	DB11104	investigational	4
nct03290963	DB14509	investigational	2
nct03290963	DB01221	backbone	2
nct03291054	DB11717	single_arm_combination	1
nct03291899	DB00650	investigational	1
nct03291899	DB00544	investigational	1
nct03291899	DB00762	investigational	1
nct03292133	DB00317	single_arm_combination	1
nct03292536	DB12381	investigational	1
nct03292653	DB12713	investigational	3
nct03294252	DB11596	single_arm_combination	1
nct03294252	DB00544	single_arm_combination	1
nct03294694	DB11730	backbone	2
nct03294694	DB00947	investigational	2
nct03295396	DB14844	backbone	2
nct03295552	DB01262	single_arm_combination	1
nct03295656	DB11104	investigational	1
nct03298009	DB08907	investigational	2
nct03298802	DB00999	investigational	2
nct03298958	DB00877	investigational	2
nct03299842	DB00574	investigational	1
nct03300401	DB00556	single_arm_combination	1
nct03300401	DB11104	single_arm_combination	1
nct03300479	DB04920	investigational	2
nct03300479	DB12661	comparator	2
nct03300505	DB08899	single_arm_combination	1
nct03300544	DB01101	single_arm_combination	1
nct03300544	DB00650	single_arm_combination	1
nct03300544	DB00544	single_arm_combination	1
nct03300609	DB01101	backbone	2
nct03300609	DB00650	backbone	2
nct03300609	DB00544	backbone	2
nct03300921	DB00910	backbone	2
nct03301454	DB11596	described_only	2
nct03301454	DB01229	investigational	2
nct03301454	DB00544	investigational	2
nct03302247	DB00441	single_arm_combination	1
nct03302585	DB00169	backbone	2
nct03303677	DB01222	investigational	3
nct03303677	DB09153	described_only	3
nct03303911	DB09028	backbone	2
nct03303950	DB01073	single_arm_combination	1
nct03303950	DB01008	single_arm_combination	1
nct03303950	DB00531	single_arm_combination	1
nct03304717	DB14126	backbone	2
nct03304717	DB12753	backbone	2
nct03304717	DB00879	backbone	2
nct03307863	DB00294	described_only	3
nct03307863	DB00564	investigational	3
nct03307863	DB00273	investigational	3
nct03307941	DB00544	single_arm_combination	1
nct03307993	DB11957	investigational	1
nct03309592	DB00820	single_arm_combination	1
nct03309592	DB06403	single_arm_combination	1
nct03310567	DB11717	investigational	1
nct03310593	DB09061	investigational	2
nct03311126	DB06769	single_arm_combination	1
nct03311269	DB00464	backbone	2
nct03311269	DB11328	backbone	2
nct03312244	DB00545	investigational	2
nct03313414	DB08934	investigational	1
nct03313414	DB11613	investigational	1
nct03315832	DB00177	investigational	2
nct03317496	DB00441	investigational	4
nct03317496	DB00642	investigational	4
nct03318016	DB00531	backbone	5
nct03318484	DB01166	unmatched	2
nct03318861	DB01073	backbone	5
nct03318861	DB00531	backbone	5
nct03319537	DB00642	investigational	2
nct03320629	DB14765	investigational	2
nct03320876	DB14845	investigational	1
nct03322150	DB00986	head_to_head	2
nct03322150	DB00572	head_to_head	2
nct03322215	DB01101	comparator	2
nct03322215	DB09073	investigational	2
nct03322215	DB00947	investigational	2
nct03323710	DB01268	single_arm_combination	1
nct03323710	DB00571	single_arm_combination	1
nct03324243	DB00987	single_arm_combination	1
nct03324243	DB11832	single_arm_combination	1
nct03324243	DB01073	single_arm_combination	1
nct03324282	DB00441	described_only	2
nct03325114	DB00310	investigational	1
nct03325127	DB05812	single_arm_combination	1
nct03325127	DB08913	single_arm_combination	1
nct03325127	DB08899	single_arm_combination	1
nct03325439	DB05541	single_arm_combination	1
nct03325465	DB11717	single_arm_combination	1
nct03325894	DB00182	investigational	1
nct03326128	DB01156	backbone	2
nct03326674	DB01101	backbone	2
nct03327272	DB00959	investigational	2
nct03328936	DB01042	backbone	2
nct03328975	DB01234	investigational	2
nct03329248	DB00544	single_arm_combination	1
nct03329248	DB00531	single_arm_combination	1
nct03329248	DB01101	single_arm_combination	1
nct03329248	DB01229	single_arm_combination	1
nct03329248	DB00650	single_arm_combination	1
nct03329378	DB00997	head_to_head	2
nct03329378	DB01229	backbone	2
nct03329378	DB01248	backbone	2
nct03329378	DB00531	head_to_head	2
nct03330405	DB11760	backbone	13
nct03330704	DB09153	backbone	2
nct03330704	DB01390	investigational	2
nct03331445	DB00435	investigational	1
nct03331640	DB00762	investigational	2
nct03331861	DB00331	investigational	2
nct03332355	DB00853	described_only	1
nct03332524	DB01050	mixed	3
nct03332524	DB01114	mixed	3
nct03332589	DB08912	investigational	3
nct03333746	DB00480	single_arm_combination	1
nct03334305	DB00853	unmatched	2
nct03334409	DB06589	backbone	2
nct03334409	DB00126	investigational	2
nct03334578	DB00271	investigational	2
nct03335020	DB11104	backbone	5
nct03335059	DB00305	investigational	1
nct03335254	DB13946	backbone	20
nct03335579	DB00818	backbone	2
nct03335579	DB00708	backbone	2
nct03335579	DB00753	unmatched	2
nct03337152	DB00608	head_to_head	2
nct03337152	DB01087	backbone	2
nct03337698	DB05239	investigational	23
nct03337698	DB08882	investigational	23
nct03337698	DB00642	investigational	23
nct03337698	DB00441	investigational	23
nct03337698	DB01248	mixed	23
nct03338205	DB01221	investigational	1
nct03338296	DB04871	investigational	2
nct03338777	DB01004	unmatched	1
nct03338777	DB04485	unmatched	1
nct03338920	DB00669	investigational	2
nct03340558	DB05239	investigational	2
nct03340909	DB00860	investigational	2
nct03342079	DB06690	described_only	3
nct03342079	DB00281	investigational	3
nct03342157	DB11089	backbone	2
nct03342300	DB11616	comparator	2
nct03342300	DB00997	investigational	2
nct03342352	DB11717	investigational	3
nct03342352	DB00544	backbone	3
nct03342638	DB00531	backbone	2
nct03343067	DB11979	backbone	4
nct03343067	DB00783	investigational	4
nct03343600	DB00619	investigational	2
nct03343678	DB11581	single_arm_combination	1
nct03343977	DB01248	backbone	2
nct03344172	DB00441	backbone	2
nct03344172	DB01229	backbone	2
nct03344172	DB01611	backbone	2
nct03344341	DB06292	investigational	2
nct03345784	DB11740	single_arm_combination	1
nct03345797	DB00624	backbone	2
nct03345940	DB08868	head_to_head	2
nct03345940	DB08908	head_to_head	2
nct03346083	DB12364	backbone	2
nct03346538	DB12243	backbone	3
nct03346681	DB06151	investigational	2
nct03346681	DB01001	described_only	2
nct03347123	DB11717	backbone	7
nct03347526	DB01284	investigational	3
nct03347526	DB01080	mixed	3
nct03348163	DB12753	described_only	2
nct03348163	DB09299	described_only	2
nct03348163	DB11799	described_only	2
nct03348163	DB00879	described_only	2
nct03348904	DB11717	investigational	3
nct03349346	DB09054	backbone	2
nct03349775	DB00331	investigational	2
nct03352427	DB01590	single_arm_combination	1
nct03352427	DB01254	single_arm_combination	1
nct03353220	DB04871	backbone	2
nct03353259	DB00302	investigational	3
nct03355170	DB01184	investigational	2
nct03355170	DB00448	backbone	2
nct03355482	DB00563	described_only	2
nct03355482	DB00959	investigational	2
nct03355768	DB06813	investigational	2
nct03355768	DB06176	backbone	2
nct03357133	DB00775	investigational	2
nct03358004	DB00361	backbone	2
nct03358004	DB01101	investigational	2
nct03359161	DB00695	investigational	1
nct03359174	DB00755	investigational	1
nct03360721	DB11901	single_arm_combination	1
nct03361319	DB09079	backbone	3
nct03361319	DB01229	backbone	3
nct03361709	DB01234	investigational	2
nct03361800	DB11841	investigational	1
nct03363191	DB08906	backbone	2
nct03363191	DB09082	investigational	2
nct03363503	DB00938	backbone	2
nct03363503	DB13867	backbone	2
nct03363659	DB00822	single_arm_combination	1
nct03363763	DB00877	investigational	3
nct03365414	DB09153	backbone	2
nct03366103	DB12340	single_arm_combination	1
nct03366766	DB00441	investigational	2
nct03366766	DB00642	investigational	2
nct03367195	DB00338	comparator	2
nct03367689	DB09074	investigational	1
nct03367871	DB01229	single_arm_combination	1
nct03368664	DB00860	single_arm_combination	1
nct03368859	DB00650	backbone	2
nct03368859	DB00544	backbone	2
nct03368859	DB00762	backbone	2
nct03369184	DB09140	unmatched	2
nct03370159	DB04519	single_arm_combination	1
nct03370159	DB01248	single_arm_combination	1
nct03370185	DB11952	investigational	1
nct03370536	DB00308	investigational	1
nct03370601	DB00993	head_to_head	2
nct03370601	DB01033	head_to_head	2
nct03371498	DB00959	investigational	2
nct03371823	DB00678	described_only	2
nct03373305	DB00480	single_arm_combination	1
nct03373877	DB08877	backbone	4
nct03373877	DB12638	backbone	4
nct03374085	DB01234	investigational	2
nct03374709	DB00776	investigational	1
nct03374852	DB00650	described_only	1
nct03374852	DB00544	unmatched	1
nct03374852	DB00762	described_only	1
nct03376139	DB00909	investigational	2
nct03376477	DB00480	backbone	3
nct03376932	DB09076	investigational	4
nct03376932	DB08906	described_only	4
nct03376932	DB09082	unmatched	4
nct03377101	DB12483	investigational	2
nct03377101	DB09073	backbone	2
nct03377101	DB00947	backbone	2
nct03377309	DB08883	investigational	1
nct03377725	DB01262	backbone	2
nct03379051	DB11581	investigational	2
nct03379051	DB00480	investigational	2
nct03380689	DB00762	single_arm_combination	1
nct03381118	DB00987	backbone	2
nct03381859	DB11575	investigational	1
nct03381859	DB11574	investigational	1
nct03384524	DB00706	investigational	2
nct03384524	DB00264	investigational	2
nct03384524	DB01200	investigational	2
nct03384836	DB00571	single_arm_combination	1
nct03386162	DB12015	investigational	2
nct03386162	DB00947	investigational	2
nct03386214	DB08877	backbone	3
nct03386344	DB12713	investigational	3
nct03386929	DB09073	single_arm_combination	1
nct03386929	DB06626	single_arm_combination	1
nct03387085	DB00544	single_arm_combination	1
nct03387085	DB00531	single_arm_combination	1
nct03387085	DB01101	single_arm_combination	1
nct03387085	DB01229	single_arm_combination	1
nct03387085	DB06013	single_arm_combination	1
nct03387085	DB00650	single_arm_combination	1
nct03387098	DB00544	single_arm_combination	1
nct03387098	DB00531	single_arm_combination	1
nct03387098	DB01101	single_arm_combination	1
nct03387098	DB01229	single_arm_combination	1
nct03387098	DB06013	single_arm_combination	1
nct03387098	DB00650	single_arm_combination	1
nct03387111	DB00544	single_arm_combination	1
nct03387111	DB00531	single_arm_combination	1
nct03387111	DB01101	single_arm_combination	1
nct03387111	DB01229	single_arm_combination	1
nct03387111	DB06013	single_arm_combination	1
nct03387111	DB00650	single_arm_combination	1
nct03387592	DB01101	backbone	2
nct03387592	DB00853	investigational	2
nct03387592	DB00544	backbone	2
nct03388164	DB01175	backbone	2
nct03388164	DB00422	unmatched	2
nct03389061	DB08934	backbone	2
nct03389061	DB11613	backbone	2
nct03391050	DB08912	single_arm_combination	1
nct03392571	DB00441	investigational	1
nct03392571	DB01229	investigational	1
nct03393000	DB05974	investigational	2
nct03393741	DB08871	head_to_head	5
nct03393741	DB04845	head_to_head	5
nct03393741	DB01229	head_to_head	5
nct03393741	DB00361	head_to_head	5
nct03395132	DB02703	comparator	3
nct03395132	DB00443	comparator	3
nct03395340	DB08877	investigational	2
nct03395353	DB00476	investigational	1
nct03395873	DB01262	investigational	1
nct03396484	DB00968	investigational	2
nct03396575	DB00853	unmatched	2
nct03397186	DB05109	investigational	1
nct03397394	DB12332	investigational	1
nct03397446	DB01255	investigational	1
nct03398252	DB00590	investigational	2
nct03398434	DB06605	comparator	4
nct03398837	DB12193	investigational	3
nct03399448	DB01073	backbone	3
nct03399448	DB00531	backbone	3
nct03400176	DB09053	backbone	2
nct03400254	DB01611	backbone	5
nct03400306	DB07232	backbone	3
nct03401606	DB00899	head_to_head	2
nct03401606	DB00633	head_to_head	2
nct03402880	DB11717	single_arm_combination	1
nct03403621	DB00738	investigational	2
nct03404193	DB11581	single_arm_combination	1
nct03404193	DB01262	single_arm_combination	1
nct03405194	DB09101	investigational	2
nct03405194	DB00300	unmatched	2
nct03405194	DB09299	unmatched	2
nct03405194	DB00625	comparator	2
nct03405194	DB00709	unmatched	2
nct03405194	DB12753	unmatched	2
nct03405194	DB09065	investigational	2
nct03405194	DB00879	investigational	2
nct03409237	DB09153	head_to_head	4
nct03409237	DB00742	head_to_head	4
nct03411031	DB00480	backbone	2
nct03411031	DB01234	backbone	2
nct03415581	DB00497	backbone	2
nct03415581	DB00590	described_only	2
nct03415711	DB00244	backbone	3
nct03415906	DB00177	backbone	2
nct03415906	DB09292	investigational	2
nct03416530	DB14844	backbone	7
nct03417739	DB13930	investigational	1
nct03417921	DB00441	backbone	2
nct03417921	DB01229	backbone	2
nct03417999	DB00633	backbone	2
nct03418532	DB09330	investigational	1
nct03418649	DB00700	investigational	2
nct03419624	DB06292	investigational	3
nct03421496	DB01080	backbone	2
nct03421496	DB09061	investigational	2
nct03421756	DB00877	single_arm_combination	1
nct03422523	DB00441	backbone	2
nct03422874	DB00220	single_arm_combination	1
nct03423147	DB00878	backbone	2
nct03423264	DB00996	investigational	2
nct03423355	DB00999	head_to_head	3
nct03423355	DB06292	head_to_head	3
nct03428854	DB00367	investigational	0
nct03428945	DB01611	investigational	2
nct03430466	DB00947	investigational	1
nct03431272	DB11611	investigational	1
nct03431675	DB00537	investigational	3
nct03432065	DB00490	investigational	1
nct03432676	DB11717	single_arm_combination	1
nct03432741	DB08889	single_arm_combination	1
nct03432741	DB12483	single_arm_combination	1
nct03432741	DB05015	single_arm_combination	1
nct03432741	DB00441	single_arm_combination	1
nct03432741	DB06176	single_arm_combination	1
nct03432897	DB09074	investigational	1
nct03433651	DB00148	investigational	2
nct03433703	DB09078	investigational	1
nct03434366	DB00633	investigational	3
nct03434366	DB01221	investigational	3
nct03435250	DB00441	investigational	3
nct03435250	DB01229	investigational	3
nct03435250	DB01248	investigational	3
nct03436433	DB06218	head_to_head	3
nct03436433	DB01202	head_to_head	3
nct03436745	DB00425	backbone	2
nct03437070	DB00997	single_arm_combination	1
nct03437070	DB05109	single_arm_combination	1
nct03437330	DB09038	investigational	2
nct03437941	DB08899	backbone	10
nct03439046	DB11730	investigational	2
nct03439046	DB01006	investigational	2
nct03439046	DB12015	investigational	2
nct03439046	DB00947	investigational	2
nct03440372	DB12612	investigational	2
nct03440411	DB08910	backbone	4
nct03440411	DB01234	backbone	4
nct03440411	DB00531	mixed	4
nct03440879	DB00014	investigational	2
nct03442556	DB12332	single_arm_combination	1
nct03442556	DB01248	single_arm_combination	1
nct03442985	DB05467	investigational	3
nct03444649	DB00987	single_arm_combination	1
nct03444649	DB01177	single_arm_combination	1
nct03444649	DB11717	single_arm_combination	1
nct03445000	DB11363	investigational	1
nct03445611	DB00860	backbone	2
nct03445611	DB14669	backbone	2
nct03445611	DB00281	backbone	2
nct03445611	DB00620	backbone	2
nct03445611	DB00443	backbone	2
nct03445611	DB00959	backbone	2
nct03445611	DB00635	backbone	2
nct03445611	DB01234	backbone	2
nct03446638	DB00987	comparator	2
nct03446807	DB06262	investigational	2
nct03447262	DB11712	single_arm_combination	1
nct03447262	DB08820	single_arm_combination	1
nct03450018	DB00441	single_arm_combination	1
nct03450707	DB00152	investigational	2
nct03451006	DB00331	investigational	2
nct03451227	DB00633	investigational	2
nct03451227	DB00813	unmatched	2
nct03451500	DB01235	backbone	3
nct03451500	DB00190	backbone	3
nct03451773	DB00441	backbone	2
nct03456401	DB00398	investigational	1
nct03456401	DB01268	investigational	1
nct03456700	DB00877	single_arm_combination	1
nct03456817	DB00091	described_only	2
nct03456817	DB00563	described_only	2
nct03457025	DB00860	backbone	2
nct03457025	DB14669	backbone	2
nct03457025	DB01234	backbone	2
nct03457025	DB00620	backbone	2
nct03457025	DB00443	backbone	2
nct03457025	DB00959	backbone	2
nct03457025	DB00635	backbone	2
nct03457142	DB09570	single_arm_combination	1
nct03457142	DB01234	single_arm_combination	1
nct03457753	DB00740	investigational	1
nct03458416	DB09061	investigational	1
nct03458728	DB12483	backbone	5
nct03460678	DB00530	head_to_head	2
nct03460678	DB00642	head_to_head	2
nct03460964	DB01085	investigational	1
nct03462043	DB01235	backbone	4
nct03462836	DB00281	investigational	2
nct03462836	DB01221	investigational	2
nct03462966	DB01220	investigational	1
nct03463161	DB11717	backbone	2
nct03464097	DB12612	investigational	2
nct03465345	DB00331	single_arm_combination	1
nct03467386	DB00864	single_arm_combination	1
nct03467386	DB00531	single_arm_combination	1
nct03467620	DB09061	investigational	2
nct03467958	DB12612	investigational	1
nct03468075	DB00441	single_arm_combination	1
nct03468075	DB00126	single_arm_combination	1
nct03469011	DB00619	investigational	1
nct03470350	DB01101	investigational	1
nct03471117	DB01132	investigational	2
nct03472560	DB06626	single_arm_combination	1
nct03472833	DB00169	described_only	2
nct03473340	DB04951	investigational	2
nct03473665	DB00586	head_to_head	4
nct03473665	DB00482	head_to_head	4
nct03473665	DB00328	head_to_head	4
nct03473665	DB00814	head_to_head	4
nct03474458	DB00254	investigational	2
nct03476993	DB08834	unmatched	1
nct03476993	DB01586	described_only	1
nct03478163	DB01190	investigational	2
nct03478163	DB01327	investigational	2
nct03478904	DB08899	backbone	2
nct03480867	DB00853	investigational	1
nct03481556	DB01234	backbone	2
nct03481842	DB06080	single_arm_combination	1
nct03481842	DB06626	single_arm_combination	1
nct03481842	DB08916	single_arm_combination	1
nct03481959	DB00422	investigational	2
nct03483883	DB00441	single_arm_combination	1
nct03483948	DB00928	single_arm_combination	1
nct03483987	DB09102	described_only	6
nct03483987	DB11613	described_only	6
nct03483987	DB09027	described_only	6
nct03483987	DB08934	described_only	6
nct03483987	DB00811	described_only	6
nct03484520	DB11581	single_arm_combination	1
nct03485729	DB14844	backbone	3
nct03486353	DB00928	backbone	2
nct03487198	DB09128	investigational	2
nct03487848	DB08934	single_arm_combination	1
nct03487848	DB09102	single_arm_combination	1
nct03488225	DB00997	single_arm_combination	1
nct03488225	DB01033	single_arm_combination	1
nct03488225	DB01234	single_arm_combination	1
nct03488225	DB00531	single_arm_combination	1
nct03488225	DB00563	single_arm_combination	1
nct03488225	DB00987	single_arm_combination	1
nct03488225	DB00635	single_arm_combination	1
nct03488251	DB00441	backbone	4
nct03488810	DB11901	investigational	2
nct03489265	DB09272	backbone	2
nct03490916	DB00819	investigational	2
nct03491007	DB01708	comparator	2
nct03491579	DB00987	single_arm_combination	1
nct03491579	DB11717	single_arm_combination	1
nct03491579	DB00242	single_arm_combination	1
nct03492138	DB09570	single_arm_combination	1
nct03492138	DB14844	single_arm_combination	1
nct03492138	DB01234	single_arm_combination	1
nct03493412	DB00360	backbone	2
nct03494569	DB01042	single_arm_combination	1
nct03494569	DB01073	single_arm_combination	1
nct03495921	DB00853	mixed	3
nct03495921	DB00745	mixed	3
nct03495921	DB00762	mixed	3
nct03496519	DB05109	backbone	2
nct03496623	DB00374	investigational	2
nct03496766	DB04960	investigational	1
nct03497117	DB00556	investigational	1
nct03498222	DB00642	backbone	3
nct03498716	DB01229	backbone	2
nct03498716	DB00445	backbone	2
nct03498716	DB00997	backbone	2
nct03498716	DB00531	backbone	2
nct03499353	DB11760	investigational	1
nct03500874	DB00322	backbone	2
nct03500874	DB00650	backbone	2
nct03500874	DB00544	backbone	2
nct03500874	DB00762	backbone	2
nct03500939	DB09140	unmatched	2
nct03501966	DB00819	head_to_head	3
nct03501966	DB00695	unmatched	3
nct03501979	DB01101	single_arm_combination	1
nct03501979	DB11652	single_arm_combination	1
nct03502577	DB01073	single_arm_combination	1
nct03502577	DB00531	single_arm_combination	1
nct03502681	DB08871	single_arm_combination	1
nct03504410	DB00987	backbone	2
nct03504410	DB01204	backbone	2
nct03504566	DB00966	single_arm_combination	1
nct03504566	DB08882	single_arm_combination	1
nct03504566	DB09038	single_arm_combination	1
nct03506048	DB09078	investigational	1
nct03506373	DB09570	single_arm_combination	1
nct03506373	DB09053	single_arm_combination	1
nct03506802	DB01042	single_arm_combination	1
nct03506802	DB06809	single_arm_combination	1
nct03506802	DB00480	single_arm_combination	1
nct03508739	DB00177	backbone	2
nct03508739	DB09292	backbone	2
nct03508869	DB00484	head_to_head	3
nct03509207	DB02546	investigational	1
nct03509545	DB00695	comparator	2
nct03509545	DB00214	investigational	2
nct03510455	DB11886	investigational	1
nct03511976	DB00422	investigational	5
nct03512353	DB08889	single_arm_combination	1
nct03512353	DB01234	single_arm_combination	1
nct03512756	DB00877	investigational	2
nct03512756	DB00553	investigational	2
nct03512756	DB00252	investigational	2
nct03514017	DB09053	single_arm_combination	1
nct03514836	DB00531	single_arm_combination	1
nct03515200	DB09073	single_arm_combination	1
nct03515200	DB00188	single_arm_combination	1
nct03515200	DB01254	single_arm_combination	1
nct03515200	DB00997	single_arm_combination	1
nct03515200	DB08877	single_arm_combination	1
nct03515200	DB01234	single_arm_combination	1
nct03515707	DB00773	single_arm_combination	1
nct03515707	DB01008	single_arm_combination	1
nct03515941	DB01101	backbone	2
nct03515941	DB00650	backbone	2
nct03515941	DB00544	backbone	2
nct03516084	DB11793	investigational	2
nct03516903	DB00563	investigational	2
nct03518112	DB01033	single_arm_combination	1
nct03518112	DB01234	single_arm_combination	1
nct03518112	DB00531	single_arm_combination	1
nct03518112	DB00563	single_arm_combination	1
nct03518112	DB00987	single_arm_combination	1
nct03518112	DB00650	single_arm_combination	1
nct03518112	DB00635	single_arm_combination	1
nct03519061	DB01222	investigational	1
nct03519061	DB09153	unmatched	1
nct03519178	DB01006	unmatched	8
nct03519178	DB00947	unmatched	8
nct03519308	DB00910	investigational	2
nct03519984	DB00987	investigational	2
nct03520790	DB00441	backbone	3
nct03520790	DB01229	backbone	3
nct03520790	DB00910	investigational	3
nct03520985	DB08910	single_arm_combination	1
nct03520985	DB01234	single_arm_combination	1
nct03521232	DB06803	backbone	2
nct03522987	DB01175	investigational	1
nct03523156	DB00207	backbone	2
nct03523715	DB11089	backbone	2
nct03523767	DB09153	backbone	2
nct03524898	DB00441	single_arm_combination	1
nct03524898	DB01229	single_arm_combination	1
nct03528343	DB00295	unmatched	2
nct03528343	DB00316	described_only	2
nct03528343	DB01050	described_only	2
nct03528512	DB01221	investigational	2
nct03528512	DB00683	comparator	2
nct03528512	DB00813	comparator	2
nct03528876	DB00650	investigational	1
nct03528876	DB00544	investigational	1
nct03528876	DB00762	investigational	1
nct03529084	DB00317	comparator	2
nct03529084	DB00530	comparator	2
nct03530293	DB11915	investigational	3
nct03530683	DB08889	investigational	7
nct03530683	DB01234	investigational	7
nct03530683	DB11581	investigational	7
nct03530683	DB00928	investigational	7
nct03531827	DB08899	backbone	2
nct03532022	DB00741	backbone	2
nct03532425	DB11799	backbone	2
nct03532425	DB09299	backbone	2
nct03532425	DB12753	described_only	2
nct03532425	DB00879	backbone	2
nct03533946	DB12332	investigational	1
nct03535506	DB09073	investigational	2
nct03536208	DB00682	investigational	1
nct03536390	DB00422	investigational	2
nct03538015	DB01136	investigational	3
nct03539432	DB01241	investigational	2
nct03539601	DB05219	mixed	4
nct03540095	DB00297	backbone	2
nct03540095	DB00996	unmatched	2
nct03540095	DB00296	backbone	2
nct03540095	DB00316	unmatched	2
nct03540095	DB00482	unmatched	2
nct03540095	DB01221	unmatched	2
nct03540485	DB01065	investigational	2
nct03541486	DB00441	backbone	2
nct03541486	DB00126	investigational	2
nct03542812	DB00155	backbone	2
nct03544242	DB09112	described_only	3
nct03544242	DB00435	unmatched	3
nct03545997	DB00471	backbone	2
nct03546400	DB00422	investigational	1
nct03546556	DB06198	backbone	2
nct03546556	DB14930	backbone	2
nct03547115	DB15157	single_arm_combination	1
nct03547115	DB11581	single_arm_combination	1
nct03547700	DB09570	single_arm_combination	1
nct03547700	DB06176	single_arm_combination	1
nct03547999	DB00544	backbone	2
nct03547999	DB00650	backbone	2
nct03547999	DB03256	backbone	2
nct03549325	DB00537	described_only	2
nct03549507	DB11104	investigational	1
nct03549689	DB08930	investigational	2
nct03549689	DB00709	investigational	2
nct03550352	DB00470	unmatched	2
nct03550352	DB09061	unmatched	2
nct03550443	DB05983	investigational	2
nct03552016	DB00140	backbone	3
nct03552029	DB12874	backbone	3
nct03552380	DB11841	single_arm_combination	1
nct03552692	DB11581	investigational	1
nct03553602	DB01128	described_only	1
nct03553602	DB00499	described_only	1
nct03553602	DB11760	described_only	1
nct03553914	DB01204	backbone	3
nct03554109	DB00997	comparator	2
nct03554109	DB00544	investigational	2
nct03554109	DB00531	backbone	2
nct03554109	DB01229	backbone	2
nct03554109	DB06013	investigational	2
nct03554109	DB00650	investigational	2
nct03554200	DB09038	investigational	2
nct03555149	DB08896	mixed	8
nct03557684	DB00149	investigational	4
nct03558750	DB00480	single_arm_combination	1
nct03559049	DB12332	single_arm_combination	1
nct03559270	DB11817	backbone	4
nct03560908	DB01254	investigational	1
nct03561935	DB00571	unmatched	2
nct03561935	DB01182	investigational	2
nct03562416	DB09079	investigational	2
nct03562949	DB00394	comparator	3
nct03563040	DB00553	investigational	1
nct03563144	DB00544	investigational	3
nct03563144	DB00531	investigational	3
nct03563144	DB01101	investigational	3
nct03563144	DB00441	comparator	3
nct03563144	DB01229	mixed	3
nct03563144	DB06013	investigational	3
nct03563144	DB00650	investigational	3
nct03563157	DB08896	backbone	2
nct03563170	DB00398	backbone	2
nct03563170	DB00544	investigational	2
nct03563170	DB00531	investigational	2
nct03563170	DB01101	investigational	2
nct03563170	DB01229	investigational	2
nct03563170	DB06013	investigational	2
nct03563170	DB00650	investigational	2
nct03563365	DB00210	mixed	3
nct03563365	DB09096	mixed	3
nct03563365	DB02709	investigational	3
nct03564678	DB00583	investigational	1
nct03565406	DB11830	single_arm_combination	1
nct03565991	DB11760	single_arm_combination	1
nct03566303	DB00682	comparator	2
nct03566303	DB06228	investigational	2
nct03566485	DB05239	investigational	2
nct03566511	DB01119	investigational	4
nct03567291	DB04844	investigational	3
nct03567616	DB08910	backbone	3
nct03567616	DB11581	backbone	3
nct03567616	DB01234	backbone	3
nct03567928	DB00818	backbone	2
nct03570476	DB09074	investigational	1
nct03572257	DB01224	investigational	2
nct03572478	DB12332	investigational	4
nct03572634	DB09053	investigational	2
nct03573882	DB14975	investigational	1
nct03573921	DB00271	investigational	2
nct03574649	DB00544	investigational	2
nct03574649	DB00531	investigational	2
nct03574649	DB01229	backbone	2
nct03574649	DB06013	investigational	2
nct03574649	DB01248	backbone	2
nct03574818	DB00441	investigational	1
nct03574857	DB00880	head_to_head	2
nct03574857	DB00524	head_to_head	2
nct03575195	DB01220	investigational	2
nct03575234	DB00531	single_arm_combination	1
nct03576547	DB11581	backbone	3
nct03576547	DB01234	backbone	3
nct03576547	DB08901	backbone	3
nct03576885	DB00435	investigational	3
nct03576963	DB11918	single_arm_combination	1
nct03577184	DB00331	investigational	0
nct03577184	DB04876	investigational	0
nct03579472	DB08871	single_arm_combination	1
nct03579758	DB01101	backbone	2
nct03579758	DB00441	investigational	2
nct03579888	DB01073	single_arm_combination	1
nct03579888	DB00531	single_arm_combination	1
nct03579927	DB00987	single_arm_combination	1
nct03579927	DB00262	single_arm_combination	1
nct03579927	DB00773	single_arm_combination	1
nct03579927	DB01042	single_arm_combination	1
nct03579966	DB11640	investigational	1
nct03580005	DB00422	investigational	2
nct03580044	DB00355	investigational	2
nct03580044	DB09060	investigational	2
nct03580382	DB08911	backbone	2
nct03580616	DB00133	investigational	1
nct03580967	DB09068	investigational	1
nct03581084	DB06151	investigational	1
nct03582033	DB08910	investigational	3
nct03582033	DB01234	investigational	3
nct03582618	DB00398	single_arm_combination	1
nct03584009	DB11581	investigational	2
nct03584009	DB00947	backbone	2
nct03584516	DB00959	backbone	3
nct03584516	DB00635	backbone	3
nct03585062	DB01229	single_arm_combination	1
nct03585101	DB11575	investigational	1
nct03585101	DB11574	investigational	1
nct03585465	DB00570	investigational	5
nct03585465	DB01101	investigational	5
nct03585465	DB00531	investigational	5
nct03585725	DB00811	investigational	1
nct03586089	DB01174	investigational	2
nct03586284	DB01610	investigational	3
nct03586284	DB01004	investigational	3
nct03586544	DB01001	backbone	2
nct03586687	DB00620	backbone	3
nct03586869	DB00544	single_arm_combination	1
nct03586869	DB00531	single_arm_combination	1
nct03586869	DB01101	single_arm_combination	1
nct03586869	DB01229	single_arm_combination	1
nct03586869	DB06013	single_arm_combination	1
nct03586869	DB00650	single_arm_combination	1
nct03587129	DB14765	investigational	1
nct03588039	DB01229	backbone	8
nct03589976	DB00877	investigational	2
nct03590652	DB09570	single_arm_combination	1
nct03590652	DB08910	single_arm_combination	1
nct03590652	DB01234	single_arm_combination	1
nct03591458	DB00321	investigational	2
nct03591744	DB00188	single_arm_combination	1
nct03591744	DB01234	single_arm_combination	1
nct03591744	DB00997	single_arm_combination	1
nct03591744	DB00480	single_arm_combination	1
nct03591770	DB08895	described_only	4
nct03591861	DB00262	investigational	1
nct03591874	DB00484	investigational	2
nct03592212	DB01001	investigational	0
nct03592407	DB11717	single_arm_combination	1
nct03592641	DB12048	investigational	1
nct03593902	DB01073	single_arm_combination	1
nct03593902	DB00531	single_arm_combination	1
nct03593915	DB03496	investigational	1
nct03593915	DB01262	investigational	1
nct03593915	DB00928	investigational	1
nct03594045	DB06605	backbone	2
nct03597035	DB00421	investigational	1
nct03597503	DB01618	investigational	2
nct03598140	DB00203	investigational	2
nct03599518	DB00317	single_arm_combination	1
nct03600467	DB01234	described_only	1
nct03600623	DB00441	investigational	2
nct03600623	DB00650	investigational	2
nct03600623	DB00544	investigational	2
nct03600623	DB00762	investigational	2
nct03600805	DB00635	backbone	4
nct03600909	DB01073	backbone	3
nct03600909	DB01008	backbone	3
nct03600909	DB00531	backbone	3
nct03601507	DB12015	investigational	1
nct03602261	DB00146	investigational	2
nct03602495	DB00398	investigational	2
nct03602781	DB00435	backbone	2
nct03602898	DB01008	backbone	3
nct03602898	DB00531	backbone	3
nct03602898	DB00563	investigational	3
nct03603080	DB00331	investigational	2
nct03603080	DB00273	investigational	2
nct03603288	DB09081	investigational	1
nct03604289	DB11720	investigational	2
nct03606642	DB08816	investigational	1
nct03606642	DB00758	investigational	1
nct03606642	DB06209	investigational	1
nct03606642	DB00945	investigational	1
nct03607955	DB01229	single_arm_combination	1
nct03608358	DB06292	investigational	3
nct03608501	DB09570	single_arm_combination	1
nct03608501	DB01041	single_arm_combination	1
nct03608501	DB01234	single_arm_combination	1
nct03610048	DB12543	described_only	1
nct03610490	DB01073	single_arm_combination	1
nct03610490	DB00531	single_arm_combination	1
nct03612739	DB00928	backbone	3
nct03613259	DB06198	investigational	1
nct03613259	DB14930	investigational	1
nct03613558	DB00633	investigational	2
nct03614728	DB00928	investigational	3
nct03615508	DB00388	investigational	1
nct03615924	DB08816	investigational	2
nct03616639	DB00295	comparator	2
nct03616639	DB00497	investigational	2
nct03616912	DB11817	investigational	6
nct03617484	DB00188	single_arm_combination	1
nct03617484	DB09053	single_arm_combination	1
nct03618108	DB00207	investigational	2
nct03618108	DB00615	investigational	2
nct03618108	DB00254	investigational	2
nct03620253	DB00745	investigational	2
nct03622775	DB08910	unmatched	1
nct03623568	DB13879	investigational	1
nct03623568	DB13878	investigational	1
nct03623776	DB00642	investigational	2
nct03624036	DB01073	backbone	5
nct03624036	DB00531	backbone	5
nct03624101	DB11712	backbone	2
nct03624101	DB08820	backbone	2
nct03625089	DB01076	backbone	2
nct03625687	DB08934	unmatched	1
nct03625687	DB13879	unmatched	1
nct03625687	DB11613	unmatched	1
nct03625687	DB13878	unmatched	1
nct03626376	DB00860	investigational	2
nct03626376	DB14669	investigational	2
nct03626376	DB00620	investigational	2
nct03626376	DB00787	backbone	2
nct03626376	DB00443	investigational	2
nct03626376	DB00959	investigational	2
nct03626376	DB00577	backbone	2
nct03626376	DB00635	investigational	2
nct03626376	DB01234	investigational	2
nct03626545	DB01248	backbone	3
nct03626727	DB01440	investigational	1
nct03626727	DB09072	investigational	1
nct03627403	DB11942	investigational	1
nct03628391	DB00502	investigational	2
nct03629210	DB01234	backbone	2
nct03629483	DB00633	investigational	2
nct03630120	DB00398	mixed	4
nct03630120	DB08875	mixed	4
nct03630120	DB05294	mixed	4
nct03630120	DB09078	mixed	4
nct03630367	DB01234	backbone	2
nct03630367	DB00583	investigational	2
nct03631199	DB01229	mixed	5
nct03631199	DB00642	mixed	5
nct03631654	DB09083	investigational	2
nct03631771	DB09134	single_arm_combination	1
nct03631771	DB09156	single_arm_combination	1
nct03631771	DB01249	single_arm_combination	1
nct03631771	DB01362	single_arm_combination	1
nct03632317	DB01590	single_arm_combination	1
nct03632317	DB06603	single_arm_combination	1
nct03633227	DB05990	investigational	2
nct03633526	DB11712	single_arm_combination	1
nct03633526	DB08820	single_arm_combination	1
nct03634150	DB00997	investigational	1
nct03634202	DB01101	investigational	1
nct03634228	DB00987	backbone	2
nct03634228	DB11581	investigational	2
nct03636958	DB08883	investigational	2
nct03637491	DB11967	backbone	3
nct03637491	DB11760	investigational	3
nct03637842	DB04871	investigational	2
nct03638466	DB01618	investigational	2
nct03639324	DB09054	described_only	6
nct03639324	DB11581	described_only	6
nct03639610	DB01234	backbone	3
nct03639857	DB00620	backbone	3
nct03640026	DB00864	investigational	1
nct03640221	DB11827	investigational	2
nct03641326	DB01268	backbone	3
nct03642132	DB11760	investigational	3
nct03642145	DB11921	investigational	3
nct03642184	DB09038	head_to_head	2
nct03642184	DB08882	head_to_head	2
nct03643159	DB01238	backbone	2
nct03643744	DB00482	investigational	4
nct03644511	DB00398	single_arm_combination	1
nct03644511	DB08896	single_arm_combination	1
nct03645395	DB00480	unmatched	5
nct03645876	DB01101	single_arm_combination	1
nct03646123	DB00570	investigational	3
nct03646123	DB00997	backbone	3
nct03646123	DB00851	backbone	3
nct03646188	DB00997	investigational	5
nct03646461	DB09053	backbone	2
nct03647423	DB06013	investigational	2
nct03647423	DB00531	investigational	2
nct03648229	DB00373	comparator	3
nct03648229	DB00654	comparator	3
nct03649321	DB00441	backbone	2
nct03649321	DB01229	backbone	2
nct03649841	DB00635	backbone	2
nct03650881	DB00210	comparator	2
nct03650881	DB09096	comparator	2
nct03651531	DB00331	head_to_head	2
nct03652233	DB08916	single_arm_combination	1
nct03652571	DB00540	investigational	2
nct03654989	DB00374	investigational	3
nct03655444	DB12001	backbone	2
nct03655821	DB00642	backbone	2
nct03656536	DB15102	investigational	2
nct03656536	DB00441	comparator	2
nct03657420	DB08910	single_arm_combination	1
nct03657420	DB00877	single_arm_combination	1
nct03657420	DB01234	single_arm_combination	1
nct03658213	DB00014	backbone	2
nct03658408	DB06637	investigational	2
nct03660657	DB09140	unmatched	2
nct03660683	DB06335	comparator	3
nct03660683	DB06292	mixed	3
nct03660930	DB00877	single_arm_combination	1
nct03660930	DB06589	single_arm_combination	1
nct03661047	DB08887	backbone	2
nct03662074	DB00441	single_arm_combination	1
nct03670030	DB00877	investigational	1
nct03670901	DB00635	unmatched	2
nct03670901	DB00997	unmatched	2
nct03670901	DB00531	unmatched	2
nct03672292	DB00582	backbone	2
nct03672500	DB00297	investigational	2
nct03672643	DB08865	investigational	1
nct03673605	DB00682	comparator	2
nct03673605	DB06228	investigational	2
nct03674242	DB00441	backbone	2
nct03674320	DB13944	investigational	2
nct03674671	DB01221	investigational	2
nct03676361	DB00035	investigational	1
nct03678506	DB06605	investigational	2
nct03678792	DB00193	investigational	3
nct03678792	DB00295	investigational	3
nct03679481	DB00302	investigational	2
nct03679624	DB09053	backbone	2
nct03679975	DB00740	investigational	1
nct03682393	DB00741	investigational	2
nct03683277	DB09570	investigational	1
nct03683277	DB08910	investigational	1
nct03683277	DB01234	investigational	1
nct03684694	DB09053	backbone	4
nct03685773	DB00627	investigational	12
nct03685773	DB01119	investigational	12
nct03686345	DB06595	investigational	1
nct03686657	DB00482	investigational	4
nct03686657	DB00177	investigational	4
nct03686657	DB00331	mixed	4
nct03686696	DB00335	investigational	4
nct03686696	DB00966	investigational	4
nct03686696	DB01029	investigational	4
nct03686696	DB00678	investigational	4
nct03686696	DB00177	investigational	4
nct03686696	DB00571	investigational	4
nct03686696	DB00264	investigational	4
nct03686696	DB13919	investigational	4
nct03688464	DB01075	head_to_head	3
nct03688464	DB01065	head_to_head	3
nct03688568	DB00619	investigational	1
nct03689244	DB11362	investigational	3
nct03689894	DB09053	single_arm_combination	1
nct03690739	DB00997	unmatched	2
nct03690739	DB05109	head_to_head	2
nct03693183	DB00465	investigational	3
nct03694821	DB00465	investigational	3
nct03694821	DB00959	comparator	3
nct03695822	DB08893	investigational	1
nct03696212	DB12836	investigational	1
nct03696290	DB00355	investigational	4
nct03696342	DB01044	comparator	2
nct03696342	DB11774	investigational	2
nct03696537	DB01073	investigational	1
nct03697239	DB00441	single_arm_combination	1
nct03697239	DB01229	single_arm_combination	1
nct03697239	DB00126	single_arm_combination	1
nct03698227	DB00997	single_arm_combination	1
nct03698916	DB00482	investigational	0
nct03699033	DB01229	single_arm_combination	1
nct03699293	DB00788	head_to_head	2
nct03699293	DB00482	head_to_head	2
nct03699293	DB00945	backbone	2
nct03699384	DB00928	single_arm_combination	1
nct03699475	DB00531	comparator	3
nct03699904	DB00577	investigational	2
nct03699956	DB00773	backbone	2
nct03701321	DB00188	backbone	3
nct03701321	DB11581	investigational	3
nct03701321	DB01234	backbone	3
nct03701698	DB08877	single_arm_combination	1
nct03701698	DB00959	single_arm_combination	1
nct03702218	DB11613	described_only	3
nct03702218	DB09027	described_only	3
nct03702218	DB08934	described_only	3
nct03702218	DB13878	described_only	3
nct03702218	DB13879	described_only	3
nct03704584	DB00860	backbone	2
nct03704584	DB14669	backbone	2
nct03704584	DB00281	head_to_head	2
nct03704584	DB00620	backbone	2
nct03704584	DB00959	backbone	2
nct03704584	DB00443	backbone	2
nct03704584	DB00635	backbone	2
nct03704584	DB01234	backbone	2
nct03704714	DB00635	single_arm_combination	1
nct03704714	DB00997	single_arm_combination	1
nct03704714	DB00531	single_arm_combination	1
nct03705273	DB01234	backbone	2
nct03705351	DB00853	investigational	1
nct03707028	DB14765	single_arm_combination	1
nct03707028	DB01229	single_arm_combination	1
nct03707678	DB00588	unmatched	2
nct03707678	DB01001	backbone	2
nct03708003	DB09053	single_arm_combination	1
nct03708003	DB11581	single_arm_combination	1
nct03708237	DB00268	investigational	3
nct03708237	DB00996	investigational	3
nct03708354	DB12647	investigational	2
nct03708536	DB01101	comparator	2
nct03708536	DB09257	unmatched	2
nct03708536	DB09256	unmatched	2
nct03708536	DB03209	unmatched	2
nct03708861	DB00503	investigational	1
nct03708861	DB01072	investigational	1
nct03709082	DB01006	backbone	4
nct03709082	DB09073	backbone	4
nct03709550	DB08899	single_arm_combination	1
nct03709550	DB01262	single_arm_combination	1
nct03709576	DB00928	single_arm_combination	1
nct03710044	DB00091	investigational	1
nct03710122	DB00512	investigational	2
nct03711279	DB14765	investigational	2
nct03711318	DB01183	investigational	1
nct03711422	DB08916	backbone	2
nct03713320	DB02546	comparator	2
nct03713944	DB00642	single_arm_combination	1
nct03714555	DB00822	backbone	3
nct03714867	DB00230	investigational	2
nct03715153	DB00887	backbone	2
nct03715166	DB00887	investigational	2
nct03716050	DB00727	head_to_head	8
nct03717012	DB09079	backbone	2
nct03718143	DB00987	investigational	3
nct03718143	DB11740	backbone	3
nct03719898	DB12267	investigational	1
nct03720483	DB06151	described_only	2
nct03720574	DB04871	investigational	2
nct03722498	DB00398	comparator	2
nct03722498	DB00650	investigational	2
nct03722498	DB00544	investigational	2
nct03722966	DB00184	investigational	4
nct03723824	DB11575	investigational	1
nct03723824	DB11574	investigational	1
nct03724071	DB01099	backbone	3
nct03724084	DB00987	backbone	2
nct03724084	DB12920	backbone	2
nct03724084	DB00694	backbone	2
nct03724175	DB08834	unmatched	1
nct03724175	DB01586	investigational	1
nct03725267	DB01065	investigational	2
nct03726398	DB08932	investigational	1
nct03726996	DB01151	investigational	1
nct03727633	DB01177	investigational	1
nct03728335	DB13874	investigational	1
nct03728933	DB05271	investigational	3
nct03729297	DB08875	investigational	1
nct03729310	DB00620	head_to_head	2
nct03729310	DB00764	described_only	2
nct03729401	DB08816	backbone	3
nct03729401	DB00758	investigational	3
nct03729401	DB00945	mixed	3
nct03730779	DB09140	investigational	1
nct03730948	DB00531	unmatched	1
nct03732534	DB11915	investigational	1
nct03733119	DB00134	investigational	2
nct03733119	DB14844	backbone	2
nct03733691	DB09570	backbone	2
nct03733691	DB00480	investigational	2
nct03735433	DB00945	investigational	2
nct03735446	DB00987	single_arm_combination	1
nct03735446	DB00773	single_arm_combination	1
nct03735446	DB01204	single_arm_combination	1
nct03735758	DB06589	backbone	2
nct03735875	DB11581	backbone	2
nct03735875	DB12874	backbone	2
nct03736629	DB00207	investigational	3
nct03736720	DB00650	single_arm_combination	1
nct03736720	DB00544	single_arm_combination	1
nct03736720	DB00762	single_arm_combination	1
nct03737123	DB00441	single_arm_combination	1
nct03737123	DB01248	single_arm_combination	1
nct03737994	DB09063	investigational	10
nct03737994	DB11363	investigational	10
nct03737994	DB00642	investigational	10
nct03737994	DB14860	investigational	10
nct03737994	DB08865	investigational	10
nct03737994	DB12130	investigational	10
nct03737994	DB12267	investigational	10
nct03738878	DB01261	backbone	2
nct03738878	DB00177	backbone	2
nct03738878	DB09292	backbone	2
nct03739476	DB01224	investigational	2
nct03739801	DB00762	single_arm_combination	1
nct03741933	DB05676	investigational	1
nct03742323	DB09054	investigational	1
nct03742349	DB11791	investigational	4
nct03742804	DB00888	described_only	1
nct03742973	DB11817	investigational	4
nct03743103	DB00187	investigational	2
nct03743428	DB14765	investigational	2
nct03744247	DB09078	backbone	2
nct03745326	DB01073	backbone	2
nct03745326	DB00531	backbone	2
nct03745352	DB00928	backbone	2
nct03745690	DB09374	investigational	1
nct03745898	DB09140	comparator	2
nct03746249	DB09078	single_arm_combination	1
nct03748082	DB00435	investigational	2
nct03748303	DB11859	investigational	1
nct03749590	DB00653	investigational	2
nct03752138	DB01262	investigational	5
nct03752190	DB01284	investigational	1
nct03752203	DB00693	investigational	1
nct03752294	DB14726	investigational	3
nct03752918	DB01454	investigational	2
nct03755518	DB12500	investigational	1
nct03757221	DB09570	investigational	1
nct03760445	DB00987	backbone	8
nct03760445	DB00683	investigational	8
nct03760445	DB06595	investigational	8
nct03760445	DB01263	investigational	8
nct03760614	DB00650	single_arm_combination	1
nct03760614	DB00544	single_arm_combination	1
nct03760614	DB11841	single_arm_combination	1
nct03760666	DB00811	investigational	1
nct03760666	DB03523	investigational	1
nct03760965	DB12713	investigational	3
nct03761030	DB00190	investigational	2
nct03761030	DB01235	investigational	2
nct03761134	DB03904	unmatched	3
nct03761134	DB00331	backbone	3
nct03761134	DB12713	investigational	3
nct03761511	DB02701	investigational	2
nct03763422	DB00853	backbone	2
nct03763929	DB05974	investigational	2
nct03764540	DB06772	investigational	2
nct03764540	DB01248	comparator	2
nct03764540	DB00635	backbone	2
nct03764683	DB09034	mixed	3
nct03765138	DB00413	investigational	1
nct03765541	DB00987	backbone	2
nct03765541	DB01234	investigational	2
nct03765541	DB00276	backbone	2
nct03765541	DB00928	backbone	2
nct03766126	DB01073	backbone	3
nct03766126	DB00531	backbone	3
nct03766607	DB01229	single_arm_combination	1
nct03767439	DB08828	single_arm_combination	1
nct03768726	DB00246	investigational	1
nct03769532	DB00928	single_arm_combination	1
nct03770455	DB05812	single_arm_combination	1
nct03770455	DB08899	single_arm_combination	1
nct03770546	DB00443	comparator	4
nct03772925	DB05015	single_arm_combination	1
nct03773302	DB00441	comparator	2
nct03773302	DB11886	investigational	2
nct03773510	DB05109	backbone	2
nct03773744	DB00531	investigational	2
nct03775707	DB09078	single_arm_combination	1
nct03777124	DB14765	investigational	2
nct03777319	DB00860	comparator	2
nct03777319	DB00421	investigational	2
nct03777579	DB01229	backbone	2
nct03777982	DB11901	investigational	2
nct03778073	DB06769	investigational	3
nct03779100	DB09078	single_arm_combination	1
nct03779295	DB01190	backbone	2
nct03780634	DB00398	comparator	2
nct03781375	DB00563	backbone	2
nct03781960	DB12001	single_arm_combination	1
nct03782402	DB00470	unmatched	2
nct03782402	DB09061	backbone	2
nct03782818	DB09074	investigational	1
nct03783715	DB01009	investigational	1
nct03784222	DB09223	investigational	2
nct03784599	DB09330	single_arm_combination	1
nct03785067	DB00381	investigational	2
nct03785067	DB00966	investigational	2
nct03785067	DB00808	investigational	2
nct03785184	DB01234	single_arm_combination	1
nct03785184	DB11581	single_arm_combination	1
nct03785184	DB00480	single_arm_combination	1
nct03785210	DB00820	single_arm_combination	1
nct03785210	DB00512	single_arm_combination	1
nct03786094	DB08871	backbone	2
nct03787082	DB00878	investigational	2
nct03787251	DB14765	investigational	2
nct03787303	DB00279	investigational	1
nct03788889	DB01174	head_to_head	3
nct03788889	DB01221	head_to_head	3
nct03790111	DB12095	investigational	1
nct03790111	DB00441	investigational	1
nct03791398	DB14844	backbone	4
nct03791814	DB11575	described_only	1
nct03791814	DB11574	described_only	1
nct03791918	DB09078	investigational	2
nct03792503	DB14765	single_arm_combination	1
nct03792503	DB00642	single_arm_combination	1
nct03794297	DB08911	single_arm_combination	1
nct03794297	DB08912	single_arm_combination	1
nct03794583	DB00374	investigational	1
nct03794596	DB00945	investigational	2
nct03794596	DB00448	backbone	2
nct03795012	DB08871	backbone	2
nct03795272	DB12332	investigational	2
nct03795350	DB00983	investigational	1
nct03795350	DB00394	investigational	1
nct03795350	DB00986	investigational	1
nct03796273	DB01026	investigational	2
nct03796416	DB00929	backbone	2
nct03796507	DB00853	investigational	1
nct03797066	DB00811	described_only	1
nct03797066	DB11575	described_only	1
nct03797066	DB11574	described_only	1
nct03797261	DB11581	single_arm_combination	1
nct03797443	DB00441	single_arm_combination	1
nct03797443	DB01229	single_arm_combination	1
nct03797443	DB00126	single_arm_combination	1
nct03801369	DB09074	investigational	4
nct03801369	DB11689	investigational	4
nct03801499	DB09078	investigational	1
nct03801525	DB11581	investigational	3
nct03802058	DB01229	single_arm_combination	1
nct03803254	DB00544	described_only	2
nct03803254	DB00650	described_only	2
nct03803254	DB09078	backbone	2
nct03803761	DB12483	single_arm_combination	1
nct03803761	DB00947	single_arm_combination	1
nct03804372	DB09299	single_arm_combination	1
nct03805360	DB00296	investigational	2
nct03805360	DB09153	comparator	2
nct03806049	DB11793	investigational	3
nct03807479	DB08901	investigational	1
nct03807856	DB14726	head_to_head	2
nct03808610	DB01234	single_arm_combination	1
nct03808610	DB01280	single_arm_combination	1
nct03808610	DB00531	single_arm_combination	1
nct03808610	DB00563	single_arm_combination	1
nct03808610	DB00987	single_arm_combination	1
nct03808610	DB11581	single_arm_combination	1
nct03808610	DB00635	single_arm_combination	1
nct03808740	DB00289	investigational	4
nct03808935	DB00470	investigational	2
nct03808935	DB09061	investigational	2
nct03809650	DB08932	investigational	1
nct03809897	DB00184	comparator	2
nct03810105	DB09074	single_arm_combination	1
nct03811418	DB00361	investigational	2
nct03811418	DB01248	comparator	2
nct03813108	DB01131	backbone	7
nct03813108	DB06708	investigational	7
nct03813108	DB01117	backbone	7
nct03813108	DB00358	investigational	7
nct03813108	DB06697	investigational	7
nct03814109	DB09237	comparator	3
nct03817190	DB00154	investigational	2
nct03817528	DB06077	investigational	1
nct03817554	DB00413	investigational	2
nct03818997	DB01229	investigational	3
nct03819660	DB11640	investigational	1
nct03820258	DB08934	backbone	6
nct03820258	DB11613	backbone	6
nct03821376	DB11104	investigational	1
nct03822013	DB00419	investigational	2
nct03822637	DB06151	investigational	2
nct03822637	DB01001	backbone	2
nct03822936	DB00762	investigational	1
nct03822936	DB00544	investigational	1
nct03822936	DB00441	unmatched	1
nct03822936	DB09278	investigational	1
nct03822936	DB00650	investigational	1
nct03823131	DB11717	investigational	3
nct03823378	DB15091	investigational	6
nct03824847	DB01211	investigational	2
nct03825289	DB08911	single_arm_combination	1
nct03825289	DB01611	single_arm_combination	1
nct03825341	DB01005	backbone	2
nct03827044	DB01101	unmatched	2
nct03827044	DB00544	unmatched	2
nct03827200	DB06403	investigational	1
nct03827473	DB01248	investigational	2
nct03827850	DB12147	backbone	3
nct03829566	DB09110	single_arm_combination	1
nct03829566	DB00959	single_arm_combination	1
nct03829566	DB00531	single_arm_combination	1
nct03829930	DB08899	single_arm_combination	1
nct03829930	DB11841	single_arm_combination	1
nct03832673	DB11717	single_arm_combination	1
nct03833596	DB00635	backbone	3
nct03834571	DB01229	investigational	2
nct03834909	DB12753	backbone	2
nct03834909	DB00879	backbone	2
nct03835871	DB00394	investigational	4
nct03836885	DB05676	investigational	2
nct03837353	DB01248	investigational	4
nct03838484	DB00184	backbone	4
nct03838692	DB08901	investigational	1
nct03838848	DB00642	investigational	5
nct03839355	DB00682	head_to_head	2
nct03839355	DB06605	head_to_head	2
nct03840902	DB00773	backbone	2
nct03840902	DB01229	backbone	2
nct03840902	DB00642	backbone	2
nct03840967	DB11793	investigational	1
nct03841565	DB08910	single_arm_combination	1
nct03841565	DB01234	single_arm_combination	1
nct03841747	DB01229	backbone	2
nct03841773	DB00924	investigational	2
nct03843125	DB11817	backbone	4
nct03843853	DB09257	unmatched	1
nct03843853	DB09256	unmatched	1
nct03843853	DB00642	single_arm_combination	1
nct03843853	DB03209	unmatched	1
nct03846128	DB01268	unmatched	0
nct03846570	DB00394	investigational	2
nct03846570	DB00983	investigational	2
nct03846583	DB00990	unmatched	4
nct03846583	DB01006	unmatched	4
nct03846583	DB11652	backbone	4
nct03846583	DB12001	backbone	4
nct03846583	DB01217	unmatched	4
nct03847272	DB00635	single_arm_combination	1
nct03847389	DB01013	investigational	1
nct03848182	DB00441	single_arm_combination	1
nct03848481	DB14050	investigational	2
nct03848832	DB09061	investigational	3
nct03849456	DB14050	investigational	1
nct03850535	DB00987	investigational	4
nct03850535	DB00694	investigational	4
nct03850795	DB08899	backbone	2
nct03852160	DB00370	backbone	2
nct03852160	DB01175	backbone	2
nct03852160	DB00656	backbone	2
nct03852160	DB01104	backbone	2
nct03852160	DB11823	investigational	2
nct03852160	DB00476	backbone	2
nct03852160	DB06594	backbone	2
nct03852160	DB01156	backbone	2
nct03852628	DB00704	investigational	2
nct03852979	DB01229	single_arm_combination	1
nct03852992	DB00350	investigational	4
nct03854942	DB00704	head_to_head	3
nct03855865	DB09068	comparator	3
nct03856112	DB09570	backbone	3
nct03856112	DB11581	investigational	3
nct03856112	DB01234	backbone	3
nct03856216	DB01042	investigational	2
nct03856216	DB01073	backbone	2
nct03856216	DB06769	investigational	2
nct03857139	DB00184	investigational	1
nct03858972	DB01101	single_arm_combination	1
nct03859687	DB00162	backbone	2
nct03860753	DB01132	investigational	2
nct03860844	DB00997	single_arm_combination	1
nct03860844	DB00773	single_arm_combination	1
nct03860844	DB01204	single_arm_combination	1
nct03860844	DB00531	single_arm_combination	1
nct03860844	DB01177	single_arm_combination	1
nct03860844	DB00563	single_arm_combination	1
nct03860844	DB00694	single_arm_combination	1
nct03860844	DB01005	single_arm_combination	1
nct03860844	DB00987	single_arm_combination	1
nct03860844	DB01073	single_arm_combination	1
nct03860844	DB01234	single_arm_combination	1
nct03861598	DB01136	investigational	1
nct03862040	DB14879	single_arm_combination	1
nct03862079	DB01606	investigational	3
nct03862079	DB00319	investigational	3
nct03864328	DB01003	investigational	4
nct03864419	DB00997	investigational	4
nct03864419	DB00773	investigational	4
nct03864419	DB00531	investigational	4
nct03864419	DB00563	investigational	4
nct03864419	DB00635	investigational	4
nct03865563	DB00441	investigational	1
nct03866538	DB01222	investigational	2
nct03866954	DB04485	described_only	1
nct03866980	DB00642	mixed	3
nct03867188	DB00297	investigational	2
nct03867370	DB09078	mixed	3
nct03868839	DB00966	investigational	1
nct03868943	DB14754	described_only	1
nct03869190	DB00441	mixed	16
nct03869190	DB11793	investigational	16
nct03869762	DB08899	single_arm_combination	1
nct03870529	DB00162	investigational	2
nct03870763	DB08908	investigational	3
nct03871153	DB01229	single_arm_combination	1
nct03871829	DB08889	backbone	2
nct03871829	DB01234	backbone	2
nct03872336	DB00598	investigational	2
nct03872388	DB01076	investigational	2
nct03872505	DB01229	backbone	2
nct03874325	DB01006	backbone	2
nct03874325	DB01217	backbone	2
nct03874325	DB00990	backbone	2
nct03874858	DB04868	backbone	2
nct03875144	DB00997	investigational	2
nct03875144	DB00642	backbone	2
nct03875911	DB00305	backbone	3
nct03876028	DB09053	backbone	2
nct03877536	DB09065	unmatched	1
nct03877536	DB09101	described_only	1
nct03877536	DB09299	described_only	1
nct03877536	DB00879	described_only	1
nct03877692	DB00598	backbone	2
nct03878199	DB00987	single_arm_combination	1
nct03878199	DB08877	single_arm_combination	1
nct03878199	DB00694	single_arm_combination	1
nct03878719	DB11967	backbone	2
nct03878719	DB11718	backbone	2
nct03878914	DB00860	backbone	2
nct03878914	DB14669	backbone	2
nct03878914	DB01234	backbone	2
nct03878914	DB00620	backbone	2
nct03878914	DB00443	backbone	2
nct03878914	DB00959	backbone	2
nct03878914	DB00635	backbone	2
nct03878927	DB00987	backbone	3
nct03878927	DB00694	backbone	3
nct03879629	DB01136	backbone	3
nct03879798	DB00762	single_arm_combination	1
nct03879811	DB00853	unmatched	1
nct03880123	DB09570	single_arm_combination	1
nct03880123	DB11942	single_arm_combination	1
nct03881111	DB00544	backbone	2
nct03881735	DB13874	backbone	2
nct03883360	DB09061	investigational	2
nct03883945	DB06626	investigational	8
nct03884465	DB00374	investigational	1
nct03884972	DB11581	backbone	2
nct03884972	DB05109	backbone	2
nct03885154	DB00313	head_to_head	4
nct03885154	DB00320	head_to_head	4
nct03886649	DB12483	single_arm_combination	1
nct03886649	DB11581	single_arm_combination	1
nct03887442	DB01229	backbone	2
nct03888534	DB09570	investigational	1
nct03889756	DB00683	comparator	2
nct03889756	DB01221	investigational	2
nct03890289	DB09054	single_arm_combination	1
nct03891173	DB00361	backbone	2
nct03891576	DB11793	backbone	3
nct03891979	DB00537	single_arm_combination	1
nct03891979	DB00916	single_arm_combination	1
nct03892161	DB00503	backbone	5
nct03892161	DB01264	backbone	5
nct03892889	DB01238	investigational	1
nct03894007	DB01229	backbone	2
nct03894007	DB00445	backbone	2
nct03894007	DB01248	backbone	2
nct03894007	DB00531	backbone	2
nct03894345	DB00457	investigational	1
nct03896945	DB00514	described_only	3
nct03896945	DB00908	described_only	3
nct03897062	DB09034	investigational	2
nct03897491	DB00855	investigational	1
nct03901378	DB00773	described_only	1
nct03901469	DB11760	investigational	4
nct03903718	DB00198	mixed	6
nct03904251	DB00987	single_arm_combination	1
nct03904251	DB00694	single_arm_combination	1
nct03904849	DB09061	investigational	2
nct03905343	DB11730	investigational	2
nct03905889	DB01268	single_arm_combination	1
nct03905889	DB12001	single_arm_combination	1
nct03906448	DB00853	investigational	2
nct03907202	DB00331	unmatched	2
nct03908333	DB00441	single_arm_combination	1
nct03908333	DB01229	single_arm_combination	1
nct03908333	DB00126	single_arm_combination	1
nct03909295	DB00177	investigational	1
nct03909295	DB09292	investigational	1
nct03909594	DB00297	backbone	2
nct03909594	DB01221	investigational	2
nct03911869	DB11967	backbone	2
nct03911869	DB11718	backbone	2
nct03912428	DB00482	head_to_head	4
nct03912818	DB00570	investigational	3
nct03912818	DB00441	investigational	3
nct03912818	DB00563	investigational	3
nct03912818	DB00997	investigational	3
nct03912831	DB01073	backbone	7
nct03912831	DB00531	backbone	7
nct03913559	DB00316	single_arm_combination	1
nct03913559	DB00563	single_arm_combination	1
nct03913559	DB00959	single_arm_combination	1
nct03913559	DB00741	single_arm_combination	1
nct03913559	DB01075	single_arm_combination	1
nct03913559	DB00987	single_arm_combination	1
nct03913702	DB00465	head_to_head	2
nct03916068	DB00806	comparator	2
nct03918447	DB05983	investigational	3
nct03919045	DB09153	investigational	2
nct03919292	DB00313	backbone	6
nct03919292	DB11828	backbone	6
nct03919383	DB09078	single_arm_combination	1
nct03923361	DB00818	investigational	1
nct03924245	DB09074	single_arm_combination	1
nct03924245	DB11841	single_arm_combination	1
nct03925428	DB11841	single_arm_combination	1
nct03926156	DB00682	comparator	2
nct03926156	DB06228	investigational	2
nct03926624	DB00987	comparator	2
nct03926624	DB11581	comparator	2
nct03926624	DB01262	comparator	2
nct03926624	DB00928	comparator	2
nct03927222	DB00853	single_arm_combination	1
nct03927274	DB01030	investigational	1
nct03927443	DB00905	comparator	2
nct03928015	DB00470	investigational	2
nct03928314	DB01229	backbone	2
nct03929211	DB01611	single_arm_combination	1
nct03929835	DB00470	investigational	2
nct03929835	DB14011	investigational	2
nct03929835	DB09061	investigational	2
nct03930771	DB01101	single_arm_combination	1
nct03930771	DB00853	single_arm_combination	1
nct03931551	DB09074	investigational	1
nct03932318	DB11581	single_arm_combination	1
nct03932318	DB00928	single_arm_combination	1
nct03933007	DB01394	single_arm_combination	1
nct03933007	DB00683	single_arm_combination	1
nct03933007	DB00950	single_arm_combination	1
nct03933956	DB09038	investigational	1
nct03935555	DB12638	backbone	4
nct03936192	DB01296	mixed	3
nct03936192	DB00814	investigational	3
nct03936933	DB00014	backbone	2
nct03938337	DB12001	described_only	2
nct03940352	DB11581	investigational	2
nct03940807	DB00783	investigational	2
nct03941834	DB12457	investigational	2
nct03942211	DB11362	investigational	2
nct03942419	DB00572	investigational	3
nct03943342	DB09053	single_arm_combination	1
nct03943342	DB11581	single_arm_combination	1
nct03944512	DB00175	investigational	2
nct03944902	DB11793	backbone	3
nct03948178	DB00922	investigational	1
nct03949842	DB09076	investigational	2
nct03949842	DB08906	investigational	2
nct03949842	DB09082	investigational	2
nct03951961	DB06595	investigational	1
nct03952481	DB11611	investigational	1
nct03952598	DB00119	investigational	3
nct03952832	DB01097	investigational	1
nct03953118	DB00207	investigational	2
nct03953261	DB11672	backbone	2
nct03955471	DB11793	single_arm_combination	1
nct03955640	DB09074	investigational	1
nct03956589	DB08820	unmatched	1
nct03956589	DB09280	unmatched	1
nct03957551	DB08875	single_arm_combination	1
nct03957876	DB00987	investigational	1
nct03957876	DB00694	investigational	1
nct03958630	DB13878	unmatched	3
nct03959592	DB00137	investigational	2
nct03960008	DB00997	unmatched	2
nct03963102	DB00855	backbone	2
nct03963414	DB00773	backbone	2
nct03964155	DB01236	described_only	1
nct03964337	DB08875	investigational	2
nct03965624	DB09570	investigational	1
nct03965624	DB01234	described_only	1
nct03966053	DB00831	backbone	4
nct03968744	DB06654	investigational	1
nct03969420	DB00987	investigational	4
nct03969420	DB03496	backbone	4
nct03969446	DB11581	investigational	3
nct03969446	DB01262	backbone	3
nct03970330	DB00704	investigational	2
nct03970616	DB11800	single_arm_combination	1
nct03970694	DB01101	backbone	2
nct03970837	DB08895	comparator	12
nct03971110	DB01128	investigational	1
nct03971110	DB00014	investigational	1
nct03971734	DB06213	investigational	7
nct03972046	DB08911	single_arm_combination	1
nct03972046	DB08912	single_arm_combination	1
nct03972111	DB12020	investigational	0
nct03973918	DB11967	backbone	4
nct03973918	DB11718	backbone	4
nct03974854	DB00441	comparator	2
nct03974984	DB00297	unmatched	2
nct03974984	DB00708	described_only	2
nct03974984	DB00818	described_only	2
nct03974984	DB00899	described_only	2
nct03974984	DB00904	unmatched	2
nct03977675	DB01221	backbone	3
nct03978156	DB00470	backbone	2
nct03978884	DB00678	backbone	4
nct03978884	DB00381	investigational	4
nct03979508	DB12001	investigational	2
nct03980249	DB01136	investigational	1
nct03980938	DB07138	backbone	2
nct03981211	DB08934	investigational	2
nct03981211	DB13879	backbone	2
nct03981211	DB13878	backbone	2
nct03982004	DB00724	single_arm_combination	1
nct03982134	DB06603	single_arm_combination	1
nct03986697	DB12753	described_only	2
nct03986697	DB11799	described_only	2
nct03986697	DB09299	described_only	2
nct03986697	DB00879	described_only	2
nct03986996	DB01060	backbone	2
nct03986996	DB00254	backbone	2
nct03986996	DB00916	comparator	2
nct03988114	DB01006	single_arm_combination	1
nct03988114	DB12001	single_arm_combination	1
nct03988114	DB01217	single_arm_combination	1
nct03988205	DB00694	investigational	1
nct03988842	DB06605	backbone	2
nct03989713	DB00987	described_only	2
nct03989713	DB01204	described_only	2
nct03989713	DB12874	described_only	2
nct03990077	DB01248	single_arm_combination	1
nct03991000	DB09153	described_only	2
nct03992196	DB05271	single_arm_combination	1
nct03993457	DB01156	head_to_head	4
nct03993457	DB01175	head_to_head	4
nct03996252	DB02300	single_arm_combination	1
nct03996252	DB00544	single_arm_combination	1
nct03996473	DB08913	investigational	4
nct03997448	DB12001	single_arm_combination	1
nct03997864	DB00457	investigational	2
nct03997903	DB00619	investigational	1
nct03998709	DB09099	backbone	2
nct03999190	DB12518	backbone	2
nct03999515	DB12147	single_arm_combination	1
nct03999515	DB08899	single_arm_combination	1
nct04000009	DB05316	investigational	1
nct04000919	DB02959	head_to_head	4
nct04000919	DB01235	head_to_head	4
nct04000919	DB00190	mixed	4
nct04002037	DB01234	head_to_head	3
nct04002115	DB01008	single_arm_combination	1
nct04002115	DB00864	single_arm_combination	1
nct04002115	DB00531	single_arm_combination	1
nct04002115	DB00631	single_arm_combination	1
nct04002115	DB00688	single_arm_combination	1
nct04002115	DB01073	single_arm_combination	1
nct04003610	DB15102	investigational	3
nct04003610	DB00441	comparator	3
nct04003896	DB12001	investigational	1
nct04004117	DB00813	backbone	2
nct04005079	DB01085	investigational	2
nct04005079	DB00860	backbone	2
nct04005079	DB01165	backbone	2
nct04005144	DB11967	single_arm_combination	1
nct04005144	DB12267	single_arm_combination	1
nct04006691	DB00305	investigational	1
nct04006847	DB00159	single_arm_combination	1
nct04006847	DB11652	unmatched	1
nct04006847	DB11828	unmatched	1
nct04007055	DB08816	investigational	2
nct04007562	DB01611	investigational	1
nct04011592	DB01221	backbone	2
nct04013880	DB01262	single_arm_combination	1
nct04014712	DB00360	investigational	2
nct04015596	DB00788	investigational	2
nct04016116	DB08877	investigational	3
nct04016142	DB01229	investigational	1
nct04016792	DB09185	investigational	2
nct04019327	DB00853	single_arm_combination	1
nct04019327	DB11760	single_arm_combination	1
nct04019769	DB00130	investigational	1
nct04020653	DB13132	backbone	3
nct04020653	DB00855	investigational	3
nct04021017	DB00783	investigational	2
nct04021498	DB00641	investigational	2
nct04021550	DB00966	investigational	2
nct04022161	DB00435	investigational	2
nct04023071	DB01073	investigational	4
nct04023071	DB00531	investigational	4
nct04023071	DB06769	investigational	4
nct04023305	DB01236	backbone	2
nct04024436	DB00947	investigational	4
nct04025216	DB01073	backbone	2
nct04025216	DB00531	backbone	2
nct04025567	DB00512	investigational	1
nct04026568	DB06637	investigational	2
nct04026750	DB11642	backbone	2
nct04026997	DB01184	investigational	6
nct04027348	DB01233	single_arm_combination	1
nct04027348	DB01234	single_arm_combination	1
nct04028466	DB00338	comparator	2
nct04028466	DB11739	investigational	2
nct04029688	DB00531	investigational	6
nct04029688	DB00987	investigational	6
nct04029688	DB01030	investigational	6
nct04029688	DB01073	investigational	6
nct04029688	DB11581	investigational	6
nct04030000	DB01229	investigational	1
nct04030429	DB08865	investigational	1
nct04030559	DB11793	single_arm_combination	1
nct04031872	DB01101	investigational	1
nct04031885	DB12001	investigational	2
nct04031885	DB00947	investigational	2
nct04033328	DB08899	backbone	2
nct04034251	DB01101	backbone	3
nct04034251	DB01229	backbone	3
nct04034745	DB12095	investigational	1
nct04035603	DB00260	investigational	2
nct04035850	DB09068	investigational	1
nct04036721	DB00635	backbone	2
nct04036721	DB00959	backbone	2
nct04036721	DB00531	unmatched	2
nct04037241	DB00762	mixed	8
nct04037241	DB00544	mixed	8
nct04037241	DB01101	mixed	8
nct04037241	DB00441	mixed	8
nct04037241	DB01229	mixed	8
nct04037241	DB00650	mixed	8
nct04037462	DB01234	described_only	1
nct04037527	DB00441	single_arm_combination	1
nct04037527	DB01248	single_arm_combination	1
nct04038489	DB00997	single_arm_combination	1
nct04038489	DB00675	single_arm_combination	1
nct04038489	DB00531	single_arm_combination	1
nct04038489	DB01229	single_arm_combination	1
nct04038489	DB00945	single_arm_combination	1
nct04039347	DB00091	backbone	2
nct04039867	DB00441	investigational	1
nct04040621	DB00438	investigational	1
nct04040621	DB09060	investigational	1
nct04041232	DB08909	investigational	1
nct04042051	DB12483	single_arm_combination	1
nct04042714	DB00432	investigational	1
nct04042727	DB00633	investigational	2
nct04043845	DB09053	single_arm_combination	1
nct04044209	DB14568	single_arm_combination	1
nct04044378	DB01181	investigational	3
nct04044430	DB11967	single_arm_combination	1
nct04044430	DB11718	single_arm_combination	1
nct04044651	DB09078	backbone	2
nct04044742	DB06515	investigational	2
nct04045730	DB00441	investigational	1
nct04045730	DB01229	investigational	1
nct04046887	DB09343	unmatched	1
nct04046887	DB00441	single_arm_combination	1
nct04046887	DB01229	single_arm_combination	1
nct04046887	DB00432	unmatched	1
nct04047797	DB09570	single_arm_combination	1
nct04051047	DB00441	investigational	1
nct04051853	DB00398	backbone	2
nct04051970	DB09299	unmatched	2
nct04051970	DB08930	described_only	2
nct04051970	DB00709	described_only	2
nct04051970	DB12753	unmatched	2
nct04051970	DB14126	unmatched	2
nct04051970	DB00879	unmatched	2
nct04051996	DB11978	backbone	2
nct04051996	DB01262	backbone	2
nct04052204	DB08899	investigational	3
nct04052204	DB11760	investigational	3
nct04052269	DB00203	backbone	2
nct04054973	DB00360	single_arm_combination	1
nct04054973	DB00125	single_arm_combination	1
nct04058132	DB00203	backbone	2
nct04058145	DB06809	backbone	3
nct04059484	DB00990	comparator	2
nct04059484	DB01006	comparator	2
nct04059484	DB00675	comparator	2
nct04059484	DB00947	comparator	2
nct04059484	DB01217	comparator	2
nct04060342	DB00441	investigational	6
nct04060342	DB01229	investigational	6
nct04060862	DB09073	backbone	2
nct04060862	DB00947	backbone	2
nct04061590	DB00642	investigational	2
nct04062890	DB01080	investigational	2
nct04064684	DB01222	investigational	2
nct04064697	DB01610	investigational	2
nct04064827	DB00910	investigational	1
nct04065087	DB00853	unmatched	2
nct04065165	DB12095	investigational	2
nct04066088	DB01018	investigational	2
nct04066491	DB00441	backbone	3
nct04066595	DB08875	investigational	1
nct04066751	DB08820	backbone	2
nct04066790	DB01229	backbone	2
nct04067102	DB01229	backbone	2
nct04067856	DB01234	backbone	2
nct04069936	DB00820	single_arm_combination	1
nct04070313	DB09257	unmatched	1
nct04070313	DB09256	unmatched	1
nct04070313	DB03209	unmatched	1
nct04071236	DB08913	backbone	3
nct04071626	DB11827	investigational	2
nct04073147	DB11581	backbone	3
nct04073615	DB14765	investigational	3
nct04073615	DB00432	mixed	3
nct04074785	DB12001	backbone	2
nct04076761	DB09343	investigational	1
nct04076761	DB00432	investigational	1
nct04079738	DB09570	backbone	2
nct04080505	DB06715	investigational	2
nct04083170	DB04572	investigational	2
nct04083170	DB01073	backbone	2
nct04083170	DB00531	backbone	2
nct04083898	DB00635	backbone	4
nct04083898	DB06769	backbone	4
nct04084158	DB01229	backbone	2
nct04086342	DB09061	investigational	2
nct04086810	DB01119	investigational	1
nct04087590	DB00983	investigational	1
nct04088032	DB12001	investigational	1
nct04088188	DB14568	investigational	2
nct04088188	DB15102	investigational	2
nct04088188	DB00441	backbone	2
nct04088266	DB01183	investigational	1
nct04089852	DB06690	investigational	2
nct04089852	DB09140	unmatched	2
nct04090697	DB00621	investigational	2
nct04092179	DB13874	single_arm_combination	1
nct04092179	DB11581	single_arm_combination	1
nct04093323	DB00482	single_arm_combination	1
nct04093505	DB11978	investigational	4
nct04094584	DB00704	investigational	1
nct04094948	DB01407	investigational	2
nct04095689	DB01248	single_arm_combination	1
nct04097821	DB08877	backbone	8
nct04099888	DB00441	backbone	2
nct04100083	DB00421	backbone	3
nct04100135	DB00758	backbone	2
nct04100330	DB00987	backbone	2
nct04100590	DB14737	unmatched	2
nct04101357	DB00773	investigational	3
nct04102436	DB01073	single_arm_combination	1
nct04102436	DB00531	single_arm_combination	1
nct04102449	DB05676	investigational	1
nct04102618	DB01006	investigational	6
nct04104646	DB00295	comparator	2
nct04105374	DB00853	backbone	2
nct04105374	DB01099	investigational	2
nct04105634	DB13848	unmatched	2
nct04106700	DB06605	investigational	1
nct04107675	DB00091	investigational	3
nct04108377	DB01656	investigational	2
nct04108858	DB12483	investigational	2
nct04109690	DB00987	investigational	1
nct04109690	DB00694	investigational	1
nct04109885	DB01075	comparator	2
nct04109885	DB00433	comparator	2
nct04109950	DB15665	investigational	1
nct04111497	DB11978	investigational	1
nct04111809	DB00630	described_only	1
nct04113187	DB00571	investigational	2
nct04113616	DB00987	investigational	6
nct04113616	DB01262	investigational	6
nct04113863	DB00755	investigational	2
nct04113863	DB01217	backbone	2
nct04115020	DB00704	backbone	2
nct04115059	DB01254	investigational	1
nct04115644	DB00860	unmatched	3
nct04115644	DB00465	investigational	3
nct04115644	DB14669	unmatched	3
nct04115644	DB00620	comparator	3
nct04115644	DB00443	unmatched	3
nct04115644	DB00959	unmatched	3
nct04115644	DB00635	unmatched	3
nct04115644	DB01234	unmatched	3
nct04115748	DB14845	investigational	6
nct04115839	DB14845	investigational	5
nct04115956	DB01234	single_arm_combination	1
nct04117165	DB00563	unmatched	2
nct04117880	DB05016	investigational	1
nct04118036	DB12001	backbone	2
nct04119336	DB09570	single_arm_combination	1
nct04119336	DB01234	single_arm_combination	1
nct04119336	DB00531	single_arm_combination	1
nct04119453	DB14765	investigational	1
nct04120870	DB00292	comparator	2
nct04120870	DB01221	investigational	2
nct04120883	DB01611	backbone	2
nct04121299	DB00381	comparator	2
nct04121299	DB01136	investigational	2
nct04122105	DB00203	backbone	2
nct04123067	DB01132	investigational	2
nct04124510	DB13867	investigational	1
nct04124510	DB00983	investigational	1
nct04128020	DB00928	investigational	2
nct04128774	DB01234	head_to_head	2
nct04128891	DB00177	backbone	2
nct04128891	DB09292	backbone	2
nct04128956	DB06228	described_only	2
nct04128956	DB00945	investigational	2
nct04129151	DB09073	single_arm_combination	1
nct04129489	DB09061	investigational	1
nct04130399	DB00650	investigational	1
nct04130399	DB00544	investigational	1
nct04130399	DB00762	investigational	1
nct04130698	DB00184	backbone	2
nct04131192	DB00441	single_arm_combination	1
nct04133480	DB09061	investigational	1
nct04134208	DB13146	investigational	1
nct04134468	DB00441	single_arm_combination	1
nct04134468	DB01229	single_arm_combination	1
nct04136912	DB00556	backbone	3
nct04138394	DB00126	investigational	2
nct04138875	DB06769	head_to_head	2
nct04139317	DB11791	investigational	2
nct04139330	DB01320	unmatched	3
nct04139668	DB00704	investigational	1
nct04140279	DB11660	investigational	2
nct04140305	DB12612	investigational	1
nct04140396	DB00281	investigational	2
nct04140396	DB09153	comparator	2
nct04140591	DB00571	investigational	2
nct04141904	DB08895	investigational	2
nct04141995	DB00544	single_arm_combination	1
nct04141995	DB03256	single_arm_combination	1
nct04141995	DB00390	single_arm_combination	1
nct04141995	DB00762	single_arm_combination	1
nct04142060	DB08899	investigational	1
nct04145193	DB00544	backbone	4
nct04145193	DB03256	backbone	4
nct04145674	DB00333	investigational	2
nct04145700	DB00441	backbone	2
nct04145700	DB01248	backbone	2
nct04148105	DB01166	investigational	2
nct04148261	DB14539	mixed	4
nct04149145	DB11793	investigational	1
nct04149275	DB08875	single_arm_combination	1
nct04149379	DB09140	investigational	1
nct04149444	DB00432	investigational	1
nct04149990	DB00177	backbone	2
nct04149990	DB09292	backbone	2
nct04150029	DB11581	single_arm_combination	1
nct04150029	DB00928	single_arm_combination	1
nct04150965	DB08910	mixed	5
nct04150965	DB01234	mixed	5
nct04151563	DB08875	investigational	6
nct04151563	DB01248	mixed	6
nct04152655	DB09081	investigational	2
nct04154033	DB00704	investigational	3
nct04154735	DB00531	single_arm_combination	1
nct04154735	DB01073	single_arm_combination	1
nct04154735	DB00864	single_arm_combination	1
nct04154735	DB01220	single_arm_combination	1
nct04155580	DB01262	backbone	3
nct04155840	DB12483	single_arm_combination	1
nct04155840	DB06769	single_arm_combination	1
nct04156828	DB12483	single_arm_combination	1
nct04156828	DB00441	single_arm_combination	1
nct04156828	DB01234	single_arm_combination	1
nct04157036	DB00959	investigational	2
nct04157036	DB01050	investigational	2
nct04157088	DB08899	investigational	2
nct04157088	DB12941	investigational	2
nct04158141	DB00642	backbone	2
nct04158635	DB00441	backbone	3
nct04158635	DB01229	backbone	3
nct04158635	DB00559	backbone	3
nct04158830	DB00945	backbone	2
nct04160052	DB11581	single_arm_combination	1
nct04160052	DB00928	single_arm_combination	1
nct04160195	DB01073	backbone	2
nct04160195	DB00531	backbone	2
nct04161885	DB11581	investigational	3
nct04161885	DB00928	investigational	3
nct04162873	DB00482	investigational	2
nct04163432	DB00642	backbone	2
nct04163900	DB00441	comparator	2
nct04164758	DB01224	comparator	3
nct04164758	DB05316	investigational	3
nct04168710	DB00297	investigational	2
nct04168957	DB01229	described_only	1
nct04169074	DB12001	investigational	1
nct04170959	DB00331	investigational	3
nct04171284	DB01248	mixed	4
nct04172597	DB00836	backbone	5
nct04172844	DB11581	backbone	2
nct04172844	DB00928	backbone	2
nct04172922	DB00877	investigational	1
nct04173325	DB00762	single_arm_combination	1
nct04173338	DB08875	single_arm_combination	1
nct04173338	DB00642	single_arm_combination	1
nct04173780	DB00572	investigational	2
nct04176419	DB00281	investigational	2
nct04176419	DB00996	investigational	2
nct04176419	DB00316	investigational	2
nct04176419	DB00482	investigational	2
nct04176419	DB01221	investigational	2
nct04176952	DB00441	described_only	2
nct04176952	DB01229	described_only	2
nct04176952	DB00650	described_only	2
nct04176952	DB00544	described_only	2
nct04176978	DB01098	investigational	2
nct04177602	DB01101	comparator	2
nct04177602	DB09343	investigational	2
nct04177602	DB00432	investigational	2
nct04178460	DB11793	investigational	1
nct04178642	DB01177	investigational	2
nct04179864	DB05812	investigational	4
nct04179864	DB12887	investigational	4
nct04179864	DB08899	mixed	4
nct04179864	DB00635	investigational	4
nct04180813	DB08882	head_to_head	2
nct04181359	DB00435	investigational	2
nct04181957	DB01255	investigational	2
nct04183205	DB01104	investigational	2
nct04183738	DB00503	mixed	3
nct04183738	DB08930	investigational	3
nct04183738	DB01264	mixed	3
nct04184518	DB04849	single_arm_combination	1
nct04184609	DB01001	investigational	1
nct04186247	DB00207	investigational	2
nct04186247	DB00916	investigational	2
nct04188119	DB00945	investigational	2
nct04188119	DB00448	backbone	2
nct04188509	DB14975	investigational	1
nct04189952	DB00773	single_arm_combination	1
nct04189952	DB01181	single_arm_combination	1
nct04189952	DB11703	single_arm_combination	1
nct04190056	DB02546	investigational	2
nct04190056	DB00675	backbone	2
nct04191382	DB01006	comparator	3
nct04193293	DB11952	single_arm_combination	1
nct04193878	DB01222	investigational	2
nct04193878	DB00983	investigational	2
nct04194034	DB01099	single_arm_combination	1
nct04195373	DB01099	investigational	3
nct04196010	DB00987	single_arm_combination	1
nct04196010	DB01204	single_arm_combination	1
nct04196010	DB00242	single_arm_combination	1
nct04197102	DB09061	head_to_head	3
nct04197219	DB06626	single_arm_combination	1
nct04197986	DB11886	investigational	2
nct04198649	DB00207	investigational	2
nct04200066	DB00934	investigational	1
nct04200066	DB00675	investigational	1
nct04200066	DB00853	investigational	1
nct04200651	DB01234	backbone	2
nct04200651	DB15566	comparator	2
nct04203056	DB01238	backbone	2
nct04203056	DB14185	investigational	2
nct04203160	DB00441	backbone	2
nct04203186	DB14763	backbone	2
nct04203498	DB14011	investigational	2
nct04203511	DB00773	backbone	2
nct04203511	DB01229	backbone	2
nct04203511	DB00642	backbone	2
nct04203641	DB00997	single_arm_combination	1
nct04204122	DB00218	investigational	2
nct04204941	DB12887	single_arm_combination	1
nct04204941	DB00997	single_arm_combination	1
nct04205136	DB00421	investigational	2
nct04205240	DB00864	single_arm_combination	1
nct04205240	DB01042	single_arm_combination	1
nct04205240	DB00531	single_arm_combination	1
nct04205240	DB00688	single_arm_combination	1
nct04205240	DB01073	single_arm_combination	1
nct04205539	DB00633	investigational	1
nct04205890	DB01221	investigational	1
nct04206761	DB00764	investigational	2
nct04206761	DB00986	investigational	2
nct04206761	DB05039	investigational	2
nct04206865	DB00177	investigational	2
nct04206865	DB09292	investigational	2
nct04208698	DB01184	investigational	4
nct04209621	DB11952	single_arm_combination	1
nct04209725	DB00987	single_arm_combination	1
nct04209725	DB00694	single_arm_combination	1
nct04209725	DB12874	single_arm_combination	1
nct04210037	DB01229	backbone	3
nct04210726	DB09153	backbone	2
nct04213573	DB09325	investigational	2
nct04214418	DB05239	backbone	4
nct04214418	DB01611	backbone	4
nct04216472	DB01229	single_arm_combination	1
nct04216472	DB12015	single_arm_combination	1
nct04216784	DB00695	backbone	2
nct04217317	DB06769	single_arm_combination	1
nct04217447	DB00945	backbone	2
nct04218084	DB14975	investigational	2
nct04218825	DB00888	investigational	1
nct04219358	DB00724	investigational	4
nct04220008	DB01008	single_arm_combination	1
nct04220008	DB00531	single_arm_combination	1
nct04220008	DB02546	single_arm_combination	1
nct04220008	DB00631	single_arm_combination	1
nct04220008	DB00441	single_arm_combination	1
nct04220125	DB00683	comparator	2
nct04220125	DB01221	investigational	2
nct04220229	DB08875	investigational	1
nct04220281	DB00727	head_to_head	2
nct04220281	DB00818	head_to_head	2
nct04220476	DB01006	backbone	2
nct04220476	DB09073	backbone	2
nct04220632	DB00959	single_arm_combination	1
nct04220632	DB00635	single_arm_combination	1
nct04220892	DB12001	investigational	2
nct04220892	DB00642	investigational	2
nct04221087	DB01234	investigational	2
nct04221256	DB01175	investigational	2
nct04221438	DB11967	single_arm_combination	1
nct04221438	DB11718	single_arm_combination	1
nct04221828	DB01229	investigational	1
nct04223050	DB09140	unmatched	2
nct04223661	DB00480	backbone	2
nct04223661	DB01234	backbone	2
nct04226170	DB00545	described_only	2
nct04226170	DB00904	described_only	2
nct04227275	DB01073	single_arm_combination	1
nct04227275	DB00531	single_arm_combination	1
nct04227327	DB12001	single_arm_combination	1
nct04228042	DB11886	investigational	1
nct04230304	DB09053	single_arm_combination	1
nct04230564	DB11978	single_arm_combination	1
nct04230564	DB11581	single_arm_combination	1
nct04230564	DB00928	single_arm_combination	1
nct04230954	DB08875	single_arm_combination	1
nct04231643	DB00470	backbone	2
nct04231643	DB09061	backbone	2
nct04231864	DB11717	single_arm_combination	1
nct04233502	DB01065	investigational	2
nct04233697	DB12483	single_arm_combination	1
nct04233697	DB06176	single_arm_combination	1
nct04234360	DB00635	investigational	4
nct04234477	DB00335	investigational	3
nct04234477	DB00571	investigational	3
nct04234477	DB00264	investigational	3
nct04234477	DB01373	unmatched	3
nct04234867	DB06292	investigational	4
nct04235036	DB09053	single_arm_combination	1
nct04235049	DB13879	investigational	4
nct04235049	DB13878	investigational	4
nct04236141	DB06769	backbone	2
nct04237584	DB08899	head_to_head	6
nct04237584	DB12941	head_to_head	6
nct04239014	DB09074	investigational	3
nct04239092	DB01030	investigational	4
nct04239092	DB00853	investigational	4
nct04239092	DB00531	investigational	4
nct04239092	DB00762	investigational	4
nct04240002	DB00987	single_arm_combination	1
nct04240002	DB01073	single_arm_combination	1
nct04240002	DB12141	single_arm_combination	1
nct04240210	DB09299	unmatched	2
nct04240210	DB12753	unmatched	2
nct04240210	DB01264	unmatched	2
nct04240210	DB09065	unmatched	2
nct04240210	DB00879	unmatched	2
nct04242368	DB00588	backbone	2
nct04242368	DB09153	backbone	2
nct04243109	DB08910	investigational	1
nct04243109	DB00531	investigational	1
nct04243109	DB01234	investigational	1
nct04243278	DB00945	investigational	2
nct04243837	DB04951	investigational	2
nct04243850	DB09038	backbone	2
nct04244058	DB01235	investigational	2
nct04244058	DB00915	investigational	2
nct04244552	DB00997	investigational	4
nct04244916	DB00688	unmatched	0
nct04247594	DB14975	backbone	4
nct04248712	DB00455	investigational	2
nct04248712	DB00927	investigational	2
nct04249037	DB11799	investigational	2
nct04249037	DB09299	investigational	2
nct04249037	DB12753	investigational	2
nct04249037	DB00879	investigational	2
nct04249167	DB01229	single_arm_combination	1
nct04249622	DB01220	investigational	2
nct04249947	DB04974	backbone	4
nct04250051	DB14568	single_arm_combination	1
nct04250051	DB01073	single_arm_combination	1
nct04250051	DB00987	single_arm_combination	1
nct04251065	DB00441	described_only	1
nct04251065	DB01234	described_only	1
nct04251169	DB01229	single_arm_combination	1
nct04251533	DB01229	backbone	3
nct04251533	DB12015	investigational	3
nct04251715	DB00322	single_arm_combination	1
nct04251715	DB00762	single_arm_combination	1
nct04251715	DB00544	single_arm_combination	1
nct04251715	DB00650	single_arm_combination	1
nct04251715	DB01234	single_arm_combination	1
nct04252248	DB01262	backbone	2
nct04252586	DB09061	investigational	1
nct04252612	DB01278	backbone	3
nct04252768	DB01229	single_arm_combination	1
nct04253457	DB00620	backbone	2
nct04253457	DB00281	described_only	2
nct04256941	DB09073	backbone	2
nct04256941	DB01006	comparator	2
nct04256941	DB00947	investigational	2
nct04256941	DB11730	backbone	2
nct04256941	DB12001	backbone	2
nct04256941	DB01217	comparator	2
nct04258410	DB04216	investigational	2
nct04258852	DB00184	backbone	2
nct04259060	DB03568	backbone	2
nct04260009	DB12267	backbone	3
nct04260360	DB01248	investigational	1
nct04262869	DB01229	investigational	2
nct04262869	DB00642	investigational	2
nct04263519	DB00864	backbone	2
nct04264533	DB00126	investigational	2
nct04264806	DB00928	backbone	2
nct04265274	DB00361	single_arm_combination	1
nct04265274	DB00822	single_arm_combination	1
nct04265534	DB00642	backbone	2
nct04266301	DB00928	backbone	2
nct04267120	DB09078	single_arm_combination	1
nct04267679	DB09061	investigational	1
nct04267913	DB01248	backbone	2
nct04267939	DB11793	backbone	6
nct04268888	DB00269	backbone	2
nct04269395	DB00992	investigational	2
nct04269850	DB08877	single_arm_combination	1
nct04269850	DB00635	single_arm_combination	1
nct04269993	DB00470	backbone	2
nct04269993	DB14011	backbone	2
nct04269993	DB09061	backbone	2
nct04270929	DB03256	single_arm_combination	1
nct04270929	DB00650	single_arm_combination	1
nct04270929	DB00544	single_arm_combination	1
nct04270929	DB00762	single_arm_combination	1
nct04271475	DB08932	backbone	2
nct04271839	DB13867	investigational	2
nct04271839	DB00983	backbone	2
nct04272242	DB08930	backbone	2
nct04272242	DB01201	backbone	2
nct04272242	DB00951	backbone	2
nct04272645	DB12001	backbone	3
nct04272775	DB09570	backbone	4
nct04272775	DB01234	investigational	4
nct04272775	DB00480	investigational	4
nct04273191	DB11859	investigational	1
nct04273737	DB00915	investigational	1
nct04274114	DB00130	investigational	2
nct04274907	DB11581	investigational	3
nct04274933	DB01101	backbone	2
nct04274933	DB11581	backbone	2
nct04276090	DB00322	backbone	2
nct04276090	DB01234	backbone	2
nct04277936	DB01202	investigational	1
nct04278755	DB01395	investigational	1
nct04278768	DB11581	investigational	3
nct04280692	DB06708	backbone	3
nct04280692	DB13941	backbone	3
nct04280692	DB06697	backbone	3
nct04280692	DB01299	backbone	3
nct04280692	DB01087	backbone	3
nct04280692	DB00205	backbone	3
nct04281420	DB00627	investigational	2
nct04282668	DB00755	investigational	2
nct04283058	DB01221	investigational	0
nct04283526	DB01262	investigational	5
nct04285268	DB00188	single_arm_combination	1
nct04285268	DB11581	single_arm_combination	1
nct04285749	DB01095	investigational	1
nct04286295	DB00184	comparator	2
nct04286295	DB09028	investigational	2
nct04286594	DB09061	unmatched	1
nct04287543	DB01065	investigational	2
nct04287842	DB01189	comparator	4
nct04287894	DB00642	backbone	3
nct04288765	DB08889	backbone	2
nct04288765	DB00480	backbone	2
nct04288765	DB01234	backbone	2
nct04289558	DB09112	investigational	1
nct04289805	DB01006	investigational	3
nct04291456	DB01017	investigational	1
nct04291521	DB00818	single_arm_combination	1
nct04291521	DB00292	single_arm_combination	1
nct04291521	DB01221	single_arm_combination	1
nct04291599	DB00465	investigational	2
nct04291664	DB00635	single_arm_combination	1
nct04293172	DB08816	investigational	2
nct04294160	DB08911	investigational	7
nct04294160	DB08912	backbone	7
nct04294277	DB15102	investigational	1
nct04294784	DB01229	backbone	2
nct04294836	DB11672	investigational	2
nct04296214	DB00928	backbone	2
nct04296578	DB05812	backbone	6
nct04296578	DB11127	backbone	6
nct04296942	DB11841	investigational	3
nct04297332	DB00184	mixed	4
nct04298918	DB11581	investigational	4
nct04298983	DB12001	single_arm_combination	1
nct04298983	DB00624	single_arm_combination	1
nct04299503	DB05219	investigational	2
nct04300140	DB08875	investigational	4
nct04300309	DB06697	investigational	1
nct04300309	DB06708	investigational	1
nct04305236	DB12001	single_arm_combination	1
nct04305236	DB00947	single_arm_combination	1
nct04305444	DB01590	investigational	1
nct04305444	DB08910	investigational	1
nct04308551	DB12545	investigational	2
nct04308551	DB00945	comparator	2
nct04309552	DB06198	single_arm_combination	1
nct04309552	DB14930	single_arm_combination	1
nct04309721	DB08883	investigational	2
nct04309877	DB00277	investigational	4
nct04310397	DB08911	single_arm_combination	1
nct04310397	DB08912	single_arm_combination	1
nct04311112	DB12112	unmatched	3
nct04311567	DB00563	comparator	2
nct04311567	DB08895	investigational	2
nct04313088	DB09272	backbone	2
nct04313881	DB00928	backbone	2
nct04313972	DB00704	investigational	2
nct04315155	DB05015	backbone	2
nct04315350	DB00860	comparator	3
nct04315350	DB11672	investigational	3
nct04316013	DB00818	head_to_head	4
nct04316013	DB00281	head_to_head	4
nct04316013	DB01236	head_to_head	4
nct04316169	DB01611	backbone	4
nct04316169	DB01006	investigational	4
nct04316169	DB00947	investigational	4
nct04316169	DB12001	backbone	4
nct04316169	DB01217	investigational	4
nct04316494	DB01611	investigational	2
nct04316611	DB00761	investigational	1
nct04316650	DB04839	unmatched	3
nct04316650	DB08839	unmatched	3
nct04317001	DB00745	investigational	2
nct04321850	DB09322	investigational	2
nct04322305	DB00230	investigational	2
nct04323280	DB00788	unmatched	2
nct04323280	DB01234	investigational	2
nct04323280	DB01050	described_only	2
nct04323436	DB11791	backbone	3
nct04324840	DB00853	investigational	3
nct04325061	DB01234	investigational	2
nct04325698	DB01229	backbone	2
nct04325802	DB00704	mixed	3
nct04326283	DB08911	investigational	3
nct04326439	DB00987	backbone	2
nct04326439	DB00398	investigational	2
nct04326439	DB00773	backbone	2
nct04326439	DB00694	backbone	2
nct04326764	DB06603	investigational	2
nct04327401	DB01234	investigational	2
nct04327700	DB08896	investigational	1
nct04327934	DB06710	backbone	2
nct04329221	DB02300	investigational	2
nct04329221	DB00544	backbone	2
nct04329403	DB00210	mixed	3
nct04329442	DB00300	investigational	1
nct04329442	DB12753	investigational	1
nct04329442	DB00879	investigational	1
nct04329949	DB01229	single_arm_combination	1
nct04330079	DB06292	investigational	2
nct04330300	DB00678	comparator	2
nct04330300	DB00177	comparator	2
nct04331067	DB01229	backbone	3
nct04331119	DB11952	investigational	1
nct04332549	DB01229	unmatched	2
nct04334915	DB11758	investigational	2
nct04335006	DB14765	investigational	3
nct04335006	DB01229	backbone	3
nct04335721	DB14975	backbone	2
nct04335786	DB00177	investigational	2
nct04336046	DB00297	investigational	2
nct04336943	DB09074	single_arm_combination	1
nct04336982	DB11581	investigational	2
nct04336982	DB00928	investigational	2
nct04336982	DB12141	investigational	2
nct04337827	DB11703	single_arm_combination	1
nct04338022	DB08880	comparator	2
nct04338061	DB08880	comparator	2
nct04338269	DB08875	backbone	2
nct04339751	DB02546	investigational	1
nct04341311	DB06603	investigational	2
nct04341870	DB00207	investigational	2
nct04341870	DB01611	investigational	2
nct04342117	DB11952	head_to_head	2
nct04343235	DB00695	investigational	2
nct04343235	DB00598	backbone	2
nct04344678	DB00203	investigational	2
nct04344951	DB00608	investigational	1
nct04345666	DB13943	investigational	2
nct04346225	DB00119	unmatched	2
nct04346394	DB01392	investigational	1
nct04347122	DB00302	investigational	4
nct04347512	DB00207	investigational	3
nct04347512	DB01611	investigational	3
nct04347616	DB00531	described_only	3
nct04347980	DB01611	backbone	2
nct04347980	DB01234	investigational	2
nct04348006	DB00188	investigational	1
nct04348292	DB00877	single_arm_combination	1
nct04349930	DB09061	investigational	2
nct04351230	DB12001	investigational	2
nct04352205	DB00480	single_arm_combination	1
nct04352205	DB01041	single_arm_combination	1
nct04352205	DB00188	single_arm_combination	1
nct04352205	DB01234	single_arm_combination	1
nct04352413	DB01204	backbone	2
nct04353310	DB11672	investigational	2
nct04353505	DB00465	single_arm_combination	1
nct04353505	DB01234	single_arm_combination	1
nct04354025	DB00987	investigational	2
nct04354025	DB01073	investigational	2
nct04354103	DB00289	investigational	1
nct04354727	DB08877	investigational	2
nct04355039	DB08910	backbone	3
nct04355039	DB01234	backbone	3
nct04357951	DB00260	investigational	2
nct04359511	DB00635	investigational	2
nct04359511	DB00741	investigational	2
nct04359862	DB00818	comparator	2
nct04359862	DB01236	investigational	2
nct04359953	DB00966	investigational	4
nct04359953	DB01611	investigational	4
nct04359953	DB00207	investigational	4
nct04360876	DB01234	investigational	2
nct04361461	DB00207	investigational	2
nct04361461	DB01611	backbone	2
nct04362293	DB04572	investigational	2
nct04362293	DB00877	backbone	2
nct04362293	DB00531	investigational	2
nct04362293	DB01005	backbone	2
nct04362293	DB00993	backbone	2
nct04363437	DB01394	head_to_head	2
nct04363801	DB01101	mixed	5
nct04365257	DB00457	investigational	2
nct04365660	DB09325	unmatched	1
nct04368910	DB00608	comparator	2
nct04368910	DB12975	investigational	2
nct04368910	DB09274	investigational	2
nct04370509	DB06626	investigational	2
nct04371978	DB08882	investigational	2
nct04372927	DB00773	single_arm_combination	1
nct04372927	DB00642	single_arm_combination	1
nct04375527	DB11967	single_arm_combination	1
nct04377087	DB09074	investigational	1
nct04377620	DB08877	investigational	3
nct04378426	DB06690	investigational	2
nct04378426	DB00683	comparator	2
nct04382170	DB00633	backbone	2
nct04382625	DB01611	investigational	2
nct04383691	DB08815	investigational	2
nct04385433	DB00175	investigational	2
nct04386811	DB00136	investigational	2
nct04386980	DB06515	investigational	2
nct04388163	DB00406	investigational	1
nct04388189	DB01156	comparator	2
nct04388189	DB00476	investigational	2
nct04388202	DB01104	investigational	2
nct04388202	DB01175	comparator	2
nct04390243	DB11967	single_arm_combination	1
nct04390243	DB11718	single_arm_combination	1
nct04390763	DB00441	backbone	4
nct04390763	DB01229	backbone	4
nct04392648	DB08910	investigational	6
nct04392648	DB00188	investigational	6
nct04392648	DB00531	investigational	6
nct04392648	DB01234	backbone	6
nct04394182	DB00860	single_arm_combination	1
nct04394182	DB14669	single_arm_combination	1
nct04394182	DB01611	single_arm_combination	1
nct04394182	DB00319	single_arm_combination	1
nct04394182	DB00207	single_arm_combination	1
nct04394182	DB01234	single_arm_combination	1
nct04394182	DB01601	single_arm_combination	1
nct04394182	DB00620	single_arm_combination	1
nct04394182	DB00503	single_arm_combination	1
nct04394182	DB01606	single_arm_combination	1
nct04394182	DB00959	single_arm_combination	1
nct04394182	DB00443	single_arm_combination	1
nct04394182	DB00635	single_arm_combination	1
nct04394416	DB00619	investigational	2
nct04395105	DB01234	investigational	2
nct04396236	DB11732	investigational	7
nct04396535	DB01248	backbone	2
nct04396574	DB11732	backbone	2
nct04396847	DB04871	investigational	2
nct04397679	DB00608	single_arm_combination	1
nct04397679	DB00853	single_arm_combination	1
nct04398927	DB00544	single_arm_combination	1
nct04398927	DB00762	single_arm_combination	1
nct04402073	DB01206	backbone	2
nct04402073	DB09143	investigational	2
nct04402385	DB00945	investigational	2
nct04402515	DB00588	unmatched	2
nct04402515	DB01222	unmatched	2
nct04402515	DB01409	described_only	2
nct04402515	DB09080	described_only	2
nct04402515	DB13867	unmatched	2
nct04402580	DB00688	comparator	2
nct04402723	DB00398	backbone	2
nct04403568	DB11672	investigational	3
nct04404140	DB01248	single_arm_combination	1
nct04405102	DB12612	investigational	2
nct04405167	DB09570	investigational	4
nct04405167	DB00480	investigational	4
nct04405167	DB01234	investigational	4
nct04406857	DB01101	single_arm_combination	1
nct04406948	DB09061	investigational	2
nct04407442	DB00928	single_arm_combination	1
nct04407442	DB01234	single_arm_combination	1
nct04409288	DB11901	backbone	2
nct04409288	DB08899	backbone	2
nct04410042	DB00302	investigational	2
nct04410341	DB04876	investigational	2
nct04412707	DB01234	backbone	2
nct04412837	DB09061	unmatched	2
nct04413799	DB00296	head_to_head	2
nct04413799	DB00281	head_to_head	2
nct04413799	DB01221	head_to_head	2
nct04414514	DB08877	investigational	1
nct04415151	DB08895	investigational	2
nct04415268	DB11712	described_only	1
nct04415268	DB08820	described_only	1
nct04415268	DB09280	described_only	1
nct04415476	DB00877	backbone	2
nct04417114	DB01098	investigational	1
nct04417517	DB00928	backbone	2
nct04418167	DB08912	investigational	3
nct04418661	DB15568	investigational	6
nct04418895	DB01101	single_arm_combination	1
nct04418895	DB00650	single_arm_combination	1
nct04418895	DB00544	single_arm_combination	1
nct04419181	DB01248	backbone	2
nct04419389	DB11581	investigational	4
nct04419389	DB11703	investigational	4
nct04420455	DB04880	investigational	1
nct04421222	DB11901	investigational	15
nct04421222	DB00635	described_only	15
nct04421378	DB01206	mixed	8
nct04421378	DB00262	mixed	8
nct04421378	DB00853	mixed	8
nct04421378	DB11942	investigational	8
nct04421456	DB09061	investigational	3
nct04421547	DB01006	investigational	2
nct04422210	DB00773	investigational	8
nct04422210	DB11581	backbone	8
nct04422392	DB01229	backbone	2
nct04422392	DB00642	backbone	2
nct04424966	DB11886	investigational	1
nct04425070	DB00441	investigational	3
nct04425070	DB11942	described_only	3
nct04425070	DB00773	investigational	3
nct04425070	DB01181	investigational	3
nct04425655	DB00987	single_arm_combination	1
nct04425655	DB01073	single_arm_combination	1
nct04427072	DB11791	investigational	2
nct04427072	DB01248	comparator	2
nct04428268	DB00608	backbone	2
nct04428268	DB00678	backbone	2
nct04428333	DB00544	backbone	2
nct04428437	DB09078	head_to_head	2
nct04428775	DB01003	backbone	2
nct04430959	DB13919	backbone	2
nct04430985	DB00650	single_arm_combination	1
nct04430985	DB00544	single_arm_combination	1
nct04431635	DB12483	single_arm_combination	1
nct04433182	DB12483	investigational	1
nct04433182	DB06769	described_only	1
nct04435691	DB11581	backbone	2
nct04435691	DB00928	backbone	2
nct04435782	DB11362	investigational	1
nct04436250	DB11823	investigational	3
nct04438902	DB09330	investigational	1
nct04439305	DB01254	investigational	1
nct04442581	DB08875	single_arm_combination	1
nct04445337	DB00297	investigational	2
nct04445337	DB00575	investigational	2
nct04445337	DB01234	investigational	2
nct04446637	DB13139	backbone	2
nct04446637	DB00332	backbone	2
nct04450316	DB00704	investigational	2
nct04450836	DB00432	backbone	2
nct04450836	DB08896	backbone	2
nct04451174	DB00635	investigational	2
nct04454684	DB01454	investigational	3
nct04455139	DB01042	mixed	7
nct04455139	DB01030	investigational	7
nct04455802	DB00295	described_only	2
nct04455815	DB13729	investigational	2
nct04456517	DB00243	backbone	2
nct04458909	DB00441	backbone	2
nct04460430	DB00675	described_only	1
nct04460430	DB11828	investigational	1
nct04460430	DB00947	described_only	1
nct04460430	DB00990	described_only	1
nct04460729	DB11791	backbone	2
nct04460807	DB00990	investigational	2
nct04461418	DB00860	backbone	2
nct04461418	DB01234	backbone	2
nct04461418	DB00959	backbone	2
nct04461418	DB00741	backbone	2
nct04461418	DB00635	backbone	2
nct04461509	DB09325	unmatched	2
nct04461886	DB00877	investigational	1
nct04464148	DB02789	single_arm_combination	1
nct04464564	DB00514	described_only	3
nct04464564	DB00908	unmatched	3
nct04464629	DB15566	comparator	2
nct04464629	DB01234	backbone	2
nct04466475	DB01042	single_arm_combination	1
nct04468360	DB11859	backbone	2
nct04469699	DB00855	investigational	2
nct04470453	DB00563	unmatched	2
nct04470674	DB00642	investigational	2
nct04472000	DB00126	investigational	2
nct04476329	DB08896	backbone	2
nct04476628	DB01222	backbone	2
nct04477993	DB08877	investigational	2
nct04478266	DB09073	backbone	2
nct04480086	DB08877	investigational	5
nct04480086	DB12340	investigational	5
nct04480554	DB00333	investigational	3
nct04480554	DB00704	investigational	3
nct04481204	DB00762	backbone	6
nct04481204	DB00544	backbone	6
nct04481204	DB00441	head_to_head	6
nct04481204	DB01229	head_to_head	6
nct04481204	DB00650	backbone	6
nct04482621	DB01262	investigational	2
nct04482712	DB00877	investigational	2
nct04482842	DB00682	backbone	2
nct04483544	DB09074	single_arm_combination	1
nct04483687	DB14845	investigational	5
nct04483700	DB14845	investigational	5
nct04485052	DB01262	investigational	2
nct04485052	DB00928	investigational	2
nct04485065	DB00928	investigational	1
nct04485104	DB09061	investigational	1
nct04485429	DB00959	investigational	4
nct04488159	DB01101	backbone	2
nct04488159	DB00650	backbone	2
nct04488159	DB00544	backbone	2
nct04489381	DB00507	investigational	2
nct04492033	DB01229	investigational	3
nct04492033	DB00762	investigational	3
nct04492722	DB06292	backbone	4
nct04493099	DB03496	single_arm_combination	1
nct04493099	DB11581	single_arm_combination	1
nct04493099	DB01262	single_arm_combination	1
nct04493320	DB00190	backbone	2
nct04493320	DB01235	backbone	2
nct04495894	DB00465	investigational	4
nct04496999	DB06595	single_arm_combination	1
nct04497038	DB08875	investigational	1
nct04498403	DB05219	investigational	1
nct04498468	DB01234	investigational	2
nct04498520	DB12565	single_arm_combination	1
nct04498520	DB09073	single_arm_combination	1
nct04498520	DB00947	single_arm_combination	1
nct04499235	DB14512	backbone	2
nct04500574	DB00654	backbone	2
nct04501614	DB08901	single_arm_combination	1
nct04502550	DB00818	backbone	7
nct04504032	DB06228	investigational	2
nct04504045	DB00683	single_arm_combination	1
nct04504045	DB00625	single_arm_combination	1
nct04504045	DB00264	single_arm_combination	1
nct04504045	DB00678	single_arm_combination	1
nct04504045	DB00331	single_arm_combination	1
nct04504045	DB00201	single_arm_combination	1
nct04504045	DB00338	single_arm_combination	1
nct04504331	DB00675	backbone	3
nct04504331	DB11886	backbone	3
nct04506372	DB00678	unmatched	2
nct04507204	DB00422	backbone	2
nct04507438	DB00843	investigational	2
nct04508023	DB06228	investigational	2
nct04510415	DB13164	investigational	1
nct04511026	DB09374	single_arm_combination	1
nct04511975	DB00928	single_arm_combination	1
nct04512430	DB00642	single_arm_combination	1
nct04513145	DB00296	investigational	2
nct04515329	DB00091	investigational	2
nct04515797	DB13879	investigational	1
nct04515797	DB13878	investigational	1
nct04517253	DB11817	backbone	3
nct04517435	DB00531	single_arm_combination	1
nct04517435	DB00997	single_arm_combination	1
nct04517435	DB00635	single_arm_combination	1
nct04519645	DB06218	investigational	2
nct04521335	DB00822	single_arm_combination	1
nct04524689	DB00642	investigational	6
nct04525014	DB00853	single_arm_combination	1
nct04525014	DB00762	single_arm_combination	1
nct04527003	DB09061	investigational	3
nct04527549	DB08911	backbone	2
nct04527549	DB01611	investigational	2
nct04527549	DB08912	backbone	2
nct04527900	DB01229	investigational	1
nct04530149	DB00297	investigational	2
nct04530149	DB09153	described_only	2
nct04530747	DB00331	investigational	2
nct04531176	DB00191	investigational	3
nct04531176	DB01083	investigational	3
nct04531176	DB00704	investigational	3
nct04531176	DB00273	investigational	3
nct04531176	DB01156	investigational	3
nct04531579	DB00313	investigational	2
nct04531865	DB00688	investigational	2
nct04535102	DB06769	unmatched	1
nct04536181	DB00860	investigational	2
nct04536363	DB00770	investigational	2
nct04536922	DB01073	single_arm_combination	1
nct04536922	DB00531	single_arm_combination	1
nct04537806	DB11859	investigational	2
nct04538378	DB09074	single_arm_combination	1
nct04539236	DB00480	single_arm_combination	1
nct04543279	DB12010	backbone	2
nct04543279	DB08877	investigational	2
nct04543916	DB11581	backbone	6
nct04543916	DB00762	backbone	6
nct04546802	DB11575	backbone	2
nct04546802	DB11574	backbone	2
nct04546828	DB00441	investigational	1
nct04546828	DB01229	described_only	1
nct04548700	DB00635	single_arm_combination	1
nct04548700	DB01204	single_arm_combination	1
nct04548700	DB00531	single_arm_combination	1
nct04550442	DB11581	single_arm_combination	1
nct04550442	DB00928	single_arm_combination	1
nct04551053	DB08877	backbone	2
nct04551066	DB08877	backbone	2
nct04553263	DB01156	investigational	3
nct04553692	DB00650	investigational	8
nct04553692	DB00762	investigational	8
nct04553692	DB00544	investigational	8
nct04553692	DB00441	investigational	8
nct04553692	DB00928	investigational	8
nct04553692	DB11581	investigational	8
nct04553692	DB01248	investigational	8
nct04554459	DB08901	investigational	1
nct04554693	DB00916	investigational	2
nct04556279	DB04630	head_to_head	3
nct04556617	DB09074	investigational	5
nct04558281	DB00296	investigational	2
nct04559685	DB00855	unmatched	5
nct04560166	DB00853	investigational	1
nct04560166	DB00762	investigational	1
nct04561817	DB01229	backbone	2
nct04563299	DB01234	backbone	2
nct04563559	DB01234	single_arm_combination	1
nct04563559	DB15566	single_arm_combination	1
nct04566133	DB08911	single_arm_combination	1
nct04566133	DB01611	single_arm_combination	1
nct04569084	DB12243	backbone	2
nct04570631	DB00188	backbone	2
nct04570631	DB01234	backbone	2
nct04570956	DB00675	investigational	3
nct04572217	DB00273	investigational	2
nct04572217	DB00191	investigational	2
nct04572243	DB04871	backbone	2
nct04576208	DB00836	described_only	2
nct04577001	DB01006	investigational	2
nct04579133	DB09074	investigational	2
nct04581824	DB00642	described_only	2
nct04582669	DB00620	mixed	4
nct04583488	DB01248	investigational	1
nct04584307	DB08910	single_arm_combination	1
nct04585724	DB11730	investigational	3
nct04585724	DB09073	investigational	3
nct04585724	DB12001	investigational	3
nct04585815	DB11967	investigational	2
nct04585815	DB06626	investigational	2
nct04585815	DB11718	investigational	2
nct04585932	DB11901	backbone	2
nct04585932	DB06699	backbone	2
nct04586244	DB11717	investigational	5
nct04586335	DB09074	investigational	1
nct04588441	DB00640	investigational	1
nct04588792	DB00695	investigational	2
nct04589611	DB01351	mixed	5
nct04589832	DB11986	single_arm_combination	1
nct04591028	DB09374	investigational	1
nct04591808	DB01076	mixed	3
nct04591808	DB00790	mixed	3
nct04592159	DB14011	investigational	2
nct04592861	DB09278	investigational	2
nct04594694	DB05990	investigational	5
nct04594694	DB01393	backbone	5
nct04594746	DB01118	investigational	2
nct04595981	DB00269	unmatched	1
nct04596033	DB01073	investigational	2
nct04596033	DB00531	investigational	2
nct04596267	DB11642	investigational	2
nct04598321	DB11760	investigational	1
nct04600921	DB11827	investigational	2
nct04601324	DB11614	investigational	2
nct04601324	DB00588	backbone	2
nct04601324	DB00972	comparator	2
nct04602117	DB01229	investigational	1
nct04607772	DB11581	investigational	8
nct04607772	DB09053	investigational	8
nct04607772	DB00480	investigational	8
nct04607772	DB06769	investigational	8
nct04607772	DB00441	investigational	8
nct04607772	DB11942	backbone	8
nct04609865	DB00281	investigational	2
nct04610658	DB12674	backbone	3
nct04610684	DB00773	single_arm_combination	1
nct04610879	DB00564	head_to_head	6
nct04610879	DB01202	head_to_head	6
nct04611633	DB00983	unmatched	0
nct04611633	DB01222	unmatched	0
nct04611633	DB00986	unmatched	0
nct04611776	DB00441	backbone	2
nct04611776	DB01229	backbone	2
nct04611776	DB00642	backbone	2
nct04611958	DB00297	investigational	1
nct04613024	DB00996	comparator	2
nct04613024	DB00273	investigational	2
nct04613102	DB09061	backbone	2
nct04613453	DB00683	comparator	2
nct04613453	DB01221	investigational	2
nct04614142	DB13879	investigational	1
nct04614142	DB13878	investigational	1
nct04614246	DB11979	comparator	5
nct04615949	DB09061	investigational	2
nct04620473	DB01101	backbone	2
nct04623216	DB00928	investigational	5
nct04624113	DB12887	backbone	2
nct04625517	DB05382	investigational	1
nct04627142	DB00762	backbone	2
nct04629209	DB14844	backbone	2
nct04629651	DB01197	investigational	1
nct04629781	DB01248	investigational	1
nct04630210	DB01006	investigational	4
nct04630886	DB00302	investigational	2
nct04631601	DB05812	investigational	11
nct04631601	DB08899	investigational	11
nct04631744	DB08875	investigational	1
nct04634110	DB12267	investigational	1
nct04634669	DB00514	investigational	1
nct04634669	DB01156	investigational	1
nct04635059	DB11697	investigational	1
nct04635683	DB00480	single_arm_combination	1
nct04636814	DB01656	comparator	4
nct04637555	DB00177	investigational	1
nct04637555	DB09292	investigational	1
nct04638309	DB00928	backbone	3
nct04638400	DB00973	head_to_head	2
nct04638400	DB00641	head_to_head	2
nct04638517	DB01406	investigational	2
nct04639310	DB04953	investigational	2
nct04639843	DB00997	backbone	2
nct04639843	DB06176	backbone	2
nct04639843	DB11952	backbone	2
nct04639843	DB00928	backbone	2
nct04639960	DB00734	investigational	2
nct04640493	DB06292	investigational	1
nct04641975	DB08893	investigational	4
nct04642287	DB02300	investigational	2
nct04642287	DB00544	backbone	2
nct04643405	DB00441	single_arm_combination	1
nct04643405	DB01229	single_arm_combination	1
nct04643691	DB00678	investigational	2
nct04643691	DB00421	investigational	2
nct04648020	DB00575	investigational	2
nct04648826	DB00928	backbone	2
nct04649060	DB01234	investigational	2
nct04650204	DB08883	investigational	2
nct04650217	DB01235	investigational	4
nct04651127	DB06334	investigational	1
nct04652414	DB00635	investigational	2
nct04653389	DB00269	single_arm_combination	1
nct04655157	DB11967	investigational	2
nct04655157	DB11718	backbone	2
nct04655183	DB11793	backbone	5
nct04655391	DB11978	backbone	5
nct04655391	DB01262	investigational	5
nct04655391	DB12141	investigational	5
nct04655391	DB13874	investigational	5
nct04655391	DB06616	investigational	5
nct04655391	DB14568	investigational	5
nct04655391	DB11581	investigational	5
nct04656262	DB00997	comparator	2
nct04656262	DB00531	investigational	2
nct04657679	DB11730	backbone	2
nct04658849	DB01132	investigational	2
nct04659044	DB11581	single_arm_combination	1
nct04660045	DB11703	investigational	1
nct04661137	DB08910	investigational	3
nct04661137	DB08889	investigational	3
nct04661137	DB11942	backbone	3
nct04663386	DB01222	investigational	0
nct04663386	DB00983	investigational	0
nct04665375	DB12301	investigational	1
nct04665375	DB00709	described_only	1
nct04665375	DB00300	described_only	1
nct04666675	DB15091	backbone	4
nct04668365	DB15035	single_arm_combination	1
nct04668859	DB00211	investigational	2
nct04669782	DB15381	described_only	3
nct04671355	DB00394	investigational	2
nct04671355	DB08906	comparator	2
nct04671355	DB00986	investigational	2
nct04671355	DB09082	comparator	2
nct04671355	DB00983	investigational	2
nct04673175	DB09050	investigational	2
nct04673175	DB01606	investigational	2
nct04675827	DB01229	unmatched	2
nct04675827	DB01248	unmatched	2
nct04676243	DB00987	described_only	2
nct04676243	DB01177	described_only	2
nct04676243	DB00694	described_only	2
nct04676243	DB12874	investigational	2
nct04677049	DB00627	investigational	1
nct04677426	DB13453	investigational	1
nct04677855	DB05812	investigational	4
nct04677855	DB01126	investigational	4
nct04678323	DB00191	described_only	2
nct04678336	DB01073	investigational	1
nct04678336	DB00531	investigational	1
nct04679389	DB00819	investigational	2
nct04682249	DB14765	single_arm_combination	1
nct04682249	DB00544	described_only	1
nct04684511	DB00533	investigational	2
nct04685915	DB12483	single_arm_combination	1
nct04685915	DB09053	single_arm_combination	1
nct04685915	DB11703	single_arm_combination	1
nct04687800	DB01234	investigational	2
nct04688658	DB11952	single_arm_combination	1
nct04690855	DB11760	single_arm_combination	1
nct04697693	DB00476	single_arm_combination	1
nct04697693	DB01175	single_arm_combination	1
nct04699461	DB09054	comparator	2
nct04700046	DB00379	investigational	2
nct04700176	DB08910	backbone	2
nct04700176	DB00755	backbone	2
nct04700176	DB01234	backbone	2
nct04702789	DB00869	backbone	2
nct04702789	DB00654	backbone	2
nct04702789	DB00373	backbone	2
nct04702789	DB00484	investigational	2
nct04704050	DB04855	investigational	2
nct04705337	DB00922	investigational	2
nct04705727	DB01222	investigational	2
nct04705727	DB00871	comparator	2
nct04705727	DB00983	investigational	2
nct04707183	DB00281	backbone	2
nct04711161	DB01229	investigational	2
nct04713202	DB12095	investigational	2
nct04714619	DB01006	investigational	1
nct04714619	DB01217	investigational	1
nct04717362	DB00624	investigational	1
nct04718376	DB01204	investigational	1
nct04718402	DB01204	investigational	1
nct04718961	DB13914	investigational	4
nct04722601	DB11581	backbone	6
nct04722601	DB00928	backbone	6
nct04725110	DB00279	unmatched	2
nct04725383	DB00321	backbone	2
nct04727073	DB00421	investigational	2
nct04728646	DB01234	investigational	2
nct04729348	DB09078	single_arm_combination	1
nct04731740	DB09078	investigational	2
nct04732169	DB09061	described_only	2
nct04735510	DB00091	investigational	1
nct04737109	DB00624	backbone	2
nct04737109	DB12941	backbone	2
nct04738292	DB12637	single_arm_combination	1
nct04738292	DB00947	single_arm_combination	1
nct04739566	DB08911	single_arm_combination	1
nct04739566	DB08912	single_arm_combination	1
nct04740294	DB00653	backbone	2
nct04741204	DB00331	backbone	2
nct04746339	DB06605	investigational	2
nct04746495	DB00700	investigational	2
nct04746976	DB14783	investigational	1
nct04747275	DB00451	backbone	2
nct04747470	DB01248	investigational	11
nct04747470	DB00544	investigational	11
nct04750941	DB12483	backbone	2
nct04751071	DB01656	investigational	2
nct04751955	DB01101	investigational	1
nct04752163	DB11581	investigational	8
nct04752163	DB00928	investigational	8
nct04752332	DB12001	investigational	2
nct04753658	DB12130	investigational	1
nct04754425	DB12147	investigational	1
nct04754815	DB01229	investigational	2
nct04754815	DB00642	investigational	2
nct04755244	DB11581	single_arm_combination	1
nct04755244	DB00928	single_arm_combination	1
nct04756765	DB11760	investigational	1
nct04757571	DB00715	investigational	2
nct04757857	DB06228	investigational	2
nct04759703	DB00413	investigational	2
nct04759846	DB11967	backbone	3
nct04759846	DB11718	backbone	3
nct04762160	DB12887	single_arm_combination	1
nct04762901	DB00531	investigational	6
nct04762901	DB01229	investigational	6
nct04762901	DB00997	investigational	6
nct04762901	DB11793	backbone	6
nct04764383	DB00117	backbone	3
nct04764383	DB00190	backbone	3
nct04765085	DB01238	investigational	2
nct04765709	DB00361	single_arm_combination	1
nct04765709	DB00642	single_arm_combination	1
nct04767841	DB00331	investigational	2
nct04768010	DB00929	investigational	1
nct04768881	DB11942	backbone	2
nct04770064	DB07795	investigational	3
nct04770272	DB01229	backbone	2
nct04770272	DB00445	backbone	2
nct04770272	DB00531	backbone	2
nct04770701	DB00126	described_only	1
nct04771000	DB06403	investigational	2
nct04771299	DB06016	investigational	2
nct04775797	DB00300	unmatched	5
nct04775797	DB00718	unmatched	5
nct04776850	DB00188	single_arm_combination	1
nct04776850	DB01008	single_arm_combination	1
nct04776850	DB00864	single_arm_combination	1
nct04776850	DB00531	single_arm_combination	1
nct04776850	DB00688	single_arm_combination	1
nct04776850	DB01234	single_arm_combination	1
nct04776876	DB12095	single_arm_combination	1
nct04777383	DB00368	single_arm_combination	1
nct04777383	DB00388	single_arm_combination	1
nct04777383	DB01400	single_arm_combination	1
nct04777383	DB03128	single_arm_combination	1
nct04777383	DB00572	single_arm_combination	1
nct04777851	DB08896	investigational	2
nct04778397	DB00928	mixed	3
nct04778410	DB00773	investigational	3
nct04778410	DB01204	investigational	3
nct04778410	DB00928	investigational	3
nct04778410	DB00987	investigational	3
nct04778410	DB11581	investigational	3
nct04778982	DB09073	head_to_head	2
nct04778982	DB00947	head_to_head	2
nct04779151	DB11793	backbone	7
nct04780464	DB00860	investigational	3
nct04780464	DB00997	mixed	3
nct04780464	DB00531	investigational	3
nct04780581	DB00959	investigational	2
nct04780581	DB01234	comparator	2
nct04780945	DB09074	investigational	1
nct04781374	DB11828	investigational	1
nct04781855	DB09053	backbone	2
nct04782245	DB06292	investigational	2
nct04784143	DB01454	backbone	2
nct04786548	DB00482	investigational	1
nct04788953	DB14754	investigational	2
nct04789096	DB11652	single_arm_combination	1
nct04789837	DB01166	investigational	2
nct04790487	DB01114	investigational	2
nct04790903	DB00997	backbone	2
nct04790903	DB11581	backbone	2
nct04790903	DB00635	backbone	2
nct04790903	DB00531	backbone	2
nct04791384	DB12001	single_arm_combination	1
nct04791384	DB06374	single_arm_combination	1
nct04791514	DB00374	investigational	1
nct04793399	DB06616	single_arm_combination	1
nct04794088	DB00619	investigational	2
nct04794569	DB06228	comparator	2
nct04796324	DB04845	investigational	1
nct04796454	DB00853	investigational	2
nct04797780	DB04942	investigational	2
nct04797780	DB00928	backbone	2
nct04797949	DB00945	backbone	2
nct04800562	DB15122	investigational	2
nct04801966	DB05239	single_arm_combination	1
nct04801966	DB09074	single_arm_combination	1
nct04801966	DB08911	single_arm_combination	1
nct04801966	DB08881	single_arm_combination	1
nct04801966	DB11967	single_arm_combination	1
nct04801966	DB12015	single_arm_combination	1
nct04801966	DB11730	single_arm_combination	1
nct04801966	DB11760	single_arm_combination	1
nct04801966	DB12001	single_arm_combination	1
nct04801966	DB09073	single_arm_combination	1
nct04801966	DB08912	single_arm_combination	1
nct04801966	DB11718	single_arm_combination	1
nct04803123	DB12483	investigational	1
nct04803591	DB00302	investigational	2
nct04804033	DB15688	investigational	4
nct04804696	DB01229	single_arm_combination	1
nct04804709	DB06603	investigational	1
nct04806945	DB01229	backbone	2
nct04807777	DB08877	investigational	1
nct04807972	DB00650	single_arm_combination	1
nct04807972	DB00544	single_arm_combination	1
nct04807972	DB00762	single_arm_combination	1
nct04809116	DB05316	investigational	1
nct04809766	DB01073	backbone	2
nct04809766	DB00531	backbone	2
nct04809766	DB06769	investigational	2
nct04811404	DB00159	investigational	1
nct04811924	DB00305	described_only	2
nct04812548	DB11581	single_arm_combination	1
nct04812548	DB00928	single_arm_combination	1
nct04814875	DB03619	backbone	2
nct04815083	DB00855	investigational	2
nct04816214	DB11791	investigational	3
nct04816214	DB09330	investigational	3
nct04816877	DB00327	unmatched	2
nct04817345	DB06809	investigational	1
nct04818944	DB00775	investigational	2
nct04819360	DB01591	head_to_head	2
nct04823845	DB00210	investigational	1
nct04824352	DB14765	investigational	1
nct04824352	DB00773	described_only	1
nct04824352	DB01181	described_only	1
nct04825275	DB01263	investigational	2
nct04825860	DB15665	investigational	3
nct04826016	DB08871	investigational	4
nct04826016	DB01229	investigational	4
nct04826198	DB11793	single_arm_combination	1
nct04827576	DB01248	backbone	4
nct04830878	DB00563	investigational	1
nct04832854	DB00441	backbone	2
nct04832854	DB01229	backbone	2
nct04832854	DB00642	backbone	2
nct04836533	DB01175	described_only	4
nct04836832	DB11952	single_arm_combination	1
nct04836832	DB11703	single_arm_combination	1
nct04837131	DB09570	investigational	1
nct04839224	DB00388	comparator	2
nct04839237	DB00331	investigational	2
nct04840199	DB12070	investigational	2
nct04843579	DB08910	single_arm_combination	1
nct04843579	DB11942	single_arm_combination	1
nct04843579	DB01211	single_arm_combination	1
nct04843579	DB01234	single_arm_combination	1
nct04845035	DB01254	single_arm_combination	1
nct04845035	DB08901	single_arm_combination	1
nct04846348	DB01075	investigational	1
nct04846348	DB11079	investigational	1
nct04846348	DB01003	investigational	1
nct04849364	DB01101	backbone	3
nct04849364	DB11760	investigational	3
nct04849377	DB01248	described_only	4
nct04849377	DB00544	described_only	4
nct04849715	DB06769	backbone	2
nct04851834	DB00853	investigational	5
nct04852367	DB00997	backbone	2
nct04853355	DB00421	investigational	1
nct04854044	DB14844	backbone	2
nct04854434	DB11942	investigational	3
nct04854499	DB01248	investigational	8
nct04854499	DB00544	mixed	8
nct04854512	DB00331	mixed	3
nct04854889	DB01262	investigational	1
nct04855253	DB01073	backbone	4
nct04855253	DB00531	backbone	4
nct04856176	DB00642	single_arm_combination	1
nct04856189	DB11942	single_arm_combination	1
nct04856787	DB01101	described_only	3
nct04859582	DB01101	backbone	2
nct04859582	DB00544	backbone	2
nct04861181	DB11793	investigational	1
nct04862143	DB12015	single_arm_combination	1
nct04862143	DB00947	single_arm_combination	1
nct04862780	DB09330	investigational	6
nct04863248	DB01248	backbone	2
nct04864782	DB01229	single_arm_combination	1
nct04865029	DB13954	investigational	2
nct04865029	DB00396	investigational	2
nct04866056	DB00928	single_arm_combination	1
nct04868045	DB00451	backbone	2
nct04868045	DB09421	backbone	2
nct04868747	DB00281	investigational	2
nct04869449	DB01026	investigational	1
nct04870034	DB09073	single_arm_combination	1
nct04870034	DB11967	single_arm_combination	1
nct04870125	DB11588	investigational	2
nct04871529	DB00441	investigational	2
nct04872608	DB12637	single_arm_combination	1
nct04872608	DB01006	single_arm_combination	1
nct04872608	DB09073	single_arm_combination	1
nct04873895	DB06626	single_arm_combination	1
nct04873895	DB01611	single_arm_combination	1
nct04874194	DB11581	backbone	6
nct04874194	DB04865	backbone	6
nct04876716	DB01263	backbone	2
nct04876716	DB11633	backbone	2
nct04876716	DB00582	backbone	2
nct04876937	DB00633	investigational	2
nct04877587	DB00441	single_arm_combination	1
nct04877587	DB00126	single_arm_combination	1
nct04878432	DB01262	single_arm_combination	1
nct04878432	DB00928	single_arm_combination	1
nct04878614	DB00451	backbone	2
nct04880577	DB09299	investigational	2
nct04882774	DB00374	investigational	2
nct04883840	DB01098	backbone	2
nct04885491	DB09153	described_only	1
nct04887831	DB00441	backbone	2
nct04887935	DB06292	investigational	1
nct04889703	DB00936	investigational	2
nct04890093	DB00853	backbone	2
nct04890353	DB08908	investigational	2
nct04890379	DB08908	investigational	2
nct04891185	DB09374	backbone	2
nct04891497	DB08908	investigational	2
nct04892264	DB00480	backbone	2
nct04892446	DB08910	investigational	4
nct04892446	DB08889	investigational	4
nct04892446	DB01234	investigational	4
nct04894123	DB09343	single_arm_combination	1
nct04894123	DB00432	single_arm_combination	1
nct04895046	DB11793	single_arm_combination	1
nct04895280	DB00860	unmatched	3
nct04895280	DB00465	investigational	3
nct04895280	DB14669	unmatched	3
nct04895280	DB00620	comparator	3
nct04895280	DB00443	unmatched	3
nct04895280	DB00959	unmatched	3
nct04895280	DB00635	unmatched	3
nct04895280	DB01234	unmatched	3
nct04895410	DB08910	investigational	9
nct04895410	DB08889	investigational	9
nct04895410	DB01234	investigational	9
nct04895748	DB01590	investigational	7
nct04895917	DB08910	investigational	1
nct04896320	DB00361	described_only	2
nct04896320	DB00441	described_only	2
nct04896320	DB11652	backbone	2
nct04896658	DB01234	backbone	2
nct04896658	DB00531	backbone	2
nct04897880	DB06603	backbone	3
nct04899206	DB00381	described_only	5
nct04899206	DB00612	unmatched	5
nct04899206	DB01136	unmatched	5
nct04899206	DB00678	described_only	5
nct04899206	DB00571	unmatched	5
nct04899206	DB00264	unmatched	5
nct04899349	DB12015	backbone	2
nct04899349	DB00331	backbone	2
nct04899349	DB00947	backbone	2
nct04899349	DB06292	investigational	2
nct04900766	DB01204	investigational	1
nct04901299	DB11828	single_arm_combination	1
nct04901494	DB08839	head_to_head	3
nct04902040	DB05992	investigational	2
nct04903197	DB00480	investigational	4
nct04904185	DB00531	backbone	2
nct04904276	DB12010	backbone	2
nct04905407	DB04942	investigational	4
nct04905407	DB11581	backbone	4
nct04905407	DB00928	backbone	4
nct04906213	DB09038	described_only	2
nct04906382	DB01229	single_arm_combination	1
nct04906876	DB00441	backbone	2
nct04906876	DB01248	backbone	2
nct04907227	DB01248	backbone	2
nct04908735	DB08877	investigational	1
nct04908956	DB09330	investigational	1
nct04909515	DB00982	single_arm_combination	1
nct04912063	DB11581	investigational	7
nct04912063	DB00928	investigational	7
nct04912115	DB01221	investigational	2
nct04912427	DB00188	single_arm_combination	1
nct04912427	DB01234	single_arm_combination	1
nct04912726	DB00203	investigational	2
nct04913610	DB00518	investigational	5
nct04914676	DB00987	backbone	2
nct04915846	DB00675	investigational	2
nct04917692	DB09038	investigational	1
nct04918810	DB01248	investigational	1
nct04920448	DB06151	investigational	1
nct04921982	DB00571	investigational	2
nct04923776	DB00773	single_arm_combination	1
nct04924192	DB00762	investigational	2
nct04924257	DB11823	investigational	2
nct04925557	DB12371	head_to_head	2
nct04925778	DB14219	investigational	0
nct04926181	DB11901	single_arm_combination	1
nct04926324	DB11793	backbone	2
nct04926831	DB11791	backbone	2
nct04927481	DB01204	investigational	1
nct04927884	DB00531	single_arm_combination	1
nct04928950	DB09278	investigational	1
nct04930237	DB09020	head_to_head	2
nct04930237	DB11110	head_to_head	2
nct04930237	DB11089	head_to_head	2
nct04930237	DB09104	head_to_head	2
nct04930445	DB14975	investigational	1
nct04930991	DB00338	backbone	2
nct04931511	DB00443	backbone	2
nct04933227	DB01101	single_arm_combination	1
nct04933617	DB12483	backbone	2
nct04933695	DB15569	backbone	2
nct04934670	DB08877	comparator	2
nct04935229	DB11100	single_arm_combination	1
nct04936971	DB01590	comparator	2
nct04937166	DB11581	single_arm_combination	1
nct04937166	DB00928	single_arm_combination	1
nct04937738	DB00544	backbone	2
nct04937738	DB01101	comparator	2
nct04937738	DB00650	investigational	2
nct04937738	DB01248	investigational	2
nct04941573	DB13453	backbone	4
nct04943302	DB06769	single_arm_combination	1
nct04943627	DB00361	comparator	2
nct04943627	DB00762	comparator	2
nct04943627	DB00642	comparator	2
nct04943627	DB00441	comparator	2
nct04943627	DB01030	comparator	2
nct04943692	DB00331	backbone	2
nct04944654	DB09299	described_only	1
nct04944654	DB11799	described_only	1
nct04944654	DB00879	described_only	1
nct04948489	DB00367	described_only	2
nct04948606	DB14783	investigational	1
nct04949191	DB15102	backbone	3
nct04949256	DB09078	investigational	3
nct04951115	DB00773	single_arm_combination	1
nct04951492	DB09074	investigational	1
nct04953052	DB00619	investigational	2
nct04954742	DB08931	investigational	1
nct04955249	DB00633	investigational	2
nct04955574	DB00916	investigational	3
nct04955743	DB09078	backbone	2
nct04955938	DB14568	investigational	2
nct04955938	DB13874	investigational	2
nct04955938	DB12500	backbone	2
nct04955951	DB00860	head_to_head	2
nct04955951	DB14669	head_to_head	2
nct04955951	DB01234	head_to_head	2
nct04955951	DB00620	head_to_head	2
nct04955951	DB00443	head_to_head	2
nct04955951	DB00959	head_to_head	2
nct04955951	DB00635	head_to_head	2
nct04956042	DB00987	investigational	2
nct04956302	DB00188	single_arm_combination	1
nct04956302	DB06603	single_arm_combination	1
nct04956302	DB01234	single_arm_combination	1
nct04957290	DB04915	backbone	6
nct04958785	DB01229	mixed	5
nct04961801	DB00563	investigational	1
nct04961801	DB00864	investigational	1
nct04961801	DB11703	investigational	1
nct04964505	DB11581	single_arm_combination	1
nct04964505	DB00928	single_arm_combination	1
nct04964843	DB06151	investigational	2
nct04964960	DB01229	single_arm_combination	1
nct04964960	DB00642	single_arm_combination	1
nct04965272	DB06016	investigational	4
nct04965688	DB12015	described_only	1
nct04965688	DB00947	described_only	1
nct04966546	DB01043	investigational	2
nct04966585	DB01263	investigational	2
nct04968938	DB01454	investigational	1
nct04968951	DB00512	investigational	2
nct04968951	DB00916	investigational	2
nct04970108	DB09038	comparator	2
nct04970108	DB00966	comparator	2
nct04970719	DB11817	investigational	2
nct04970719	DB14761	backbone	2
nct04971187	DB00642	single_arm_combination	1
nct04972253	DB11886	investigational	1
nct04973345	DB00871	backbone	5
nct04973618	DB11581	unmatched	1
nct04973618	DB00928	unmatched	1
nct04973930	DB00285	head_to_head	2
nct04973930	DB01175	head_to_head	2
nct04974944	DB14765	investigational	2
nct04974996	DB00635	backbone	2
nct04974996	DB00997	backbone	2
nct04974996	DB00531	backbone	2
nct04975035	DB00246	unmatched	1
nct04975516	DB00441	unmatched	2
nct04975516	DB00544	unmatched	2
nct04977271	DB00285	investigational	2
nct04978649	DB00678	backbone	2
nct04978649	DB00381	backbone	2
nct04978779	DB09053	investigational	2
nct04978779	DB15035	investigational	2
nct04978779	DB11703	investigational	2
nct04979793	DB00155	investigational	2
nct04982354	DB00987	single_arm_combination	1
nct04982354	DB06595	single_arm_combination	1
nct04982354	DB00694	single_arm_combination	1
nct04983407	DB00441	backbone	3
nct04983407	DB01229	backbone	3
nct04984278	DB14011	investigational	2
nct04984330	DB11942	single_arm_combination	1
nct04984330	DB01234	single_arm_combination	1
nct04984577	DB12243	mixed	4
nct04984616	DB01076	investigational	3
nct04984616	DB11989	unmatched	3
nct04984616	DB11820	unmatched	3
nct04984759	DB06608	investigational	3
nct04984759	DB01087	investigational	3
nct04985136	DB14765	mixed	4
nct04985656	DB01262	single_arm_combination	1
nct04987281	DB09374	investigational	1
nct04987944	DB15688	investigational	2
nct04989218	DB00441	investigational	1
nct04989283	DB00773	backbone	2
nct04989283	DB01229	backbone	2
nct04989283	DB00642	backbone	2
nct04989413	DB00470	investigational	2
nct04989413	DB09061	investigational	2
nct04989972	DB11664	described_only	3
nct04990167	DB01409	backbone	2
nct04990167	DB00588	unmatched	2
nct04990167	DB01222	unmatched	2
nct04990167	DB13867	unmatched	2
nct04990778	DB11581	single_arm_combination	1
nct04992507	DB00818	described_only	2
nct04994808	DB00631	investigational	2
nct04994808	DB01073	investigational	2
nct04994808	DB11678	investigational	2
nct04994977	DB01042	single_arm_combination	1
nct04994977	DB01030	single_arm_combination	1
nct04995978	DB01132	investigational	2
nct04996004	DB00997	backbone	4
nct04996667	DB00435	backbone	2
nct04999488	DB09270	investigational	2
nct04999592	DB01212	investigational	2
nct05001724	DB09078	investigational	2
nct05003102	DB00633	backbone	2
nct05004077	DB01118	backbone	2
nct05006794	DB01248	investigational	6
nct05008926	DB09049	investigational	2
nct05009953	DB00650	backbone	2
nct05009953	DB00544	backbone	2
nct05009953	DB00762	backbone	2
nct05011058	DB01610	investigational	1
nct05011058	DB15419	investigational	1
nct05013437	DB01042	single_arm_combination	1
nct05014061	DB00640	investigational	2
nct05014919	DB09068	investigational	3
nct05016284	DB09061	unmatched	2
nct05016440	DB00722	backbone	2
nct05017610	DB01206	single_arm_combination	1
nct05017610	DB00763	single_arm_combination	1
nct05017610	DB00279	single_arm_combination	1
nct05018598	DB00394	unmatched	2
nct05018598	DB00986	unmatched	2
nct05018598	DB00983	unmatched	2
nct05018728	DB14975	investigational	1
nct05018975	DB12887	investigational	2
nct05020665	DB00987	backbone	2
nct05023655	DB12887	investigational	1
nct05025423	DB11581	investigational	1
nct05027594	DB01234	investigational	3
nct05028751	DB12141	backbone	4
nct05029960	DB05541	investigational	1
nct05030623	DB00820	investigational	2
nct05031481	DB00639	comparator	4
nct05031520	DB00727	single_arm_combination	1
nct05031520	DB00264	single_arm_combination	1
nct05031520	DB08947	single_arm_combination	1
nct05032118	DB01221	investigational	2
nct05032183	DB01033	single_arm_combination	1
nct05032183	DB09110	single_arm_combination	1
nct05032183	DB01234	single_arm_combination	1
nct05032183	DB00531	single_arm_combination	1
nct05032183	DB00563	single_arm_combination	1
nct05032183	DB00987	single_arm_combination	1
nct05032183	DB00650	single_arm_combination	1
nct05032183	DB00635	single_arm_combination	1
nct05032352	DB09330	unmatched	2
nct05032781	DB01017	investigational	1
nct05032781	DB09153	investigational	1
nct05032781	DB00653	described_only	1
nct05033314	DB06228	investigational	2
nct05033522	DB00398	comparator	2
nct05033522	DB09078	comparator	2
nct05035407	DB01073	single_arm_combination	1
nct05035407	DB00531	single_arm_combination	1
nct05036135	DB00619	described_only	4
nct05037500	DB08899	single_arm_combination	1
nct05037500	DB01262	single_arm_combination	1
nct05039359	DB01195	backbone	2
nct05039736	DB08875	investigational	2
nct05039944	DB00650	investigational	6
nct05039944	DB00544	investigational	6
nct05039944	DB00762	investigational	6
nct05041101	DB08871	single_arm_combination	1
nct05041101	DB12836	single_arm_combination	1
nct05042934	DB12674	single_arm_combination	1
nct05042934	DB00762	single_arm_combination	1
nct05046327	DB11995	investigational	1
nct05046353	DB03929	investigational	2
nct05048134	DB08911	investigational	5
nct05049525	DB00857	backbone	2
nct05049863	DB00762	backbone	3
nct05049863	DB00437	backbone	3
nct05049863	DB00688	backbone	3
nct05050305	DB08910	single_arm_combination	1
nct05050305	DB01234	single_arm_combination	1
nct05051449	DB01221	investigational	1
nct05052125	DB09140	unmatched	2
nct05052372	DB12147	investigational	0
nct05058417	DB09038	investigational	2
nct05058651	DB00773	backbone	3
nct05058859	DB06292	investigational	1
nct05060315	DB00374	backbone	2
nct05060549	DB06016	backbone	2
nct05062174	DB00834	investigational	1
nct05062889	DB00762	mixed	5
nct05062889	DB00544	mixed	5
nct05062889	DB01101	mixed	5
nct05062889	DB09343	investigational	5
nct05062889	DB11652	investigational	5
nct05062889	DB00432	investigational	5
nct05062889	DB00650	mixed	5
nct05063513	DB00688	backbone	2
nct05063604	DB00215	investigational	2
nct05065411	DB12001	investigational	2
nct05065736	DB00631	investigational	1
nct05066789	DB00877	unmatched	4
nct05066789	DB06209	described_only	4
nct05067257	DB06515	investigational	3
nct05067517	DB09079	investigational	2
nct05070104	DB00544	unmatched	1
nct05070650	DB06151	investigational	2
nct05070650	DB00388	backbone	2
nct05070650	DB00316	backbone	2
nct05070728	DB00591	investigational	2
nct05071482	DB11904	investigational	2
nct05071482	DB00619	comparator	2
nct05073237	DB06401	investigational	2
nct05073679	DB00704	investigational	2
nct05073822	DB00864	backbone	2
nct05075577	DB08899	backbone	6
nct05079126	DB05974	investigational	2
nct05079230	DB11581	backbone	2
nct05079230	DB00928	backbone	2
nct05079620	DB01137	investigational	2
nct05079620	DB00512	investigational	2
nct05079620	DB01413	investigational	2
nct05079620	DB01212	investigational	2
nct05079789	DB00695	comparator	2
nct05079789	DB00594	investigational	2
nct05080621	DB11967	backbone	2
nct05080621	DB14840	backbone	2
nct05083208	DB06334	single_arm_combination	1
nct05083546	DB00152	described_only	2
nct05083546	DB02701	described_only	2
nct05083546	DB12582	described_only	2
nct05084456	DB00503	described_only	3
nct05084456	DB01248	backbone	3
nct05085002	DB01006	investigational	1
nct05085002	DB00947	investigational	1
nct05085808	DB00656	investigational	3
nct05085808	DB01224	comparator	3
nct05087771	DB00704	backbone	2
nct05089461	DB01204	investigational	1
nct05090566	DB01234	investigational	2
nct05090566	DB00480	investigational	2
nct05091528	DB01101	investigational	4
nct05091528	DB11652	investigational	4
nct05091866	DB00396	investigational	1
nct05092750	DB09374	investigational	1
nct05092880	DB01101	described_only	2
nct05093608	DB11942	backbone	2
nct05096169	DB00882	backbone	2
nct05096884	DB00264	investigational	1
nct05097651	DB09061	investigational	2
nct05098327	DB01132	investigational	3
nct05098509	DB09061	investigational	4
nct05100628	DB04915	backbone	4
nct05100628	DB00997	backbone	4
nct05101798	DB00855	investigational	1
nct05101928	DB01234	backbone	2
nct05101928	DB00635	comparator	2
nct05102071	DB09038	head_to_head	2
nct05102162	DB00760	backbone	2
nct05102162	DB01606	backbone	2
nct05102162	DB00319	backbone	2
nct05102162	DB01413	backbone	2
nct05103904	DB09078	investigational	1
nct05104229	DB00945	investigational	2
nct05105412	DB00441	single_arm_combination	1
nct05105412	DB00480	single_arm_combination	1
nct05106192	DB00888	investigational	2
nct05106192	DB00307	investigational	2
nct05107856	DB11581	investigational	3
nct05107856	DB00928	investigational	3
nct05111626	DB01101	described_only	3
nct05111626	DB00650	described_only	3
nct05111626	DB00544	described_only	3
nct05116683	DB03619	investigational	1
nct05116800	DB00441	backbone	2
nct05116800	DB01248	backbone	2
nct05116813	DB12733	investigational	1
nct05117736	DB00177	investigational	2
nct05117736	DB09292	investigational	2
nct05119712	DB00857	backbone	2
nct05119894	DB09128	backbone	4
nct05120960	DB09330	investigational	2
nct05123040	DB08877	single_arm_combination	1
nct05123040	DB00959	single_arm_combination	1
nct05123040	DB00635	single_arm_combination	1
nct05126342	DB11793	backbone	2
nct05128344	DB01080	comparator	2
nct05128773	DB00675	comparator	2
nct05129722	DB09038	backbone	2
nct05129722	DB00887	investigational	2
nct05129722	DB00700	investigational	2
nct05134194	DB00361	backbone	2
nct05134194	DB01101	backbone	2
nct05134194	DB00441	backbone	2
nct05134194	DB08871	backbone	2
nct05138549	DB06543	investigational	2
nct05139238	DB01115	head_to_head	2
nct05139238	DB00598	head_to_head	2
nct05139914	DB06292	backbone	2
nct05141357	DB06334	investigational	1
nct05143177	DB12625	investigational	2
nct05145569	DB01229	backbone	2
nct05148234	DB01262	investigational	4
nct05151471	DB12243	backbone	2
nct05152459	DB12887	single_arm_combination	1
nct05153408	DB09330	investigational	4
nct05153408	DB00642	investigational	4
nct05156437	DB01045	investigational	2
nct05156437	DB01060	investigational	2
nct05156437	DB01413	backbone	2
nct05156437	DB00601	investigational	2
nct05156437	DB01212	backbone	2
nct05156437	DB00415	backbone	2
nct05156437	DB01137	investigational	2
nct05156437	DB00512	backbone	2
nct05156437	DB00485	investigational	2
nct05156437	DB00567	investigational	2
nct05156437	DB00713	backbone	2
nct05156606	DB00624	investigational	1
nct05156658	DB00294	backbone	2
nct05156905	DB01248	investigational	1
nct05158374	DB00331	head_to_head	13
nct05158374	DB00945	head_to_head	13
nct05158699	DB00465	head_to_head	4
nct05158699	DB01234	head_to_head	4
nct05158699	DB00963	head_to_head	4
nct05159531	DB09299	backbone	2
nct05159531	DB12753	backbone	2
nct05159531	DB00879	backbone	2
nct05159830	DB09061	investigational	2
nct05161533	DB00773	single_arm_combination	1
nct05161572	DB09256	backbone	2
nct05163717	DB00334	investigational	2
nct05166577	DB01610	backbone	2
nct05166577	DB15419	backbone	2
nct05167331	DB06690	head_to_head	2
nct05167370	DB01143	investigational	1
nct05168202	DB11581	investigational	3
nct05168202	DB00928	investigational	3
nct05170009	DB13997	investigational	2
nct05170009	DB00198	backbone	2
nct05170789	DB11942	investigational	1
nct05170789	DB01234	investigational	1
nct05171166	DB00398	backbone	2
nct05171166	DB00650	investigational	2
nct05171166	DB00544	investigational	2
nct05171166	DB00269	backbone	2
nct05173831	DB01454	investigational	1
nct05174455	DB11793	investigational	1
nct05176080	DB00947	single_arm_combination	1
nct05176288	DB09073	single_arm_combination	1
nct05176288	DB06626	single_arm_combination	1
nct05177796	DB01229	single_arm_combination	1
nct05177796	DB00997	single_arm_combination	1
nct05177796	DB00531	single_arm_combination	1
nct05179239	DB01229	backbone	3
nct05180422	DB15569	single_arm_combination	1
nct05183139	DB09570	backbone	2
nct05183139	DB08910	investigational	2
nct05183139	DB00480	investigational	2
nct05183139	DB01234	backbone	2
nct05183204	DB00331	backbone	2
nct05183828	DB01006	investigational	1
nct05189977	DB00571	backbone	2
nct05189977	DB00457	backbone	2
nct05191004	DB00947	investigational	4
nct05191017	DB08899	backbone	2
nct05193318	DB01221	investigational	1
nct05193604	DB00441	single_arm_combination	1
nct05193604	DB01229	single_arm_combination	1
nct05193994	DB01048	investigational	2
nct05193994	DB08930	investigational	2
nct05193994	DB00709	investigational	2
nct05195749	DB01234	unmatched	2
nct05198843	DB08887	investigational	1
nct05198843	DB01254	investigational	1
nct05199311	DB08889	backbone	4
nct05199311	DB01234	backbone	4
nct05200143	DB08875	single_arm_combination	1
nct05200403	DB05219	investigational	2
nct05201001	DB00997	described_only	3
nct05201183	DB01073	investigational	1
nct05205252	DB00480	head_to_head	5
nct05205252	DB11703	head_to_head	5
nct05205252	DB08910	head_to_head	5
nct05205252	DB12887	backbone	5
nct05205252	DB01234	head_to_head	5
nct05207514	DB01248	backbone	2
nct05207514	DB00997	backbone	2
nct05207514	DB00531	backbone	2
nct05207514	DB01229	backbone	2
nct05207709	DB01006	investigational	3
nct05207709	DB00947	investigational	3
nct05207709	DB11730	investigational	3
nct05207709	DB01229	investigational	3
nct05207709	DB09073	investigational	3
nct05209152	DB00928	investigational	3
nct05209308	DB11581	backbone	2
nct05209529	DB09074	backbone	2
nct05209984	DB01105	mixed	4
nct05209984	DB00273	investigational	4
nct05210153	DB01104	backbone	2
nct05211154	DB00586	investigational	2
nct05211154	DB12457	comparator	2
nct05212025	DB11740	single_arm_combination	1
nct05212025	DB00441	single_arm_combination	1
nct05213143	DB08815	investigational	1
nct05214001	DB00918	investigational	2
nct05214001	DB15328	comparator	2
nct05214599	DB01222	backbone	3
nct05215951	DB09330	investigational	1
nct05215951	DB00642	unmatched	1
nct05216120	DB15102	investigational	1
nct05219370	DB00470	backbone	4
nct05219370	DB14050	described_only	4
nct05219370	DB09061	backbone	4
nct05220722	DB11100	single_arm_combination	1
nct05221320	DB01611	backbone	2
nct05221320	DB13930	backbone	2
nct05222165	DB11886	investigational	1
nct05223647	DB00773	backbone	2
nct05223673	DB00432	backbone	2
nct05227131	DB01101	single_arm_combination	1
nct05227131	DB11652	single_arm_combination	1
nct05228184	DB00451	backbone	2
nct05228249	DB00987	single_arm_combination	1
nct05228249	DB00262	single_arm_combination	1
nct05228249	DB00773	single_arm_combination	1
nct05228249	DB01042	single_arm_combination	1
nct05228821	DB14975	investigational	1
nct05228834	DB14975	investigational	2
nct05233410	DB08877	investigational	2
nct05233696	DB01229	single_arm_combination	1
nct05238831	DB00361	single_arm_combination	1
nct05238831	DB05239	single_arm_combination	1
nct05238831	DB08828	single_arm_combination	1
nct05238831	DB11363	single_arm_combination	1
nct05238831	DB00762	single_arm_combination	1
nct05238831	DB01006	single_arm_combination	1
nct05238831	DB08871	single_arm_combination	1
nct05238831	DB09074	single_arm_combination	1
nct05238831	DB12015	single_arm_combination	1
nct05238831	DB08881	single_arm_combination	1
nct05238831	DB00947	single_arm_combination	1
nct05238831	DB01217	single_arm_combination	1
nct05238831	DB01101	single_arm_combination	1
nct05238831	DB01229	single_arm_combination	1
nct05238831	DB11793	single_arm_combination	1
nct05238831	DB09073	single_arm_combination	1
nct05238831	DB11986	single_arm_combination	1
nct05238896	DB11817	investigational	2
nct05239182	DB00441	single_arm_combination	1
nct05239182	DB01229	single_arm_combination	1
nct05239910	DB00635	described_only	2
nct05239910	DB00997	described_only	2
nct05239910	DB00531	described_only	2
nct05241873	DB00642	investigational	10
nct05243524	DB00531	investigational	1
nct05243641	DB11791	backbone	2
nct05243641	DB11828	backbone	2
nct05246384	DB00928	described_only	2
nct05249569	DB06626	single_arm_combination	1
nct05251038	DB00762	single_arm_combination	1
nct05251038	DB00544	single_arm_combination	1
nct05251038	DB00441	single_arm_combination	1
nct05251038	DB01229	single_arm_combination	1
nct05251038	DB15569	single_arm_combination	1
nct05251038	DB00650	single_arm_combination	1
nct05251948	DB01101	backbone	2
nct05252598	DB11664	investigational	6
nct05254405	DB11859	investigational	1
nct05254808	DB00698	comparator	3
nct05254808	DB00828	mixed	3
nct05255575	DB00303	investigational	1
nct05255666	DB00762	single_arm_combination	1
nct05256147	DB01050	investigational	1
nct05256901	DB00986	comparator	2
nct05256901	DB01400	comparator	2
nct05259137	DB09477	investigational	2
nct05259631	DB00818	comparator	2
nct05259631	DB01236	investigational	2
nct05261490	DB00997	backbone	2
nct05263492	DB09078	single_arm_combination	1
nct05263609	DB06626	investigational	2
nct05265975	DB11942	single_arm_combination	1
nct05265975	DB00480	single_arm_combination	1
nct05267106	DB15102	backbone	2
nct05268003	DB11581	investigational	3
nct05268003	DB08901	investigational	3
nct05268497	DB11823	single_arm_combination	1
nct05269160	DB00736	unmatched	2
nct05275439	DB11581	investigational	4
nct05275439	DB00928	investigational	4
nct05275907	DB00381	backbone	2
nct05275907	DB00310	backbone	2
nct05278858	DB00620	investigational	1
nct05279300	DB00997	investigational	2
nct05279300	DB00480	investigational	2
nct05279300	DB00531	investigational	2
nct05279300	DB00441	investigational	2
nct05279300	DB00635	investigational	2
nct05279859	DB12141	backbone	4
nct05281276	DB06334	backbone	2
nct05281276	DB00482	backbone	2
nct05281562	DB00125	investigational	2
nct05281562	DB00126	investigational	2
nct05282121	DB09038	investigational	4
nct05286827	DB09074	investigational	1
nct05288062	DB08910	investigational	4
nct05288062	DB01234	backbone	4
nct05288062	DB00480	backbone	4
nct05288283	DB09061	investigational	2
nct05289570	DB14975	investigational	1
nct05289648	DB11793	investigational	1
nct05289986	DB12301	described_only	2
nct05289986	DB00709	described_only	2
nct05289986	DB00300	described_only	2
nct05292976	DB01001	mixed	5
nct05293938	DB05990	head_to_head	2
nct05295394	DB08930	investigational	1
nct05295394	DB00709	investigational	1
nct05295589	DB12483	investigational	2
nct05295589	DB09074	investigational	2
nct05295927	DB11901	investigational	2
nct05296005	DB01101	single_arm_combination	1
nct05296005	DB01248	single_arm_combination	1
nct05296005	DB00650	single_arm_combination	1
nct05296005	DB00544	single_arm_combination	1
nct05297864	DB11793	investigational	1
nct05298358	DB00531	investigational	1
nct05299398	DB00656	investigational	2
nct05299580	DB08911	single_arm_combination	1
nct05299580	DB08912	single_arm_combination	1
nct05300958	DB00746	investigational	1
nct05301062	DB08913	investigational	1
nct05302817	DB13453	backbone	2
nct05304663	DB01206	backbone	2
nct05306873	DB11693	investigational	4
nct05306873	DB00688	investigational	4
nct05307003	DB00656	head_to_head	2
nct05307003	DB01224	head_to_head	2
nct05308901	DB09078	single_arm_combination	1
nct05311176	DB01229	investigational	2
nct05312372	DB01229	investigational	1
nct05313009	DB15569	backbone	2
nct05313386	DB00633	backbone	4
nct05316220	DB00244	backbone	2
nct05316467	DB00351	backbone	2
nct05317936	DB11581	single_arm_combination	1
nct05319093	DB12612	head_to_head	4
nct05321524	DB05990	backbone	3
nct05322135	DB00130	single_arm_combination	1
nct05322954	DB11664	investigational	1
nct05323019	DB11823	backbone	2
nct05324501	DB06603	backbone	2
nct05325281	DB00441	backbone	5
nct05326035	DB01229	investigational	2
nct05327556	DB00668	backbone	2
nct05327738	DB08875	single_arm_combination	1
nct05328102	DB00480	backbone	4
nct05329779	DB11859	investigational	2
nct05330377	DB00987	backbone	3
nct05330377	DB01204	backbone	3
nct05330377	DB00242	backbone	3
nct05330377	DB12141	backbone	3
nct05331053	DB01076	investigational	1
nct05332483	DB00351	investigational	1
nct05335278	DB09079	investigational	1
nct05336721	DB01101	single_arm_combination	1
nct05338450	DB00283	investigational	2
nct05339087	DB08931	investigational	2
nct05343754	DB09140	head_to_head	2
nct05344625	DB01221	investigational	1
nct05345938	DB01204	investigational	1
nct05346653	DB06292	backbone	2
nct05354362	DB11942	investigational	1
nct05354856	DB09374	investigational	1
nct05356858	DB15035	investigational	1
nct05356897	DB09343	single_arm_combination	1
nct05356897	DB11652	single_arm_combination	1
nct05356897	DB00432	single_arm_combination	1
nct05357040	DB06690	investigational	2
nct05357066	DB06690	investigational	2
nct05358704	DB01101	investigational	1
nct05358704	DB00650	investigational	1
nct05358704	DB00544	investigational	1
nct05358704	DB00762	investigational	1
nct05359081	DB15665	investigational	1
nct05360264	DB01262	investigational	1
nct05360953	DB00575	investigational	3
nct05360953	DB00590	investigational	3
nct05361109	DB11817	investigational	1
nct05361447	DB00829	investigational	1
nct05361915	DB05812	backbone	2
nct05361915	DB15327	backbone	2
nct05361993	DB01238	comparator	2
nct05362474	DB00471	investigational	1
nct05362487	DB01409	investigational	1
nct05364645	DB15685	investigational	2
nct05364645	DB00642	backbone	2
nct05367362	DB01017	investigational	2
nct05367401	DB00928	investigational	3
nct05368558	DB06016	backbone	2
nct05369832	DB12612	backbone	2
nct05370599	DB00678	investigational	9
nct05370599	DB00310	investigational	9
nct05370599	DB00381	mixed	9
nct05372887	DB00924	investigational	2
nct05374538	DB15569	investigational	5
nct05375708	DB01101	backbone	2
nct05375708	DB00544	backbone	2
nct05375747	DB12404	investigational	2
nct05375747	DB00818	comparator	2
nct05381974	DB11664	investigational	1
nct05382715	DB12612	investigational	1
nct05384119	DB11730	investigational	2
nct05384119	DB09073	backbone	2
nct05387798	DB09061	investigational	1
nct05388877	DB08912	single_arm_combination	1
nct05392959	DB06292	investigational	2
nct05395494	DB00260	investigational	2
nct05400577	DB15569	investigational	1
nct05401019	DB00734	comparator	2
nct05401019	DB00413	investigational	2
nct05401812	DB00860	investigational	5
nct05401812	DB00959	investigational	5
nct05401812	DB00741	investigational	5
nct05401812	DB00635	investigational	5
nct05401812	DB01234	investigational	5
nct05403450	DB01262	backbone	2
nct05403723	DB00773	single_arm_combination	1
nct05405309	DB09074	investigational	7
nct05405439	DB00635	single_arm_combination	1
nct05408026	DB08910	single_arm_combination	1
nct05408026	DB00188	single_arm_combination	1
nct05408026	DB01234	single_arm_combination	1
nct05410301	DB01206	investigational	2
nct05411107	DB01088	investigational	2
nct05411575	DB06809	investigational	2
nct05411679	DB09074	backbone	2
nct05412706	DB11793	investigational	1
nct05412875	DB00184	investigational	2
nct05413187	DB00470	investigational	2
nct05413187	DB14011	investigational	2
nct05413187	DB09061	investigational	2
nct05413915	DB00619	backbone	2
nct05414864	DB00980	head_to_head	2
nct05415917	DB01101	investigational	2
nct05415917	DB00441	investigational	2
nct05416320	DB02300	investigational	2
nct05417386	DB00650	backbone	3
nct05417386	DB00544	backbone	3
nct05417386	DB00762	backbone	3
nct05418777	DB00440	investigational	2
nct05420636	DB01229	single_arm_combination	1
nct05421936	DB09330	investigational	0
nct05422612	DB00472	investigational	8
nct05422612	DB06684	investigational	8
nct05423106	DB00442	investigational	7
nct05425862	DB11760	single_arm_combination	1
nct05427630	DB00470	backbone	4
nct05427630	DB14011	backbone	4
nct05427630	DB09061	comparator	4
nct05429502	DB11730	single_arm_combination	1
nct05429502	DB01030	single_arm_combination	1
nct05429502	DB00853	single_arm_combination	1
nct05429788	DB09061	investigational	3
nct05431179	DB09053	backbone	3
nct05431244	DB00441	investigational	1
nct05431244	DB01004	described_only	1
nct05433402	DB00477	investigational	2
nct05433961	DB13453	investigational	1
nct05435846	DB08911	backbone	2
nct05435846	DB11791	backbone	2
nct05438758	DB11823	backbone	2
nct05440734	DB01065	investigational	2
nct05441488	DB11526	investigational	2
nct05441930	DB01137	investigational	2
nct05442580	DB01073	backbone	8
nct05442580	DB00531	backbone	8
nct05442749	DB11793	investigational	1
nct05444153	DB09038	comparator	2
nct05445128	DB06809	backbone	2
nct05453916	DB01220	comparator	2
nct05453916	DB00507	investigational	2
nct05454358	DB01006	investigational	2
nct05456269	DB00987	investigational	2
nct05456269	DB01262	investigational	2
nct05460871	DB00230	investigational	2
nct05461053	DB00281	investigational	2
nct05464836	DB11581	single_arm_combination	1
nct05465382	DB09153	described_only	2
nct05469178	DB00642	backbone	4
nct05470985	DB12612	backbone	2
nct05472220	DB12015	backbone	2
nct05472623	DB15568	backbone	2
nct05474690	DB00445	investigational	2
nct05474690	DB01248	backbone	2
nct05474690	DB00531	investigational	2
nct05478837	DB01073	single_arm_combination	1
nct05478837	DB00531	single_arm_combination	1
nct05479058	DB14845	backbone	2
nct05479123	DB00571	investigational	3
nct05480865	DB15569	backbone	5
nct05481645	DB00997	investigational	3
nct05481645	DB00441	investigational	3
nct05481645	DB01229	backbone	3
nct05481645	DB01248	backbone	3
nct05482074	DB09074	investigational	1
nct05482542	DB00531	backbone	2
nct05482672	DB07795	investigational	2
nct05484167	DB00624	investigational	2
nct05487495	DB01073	described_only	1
nct05487495	DB00531	described_only	1
nct05489510	DB00140	described_only	2
nct05492851	DB00620	head_to_head	3
nct05493501	DB09330	comparator	3
nct05493618	DB01234	single_arm_combination	1
nct05494866	DB00441	single_arm_combination	1
nct05494866	DB01229	single_arm_combination	1
nct05494866	DB09065	single_arm_combination	1
nct05496894	DB01204	backbone	3
nct05498220	DB00441	single_arm_combination	1
nct05498220	DB01234	single_arm_combination	1
nct05500508	DB06243	backbone	2
nct05501548	DB09074	investigational	1
nct05504486	DB09128	investigational	1
nct05505123	DB00818	investigational	2
nct05505123	DB01236	investigational	2
nct05505214	DB14512	investigational	3
nct05510427	DB11886	backbone	2
nct05512182	DB01229	described_only	1
nct05512182	DB11828	described_only	1
nct05513612	DB01073	single_arm_combination	1
nct05513612	DB00531	single_arm_combination	1
nct05514912	DB00441	backbone	2
nct05514912	DB01229	backbone	2
nct05514912	DB11886	investigational	2
nct05516849	DB00621	investigational	2
nct05518110	DB08911	single_arm_combination	1
nct05518110	DB01611	single_arm_combination	1
nct05518149	DB12341	investigational	1
nct05518279	DB00302	investigational	2
nct05522673	DB01954	investigational	1
nct05522673	DB04149	investigational	1
nct05522673	DB01221	described_only	1
nct05523440	DB11793	backbone	2
nct05524857	DB12500	backbone	2
nct05524857	DB01262	backbone	2
nct05525156	DB00945	backbone	2
nct05536037	DB00331	investigational	1
nct05536791	DB06695	investigational	1
nct05537766	DB01073	backbone	4
nct05537766	DB00531	backbone	4
nct05538689	DB11853	described_only	3
nct05543629	DB01229	investigational	6
nct05543629	DB01248	investigational	6
nct05543629	DB00158	investigational	6
nct05543928	DB00146	investigational	2
nct05545969	DB09078	single_arm_combination	1
nct05546411	DB00650	backbone	2
nct05546411	DB00544	backbone	2
nct05546411	DB00762	backbone	2
nct05554211	DB00302	investigational	2
nct05554354	DB11967	investigational	3
nct05554354	DB00947	backbone	3
nct05554627	DB01238	comparator	2
nct05554627	DB11823	investigational	2
nct05554679	DB00331	investigational	2
nct05556616	DB08889	investigational	7
nct05556616	DB08910	investigational	7
nct05556616	DB00188	investigational	7
nct05556616	DB00480	investigational	7
nct05560282	DB00574	investigational	1
nct05561257	DB00126	backbone	4
nct05561764	DB01598	investigational	1
nct05562973	DB11664	backbone	5
nct05564416	DB12147	backbone	2
nct05565794	DB15102	investigational	1
nct05567055	DB11791	investigational	1
nct05567679	DB12887	investigational	1
nct05567770	DB00624	head_to_head	2
nct05567835	DB00544	backbone	2
nct05567835	DB00650	backbone	2
nct05567835	DB01248	backbone	2
nct05568940	DB09070	investigational	1
nct05569512	DB00631	single_arm_combination	1
nct05569512	DB01073	single_arm_combination	1
nct05569512	DB01008	single_arm_combination	1
nct05570409	DB00860	investigational	2
nct05570409	DB00688	investigational	2
nct05572476	DB12674	investigational	2
nct05574504	DB12674	investigational	1
nct05574712	DB15463	investigational	1
nct05576896	DB01611	investigational	1
nct05576896	DB11718	investigational	1
nct05582681	DB13879	backbone	2
nct05582681	DB13878	backbone	2
nct05582707	DB01132	investigational	2
nct05583110	DB00361	single_arm_combination	1
nct05583110	DB11652	single_arm_combination	1
nct05586126	DB01236	head_to_head	2
nct05588609	DB08899	investigational	4
nct05588609	DB08916	investigational	4
nct05592197	DB09078	backbone	2
nct05592197	DB00269	backbone	2
nct05594667	DB11664	investigational	1
nct05597722	DB00182	head_to_head	2
nct05601492	DB05676	backbone	3
nct05601648	DB11664	investigational	1
nct05601830	DB00987	single_arm_combination	1
nct05601830	DB01073	single_arm_combination	1
nct05601830	DB00531	single_arm_combination	1
nct05604170	DB05087	investigational	1
nct05604417	DB12887	backbone	3
nct05605587	DB01097	investigational	1
nct05606315	DB12404	investigational	3
nct05606315	DB00818	comparator	3
nct05606315	DB00683	comparator	3
nct05607199	DB01373	unmatched	1
nct05607316	DB00331	investigational	1
nct05607342	DB04872	investigational	1
nct05607407	DB00763	investigational	1
nct05608369	DB02546	single_arm_combination	1
nct05609942	DB00928	investigational	2
nct05610969	DB00683	head_to_head	2
nct05611086	DB06151	investigational	2
nct05611372	DB01367	backbone	2
nct05612633	DB12638	investigational	1
nct05612711	DB00470	backbone	2
nct05616624	DB00441	backbone	3
nct05616624	DB01248	backbone	3
nct05617625	DB01042	single_arm_combination	1
nct05617625	DB01073	single_arm_combination	1
nct05617625	DB01008	single_arm_combination	1
nct05618366	DB12887	single_arm_combination	1
nct05618366	DB11581	single_arm_combination	1
nct05618613	DB12637	single_arm_combination	1
nct05618613	DB06374	single_arm_combination	1
nct05624320	DB01085	investigational	1
nct05625347	DB00945	backbone	2
nct05626322	DB00480	backbone	2
nct05633758	DB00524	investigational	2
nct05634525	DB15568	investigational	1
nct05634577	DB00648	single_arm_combination	1
nct05636852	DB04947	investigational	1
nct05637710	DB00852	described_only	2
nct05637710	DB06282	described_only	2
nct05643170	DB15357	investigational	1
nct05643170	DB00209	investigational	1
nct05643573	DB06605	comparator	2
nct05644665	DB12612	investigational	2
nct05646459	DB09061	investigational	3
nct05648006	DB01101	backbone	2
nct05652322	DB00695	backbone	3
nct05652504	DB09153	comparator	2
nct05654870	DB11915	investigational	2
nct05655598	DB09073	backbone	3
nct05656170	DB00297	investigational	2
nct05656170	DB00281	described_only	2
nct05656222	DB00762	described_only	1
nct05658874	DB06799	investigational	2
nct05658874	DB00321	investigational	2
nct05658874	DB00996	investigational	2
nct05660967	DB00480	investigational	2
nct05661669	DB01221	investigational	2
nct05662306	DB14185	investigational	1
nct05664893	DB11730	investigational	1
nct05666219	DB01223	investigational	1
nct05666219	DB00277	investigational	1
nct05666349	DB11793	investigational	1
nct05669417	DB00653	backbone	2
nct05669560	DB11091	investigational	2
nct05670353	DB09061	investigational	2
nct05672095	DB11135	investigational	1
nct05672095	DB11793	investigational	1
nct05672342	DB09061	investigational	3
nct05673200	DB01229	single_arm_combination	1
nct05673200	DB01262	single_arm_combination	1
nct05675319	DB00188	comparator	2
nct05675319	DB00480	comparator	2
nct05675319	DB09570	comparator	2
nct05675319	DB08889	comparator	2
nct05675319	DB08910	comparator	2
nct05675319	DB11942	comparator	2
nct05675319	DB01234	comparator	2
nct05675800	DB11664	backbone	2
nct05676112	DB09079	head_to_head	3
nct05677373	DB08911	single_arm_combination	1
nct05678257	DB00650	backbone	3
nct05678257	DB00544	comparator	3
nct05678257	DB00762	backbone	3
nct05678881	DB09061	investigational	3
nct05679388	DB00503	investigational	5
nct05679388	DB11853	backbone	5
nct05684978	DB08883	investigational	1
nct05685225	DB00316	mixed	8
nct05685225	DB00704	mixed	8
nct05685602	DB00441	single_arm_combination	1
nct05685602	DB01229	single_arm_combination	1
nct05687617	DB09374	investigational	1
nct05687721	DB12483	single_arm_combination	1
nct05689021	DB00635	single_arm_combination	1
nct05689021	DB11793	single_arm_combination	1
nct05691478	DB08875	investigational	5
nct05691478	DB00563	backbone	5
nct05691478	DB00997	backbone	5
nct05693090	DB09330	backbone	2
nct05693090	DB04960	backbone	2
nct05696392	DB08877	investigational	1
nct05698563	DB00860	head_to_head	2
nct05698563	DB14669	head_to_head	2
nct05698563	DB00620	head_to_head	2
nct05698563	DB00443	head_to_head	2
nct05698563	DB00959	head_to_head	2
nct05698563	DB00635	head_to_head	2
nct05698563	DB01234	head_to_head	2
nct05698680	DB00860	investigational	2
nct05700630	DB02546	investigational	2
nct05705700	DB05812	backbone	3
nct05705700	DB01126	backbone	3
nct05709093	DB00928	backbone	2
nct05710887	DB06690	investigational	2
nct05711628	DB00361	backbone	2
nct05711628	DB00997	backbone	2
nct05711628	DB01181	backbone	2
nct05711628	DB00773	backbone	2
nct05711628	DB06769	backbone	2
nct05711628	DB00441	backbone	2
nct05714553	DB00650	backbone	2
nct05714553	DB01248	investigational	2
nct05714631	DB00281	investigational	3
nct05716607	DB00741	backbone	2
nct05717400	DB08934	single_arm_combination	1
nct05717400	DB00811	single_arm_combination	1
nct05717400	DB11613	single_arm_combination	1
nct05718297	DB12267	investigational	2
nct05718882	DB09078	investigational	1
nct05720988	DB00928	investigational	2
nct05724849	DB00285	mixed	3
nct05728736	DB11951	investigational	2
nct05729503	DB00281	investigational	2
nct05730673	DB08896	single_arm_combination	1
nct05731492	DB08932	investigational	1
nct05733351	DB05812	investigational	3
nct05733351	DB08899	investigational	3
nct05733351	DB01248	investigational	3
nct05735431	DB13867	investigational	2
nct05735431	DB00983	investigational	2
nct05736952	DB01030	investigational	1
nct05738161	DB00441	single_arm_combination	1
nct05740449	DB12340	single_arm_combination	1
nct05740449	DB11581	single_arm_combination	1
nct05740449	DB01262	single_arm_combination	1
nct05741502	DB00363	backbone	2
nct05742763	DB00316	head_to_head	3
nct05742763	DB01050	head_to_head	3
nct05743036	DB11718	backbone	2
nct05746481	DB00642	single_arm_combination	1
nct05747794	DB01229	backbone	4
nct05753007	DB09061	investigational	2
nct05755204	DB11751	head_to_head	2
nct05755204	DB00300	unmatched	2
nct05756166	DB00482	backbone	2
nct05756556	DB05239	investigational	1
nct05756660	DB02546	backbone	3
nct05756660	DB09499	backbone	3
nct05757544	DB05087	investigational	3
nct05763121	DB15130	investigational	3
nct05766514	DB01262	backbone	2
nct05766514	DB00928	comparator	2
nct05766514	DB00987	investigational	2
nct05766514	DB11581	comparator	2
nct05766514	DB00242	investigational	2
nct05770882	DB06334	single_arm_combination	1
nct05770882	DB08896	single_arm_combination	1
nct05771896	DB12941	backbone	2
nct05773326	DB06287	investigational	1
nct05773664	DB01234	backbone	2
nct05776875	DB00269	single_arm_combination	1
nct05777902	DB12612	investigational	1
nct05780879	DB11581	single_arm_combination	1
nct05788289	DB00480	single_arm_combination	1
nct05788991	DB04209	investigational	2
nct05788991	DB00916	comparator	2
nct05796271	DB01656	investigational	1
nct05799079	DB11581	single_arm_combination	1
nct05799079	DB01262	single_arm_combination	1
nct05802238	DB00302	investigational	2
nct05803551	DB01221	investigational	2
nct05804708	DB14010	investigational	1
nct05807126	DB09074	single_arm_combination	1
nct05809583	DB12612	investigational	1
nct05809895	DB00441	backbone	4
nct05809895	DB01229	backbone	4
nct05813288	DB15130	investigational	3
nct05814523	DB05087	investigational	2
nct05815160	DB00773	backbone	2
nct05815186	DB15569	single_arm_combination	1
nct05820763	DB11942	backbone	2
nct05820763	DB00480	backbone	2
nct05823480	DB00928	single_arm_combination	1
nct05824455	DB00762	investigational	1
nct05825365	DB11689	investigational	2
nct05826015	DB01229	single_arm_combination	1
nct05829434	DB00987	backbone	2
nct05829434	DB00694	backbone	2
nct05833958	DB01261	investigational	2
nct05833958	DB00331	backbone	2
nct05833958	DB06292	investigational	2
nct05834062	DB00273	unmatched	2
nct05834062	DB00191	unmatched	2
nct05835011	DB01262	single_arm_combination	1
nct05838703	DB01409	backbone	2
nct05839119	DB00441	single_arm_combination	1
nct05839119	DB06699	single_arm_combination	1
nct05839509	DB14010	investigational	1
nct05840510	DB15568	single_arm_combination	1
nct05840510	DB00877	single_arm_combination	1
nct05840536	DB00880	investigational	2
nct05840536	DB00695	backbone	2
nct05846724	DB09078	investigational	1
nct05847517	DB00264	investigational	2
nct05848843	DB15568	backbone	2
nct05849246	DB00642	mixed	3
nct05853458	DB01005	investigational	1
nct05854966	DB00331	single_arm_combination	1
nct05856994	DB00864	investigational	3
nct05858515	DB11817	investigational	2
nct05861336	DB00678	single_arm_combination	1
nct05861336	DB00441	single_arm_combination	1
nct05861336	DB01229	single_arm_combination	1
nct05866679	DB00119	investigational	1
nct05867030	DB00480	investigational	2
nct05873699	DB00119	investigational	1
nct05885074	DB09038	investigational	2
nct05887843	DB00764	backbone	3
nct05887843	DB14512	backbone	3
nct05887843	DB00972	backbone	3
nct05890768	DB06077	investigational	2
nct05890768	DB00734	comparator	2
nct05895201	DB00188	single_arm_combination	1
nct05895201	DB01261	single_arm_combination	1
nct05895201	DB00531	single_arm_combination	1
nct05897372	DB11817	backbone	2
nct05897372	DB00806	backbone	2
nct05897372	DB00678	unmatched	2
nct05897372	DB00177	unmatched	2
nct05897372	DB00999	backbone	2
nct05898828	DB11841	backbone	2
nct05900648	DB08896	single_arm_combination	1
nct05904080	DB08875	investigational	2
nct05905341	DB00947	backbone	7
nct05908513	DB06151	investigational	2
nct05909943	DB08877	investigational	1
nct05910554	DB00331	investigational	2
nct05911308	DB01229	single_arm_combination	1
nct05911308	DB00642	single_arm_combination	1
nct05915286	DB00695	single_arm_combination	1
nct05915286	DB00310	single_arm_combination	1
nct05918055	DB01262	backbone	2
nct05919394	DB00588	unmatched	2
nct05919394	DB01222	unmatched	2
nct05919394	DB13867	described_only	2
nct05921760	DB14568	backbone	2
nct05922995	DB09071	investigational	1
nct05924594	DB06701	investigational	7
nct05926206	DB00650	backbone	3
nct05926206	DB00544	backbone	3
nct05926206	DB00762	backbone	3
nct05926960	DB11967	investigational	2
nct05926960	DB11718	investigational	2
nct05931484	DB01241	investigational	2
nct05932251	DB00331	backbone	2
nct05932667	DB00947	investigational	1
nct05934097	DB00635	backbone	2
nct05934097	DB00997	backbone	2
nct05934097	DB00531	backbone	2
nct05935748	DB09073	backbone	4
nct05939752	DB09053	described_only	1
nct05942911	DB01611	comparator	4
nct05942911	DB09061	comparator	4
nct05946551	DB00927	investigational	2
nct05946551	DB00341	investigational	2
nct05948462	DB00642	single_arm_combination	1
nct05948462	DB12130	single_arm_combination	1
nct05948553	DB00472	investigational	2
nct05950971	DB00343	backbone	2
nct05950971	DB00187	backbone	2
nct05950971	DB01118	backbone	2
nct05951842	DB00818	described_only	2
nct05952687	DB11942	backbone	4
nct05954052	DB00143	investigational	1
nct05955261	DB12141	backbone	3
nct05955261	DB00773	backbone	3
nct05955261	DB01204	investigational	3
nct05955261	DB01177	backbone	3
nct05955261	DB00694	backbone	3
nct05955261	DB00928	investigational	3
nct05955261	DB00987	backbone	3
nct05955261	DB11581	backbone	3
nct05956600	DB06288	investigational	1
nct05957042	DB11104	investigational	1
nct05960617	DB09038	investigational	1
nct05964452	DB00763	investigational	0
nct05967052	DB00230	investigational	4
nct05967286	DB09074	backbone	4
nct05967286	DB12015	investigational	4
nct05973903	DB09078	single_arm_combination	1
nct05974527	DB00633	investigational	1
nct05978531	DB14219	investigational	0
nct05979415	DB00714	backbone	2
nct05980871	DB01053	head_to_head	2
nct05980871	DB00254	backbone	2
nct05980871	DB01212	head_to_head	2
nct05982522	DB01229	backbone	2
nct05983367	DB00544	backbone	2
nct05983367	DB03256	backbone	2
nct05983367	DB00762	backbone	2
nct05983965	DB12887	investigational	1
nct05986422	DB00959	backbone	2
nct05986773	DB00819	head_to_head	3
nct05986773	DB00695	backbone	3
nct05986773	DB00524	head_to_head	3
nct05991232	DB01221	investigational	1
nct05991622	DB11751	unmatched	1
nct05991622	DB08864	investigational	1
nct05994183	DB01234	investigational	1
nct05998447	DB00650	single_arm_combination	1
nct05998447	DB00544	single_arm_combination	1
nct05998941	DB01229	single_arm_combination	1
nct05999968	DB12001	single_arm_combination	1
nct05999968	DB12941	single_arm_combination	1
nct06003179	DB01073	backbone	6
nct06003179	DB00531	mixed	6
nct06005610	DB00783	backbone	3
nct06006923	DB08896	investigational	2
nct06007911	DB12340	backbone	10
nct06007911	DB11581	backbone	10
nct06007911	DB00242	backbone	10
nct06008249	DB14509	backbone	2
nct06015750	DB00188	single_arm_combination	1
nct06015750	DB00563	single_arm_combination	1
nct06015750	DB00158	single_arm_combination	1
nct06016270	DB01229	backbone	2
nct06017297	DB00441	single_arm_combination	1
nct06017323	DB00441	backbone	2
nct06017323	DB01229	backbone	2
nct06018116	DB01128	investigational	2
nct06020833	DB04847	investigational	1
nct06020833	DB00755	investigational	1
nct06021600	DB00242	backbone	3
nct06024174	DB15568	backbone	3
nct06026358	DB06137	backbone	2
nct06029530	DB00572	backbone	3
nct06030037	DB09078	backbone	2
nct06032936	DB09330	single_arm_combination	1
nct06036511	DB01221	investigational	1
nct06038539	DB01248	backbone	2
nct06046482	DB01248	investigational	2
nct06048263	DB01221	investigational	1
nct06050512	DB09570	backbone	2
nct06050512	DB01234	backbone	2
nct06054750	DB00296	investigational	2
nct06056596	DB00709	investigational	2
nct06060587	DB05812	backbone	2
nct06060587	DB01248	investigational	2
nct06068153	DB15569	single_arm_combination	1
nct06068153	DB09078	single_arm_combination	1
nct06068881	DB12887	investigational	1
nct06069778	DB00650	backbone	4
nct06069778	DB00544	backbone	4
nct06075615	DB11963	unmatched	1
nct06076837	DB00608	backbone	2
nct06076837	DB00441	backbone	2
nct06076837	DB01229	backbone	2
nct06076837	DB00482	backbone	2
nct06077669	DB00422	investigational	3
nct06078696	DB00877	single_arm_combination	1
nct06078696	DB00531	single_arm_combination	1
nct06083454	DB00126	investigational	3
nct06083571	DB01075	backbone	2
nct06083571	DB00465	backbone	2
nct06083571	DB00433	backbone	2
nct06083675	DB09038	investigational	4
nct06083675	DB00331	investigational	4
nct06085638	DB04942	backbone	2
nct06085638	DB11581	investigational	2
nct06085638	DB00928	backbone	2
nct06088862	DB00184	backbone	5
nct06093503	DB09330	investigational	2
nct06094296	DB01229	backbone	5
nct06094296	DB00642	backbone	5
nct06095986	DB11860	backbone	2
nct06096181	DB00818	backbone	2
nct06096181	DB00899	head_to_head	2
nct06096181	DB00633	head_to_head	2
nct06102902	DB11718	single_arm_combination	1
nct06103734	DB15688	investigational	3
nct06107725	DB01017	investigational	2
nct06108739	DB00531	investigational	2
nct06110195	DB01229	backbone	5
nct06110598	DB01101	investigational	2
nct06113289	DB01262	unmatched	2
nct06114940	DB09078	single_arm_combination	1
nct06116578	DB09074	head_to_head	2
nct06119529	DB00635	investigational	4
nct06120972	DB09074	investigational	1
nct06121375	DB05990	unmatched	2
nct06122922	DB13453	described_only	1
nct06126354	DB01234	backbone	2
nct06137651	DB00361	backbone	2
nct06139796	DB00503	backbone	2
nct06139796	DB01264	backbone	2
nct06142604	DB01195	investigational	2
nct06150040	DB11581	single_arm_combination	1
nct06150040	DB00928	single_arm_combination	1
nct06158100	DB11581	backbone	2
nct06158100	DB00928	backbone	2
nct06161493	DB11793	single_arm_combination	1
nct06162663	DB09034	investigational	2
nct06163755	DB00295	described_only	2
nct06163755	DB00959	backbone	2
nct06169826	DB00117	investigational	2
nct06173505	DB00642	backbone	2
nct06176794	DB00214	backbone	2
nct06180863	DB00928	investigational	1
nct06185543	DB00537	investigational	2
nct06185543	DB00482	investigational	2
nct06188637	DB12612	investigational	1
nct06199466	DB00441	backbone	2
nct06199466	DB01229	backbone	2
nct06202066	DB00853	single_arm_combination	1
nct06205290	DB09054	comparator	2
nct06205290	DB06769	comparator	2
nct06206278	DB11886	investigational	1
nct06207331	DB00633	unmatched	3
nct06210750	DB12340	investigational	8
nct06210750	DB11581	investigational	8
nct06217094	DB00669	unmatched	3
nct06217146	DB00470	investigational	2
nct06217146	DB14011	investigational	2
nct06217146	DB09061	investigational	2
nct06217536	DB12674	backbone	6
nct06218667	DB12483	single_arm_combination	1
nct06218667	DB06699	single_arm_combination	1
nct06219174	DB00129	unmatched	2
nct06221423	DB00432	unmatched	1
nct06222034	DB14845	backbone	3
nct06225297	DB11638	described_only	2
nct06225297	DB13941	described_only	2
nct06246344	DB00650	unmatched	2
nct06246344	DB00544	backbone	2
nct06246786	DB00091	investigational	1
nct06247540	DB11581	single_arm_combination	1
nct06252727	DB00855	investigational	1
nct06260748	DB06777	backbone	3
nct06267872	DB06723	investigational	7
nct06271616	DB09053	investigational	1
nct06279195	DB11853	backbone	2
nct06279195	DB00783	backbone	2
nct06280196	DB00642	backbone	3
nct06281236	DB00860	single_arm_combination	1
nct06282861	DB09076	unmatched	2
nct06282861	DB08906	investigational	2
nct06282861	DB09082	unmatched	2
nct06284460	DB01262	unmatched	2
nct06296836	DB00331	investigational	2
nct06297629	DB01262	unmatched	2
nct06302140	DB01610	investigational	4
nct06302140	DB15419	backbone	4
nct06308575	DB14765	investigational	1
nct06313996	DB00480	comparator	2
nct06313996	DB00531	comparator	2
nct06313996	DB00635	comparator	2
nct06313996	DB01073	investigational	2
nct06321068	DB01229	single_arm_combination	1
nct06321562	DB00373	backbone	3
nct06326138	DB09075	backbone	2
nct06328140	DB08815	head_to_head	2
nct06328140	DB08839	unmatched	2
nct06329830	DB11793	single_arm_combination	1
nct06332079	DB01101	single_arm_combination	1
nct06332079	DB00544	single_arm_combination	1
nct06334094	DB12612	investigational	1
nct06337331	DB11581	single_arm_combination	1
nct06337331	DB01073	single_arm_combination	1
nct06337331	DB01008	single_arm_combination	1
nct06337331	DB01262	single_arm_combination	1
nct06338657	DB01229	investigational	1
nct06339710	DB11989	backbone	3
nct06341647	DB01073	backbone	2
nct06341647	DB00531	backbone	2
nct06341712	DB08875	investigational	2
nct06348147	DB00188	single_arm_combination	1
nct06348147	DB00480	single_arm_combination	1
nct06348147	DB01234	single_arm_combination	1
nct06350175	DB00184	head_to_head	2
nct06351306	DB01262	described_only	1
nct06351306	DB00352	single_arm_combination	1
nct06351644	DB01234	single_arm_combination	1
nct06353282	DB01454	investigational	1
nct06357858	DB01262	single_arm_combination	1
nct06359015	DB00331	investigational	2
nct06359015	DB00736	investigational	2
nct06361758	DB09078	investigational	1
nct06365970	DB11793	single_arm_combination	1
nct06370663	DB00441	single_arm_combination	1
nct06377722	DB08875	investigational	1
nct06378528	DB01221	investigational	1
nct06385548	DB12674	single_arm_combination	1
nct06388889	DB15130	investigational	1
nct06390722	DB15091	investigational	2
nct06392841	DB11793	backbone	3
nct06393751	DB01229	backbone	3
nct06398587	DB00441	backbone	2
nct06398587	DB01229	backbone	2
nct06400511	DB00337	investigational	2
nct06405061	DB00762	unmatched	1
nct06407973	DB00654	head_to_head	2
nct06408168	DB00947	investigational	2
nct06417684	DB00321	head_to_head	2
nct06424639	DB00091	backbone	2
nct06428630	DB01234	backbone	3
nct06431256	DB00422	investigational	3
nct06431386	DB11823	backbone	2
nct06438861	DB14895	investigational	2
nct06441162	DB09153	investigational	2
nct06447987	DB01073	single_arm_combination	1
nct06447987	DB00531	single_arm_combination	1
nct06449482	DB11581	single_arm_combination	1
nct06449482	DB00928	single_arm_combination	1
nct06449482	DB11942	single_arm_combination	1
nct06454409	DB11581	single_arm_combination	1
nct06454409	DB00928	single_arm_combination	1
nct06454409	DB08896	single_arm_combination	1
nct06461143	DB09009	backbone	2
nct06465862	DB09299	unmatched	1
nct06465862	DB11799	unmatched	1
nct06465862	DB00879	unmatched	1
nct06466798	DB00563	investigational	2
nct06466798	DB00928	investigational	2
nct06470451	DB13014	investigational	2
nct06474663	DB00987	backbone	2
nct06474663	DB00398	backbone	2
nct06474663	DB01262	backbone	2
nct06474663	DB00242	backbone	2
nct06483789	DB00966	investigational	4
nct06483789	DB00661	investigational	4
nct06484881	DB00350	comparator	2
nct06488911	DB05990	unmatched	1
nct06488911	DB01393	unmatched	1
nct06496854	DB00186	single_arm_combination	1
nct06496854	DB01050	single_arm_combination	1
nct06498518	DB00441	investigational	1
nct06501911	DB01128	investigational	1
nct06501989	DB00544	single_arm_combination	1
nct06508489	DB11581	single_arm_combination	1
nct06508489	DB00928	single_arm_combination	1
nct06509906	DB00762	backbone	2
nct06514261	DB11581	single_arm_combination	1
nct06514261	DB00928	single_arm_combination	1
nct06514430	DB01438	head_to_head	2
nct06514430	DB00281	head_to_head	2
nct06514742	DB12341	investigational	2
nct06516887	DB11697	backbone	2
nct06518538	DB00650	investigational	1
nct06518538	DB00544	investigational	1
nct06518538	DB00762	investigational	1
nct06522360	DB00642	investigational	3
nct06522360	DB12267	backbone	3
nct06527690	DB00635	backbone	2
nct06527690	DB11793	backbone	2
nct06528093	DB00441	investigational	3
nct06528093	DB01229	investigational	3
nct06528210	DB01128	single_arm_combination	1
nct06560333	DB01261	comparator	3
nct06560333	DB06292	comparator	3
nct06563804	DB11581	investigational	4
nct06572631	DB01073	single_arm_combination	1
nct06572631	DB01262	single_arm_combination	1
nct06572631	DB00531	single_arm_combination	1
nct06575686	DB12887	single_arm_combination	1
nct06575725	DB08896	investigational	2
nct06578728	DB00563	investigational	3
nct06586099	DB00928	described_only	1
nct06586658	DB01073	unmatched	1
nct06586658	DB00531	unmatched	1
nct06590558	DB08871	single_arm_combination	1
nct06597734	DB00928	described_only	1
nct06598332	DB00928	investigational	1
nct06606327	DB01119	investigational	1
nct06611423	DB00988	mixed	4
nct06619015	DB01278	investigational	2
nct06619522	DB08877	single_arm_combination	1
nct06620302	DB00762	single_arm_combination	1
nct06625359	DB04572	investigational	1
nct06626256	DB01073	single_arm_combination	1
nct06626256	DB00531	single_arm_combination	1
nct06630221	DB06210	investigational	1
nct06630325	DB00990	investigational	7
nct06630325	DB01006	investigational	7
nct06630325	DB00675	investigational	7
nct06630325	DB00642	investigational	7
nct06630325	DB00441	investigational	7
nct06630325	DB12001	investigational	7
nct06630325	DB09330	investigational	7
nct06639087	DB06292	backbone	2
nct06639958	DB01033	investigational	4
nct06644079	DB00302	investigational	1
nct06658977	DB01048	investigational	1
nct06658977	DB08930	investigational	1
nct06658977	DB00709	investigational	1
nct06662227	DB14219	unmatched	1
nct06662227	DB01024	described_only	1
nct06662227	DB00688	described_only	1
nct06663046	DB00688	described_only	1
nct06670976	DB00571	investigational	1
nct06671912	DB00675	backbone	2
nct06671912	DB00990	comparator	2
nct06671912	DB01217	comparator	2
nct06671912	DB01006	comparator	2
nct06680479	DB06723	investigational	2
nct06682637	DB01234	single_arm_combination	1
nct06692452	DB00531	backbone	2
nct06692452	DB12887	backbone	2
nct06692452	DB00997	backbone	2
nct06692452	DB00635	backbone	2
nct06694454	DB00928	backbone	2
nct06694454	DB00441	backbone	2
nct06694454	DB01229	backbone	2
nct06694454	DB00642	backbone	2
nct06695507	DB08877	investigational	1
nct06698744	DB01073	single_arm_combination	1
nct06698744	DB00531	single_arm_combination	1
nct06705478	DB00413	investigational	2
nct06705478	DB01175	investigational	2
nct06708611	DB00214	backbone	2
nct06713785	DB00381	backbone	2
nct06719973	DB00773	investigational	3
nct06732258	DB00773	single_arm_combination	1
nct06739252	DB00441	investigational	1
nct06739252	DB01229	unmatched	1
nct06739252	DB00544	described_only	1
nct06745726	DB00722	investigational	1
nct06752135	DB01229	investigational	1
nct06756971	DB00818	head_to_head	2
nct06756971	DB00633	head_to_head	2
nct06761677	DB12151	investigational	1
nct06767566	DB01221	backbone	2
nct06768320	DB00191	investigational	2
nct06770257	DB00987	investigational	3
nct06770257	DB11581	backbone	3
nct06770257	DB00694	investigational	3
nct06773403	DB15091	investigational	1
nct06795178	DB06825	investigational	1
nct06795191	DB06825	investigational	1
nct06802523	DB11581	backbone	2
nct06802523	DB01262	backbone	2
nct06804850	DB08916	backbone	2
nct06810765	DB14010	backbone	2
nct06829199	DB09074	backbone	2
nct06834386	DB09034	investigational	2
nct06834399	DB04858	investigational	1
nct06839872	DB11703	single_arm_combination	1
nct06843187	DB11951	investigational	2
nct06844669	DB09038	investigational	4
nct06844669	DB01136	investigational	4
nct06848556	DB04858	investigational	2
nct06851442	DB00947	investigational	1
nct06860386	DB06626	single_arm_combination	1
nct06876142	DB00877	backbone	2
nct06876142	DB07101	backbone	2
nct06878833	DB00734	backbone	3
nct06884683	DB00331	investigational	1
nct06886620	DB01166	backbone	2
nct06895577	DB01101	investigational	1
nct06897579	DB00773	backbone	2
nct06902246	DB08896	investigational	1
nct06903702	DB11581	investigational	2
nct06903702	DB00928	investigational	2
nct06907316	DB00671	investigational	2
nct06925789	DB00296	investigational	1
nct06938711	DB12637	single_arm_combination	1
nct06938711	DB06374	single_arm_combination	1
nct06941688	DB00441	backbone	2
nct06941688	DB01262	investigational	2
nct06964165	DB01229	investigational	2
nct06964165	DB11793	investigational	2
nct06984341	DB01073	investigational	3
nct06984341	DB00531	backbone	3
nct06984341	DB04974	backbone	3
nct06985342	DB15688	investigational	2
nct06985342	DB12457	investigational	2
nct07000344	DB14765	described_only	2
nct07000344	DB01006	described_only	2
nct07007221	DB00472	investigational	8
nct07007221	DB00331	investigational	8
nct07011550	DB09343	single_arm_combination	1
nct07011550	DB00432	single_arm_combination	1
nct07011849	DB09078	investigational	2
nct07012330	DB01101	investigational	2
nct07014735	DB00218	investigational	2
nct07030699	DB00480	single_arm_combination	1
nct07040059	DB01101	backbone	5
nct07040059	DB01373	unmatched	5
nct07050836	DB00556	investigational	1
nct07057089	DB01101	backbone	2
nct07057479	DB11898	mixed	3
nct07071961	DB08896	single_arm_combination	1
nct07073183	DB01229	described_only	5
nct07077187	DB01367	investigational	4
nct07082270	DB08889	single_arm_combination	1
nct07082270	DB01234	single_arm_combination	1
nct07092410	DB11967	investigational	1
nct07092410	DB11718	investigational	1
nct07137390	DB08896	single_arm_combination	1
nct07162649	DB00633	investigational	2
nct07166367	DB01101	single_arm_combination	1
nct07166367	DB05944	single_arm_combination	1
nct07171112	DB01156	investigational	3
nct07216833	DB01262	single_arm_combination	1
nct07217379	DB02546	investigational	3
nct07223294	DB08906	investigational	3
nct07223294	DB09082	investigational	3
nct07223567	DB08896	single_arm_combination	1
nct07259655	DB01364	head_to_head	2
nct07259655	DB00368	head_to_head	2
nct07283848	DB01248	single_arm_combination	1
nct07283848	DB00650	single_arm_combination	1
nct07283848	DB00544	single_arm_combination	1
nct07313774	DB00448	comparator	3
nct07340853	DB01073	backbone	3
nct07340853	DB00531	backbone	3
nct07342517	DB00441	investigational	1
nct07342517	DB01248	investigational	1
nct07369791	DB00441	backbone	2
nct07375212	DB00887	investigational	1
nct07377526	DB15463	unmatched	1
nct07387354	DB00928	backbone	4
nct07387354	DB11697	backbone	4
nct07388563	DB00928	backbone	2
nct07408089	DB00947	investigational	4
nct07428369	DB00188	backbone	3
nct07428369	DB00480	backbone	3
nct07428486	DB00987	single_arm_combination	1
nct07428486	DB01073	single_arm_combination	1
nct07449481	DB00773	unmatched	2
nct07517445	DB05154	backbone	3
nct07517445	DB02701	investigational	3
nct07517445	DB00601	backbone	3
nct07517445	DB08903	backbone	3
nct07523009	DB00091	single_arm_combination	1
nct07523009	DB06210	described_only	1
nct07524257	DB01229	backbone	2
nct07524257	DB01248	backbone	2
nct07524257	DB00642	backbone	2
nct07537894	DB00633	investigational	2
nct07541378	DB09076	investigational	4
nct07541378	DB05039	investigational	4
nct07541378	DB01409	mixed	4
nct07541378	DB09082	investigational	4
nct07541378	DB00986	investigational	4
nct07541378	DB09080	investigational	4
nct07570966	DB01006	investigational	5
nct07570966	DB00947	investigational	5
nct07585734	DB00531	described_only	3
nct07585734	DB00694	described_only	3
nct07585734	DB00635	described_only	3
