ot_disease	ot_name	disease	route	depth_gap
HP_0000027	Azoospermia	DOID:14227	direct	0
HP_0000161	Median cleft upper lip	DOID:9296	ancestor:EFO_0003959	2
HP_0000204	Cleft upper lip	DOID:9296	ancestor:EFO_0003959	1
HP_0000483	Astigmatism	DOID:9835	direct	0
HP_0001878	Hemolytic anemia	DOID:2355	ancestor:MONDO_0002280	1
HP_0001891	Iron deficiency anemia	DOID:2355	ancestor:MONDO_0002280	4
HP_0001956	Truncal obesity	DOID:9970	ancestor:MONDO_0011122	1
HP_0004856	Normochromic microcytic anemia	DOID:2355	ancestor:MONDO_0002280	4
HP_0004860	Thiamine-responsive megaloblastic anemia	DOID:2355	ancestor:MONDO_0002280	5
HP_0005532	Macrocytic dyserythropoietic anemia	DOID:2355	ancestor:MONDO_0002280	3
HP_0009589	Bilateral vestibular schwannoma	DOID:1192	ancestor:MONDO_0001406	16
HP_0010972	Anemia of inadequate production	DOID:2355	ancestor:MONDO_0002280	2
HP_0011961	Non-obstructive azoospermia	DOID:14227	ancestor:HP_0000027	1
HP_0011962	Obstructive azoospermia	DOID:14227	ancestor:HP_0000027	1
HP_0012042	Aspirin-induced asthma	DOID:2841	ancestor:MONDO_0004979	1
HP_0012743	Abdominal obesity	DOID:9970	ancestor:MONDO_0011122	1
HP_0025501	Class III obesity	DOID:9970	ancestor:MONDO_0011122	1
HP_0100027	Recurrent pancreatitis	DOID:4989	ancestor:MONDO_0004982	1
HP_0100698	Subcutaneous neurofibroma	DOID:1192	ancestor:MONDO_0001406	13
HP_0430034	Hypertension resistant to conventional therapy	DOID:10763	ancestor:MONDO_0005044	1
MONDO_0000030	familial sleep-related hypermotor epilepsy	DOID:1826	ancestor:MONDO_0005027	12
MONDO_0000045	hypothyroidism, congenital, nongoitrous	DOID:1459	ancestor:MONDO_0005420	4
MONDO_0000079	nephrolithiasis/osteoporosis, hypophosphatemic	DOID:11476	ancestor:MONDO_0005298	1
MONDO_0000104	anemia, hypochromic microcytic with iron overload	DOID:2355	ancestor:MONDO_0002280	8
MONDO_0000105	anemia, nonspherocytic hemolytic	DOID:2355	ancestor:MONDO_0002280	13
MONDO_0000160	epilepsy, familial adult myoclonic	DOID:1826	ancestor:MONDO_0005027	6
MONDO_0000188	GLUT1 deficiency syndrome	DOID:1826	ancestor:MONDO_0005027	11
MONDO_0000309	aniseikonia	DOID:9835	ancestor:MONDO_0004892	1
MONDO_0000365	primary congenital glaucoma	DOID:1686	ancestor:MONDO_0005041	9
MONDO_0000371	oral cavity carcinoma in situ	DOID:11934	ancestor:MONDO_0005627	17
MONDO_0000373	gall bladder carcinoma in situ	DOID:3121	ancestor:MONDO_0005411	8
MONDO_0000374	bile duct carcinoma in situ	DOID:4606	ancestor:MONDO_0003059	10
MONDO_0000375	bronchus carcinoma in situ	DOID:1324	ancestor:MONDO_0008903	12
MONDO_0000379	malignant Sertoli-Leydig cell tumor	DOID:2998	ancestor:MONDO_0005447	4
MONDO_0000380	paranasal sinus carcinoma	DOID:184	ancestor:MONDO_0002129	22
MONDO_0000381	infiltrating renal pelvis transitional cell carcinoma	DOID:263	ancestor:MONDO_0002367	16
MONDO_0000387	hypochromic microcytic anemia	DOID:2355	ancestor:MONDO_0002280	5
MONDO_0000407	malignant pleural solitary fibrous tumor	DOID:9917	ancestor:MONDO_0006294	8
MONDO_0000430	mature T-cell and NK-cell non-Hodgkin lymphoma	DOID:2531	ancestor:MONDO_0002334	9
MONDO_0000432	lymphoplasmacytic lymphoma	DOID:2531	ancestor:MONDO_0002334	8
MONDO_0000448	paraganglioma	DOID:1192	ancestor:MONDO_0001406	11
MONDO_0000450	secondary progressive multiple sclerosis	DOID:2377	ancestor:EFO_0803536	2
MONDO_0000451	primary progressive multiple sclerosis	DOID:2377	ancestor:EFO_0803536	2
MONDO_0000500	tongue squamous cell carcinoma	DOID:11934	ancestor:MONDO_0005627	26
MONDO_0000503	lung adenocarcinoma in situ	DOID:1324	ancestor:MONDO_0008903	13
MONDO_0000514	bone squamous cell carcinoma	DOID:184	ancestor:MONDO_0002129	6
MONDO_0000515	bone chondrosarcoma	DOID:184	ancestor:MONDO_0002129	6
MONDO_0000521	salivary gland carcinoma	DOID:8850	ancestor:MONDO_0004669	7
MONDO_0000524	mixed extragonadal germ cell cancer	DOID:2994	ancestor:MONDO_0005040	6
MONDO_0000531	bronchus mucoepidermoid carcinoma	DOID:1324	ancestor:MONDO_0008903	19
MONDO_0000532	lung combined type small cell adenocarcinoma	DOID:1324	ancestor:MONDO_0008903	20
MONDO_0000534	trachea mucoepidermoid carcinoma	DOID:11920	ancestor:MONDO_0001407	11
MONDO_0000536	pharyngeal squamous cell carcinoma	DOID:0060119	ancestor:MONDO_0005517	9
MONDO_0000541	jejunal adenocarcinoma	DOID:13499	ancestor:MONDO_0006815	8
MONDO_0000543	ovarian melanoma	DOID:1909	ancestor:MONDO_0005105	11
MONDO_0000544	mucosal melanoma	DOID:1909	ancestor:MONDO_0005105	2
MONDO_0000545	sublingual gland adenoid cystic carcinoma	DOID:8850	ancestor:MONDO_0004669	19
MONDO_0000548	ovarian clear cell cancer	DOID:2394	ancestor:MONDO_0008170	6
MONDO_0000550	extra-adrenal sympathetic paraganglioma	DOID:1192	ancestor:MONDO_0001406	15
MONDO_0000552	breast lobular carcinoma	DOID:1612	ancestor:MONDO_0007254	9
MONDO_0000553	uterine corpus endometrial carcinoma	DOID:363	ancestor:MONDO_0002715	10
MONDO_0000554	endocervical adenocarcinoma	DOID:4362	ancestor:MONDO_0002974	10
MONDO_0000577	congenital anemia	DOID:2355	ancestor:MONDO_0002280	2
MONDO_0000607	primary cutaneous T-cell non-Hodgkin lymphoma	DOID:4159	ancestor:MONDO_0002898	9
MONDO_0000612	lymphatic system cancer	DOID:0060073	direct	0
MONDO_0000616	progesterone-receptor negative breast cancer	DOID:1612	ancestor:MONDO_0007254	5
MONDO_0000618	Her2-receptor negative breast cancer	DOID:1612	ancestor:MONDO_0007254	5
MONDO_0000700	familial hemiplegic migraine	DOID:6364	ancestor:MONDO_0005277	6
MONDO_0000708	Crohn jejunoileitis	DOID:8778	ancestor:MONDO_0005011	7
MONDO_0000709	Crohn ileitis	DOID:8778	ancestor:MONDO_0005011	5
MONDO_0000710	gastroduodenal Crohn disease	DOID:8778	ancestor:MONDO_0005011	9
MONDO_0000715	lymph node adenoid cystic carcinoma	DOID:0060073	ancestor:MONDO_0000612	9
MONDO_0000727	scapuloperoneal myopathy	DOID:12930	ancestor:MONDO_0005021	18
MONDO_0000814	B-cell adult acute lymphocytic leukemia	DOID:2531	ancestor:MONDO_0002334	19
MONDO_0000828	juvenile-onset Parkinson disease	DOID:14330	ancestor:MONDO_0005180	9
MONDO_0000863	myopathy, lactic acidosis, and sideroblastic anemia	DOID:2355	ancestor:MONDO_0002280	39
MONDO_0000870	childhood acute lymphoblastic leukemia	DOID:2531	ancestor:MONDO_0002334	17
MONDO_0000871	T-cell childhood acute lymphocytic leukemia	DOID:2531	ancestor:MONDO_0002334	26
MONDO_0000872	B-cell childhood acute lymphoblastic leukemia	DOID:2531	ancestor:MONDO_0002334	25
MONDO_0000873	lymphoblastic lymphoma	DOID:2531	ancestor:MONDO_0002334	7
MONDO_0000874	T-cell childhood lymphoblastic lymphoma	DOID:2531	ancestor:MONDO_0002334	15
MONDO_0000875	adult acute monocytic leukemia	DOID:184	ancestor:MONDO_0002129	28
MONDO_0000892	colon medullary carcinoma	DOID:219	ancestor:MONDO_0021063	12
MONDO_0000894	mucinous bronchioloalveolar adenocarcinoma	DOID:1324	ancestor:MONDO_0008903	13
MONDO_0000919	ampulla of vater cancer	DOID:4606	ancestor:MONDO_0003059	23
MONDO_0000920	duodenum cancer	DOID:10021	direct	0
MONDO_0000923	interstitial emphysema	DOID:3083	ancestor:MONDO_0005002	2
MONDO_0000924	compensatory emphysema	DOID:3083	ancestor:MONDO_0005002	2
MONDO_0000928	eyelid melanoma	DOID:2174	ancestor:MONDO_0002236	21
MONDO_0000930	nodular malignant melanoma	DOID:4159	ancestor:MONDO_0002898	5
MONDO_0000951	thymus lymphoma	DOID:3277	ancestor:MONDO_0002586	10
MONDO_0000952	cancer of long bone of lower limb	DOID:184	ancestor:MONDO_0002129	2
MONDO_0000955	ileum cancer	DOID:10153	direct	0
MONDO_0000959	malignant hypertensive renal disease	DOID:10763	ancestor:MONDO_0005044	5
MONDO_0000980	aortic atherosclerosis	DOID:1936	ancestor:MONDO_0005311	2
MONDO_0000993	prostate squamous cell carcinoma	DOID:10283	ancestor:MONDO_0008315	6
MONDO_0000996	prostate lymphoma	DOID:10283	ancestor:MONDO_0008315	7
MONDO_0001014	chronic leukemia	DOID:2531	ancestor:MONDO_0002334	3
MONDO_0001023	prolymphocytic leukemia	DOID:2531	ancestor:MONDO_0002334	13
MONDO_0001028	acute pericementitis	DOID:824	ancestor:MONDO_0005076	1
MONDO_0001056	gastric cancer	DOID:10534	direct	0
MONDO_0001059	gastric lymphoma	DOID:10534	ancestor:MONDO_0001056	8
MONDO_0001063	cardia cancer	DOID:10534	ancestor:MONDO_0001056	1
MONDO_0001082	lymph node cancer	DOID:0060073	ancestor:MONDO_0000612	3
MONDO_0001093	colonic lymphangioma	DOID:2531	ancestor:MONDO_0002334	25
MONDO_0001095	mediastinum neuroblastoma	DOID:5559	ancestor:MONDO_0005843	13
MONDO_0001096	mediastinum ganglioneuroblastoma	DOID:5559	ancestor:MONDO_0005843	16
MONDO_0001105	renal hypertension	DOID:10763	ancestor:MONDO_0005044	4
MONDO_0001108	broad ligament malignant neoplasm	DOID:363	ancestor:MONDO_0002715	7
MONDO_0001110	chronic pyelonephritis	DOID:784	ancestor:MONDO_0005300	14
MONDO_0001128	nasal cavity cancer	DOID:10811	direct	0
MONDO_0001129	nasal cavity olfactory neuroblastoma	DOID:10811	ancestor:MONDO_0001128	24
MONDO_0001130	nasal cavity lymphoma	DOID:10811	ancestor:MONDO_0001128	7
MONDO_0001134	essential hypertension	DOID:10763	ancestor:MONDO_0005044	1
MONDO_0001184	chronic rapidly progressive glomerulonephritis	DOID:784	ancestor:MONDO_0005300	17
MONDO_0001187	urinary bladder cancer	DOID:11054	direct	0
MONDO_0001188	esophagus lymphoma	DOID:5041	ancestor:MONDO_0007576	8
MONDO_0001192	esophageal melanoma	DOID:5041	ancestor:MONDO_0007576	5
MONDO_0001200	secondary hypertension	DOID:10763	ancestor:MONDO_0005044	1
MONDO_0001204	esophagus sarcoma	DOID:5041	ancestor:MONDO_0007576	6
MONDO_0001235	appendix cancer	DOID:11239	direct	0
MONDO_0001237	appendix lymphoma	DOID:11239	ancestor:MONDO_0001235	11
MONDO_0001240	neonatal anemia	DOID:2355	ancestor:MONDO_0002280	3
MONDO_0001245	microcytic anemia	DOID:2355	ancestor:MONDO_0002280	3
MONDO_0001251	chronic apical periodontitis	DOID:824	ancestor:MONDO_0005076	3
MONDO_0001275	spinal meningioma	DOID:3565	ancestor:MONDO_0016642	4
MONDO_0001279	intraspinal meningioma	DOID:3565	ancestor:MONDO_0016642	1
MONDO_0001290	allergic cutaneous vasculitis	DOID:3310	ancestor:MONDO_0004980	9
MONDO_0001325	penile cancer	DOID:11615	direct	0
MONDO_0001330	presbyopia	DOID:9835	ancestor:MONDO_0004892	2
MONDO_0001350	parametrium malignant neoplasm	DOID:363	ancestor:MONDO_0002715	8
MONDO_0001351	uterine adnexa cancer	DOID:363	ancestor:MONDO_0002715	1
MONDO_0001357	hypochromic anemia	DOID:2355	ancestor:MONDO_0002280	3
MONDO_0001374	bladder sarcoma	DOID:11054	ancestor:MONDO_0001187	6
MONDO_0001375	bladder trigone cancer	DOID:11054	ancestor:MONDO_0001187	2
MONDO_0001378	urachus cancer	DOID:11054	ancestor:MONDO_0001187	1
MONDO_0001380	bladder dome cancer	DOID:11054	ancestor:MONDO_0001187	1
MONDO_0001381	bladder lymphoma	DOID:11054	ancestor:MONDO_0001187	7
MONDO_0001384	myopia	DOID:9835	ancestor:MONDO_0004892	5
MONDO_0001387	penile sarcoma	DOID:11615	ancestor:MONDO_0001325	6
MONDO_0001388	glans penis cancer	DOID:11615	ancestor:MONDO_0001325	1
MONDO_0001400	schwannoma of ureter	DOID:1192	ancestor:MONDO_0001406	28
MONDO_0001402	vaginal cancer	DOID:119	direct	0
MONDO_0001406	peripheral nervous system neoplasm	DOID:1192	direct	0
MONDO_0001407	tracheal cancer	DOID:11920	direct	0
MONDO_0001417	tracheal lymphoma	DOID:11920	ancestor:MONDO_0001407	7
MONDO_0001418	trachea sarcoma	DOID:11920	ancestor:MONDO_0001407	6
MONDO_0001419	trachea squamous cell carcinoma	DOID:11920	ancestor:MONDO_0001407	6
MONDO_0001420	trigeminal nerve neoplasm	DOID:1192	ancestor:MONDO_0001406	5
MONDO_0001426	mediastinum neurofibroma	DOID:1192	ancestor:MONDO_0001406	10
MONDO_0001464	sigmoid colon cancer	DOID:219	ancestor:MONDO_0021063	2
MONDO_0001487	intrahepatic bile duct cancer	DOID:4606	ancestor:MONDO_0003059	1
MONDO_0001499	retroperitoneal lymphoma	DOID:5875	ancestor:MONDO_0005941	7
MONDO_0001501	retroperitoneal sarcoma	DOID:5875	ancestor:MONDO_0005941	6
MONDO_0001502	retroperitoneum carcinoma	DOID:5875	ancestor:MONDO_0005941	3
MONDO_0001528	vulva cancer	DOID:1245	direct	0
MONDO_0001554	phacogenic glaucoma	DOID:1686	ancestor:MONDO_0005041	1
MONDO_0001569	acoustic neuroma	DOID:1192	ancestor:MONDO_0001406	15
MONDO_0001580	lacrimal duct cancer	DOID:2174	ancestor:MONDO_0002236	4
MONDO_0001606	central nervous system leukemia	DOID:2531	ancestor:MONDO_0002334	8
MONDO_0001639	deficiency anemia	DOID:2355	ancestor:MONDO_0002280	1
MONDO_0001641	severe pre-eclampsia	DOID:10763	ancestor:MONDO_0005044	9
MONDO_0001652	scrotum melanoma	DOID:1909	ancestor:MONDO_0005105	8
MONDO_0001657	brain cancer	DOID:1319	direct	0
MONDO_0001700	megaloblastic anemia	DOID:2355	ancestor:MONDO_0002280	4
MONDO_0001705	pure red-cell aplasia	DOID:2355	ancestor:MONDO_0002280	1
MONDO_0001713	inherited aplastic anemia	DOID:2355	ancestor:MONDO_0002280	6
MONDO_0001724	supraglottis cancer	DOID:2596	ancestor:MONDO_0002352	2
MONDO_0001740	cornea squamous cell carcinoma	DOID:2174	ancestor:MONDO_0002236	11
MONDO_0001743	paranasal sinus lymphoma	DOID:184	ancestor:MONDO_0002129	24
MONDO_0001744	angle-closure glaucoma	DOID:1686	ancestor:MONDO_0005041	1
MONDO_0001748	maxillary sinus carcinoma	DOID:184	ancestor:MONDO_0002129	34
MONDO_0001758	paranasal sinus sarcoma	DOID:184	ancestor:MONDO_0002129	28
MONDO_0001763	ethmoid sinus cancer	DOID:184	ancestor:MONDO_0002129	24
MONDO_0001784	malignant renovascular hypertension	DOID:10763	ancestor:MONDO_0005044	9
MONDO_0001785	malignant secondary hypertension	DOID:10763	ancestor:MONDO_0005044	3
MONDO_0001789	neurofibroma of spinal cord	DOID:1192	ancestor:MONDO_0001406	11
MONDO_0001817	acute closed-angle glaucoma	DOID:1686	ancestor:MONDO_0005041	3
MONDO_0001841	uterine corpus epithelioid leiomyoma	DOID:13223	ancestor:MONDO_0007886	1
MONDO_0001852	small intestine lymphoma	DOID:2531	ancestor:MONDO_0002334	17
MONDO_0001868	primary angle-closure glaucoma	DOID:1686	ancestor:MONDO_0005041	2
MONDO_0001876	renal artery atheroma	DOID:1936	ancestor:MONDO_0005311	6
MONDO_0001879	anus cancer	DOID:1993	ancestor:MONDO_0006519	3
MONDO_0001884	abducens nerve neoplasm	DOID:1192	ancestor:MONDO_0001406	5
MONDO_0001888	anus lymphoma	DOID:1993	ancestor:MONDO_0006519	13
MONDO_0001892	spinal cord lymphoma	DOID:5612	ancestor:MONDO_0003544	22
MONDO_0001893	spinal cord melanoma	DOID:5612	ancestor:MONDO_0003544	6
MONDO_0001894	spinal cord sarcoma	DOID:5612	ancestor:MONDO_0003544	7
MONDO_0001966	chronic closed-angle glaucoma	DOID:1686	ancestor:MONDO_0005041	3
MONDO_0001977	ureteral lymphoma	DOID:11819	ancestor:MONDO_0008627	7
MONDO_0001991	malignant cardiac germ cell tumor	DOID:2994	ancestor:MONDO_0005040	14
MONDO_0001999	idiopathic pulmonary arterial hypertension	DOID:10763	ancestor:MONDO_0005044	8
MONDO_0002009	major depressive disorder	DOID:1595	direct	0
MONDO_0002013	lymphangioma	DOID:2531	ancestor:MONDO_0002334	11
MONDO_0002032	colon carcinoma	DOID:219	ancestor:MONDO_0021063	6
MONDO_0002033	cecum cancer	DOID:219	ancestor:MONDO_0021063	3
MONDO_0002034	cecum lymphoma	DOID:219	ancestor:MONDO_0021063	13
MONDO_0002035	colon lymphoma	DOID:219	ancestor:MONDO_0021063	9
MONDO_0002038	head and neck carcinoma	DOID:11934	ancestor:MONDO_0005627	3
MONDO_0002071	supratentorial cancer	DOID:1319	ancestor:MONDO_0001657	1
MONDO_0002073	malignant pineal area germ cell neoplasm	DOID:1319	ancestor:MONDO_0001657	16
MONDO_0002087	peritoneum cancer	DOID:1725	direct	0
MONDO_0002096	malignant conjunctival melanoma	DOID:2174	ancestor:MONDO_0002236	8
MONDO_0002101	facial nerve neoplasm	DOID:1192	ancestor:MONDO_0001406	5
MONDO_0002108	thyroid cancer	DOID:1781	direct	0
MONDO_0002109	pituitary cancer	DOID:184	ancestor:MONDO_0002129	32
MONDO_0002109	pituitary cancer	DOID:1319	ancestor:MONDO_0001657	32
MONDO_0002113	peritoneal carcinoma	DOID:1725	ancestor:MONDO_0002087	3
MONDO_0002114	pancreas lymphoma	DOID:1793	ancestor:MONDO_0009831	8
MONDO_0002116	malignant exocrine pancreas neoplasm	DOID:1793	ancestor:MONDO_0009831	2
MONDO_0002117	pancreas sarcoma	DOID:1793	ancestor:MONDO_0009831	6
MONDO_0002129	bone cancer	DOID:184	direct	0
MONDO_0002131	jaw cancer	DOID:184	ancestor:MONDO_0002129	13
MONDO_0002132	skull cancer	DOID:184	ancestor:MONDO_0002129	5
MONDO_0002138	allergic contact dermatitis of eyelid	DOID:3310	ancestor:MONDO_0004980	10
MONDO_0002140	vagina sarcoma	DOID:119	ancestor:MONDO_0001402	6
MONDO_0002141	cutaneous undifferentiated pleomorphic sarcoma	DOID:184	ancestor:MONDO_0002129	18
MONDO_0002142	undifferentiated pleomorphic sarcoma	DOID:184	ancestor:MONDO_0002129	8
MONDO_0002143	vaginal yolk sac tumor	DOID:119	ancestor:MONDO_0001402	10
MONDO_0002158	fallopian tube cancer	DOID:1964	direct	0
MONDO_0002159	fallopian tube leiomyosarcoma	DOID:1964	ancestor:MONDO_0002158	21
MONDO_0002162	fallopian tube adenosarcoma	DOID:1964	ancestor:MONDO_0002158	6
MONDO_0002163	thymus lipoma	DOID:2531	ancestor:MONDO_0002334	21
MONDO_0002166	rectum lymphoma	DOID:1993	ancestor:MONDO_0006519	9
MONDO_0002167	rectum malignant melanoma	DOID:1993	ancestor:MONDO_0006519	5
MONDO_0002168	rectum sarcoma	DOID:1993	ancestor:MONDO_0006519	2
MONDO_0002169	rectum adenocarcinoma	DOID:1993	ancestor:MONDO_0006519	10
MONDO_0002178	placenta cancer	DOID:363	ancestor:MONDO_0002715	6
MONDO_0002205	vulvar melanoma	DOID:1245	ancestor:MONDO_0001528	4
MONDO_0002206	sweat gland cancer	DOID:4159	ancestor:MONDO_0002898	5
MONDO_0002207	vulval Paget disease	DOID:1245	ancestor:MONDO_0001528	10
MONDO_0002214	brain germinoma	DOID:1319	ancestor:MONDO_0001657	9
MONDO_0002216	brain sarcoma	DOID:1319	ancestor:MONDO_0001657	7
MONDO_0002217	central nervous system sarcoma	DOID:1115	ancestor:MONDO_0005089	11
MONDO_0002218	temporal lobe cancer	DOID:1319	ancestor:MONDO_0001657	5
MONDO_0002223	ovarian malignant mesothelioma	DOID:2394	ancestor:MONDO_0008170	4
MONDO_0002225	ovarian sarcoma	DOID:2394	ancestor:MONDO_0008170	6
MONDO_0002227	ovarian lymphoma	DOID:2394	ancestor:MONDO_0008170	7
MONDO_0002230	ovarian Wilms tumor	DOID:2394	ancestor:MONDO_0008170	7
MONDO_0002233	enamel caries	DOID:216	ancestor:MONDO_0005276	1
MONDO_0002236	ocular cancer	DOID:2174	direct	0
MONDO_0002238	ascending colon cancer	DOID:219	ancestor:MONDO_0021063	1
MONDO_0002262	capillary lymphangioma	DOID:2531	ancestor:MONDO_0002334	15
MONDO_0002271	colon adenocarcinoma	DOID:219	ancestor:MONDO_0021063	10
MONDO_0002280	anemia	DOID:2355	direct	0
MONDO_0002281	macrocytic anemia	DOID:2355	ancestor:MONDO_0002280	1
MONDO_0002291	cutaneous granular cell tumor	DOID:1192	ancestor:MONDO_0001406	10
MONDO_0002334	hematopoietic and lymphoid system neoplasm	DOID:2531	direct	0
MONDO_0002343	splenic hemangioma	DOID:2531	ancestor:MONDO_0002334	18
MONDO_0002351	glottis cancer	DOID:2596	ancestor:MONDO_0002352	2
MONDO_0002352	larynx cancer	DOID:2596	direct	0
MONDO_0002355	glottis carcinoma	DOID:2596	ancestor:MONDO_0002352	6
MONDO_0002358	laryngeal carcinoma	DOID:2596	ancestor:MONDO_0002352	3
MONDO_0002366	autonomic nervous system neoplasm	DOID:1192	ancestor:MONDO_0001406	4
MONDO_0002367	kidney cancer	DOID:263	direct	0
MONDO_0002372	ovarian monodermal and highly specialized teratoma	DOID:2994	ancestor:MONDO_0005040	16
MONDO_0002376	spleen angiosarcoma	DOID:175	ancestor:EFO_0003967	20
MONDO_0002379	cystic teratoma	DOID:2994	ancestor:MONDO_0005040	3
MONDO_0002387	liver angiosarcoma	DOID:3571	ancestor:MONDO_0002691	16
MONDO_0002397	liver sarcoma	DOID:3571	ancestor:MONDO_0002691	6
MONDO_0002415	bone carcinoma	DOID:184	ancestor:MONDO_0002129	3
MONDO_0002416	ethmoid sinus squamous cell carcinoma	DOID:184	ancestor:MONDO_0002129	30
MONDO_0002418	ethmoid sinus adenocarcinoma	DOID:184	ancestor:MONDO_0002129	27
MONDO_0002422	adamantinoma	DOID:184	ancestor:MONDO_0002129	4
MONDO_0002424	rectosigmoid carcinoma	DOID:1993	ancestor:MONDO_0006519	16
MONDO_0002424	rectosigmoid carcinoma	DOID:219	ancestor:MONDO_0021063	16
MONDO_0002425	rectosigmoid junction cancer	DOID:1993	ancestor:MONDO_0006519	7
MONDO_0002425	rectosigmoid junction cancer	DOID:219	ancestor:MONDO_0021063	7
MONDO_0002426	lung sarcoma	DOID:1324	ancestor:MONDO_0008903	6
MONDO_0002432	malignant neoplasm of acoustic nerve	DOID:1192	ancestor:MONDO_0001406	18
MONDO_0002433	malignant cranial nerve neoplasm	DOID:1192	ancestor:MONDO_0001406	8
MONDO_0002434	oculomotor nerve cancer	DOID:1192	ancestor:MONDO_0001406	11
MONDO_0002435	oculomotor nerve neoplasm	DOID:1192	ancestor:MONDO_0001406	5
MONDO_0002447	endometrial carcinoma	DOID:363	ancestor:MONDO_0002715	7
MONDO_0002448	laryngeal sarcoma	DOID:2596	ancestor:MONDO_0002352	6
MONDO_0002460	lacrimal system cancer	DOID:2174	ancestor:MONDO_0002236	3
MONDO_0002463	lacrimal gland carcinoma	DOID:2174	ancestor:MONDO_0002236	11
MONDO_0002464	lacrimal gland cancer	DOID:2174	ancestor:MONDO_0002236	6
MONDO_0002466	eye carcinoma	DOID:2174	ancestor:MONDO_0002236	4
MONDO_0002469	lacrimal gland carcinoma ex pleomorphic adenoma	DOID:2174	ancestor:MONDO_0002236	16
MONDO_0002475	lacrimal gland adenocarcinoma	DOID:2174	ancestor:MONDO_0002236	14
MONDO_0002481	ovarian neuroendocrine neoplasm	DOID:2394	ancestor:MONDO_0008170	4
MONDO_0002486	lobular neoplasia	DOID:1612	ancestor:MONDO_0007254	8
MONDO_0002487	breast granular cell tumor	DOID:1192	ancestor:MONDO_0001406	9
MONDO_0002489	malignant breast phyllodes tumor	DOID:1612	ancestor:MONDO_0007254	10
MONDO_0002490	breast sarcoma	DOID:1612	ancestor:MONDO_0007254	6
MONDO_0002493	prostatic acinar adenocarcinoma	DOID:10283	ancestor:MONDO_0008315	8
MONDO_0002495	colon signet ring cell adenocarcinoma	DOID:219	ancestor:MONDO_0021063	13
MONDO_0002501	brain glioblastoma	DOID:3070	ancestor:MONDO_0100342	8
MONDO_0002529	skin squamous cell carcinoma	DOID:4159	ancestor:MONDO_0002898	7
MONDO_0002540	childhood oligodendroglioma	DOID:3070	ancestor:MONDO_0100342	7
MONDO_0002541	spinal cord oligodendroglioma	DOID:3070	ancestor:MONDO_0100342	9
MONDO_0002542	spinal cord glioma	DOID:3070	ancestor:MONDO_0100342	4
MONDO_0002543	adult oligodendroglioma	DOID:3070	ancestor:MONDO_0100342	5
MONDO_0002544	brain oligodendroglioma	DOID:3070	ancestor:MONDO_0100342	9
MONDO_0002546	schwannoma	DOID:1192	ancestor:MONDO_0001406	7
MONDO_0002547	nerve sheath neoplasm	DOID:1192	ancestor:MONDO_0001406	3
MONDO_0002548	cellular schwannoma	DOID:1192	ancestor:MONDO_0001406	8
MONDO_0002555	trigeminal schwannoma	DOID:1192	ancestor:MONDO_0001406	13
MONDO_0002558	melanotic neurilemmoma	DOID:1192	ancestor:MONDO_0001406	8
MONDO_0002571	primary central nervous system lymphoma	DOID:2531	ancestor:MONDO_0002334	26
MONDO_0002574	prostate embryonal rhabdomyosarcoma	DOID:10283	ancestor:MONDO_0008315	10
MONDO_0002576	embryonal extrahepatic bile duct rhabdomyosarcoma	DOID:4606	ancestor:MONDO_0003059	15
MONDO_0002577	extrahepatic bile duct rhabdomyosarcoma	DOID:4606	ancestor:MONDO_0003059	13
MONDO_0002579	orbit embryonal rhabdomyosarcoma	DOID:184	ancestor:MONDO_0002129	18
MONDO_0002580	orbit rhabdomyosarcoma	DOID:184	ancestor:MONDO_0002129	16
MONDO_0002581	spindle cell rhabdomyosarcoma	DOID:1115	ancestor:MONDO_0005089	9
MONDO_0002586	thymus cancer	DOID:3277	direct	0
MONDO_0002588	thymoma type A	DOID:2531	ancestor:MONDO_0002334	9
MONDO_0002592	invasive malignant thymoma	DOID:3277	ancestor:MONDO_0002586	7
MONDO_0002598	germinoma	DOID:2994	ancestor:MONDO_0005040	3
MONDO_0002599	teratocarcinoma	DOID:2994	ancestor:MONDO_0005040	4
MONDO_0002601	teratoma	DOID:2994	ancestor:MONDO_0005040	2
MONDO_0002612	frontal lobe epilepsy	DOID:1826	ancestor:MONDO_0005027	2
MONDO_0002617	bone angiosarcoma	DOID:184	ancestor:MONDO_0002129	16
MONDO_0002618	undifferentiated high grade pleomorphic sarcoma of bone	DOID:184	ancestor:MONDO_0002129	3
MONDO_0002619	bone fibrosarcoma	DOID:184	ancestor:MONDO_0002129	10
MONDO_0002621	extraosseous osteosarcoma	DOID:1115	ancestor:MONDO_0005089	6
MONDO_0002623	pediatric osteosarcoma	DOID:1115	ancestor:MONDO_0005089	4
MONDO_0002624	bone leiomyosarcoma	DOID:184	ancestor:MONDO_0002129	19
MONDO_0002625	Ewing sarcoma of bone	DOID:184	ancestor:MONDO_0002129	10
MONDO_0002627	chondroblastic osteosarcoma	DOID:184	ancestor:MONDO_0002129	6
MONDO_0002628	peripheral osteosarcoma	DOID:184	ancestor:MONDO_0002129	5
MONDO_0002629	bone osteosarcoma	DOID:184	ancestor:MONDO_0002129	4
MONDO_0002630	small cell osteogenic sarcoma	DOID:184	ancestor:MONDO_0002129	3
MONDO_0002631	conventional osteosarcoma	DOID:184	ancestor:MONDO_0002129	5
MONDO_0002633	cranial nerve neoplasm	DOID:1192	ancestor:MONDO_0001406	3
MONDO_0002634	liposarcoma of bone	DOID:184	ancestor:MONDO_0002129	11
MONDO_0002638	glossopharyngeal nerve neoplasm	DOID:1192	ancestor:MONDO_0001406	5
MONDO_0002640	optic nerve neoplasm	DOID:1192	ancestor:MONDO_0001406	8
MONDO_0002642	trochlear nerve neoplasm	DOID:1192	ancestor:MONDO_0001406	5
MONDO_0002648	mammary Paget disease	DOID:1612	ancestor:MONDO_0007254	10
MONDO_0002651	anal Paget disease	DOID:1993	ancestor:MONDO_0006519	18
MONDO_0002652	anus adenocarcinoma	DOID:1993	ancestor:MONDO_0006519	15
MONDO_0002653	Paget disease of the penis	DOID:11615	ancestor:MONDO_0001325	8
MONDO_0002655	cutaneous Paget disease	DOID:4159	ancestor:MONDO_0002898	8
MONDO_0002656	skin carcinoma	DOID:4159	ancestor:MONDO_0002898	4
MONDO_0002658	iris cancer	DOID:2174	ancestor:MONDO_0002236	6
MONDO_0002659	uveal cancer	DOID:2174	ancestor:MONDO_0002236	3
MONDO_0002664	extrahepatic bile duct signet ring cell carcinoma	DOID:4606	ancestor:MONDO_0003059	14
MONDO_0002665	extrahepatic bile duct adenocarcinoma	DOID:4606	ancestor:MONDO_0003059	12
MONDO_0002666	pancreatic signet ring cell adenocarcinoma	DOID:1793	ancestor:MONDO_0009831	13
MONDO_0002667	gallbladder signet ring cell adenocarcinoma	DOID:3121	ancestor:MONDO_0005411	9
MONDO_0002670	ampulla of vater adenocarcinoma	DOID:4606	ancestor:MONDO_0003059	43
MONDO_0002671	signet ring cell breast carcinoma	DOID:1612	ancestor:MONDO_0007254	12
MONDO_0002672	acinar prostate adenocarcinoma, signet ring variant	DOID:10283	ancestor:MONDO_0008315	10
MONDO_0002675	neurofibrosarcoma	DOID:1192	ancestor:MONDO_0001406	7
MONDO_0002676	adult fibrosarcoma	DOID:1115	ancestor:MONDO_0005089	12
MONDO_0002677	conventional fibrosarcoma	DOID:1115	ancestor:MONDO_0005089	11
MONDO_0002678	pediatric fibrosarcoma	DOID:1115	ancestor:MONDO_0005089	13
MONDO_0002681	choroid plexus cancer	DOID:1319	ancestor:MONDO_0001657	12
MONDO_0002682	cerebral ventricle cancer	DOID:1319	ancestor:MONDO_0001657	1
MONDO_0002685	childhood choroid plexus carcinoma	DOID:1319	ancestor:MONDO_0001657	20
MONDO_0002691	liver cancer	DOID:3571	direct	0
MONDO_0002697	ovarian gonadoblastoma	DOID:2394	ancestor:MONDO_0008170	13
MONDO_0002698	testicular gonadoblastoma	DOID:2998	ancestor:MONDO_0005447	11
MONDO_0002701	ovarian mucinous cystadenocarcinoma	DOID:2394	ancestor:MONDO_0008170	19
MONDO_0002702	ovarian cystadenocarcinoma	DOID:2394	ancestor:MONDO_0008170	11
MONDO_0002703	appendix mucinous cystadenocarcinoma	DOID:11239	ancestor:MONDO_0001235	24
MONDO_0002705	breast mucinous cystadenocarcinoma	DOID:1612	ancestor:MONDO_0007254	15
MONDO_0002715	uterine cancer	DOID:363	direct	0
MONDO_0002718	central nervous system teratoma	DOID:2994	ancestor:MONDO_0005040	12
MONDO_0002722	olfactory nerve neoplasm	DOID:1192	ancestor:MONDO_0001406	9
MONDO_0002724	mast cell neoplasm	DOID:2531	ancestor:MONDO_0002334	3
MONDO_0002728	rhabdoid tumor	DOID:1115	ancestor:MONDO_0005089	6
MONDO_0002729	rhabdoid tumor of the kidney	DOID:263	ancestor:MONDO_0002367	9
MONDO_0002731	cerebral hemisphere cancer	DOID:1319	ancestor:MONDO_0001657	3
MONDO_0002734	anal mucinous adenocarcinoma	DOID:1993	ancestor:MONDO_0006519	20
MONDO_0002736	ampulla of vater mucinous adenocarcinoma	DOID:4606	ancestor:MONDO_0003059	48
MONDO_0002739	extrahepatic bile duct mucinous adenocarcinoma	DOID:4606	ancestor:MONDO_0003059	16
MONDO_0002740	uterine ligament mucinous adenocarcinoma	DOID:4362	ancestor:MONDO_0002974	19
MONDO_0002741	uterine ligament adenocarcinoma	DOID:4362	ancestor:MONDO_0002974	14
MONDO_0002742	cervical mucinous adenocarcinoma	DOID:4362	ancestor:MONDO_0002974	11
MONDO_0002744	fallopian tube mucinous adenocarcinoma	DOID:1964	ancestor:MONDO_0002158	11
MONDO_0002746	fallopian tube adenocarcinoma	DOID:1964	ancestor:MONDO_0002158	6
MONDO_0002747	endometrial mucinous adenocarcinoma	DOID:363	ancestor:MONDO_0002715	14
MONDO_0002748	rectum mucinous adenocarcinoma	DOID:1993	ancestor:MONDO_0006519	14
MONDO_0002751	bladder adenocarcinoma	DOID:11054	ancestor:MONDO_0001187	6
MONDO_0002752	ovarian adenocarcinoma	DOID:2394	ancestor:MONDO_0008170	8
MONDO_0002758	vulva verrucous carcinoma	DOID:1245	ancestor:MONDO_0001528	12
MONDO_0002759	bladder verrucous carcinoma	DOID:11054	ancestor:MONDO_0001187	11
MONDO_0002760	bladder squamous cell carcinoma	DOID:11054	ancestor:MONDO_0001187	6
MONDO_0002761	cervical verrucous carcinoma	DOID:4362	ancestor:MONDO_0002974	13
MONDO_0002762	esophagus verrucous carcinoma	DOID:5041	ancestor:MONDO_0007576	12
MONDO_0002765	plantar verrucous skin carcinoma	DOID:4159	ancestor:MONDO_0002898	12
MONDO_0002766	larynx verrucous carcinoma	DOID:2596	ancestor:MONDO_0002352	15
MONDO_0002772	intraventricular meningioma	DOID:1319	ancestor:MONDO_0001657	5
MONDO_0002786	diencephalic cancer	DOID:1319	ancestor:MONDO_0001657	2
MONDO_0002806	bronchogenic carcinoma	DOID:1324	ancestor:MONDO_0008903	7
MONDO_0002814	adrenal carcinoma	DOID:3953	ancestor:MONDO_0002817	4
MONDO_0002817	adrenal gland cancer	DOID:3953	direct	0
MONDO_0002828	Bartholin gland transitional cell carcinoma	DOID:1245	ancestor:MONDO_0001528	9
MONDO_0002829	bartholin gland carcinoma	DOID:1245	ancestor:MONDO_0001528	7
MONDO_0002833	fallopian tube transitional cell carcinoma	DOID:1964	ancestor:MONDO_0002158	5
MONDO_0002834	primary prostate urothelial carcinoma	DOID:10283	ancestor:MONDO_0008315	5
MONDO_0002847	skeletal muscle cancer	DOID:4045	ancestor:MONDO_0005864	4
MONDO_0002849	liver rhabdomyosarcoma	DOID:3571	ancestor:MONDO_0002691	8
MONDO_0002850	central nervous system rhabdomyosarcoma	DOID:1115	ancestor:MONDO_0005089	13
MONDO_0002851	mediastinum rhabdomyosarcoma	DOID:5559	ancestor:MONDO_0005843	10
MONDO_0002852	mediastinum sarcoma	DOID:5559	ancestor:MONDO_0005843	8
MONDO_0002853	rectum rhabdomyosarcoma	DOID:1993	ancestor:MONDO_0006519	8
MONDO_0002854	prostate sarcoma	DOID:10283	ancestor:MONDO_0008315	6
MONDO_0002855	ectomesenchymoma	DOID:1115	ancestor:MONDO_0005089	4
MONDO_0002856	gallbladder rhabdomyosarcoma	DOID:3121	ancestor:MONDO_0005411	8
MONDO_0002857	gallbladder sarcoma	DOID:3121	ancestor:MONDO_0005411	6
MONDO_0002858	ovary rhabdomyosarcoma	DOID:2394	ancestor:MONDO_0008170	8
MONDO_0002859	breast rhabdomyosarcoma	DOID:1612	ancestor:MONDO_0007254	8
MONDO_0002860	testis rhabdomyosarcoma	DOID:2998	ancestor:MONDO_0005447	8
MONDO_0002861	testis sarcoma	DOID:2998	ancestor:MONDO_0005447	6
MONDO_0002862	bile duct sarcoma	DOID:4606	ancestor:MONDO_0003059	7
MONDO_0002863	rhabdomyosarcoma with mixed embryonal and alveolar features	DOID:1115	ancestor:MONDO_0005089	6
MONDO_0002864	anus rhabdomyosarcoma	DOID:1993	ancestor:MONDO_0006519	13
MONDO_0002865	anus sarcoma	DOID:1993	ancestor:MONDO_0006519	10
MONDO_0002867	pancreatic cystadenocarcinoma	DOID:1793	ancestor:MONDO_0009831	12
MONDO_0002871	testicular trophoblastic tumor	DOID:2994	ancestor:MONDO_0005040	15
MONDO_0002874	testicular pure germ cell tumor	DOID:2994	ancestor:MONDO_0005040	12
MONDO_0002876	cervical adenosarcoma	DOID:4362	ancestor:MONDO_0002974	7
MONDO_0002877	cervical carcinosarcoma	DOID:4362	ancestor:MONDO_0002974	8
MONDO_0002878	uterine corpus adenosarcoma	DOID:363	ancestor:MONDO_0002715	10
MONDO_0002879	uterine body mixed cancer	DOID:363	ancestor:MONDO_0002715	8
MONDO_0002880	ovarian adenosarcoma	DOID:2394	ancestor:MONDO_0008170	6
MONDO_0002881	vaginal adenosarcoma	DOID:119	ancestor:MONDO_0001402	6
MONDO_0002889	orbital cancer	DOID:184	ancestor:MONDO_0002129	8
MONDO_0002898	skin cancer	DOID:4159	direct	0
MONDO_0002900	cerebral neuroblastoma	DOID:1319	ancestor:MONDO_0001657	11
MONDO_0002911	brain stem glioma	DOID:3070	ancestor:MONDO_0100342	8
MONDO_0002912	brainstem cancer	DOID:1319	ancestor:MONDO_0001657	3
MONDO_0002914	childhood brain stem neoplasm	DOID:1319	ancestor:MONDO_0001657	8
MONDO_0002923	uterine corpus endometrial stromal sarcoma	DOID:363	ancestor:MONDO_0002715	10
MONDO_0002924	smooth muscle cancer	DOID:4045	ancestor:MONDO_0005864	5
MONDO_0002926	clear cell sarcoma	DOID:1115	ancestor:MONDO_0005089	5
MONDO_0002927	spindle cell sarcoma	DOID:1115	ancestor:MONDO_0005089	3
MONDO_0002930	kidney sarcoma	DOID:263	ancestor:MONDO_0002367	6
MONDO_0002935	penis basal cell carcinoma	DOID:11615	ancestor:MONDO_0001325	14
MONDO_0002936	scrotum basal cell carcinoma	DOID:4159	ancestor:MONDO_0002898	19
MONDO_0002943	external ear basal cell carcinoma	DOID:4159	ancestor:MONDO_0002898	24
MONDO_0002944	external ear carcinoma	DOID:11934	ancestor:MONDO_0005627	16
MONDO_0002951	skin adenoid basal cell carcinoma	DOID:4159	ancestor:MONDO_0002898	8
MONDO_0002955	vulva basal cell carcinoma	DOID:1245	ancestor:MONDO_0001528	14
MONDO_0002966	splenic manifestation of prolymphocytic leukemia	DOID:0060073	ancestor:MONDO_0000612	23
MONDO_0002969	ciliary body cancer	DOID:2174	ancestor:MONDO_0002236	9
MONDO_0002971	amelanotic melanoma	DOID:1909	ancestor:MONDO_0005105	1
MONDO_0002973	epithelioid cell melanoma	DOID:1909	ancestor:MONDO_0005105	1
MONDO_0002974	cervical cancer	DOID:4362	direct	0
MONDO_0002975	malignant breast melanoma	DOID:1612	ancestor:MONDO_0007254	3
MONDO_0002981	peripheral primitive neuroectodermal tumor of bone	DOID:184	ancestor:MONDO_0002129	13
MONDO_0002996	cavernous sinus meningioma	DOID:3565	ancestor:MONDO_0016642	21
MONDO_0002998	skull base meningioma	DOID:3565	ancestor:MONDO_0016642	12
MONDO_0002999	central nervous system germinoma	DOID:2994	ancestor:MONDO_0005040	14
MONDO_0003000	central nervous system germ cell tumor	DOID:2994	ancestor:MONDO_0005040	6
MONDO_0003001	seminoma	DOID:2994	ancestor:MONDO_0005040	4
MONDO_0003002	dysgerminoma	DOID:2994	ancestor:MONDO_0005040	4
MONDO_0003003	cervical alveolar soft part sarcoma	DOID:4362	ancestor:MONDO_0002974	10
MONDO_0003007	childhood kidney cell carcinoma	DOID:263	ancestor:MONDO_0002367	12
MONDO_0003008	hereditary renal cell carcinoma	DOID:263	ancestor:MONDO_0002367	11
MONDO_0003017	malignant peritoneal solitary fibrous tumor	DOID:1725	ancestor:MONDO_0002087	8
MONDO_0003021	central nervous system angiosarcoma	DOID:175	ancestor:EFO_0003967	14
MONDO_0003022	pediatric angiosarcoma	DOID:175	ancestor:EFO_0003967	8
MONDO_0003023	aorta angiosarcoma	DOID:175	ancestor:EFO_0003967	10
MONDO_0003024	breast angiosarcoma	DOID:175	ancestor:EFO_0003967	13
MONDO_0003026	gallbladder angiosarcoma	DOID:3121	ancestor:MONDO_0005411	15
MONDO_0003027	thyroid gland angiosarcoma	DOID:175	ancestor:EFO_0003967	13
MONDO_0003029	skin angiosarcoma	DOID:175	ancestor:EFO_0003967	15
MONDO_0003030	endometrioid stromal sarcoma of the cervix	DOID:4362	ancestor:MONDO_0002974	9
MONDO_0003033	prostate angiosarcoma	DOID:10283	ancestor:MONDO_0008315	15
MONDO_0003034	mediastinum angiosarcoma	DOID:175	ancestor:EFO_0003967	13
MONDO_0003035	ovarian angiosarcoma	DOID:2394	ancestor:MONDO_0008170	15
MONDO_0003041	pediatric mesenchymal chondrosarcoma	DOID:1115	ancestor:MONDO_0005089	12
MONDO_0003042	adult mesenchymal chondrosarcoma	DOID:1115	ancestor:MONDO_0005089	10
MONDO_0003047	thymic large cell neuroendocrine carcinoma	DOID:3277	ancestor:MONDO_0002586	11
MONDO_0003049	ovarian large-cell neuroendocrine carcinoma	DOID:2394	ancestor:MONDO_0008170	13
MONDO_0003053	choroid plexus meningioma	DOID:1319	ancestor:MONDO_0001657	17
MONDO_0003054	benign meningioma	DOID:3565	ancestor:MONDO_0016642	5
MONDO_0003057	pediatric meningioma	DOID:3565	ancestor:MONDO_0016642	2
MONDO_0003059	bile duct cancer	DOID:4606	direct	0
MONDO_0003060	biliary tract cancer	DOID:3571	ancestor:MONDO_0002691	3
MONDO_0003072	retinal cancer	DOID:2174	ancestor:MONDO_0002236	3
MONDO_0003073	trilateral retinoblastoma	DOID:2174	ancestor:MONDO_0002236	7
MONDO_0003076	unilateral retinoblastoma	DOID:2174	ancestor:MONDO_0002236	7
MONDO_0003079	mastocytoma	DOID:2531	ancestor:MONDO_0002334	4
MONDO_0003086	thymic mucoepidermoid carcinoma	DOID:3277	ancestor:MONDO_0002586	13
MONDO_0003087	mucoepidermoid breast carcinoma	DOID:1612	ancestor:MONDO_0007254	16
MONDO_0003089	extrahepatic bile duct mucoepidermoid carcinoma	DOID:4606	ancestor:MONDO_0003059	19
MONDO_0003090	extrahepatic bile duct carcinoma	DOID:4606	ancestor:MONDO_0003059	8
MONDO_0003091	cutaneous mucoepidermoid carcinoma	DOID:4159	ancestor:MONDO_0002898	12
MONDO_0003092	lacrimal gland mucoepidermoid carcinoma	DOID:2174	ancestor:MONDO_0002236	20
MONDO_0003093	mucoepidermoid esophageal carcinoma	DOID:5041	ancestor:MONDO_0007576	13
MONDO_0003095	laryngeal mucoepidermoid carcinoma	DOID:2596	ancestor:MONDO_0002352	11
MONDO_0003097	childhood mediastinal neurogenic neoplasm	DOID:1192	ancestor:MONDO_0001406	5
MONDO_0003098	mediastinal neural neoplasm	DOID:1192	ancestor:MONDO_0001406	3
MONDO_0003100	nerve plexus neoplasm	DOID:1192	ancestor:MONDO_0001406	7
MONDO_0003103	nerve root neoplasm	DOID:1192	ancestor:MONDO_0001406	1
MONDO_0003107	infratentorial cancer	DOID:1319	ancestor:MONDO_0001657	1
MONDO_0003112	malignant gastric germ cell tumor	DOID:10534	ancestor:MONDO_0001056	5
MONDO_0003113	extragonadal germ cell cancer	DOID:2994	ancestor:MONDO_0005040	4
MONDO_0003120	mixed testicular germ cell cancer	DOID:2998	ancestor:MONDO_0005447	7
MONDO_0003130	mesoblastic nephroma	DOID:263	ancestor:MONDO_0002367	1
MONDO_0003142	intracranial primitive neuroectodermal tumor	DOID:1319	ancestor:MONDO_0001657	5
MONDO_0003145	supratentorial primitive neuroectodermal tumor	DOID:1319	ancestor:MONDO_0001657	2
MONDO_0003153	adult brainstem glioma	DOID:3070	ancestor:MONDO_0100342	10
MONDO_0003154	hemangioma of peripheral nerve	DOID:1192	ancestor:MONDO_0001406	17
MONDO_0003155	cavernous hemangioma	DOID:2531	ancestor:MONDO_0002334	12
MONDO_0003164	cauda equina neoplasm	DOID:1192	ancestor:MONDO_0001406	2
MONDO_0003169	diencephalic astrocytomas	DOID:3070	ancestor:MONDO_0100342	11
MONDO_0003171	pineal gland astrocytoma	DOID:3070	ancestor:MONDO_0100342	20
MONDO_0003173	brain stem astrocytic neoplasm	DOID:3070	ancestor:MONDO_0100342	13
MONDO_0003174	spinal cord astrocytoma	DOID:3070	ancestor:MONDO_0100342	7
MONDO_0003175	salivary gland adenoid cystic carcinoma	DOID:8850	ancestor:MONDO_0004669	11
MONDO_0003177	prostate adenoid cystic carcinoma	DOID:10283	ancestor:MONDO_0008315	8
MONDO_0003180	cutaneous adenocystic carcinoma	DOID:4159	ancestor:MONDO_0002898	15
MONDO_0003181	lung adenoid cystic carcinoma	DOID:1324	ancestor:MONDO_0008903	9
MONDO_0003184	trachea carcinoma	DOID:11920	ancestor:MONDO_0001407	3
MONDO_0003185	adenoid cystic breast carcinoma	DOID:1612	ancestor:MONDO_0007254	12
MONDO_0003186	esophageal adenoid cystic carcinoma	DOID:5041	ancestor:MONDO_0007576	9
MONDO_0003187	Bartholin gland adenoid cystic carcinoma	DOID:1245	ancestor:MONDO_0001528	14
MONDO_0003189	middle ear adenocarcinoma	DOID:5099	ancestor:MONDO_0003275	7
MONDO_0003190	middle ear carcinoma	DOID:5099	ancestor:MONDO_0003275	4
MONDO_0003193	bile duct adenocarcinoma	DOID:4606	ancestor:MONDO_0003059	8
MONDO_0003195	peritoneal serous adenocarcinoma	DOID:1725	ancestor:MONDO_0002087	7
MONDO_0003196	appendix carcinoma	DOID:11239	ancestor:MONDO_0001235	9
MONDO_0003197	granular cell carcinoma	DOID:3070	ancestor:MONDO_0100342	11
MONDO_0003199	anal carcinoma	DOID:1993	ancestor:MONDO_0006519	10
MONDO_0003205	renal pelvis adenocarcinoma	DOID:263	ancestor:MONDO_0002367	10
MONDO_0003209	thymus gland adenocarcinoma	DOID:3277	ancestor:MONDO_0002586	7
MONDO_0003210	intrahepatic cholangiocarcinoma	DOID:4606	ancestor:MONDO_0003059	17
MONDO_0003211	nasal cavity adenocarcinoma	DOID:10811	ancestor:MONDO_0001128	7
MONDO_0003212	nasal cavity carcinoma	DOID:10811	ancestor:MONDO_0001128	4
MONDO_0003214	apocrine adenocarcinoma	DOID:4159	ancestor:MONDO_0002898	17
MONDO_0003215	apocrine sweat gland cancer	DOID:4159	ancestor:MONDO_0002898	8
MONDO_0003216	ureter adenocarcinoma	DOID:11819	ancestor:MONDO_0008627	8
MONDO_0003220	gallbladder carcinoma	DOID:3121	ancestor:MONDO_0005411	4
MONDO_0003232	alcoholic pancreatitis	DOID:4989	ancestor:MONDO_0004982	5
MONDO_0003234	optic nerve astrocytoma	DOID:3070	ancestor:MONDO_0100342	30
MONDO_0003235	optic nerve glioma	DOID:1192	ancestor:MONDO_0001406	17
MONDO_0003243	hepatocellular clear cell carcinoma	DOID:3571	ancestor:MONDO_0002691	9
MONDO_0003249	pineal gland cancer	DOID:1319	ancestor:MONDO_0001657	10
MONDO_0003250	benign granular cell tumor	DOID:1192	ancestor:MONDO_0001406	11
MONDO_0003251	esophageal granular cell tumor	DOID:1192	ancestor:MONDO_0001406	11
MONDO_0003252	granular cell cancer	DOID:3070	ancestor:MONDO_0100342	6
MONDO_0003253	vulvar granular cell tumor	DOID:1192	ancestor:MONDO_0001406	12
MONDO_0003254	cardiac granular cell neoplasm	DOID:1192	ancestor:MONDO_0001406	25
MONDO_0003255	mediastinal granular cell myoblastoma	DOID:1192	ancestor:MONDO_0001406	7
MONDO_0003256	neurohypophysis granular cell tumor	DOID:1192	ancestor:MONDO_0001406	33
MONDO_0003264	basosquamous carcinoma	DOID:4159	ancestor:MONDO_0002898	8
MONDO_0003275	middle ear cancer	DOID:5099	direct	0
MONDO_0003277	malignant ear neoplasm	DOID:11934	ancestor:MONDO_0005627	7
MONDO_0003278	inner ear cancer	DOID:11934	ancestor:MONDO_0005627	12
MONDO_0003281	ovarian cystic teratoma	DOID:2994	ancestor:MONDO_0005040	14
MONDO_0003303	neurofibroma of gallbladder	DOID:3070	ancestor:MONDO_0100342	17
MONDO_0003313	endometrioid stromal sarcoma of the vagina	DOID:119	ancestor:MONDO_0001402	17
MONDO_0003313	endometrioid stromal sarcoma of the vagina	DOID:363	ancestor:MONDO_0002715	17
MONDO_0003315	endometrium carcinoma in situ	DOID:363	ancestor:MONDO_0002715	12
MONDO_0003327	peripheral ganglioneuroblastoma	DOID:1192	ancestor:MONDO_0001406	6
MONDO_0003331	ovarian monodermal teratoma	DOID:2994	ancestor:MONDO_0005040	15
MONDO_0003332	malignant struma ovarii	DOID:2394	ancestor:MONDO_0008170	20
MONDO_0003333	benign struma ovarii	DOID:2994	ancestor:MONDO_0005040	22
MONDO_0003349	central nervous system leiomyosarcoma	DOID:4045	ancestor:MONDO_0005864	28
MONDO_0003350	granular cell leiomyosarcoma	DOID:3070	ancestor:MONDO_0100342	33
MONDO_0003351	colon leiomyosarcoma	DOID:219	ancestor:MONDO_0021063	23
MONDO_0003352	colon sarcoma	DOID:219	ancestor:MONDO_0021063	2
MONDO_0003353	heart leiomyosarcoma	DOID:4045	ancestor:MONDO_0005864	26
MONDO_0003354	heart sarcoma	DOID:1115	ancestor:MONDO_0005089	13
MONDO_0003355	ovary leiomyosarcoma	DOID:2394	ancestor:MONDO_0008170	22
MONDO_0003357	lung leiomyosarcoma	DOID:1324	ancestor:MONDO_0008903	23
MONDO_0003358	anus leiomyosarcoma	DOID:1993	ancestor:MONDO_0006519	28
MONDO_0003360	small intestine leiomyosarcoma	DOID:4045	ancestor:MONDO_0005864	30
MONDO_0003361	small intestinal sarcoma	DOID:1115	ancestor:MONDO_0005089	15
MONDO_0003362	cutaneous leiomyosarcoma	DOID:4159	ancestor:MONDO_0002898	26
MONDO_0003363	malignant dermis tumor	DOID:4159	ancestor:MONDO_0002898	3
MONDO_0003364	gallbladder leiomyosarcoma	DOID:3121	ancestor:MONDO_0005411	23
MONDO_0003365	esophagus leiomyosarcoma	DOID:5041	ancestor:MONDO_0007576	23
MONDO_0003367	gastric leiomyosarcoma	DOID:10534	ancestor:MONDO_0001056	22
MONDO_0003368	prostate leiomyosarcoma	DOID:10283	ancestor:MONDO_0008315	22
MONDO_0003369	vagina leiomyosarcoma	DOID:119	ancestor:MONDO_0001402	22
MONDO_0003370	retroperitoneal leiomyosarcoma	DOID:4045	ancestor:MONDO_0005864	20
MONDO_0003371	breast leiomyosarcoma	DOID:1612	ancestor:MONDO_0007254	22
MONDO_0003372	vulvar leiomyosarcoma	DOID:1245	ancestor:MONDO_0001528	22
MONDO_0003373	kidney leiomyosarcoma	DOID:263	ancestor:MONDO_0002367	24
MONDO_0003374	laryngeal leiomyosarcoma	DOID:2596	ancestor:MONDO_0002352	23
MONDO_0003376	mediastinum leiomyosarcoma	DOID:5559	ancestor:MONDO_0005843	24
MONDO_0003376	mediastinum leiomyosarcoma	DOID:4045	ancestor:MONDO_0005864	24
MONDO_0003377	extrahepatic bile duct leiomyosarcoma	DOID:4606	ancestor:MONDO_0003059	34
MONDO_0003378	liver leiomyosarcoma	DOID:3571	ancestor:MONDO_0002691	23
MONDO_0003379	rectum leiomyosarcoma	DOID:1993	ancestor:MONDO_0006519	23
MONDO_0003383	fallopian tube clear cell adenocarcinoma	DOID:1964	ancestor:MONDO_0002158	8
MONDO_0003384	uterine ligament clear cell adenocarcinoma	DOID:4362	ancestor:MONDO_0002974	17
MONDO_0003386	bladder clear cell adenocarcinoma	DOID:11054	ancestor:MONDO_0001187	8
MONDO_0003388	ampulla of vater clear cell adenocarcinoma	DOID:4606	ancestor:MONDO_0003059	46
MONDO_0003391	vulvar alveolar soft part sarcoma	DOID:1245	ancestor:MONDO_0001528	10
MONDO_0003392	fallopian tube germ cell tumor	DOID:2994	ancestor:MONDO_0005040	8
MONDO_0003399	pineal region yolk sac tumor	DOID:1319	ancestor:MONDO_0001657	30
MONDO_0003400	childhood endodermal sinus tumor	DOID:2994	ancestor:MONDO_0005040	13
MONDO_0003401	central nervous system endodermal sinus tumor	DOID:2994	ancestor:MONDO_0005040	24
MONDO_0003402	testicular yolk sac tumor	DOID:2998	ancestor:MONDO_0005447	15
MONDO_0003403	testicular non-seminomatous germ cell cancer	DOID:2998	ancestor:MONDO_0005447	7
MONDO_0003404	adult yolk sac tumor	DOID:2994	ancestor:MONDO_0005040	10
MONDO_0003405	adult central nervous system germ cell tumor	DOID:2994	ancestor:MONDO_0005040	8
MONDO_0003408	ovarian primitive germ cell tumor	DOID:2394	ancestor:MONDO_0008170	7
MONDO_0003410	Wolffian duct adenocarcinoma	DOID:4362	ancestor:MONDO_0002974	22
MONDO_0003438	combined small cell lung carcinoma	DOID:1324	ancestor:MONDO_0008903	15
MONDO_0003454	conjunctival cancer	DOID:2174	ancestor:MONDO_0002236	4
MONDO_0003466	spindle cell synovial sarcoma	DOID:1115	ancestor:MONDO_0005089	12
MONDO_0003467	mediastinum synovial sarcoma	DOID:5559	ancestor:MONDO_0005843	12
MONDO_0003468	biphasic synovial sarcoma	DOID:1115	ancestor:MONDO_0005089	8
MONDO_0003473	spinal cord ependymoma	DOID:3070	ancestor:MONDO_0100342	10
MONDO_0003477	brain stem ependymoma	DOID:3070	ancestor:MONDO_0100342	14
MONDO_0003480	pineal region dysgerminoma	DOID:1319	ancestor:MONDO_0001657	19
MONDO_0003481	dysgerminoma of ovary	DOID:2394	ancestor:MONDO_0008170	10
MONDO_0003490	ampulla of vater squamous cell carcinoma	DOID:4606	ancestor:MONDO_0003059	43
MONDO_0003492	lacrimal gland squamous cell carcinoma	DOID:2174	ancestor:MONDO_0002236	15
MONDO_0003493	thymus squamous cell carcinoma	DOID:3277	ancestor:MONDO_0002586	7
MONDO_0003494	ovarian squamous cell carcinoma	DOID:2394	ancestor:MONDO_0008170	9
MONDO_0003497	renal pelvis squamous cell carcinoma	DOID:263	ancestor:MONDO_0002367	9
MONDO_0003500	squamous cell bile duct carcinoma	DOID:4606	ancestor:MONDO_0003059	9
MONDO_0003501	external ear squamous cell carcinoma	DOID:11934	ancestor:MONDO_0005627	20
MONDO_0003502	ureter squamous cell carcinoma	DOID:11819	ancestor:MONDO_0008627	7
MONDO_0003503	fallopian tube squamous cell carcinoma	DOID:1964	ancestor:MONDO_0002158	6
MONDO_0003505	femoral cancer	DOID:184	ancestor:MONDO_0002129	4
MONDO_0003506	pulmonary artery choriocarcinoma	DOID:175	ancestor:EFO_0003967	7
MONDO_0003507	choriocarcinoma of ovary	DOID:2394	ancestor:MONDO_0008170	9
MONDO_0003508	choriocarcinoma of testis	DOID:2998	ancestor:MONDO_0005447	12
MONDO_0003509	pineal region choriocarcinoma	DOID:1319	ancestor:MONDO_0001657	24
MONDO_0003510	malignant testicular germ cell tumor	DOID:2998	ancestor:MONDO_0005447	5
MONDO_0003513	gastric teratoma	DOID:2994	ancestor:MONDO_0005040	8
MONDO_0003514	malignant teratoma	DOID:2994	ancestor:MONDO_0005040	5
MONDO_0003515	fallopian tube teratoma	DOID:2994	ancestor:MONDO_0005040	11
MONDO_0003516	adult teratoma	DOID:2994	ancestor:MONDO_0005040	4
MONDO_0003518	mediastinum teratoma	DOID:2994	ancestor:MONDO_0005040	8
MONDO_0003519	malignant syringoma	DOID:4159	ancestor:MONDO_0002898	7
MONDO_0003531	papillary eccrine carcinoma	DOID:4159	ancestor:MONDO_0002898	20
MONDO_0003532	breast papillary carcinoma	DOID:1612	ancestor:MONDO_0007254	13
MONDO_0003534	papillary thymic adenocarcinoma	DOID:3277	ancestor:MONDO_0002586	11
MONDO_0003535	fallopian tube papillary adenocarcinoma	DOID:1964	ancestor:MONDO_0002158	10
MONDO_0003537	T lymphoblastic leukemia/lymphoma	DOID:2531	ancestor:MONDO_0002334	5
MONDO_0003538	precursor lymphoblastic lymphoma/leukemia	DOID:2531	ancestor:MONDO_0002334	3
MONDO_0003539	T-cell adult acute lymphocytic leukemia	DOID:2531	ancestor:MONDO_0002334	16
MONDO_0003541	adult acute lymphoblastic leukemia	DOID:2531	ancestor:MONDO_0002334	12
MONDO_0003544	spinal cord cancer	DOID:5612	direct	0
MONDO_0003548	adenosquamous breast carcinoma	DOID:1612	ancestor:MONDO_0007254	11
MONDO_0003549	adenosquamous bile duct carcinoma	DOID:4606	ancestor:MONDO_0003059	12
MONDO_0003550	esophageal adenosquamous carcinoma	DOID:5041	ancestor:MONDO_0007576	9
MONDO_0003551	thymic adenosquamous carcinoma	DOID:3277	ancestor:MONDO_0002586	9
MONDO_0003553	ampulla of vater adenosquamous carcinoma	DOID:4606	ancestor:MONDO_0003059	49
MONDO_0003554	adenosquamous colon carcinoma	DOID:219	ancestor:MONDO_0021063	13
MONDO_0003555	Bartholin gland adenosquamous carcinoma	DOID:1245	ancestor:MONDO_0001528	14
MONDO_0003556	endometrial adenosquamous carcinoma	DOID:363	ancestor:MONDO_0002715	12
MONDO_0003558	adenosquamous prostate carcinoma	DOID:10283	ancestor:MONDO_0008315	8
MONDO_0003561	malignant giant cell tumor of soft parts	DOID:184	ancestor:MONDO_0002129	11
MONDO_0003574	external ear cancer	DOID:11934	ancestor:MONDO_0005627	12
MONDO_0003578	extragonadal nonseminomatous germ cell tumor	DOID:2994	ancestor:MONDO_0005040	7
MONDO_0003581	ovarian embryonal carcinoma	DOID:2394	ancestor:MONDO_0008170	15
MONDO_0003582	hereditary breast ovarian cancer syndrome	DOID:2394	ancestor:MONDO_0008170	19
MONDO_0003585	adult liposarcoma	DOID:1115	ancestor:MONDO_0005089	12
MONDO_0003586	esophagus liposarcoma	DOID:5041	ancestor:MONDO_0007576	14
MONDO_0003587	pediatric liposarcoma	DOID:1115	ancestor:MONDO_0005089	14
MONDO_0003588	larynx liposarcoma	DOID:2596	ancestor:MONDO_0002352	14
MONDO_0003589	liposarcoma of the ovary	DOID:2394	ancestor:MONDO_0008170	14
MONDO_0003591	kidney liposarcoma	DOID:263	ancestor:MONDO_0002367	14
MONDO_0003592	gastric liposarcoma	DOID:10534	ancestor:MONDO_0001056	13
MONDO_0003593	breast liposarcoma	DOID:1612	ancestor:MONDO_0007254	14
MONDO_0003594	mixed liposarcoma	DOID:1115	ancestor:MONDO_0005089	12
MONDO_0003596	spindle cell liposarcoma	DOID:1115	ancestor:MONDO_0005089	16
MONDO_0003599	vulvar liposarcoma	DOID:1245	ancestor:MONDO_0001528	14
MONDO_0003600	cutaneous liposarcoma	DOID:4159	ancestor:MONDO_0002898	17
MONDO_0003601	mediastinum liposarcoma	DOID:5559	ancestor:MONDO_0005843	16
MONDO_0003606	adrenal medulla cancer	DOID:3953	ancestor:MONDO_0002817	2
MONDO_0003612	uterine ligament cancer	DOID:4362	ancestor:MONDO_0002974	6
MONDO_0003624	acinic cell breast carcinoma	DOID:1612	ancestor:MONDO_0007254	14
MONDO_0003626	uterine ligament serous adenocarcinoma	DOID:4362	ancestor:MONDO_0002974	17
MONDO_0003630	pancreatic serous cystadenocarcinoma	DOID:1793	ancestor:MONDO_0009831	16
MONDO_0003631	cervical serous adenocarcinoma	DOID:4362	ancestor:MONDO_0002974	9
MONDO_0003635	sebaceous breast carcinoma	DOID:1612	ancestor:MONDO_0007254	24
MONDO_0003636	vulvar sebaceous carcinoma	DOID:1245	ancestor:MONDO_0001528	23
MONDO_0003638	lung meningioma	DOID:1324	ancestor:MONDO_0008903	10
MONDO_0003641	central nervous system hematopoietic neoplasm	DOID:2531	ancestor:MONDO_0002334	6
MONDO_0003644	cavernous hemangioma of colon	DOID:2531	ancestor:MONDO_0002334	26
MONDO_0003645	cavernous hemangioma of face	DOID:2531	ancestor:MONDO_0002334	14
MONDO_0003654	childhood parosteal osteosarcoma	DOID:184	ancestor:MONDO_0002129	10
MONDO_0003659	pediatric lymphoma	DOID:2531	ancestor:MONDO_0002334	8
MONDO_0003660	adult lymphoma	DOID:2531	ancestor:MONDO_0002334	5
MONDO_0003661	breast lymphoma	DOID:1612	ancestor:MONDO_0007254	7
MONDO_0003663	uterine ligament endometrioid adenocarcinoma	DOID:4362	ancestor:MONDO_0002974	17
MONDO_0003665	cervical endometrioid adenocarcinoma	DOID:4362	ancestor:MONDO_0002974	9
MONDO_0003666	fallopian tube endometrioid adenocarcinoma	DOID:1964	ancestor:MONDO_0002158	8
MONDO_0003668	extragonadal seminoma	DOID:2994	ancestor:MONDO_0005040	7
MONDO_0003669	testicular seminoma	DOID:2998	ancestor:MONDO_0005447	9
MONDO_0003680	periosteal chondrosarcoma	DOID:184	ancestor:MONDO_0002129	8
MONDO_0003681	myxoid chondrosarcoma	DOID:1115	ancestor:MONDO_0005089	8
MONDO_0003684	clear cell chondrosarcoma	DOID:184	ancestor:MONDO_0002129	8
MONDO_0003685	retroperitoneal germ cell neoplasm	DOID:2994	ancestor:MONDO_0005040	2
MONDO_0003689	familial hemolytic anemia	DOID:2355	ancestor:MONDO_0002280	6
MONDO_0003690	adult anaplastic ependymoma	DOID:3070	ancestor:MONDO_0100342	5
MONDO_0003697	non-invasive verrucous carcinoma of the penis	DOID:11615	ancestor:MONDO_0001325	13
MONDO_0003698	penis verrucous carcinoma	DOID:11615	ancestor:MONDO_0001325	12
MONDO_0003700	brachial plexus neoplasm	DOID:1192	ancestor:MONDO_0001406	9
MONDO_0003704	uterine corpus diffuse leiomyomatosis	DOID:13223	ancestor:MONDO_0007886	2
MONDO_0003710	ovarian mixed germ cell neoplasm	DOID:2394	ancestor:MONDO_0008170	9
MONDO_0003714	bladder urachal squamous cell carcinoma	DOID:11054	ancestor:MONDO_0001187	8
MONDO_0003715	bladder urachal carcinoma	DOID:11054	ancestor:MONDO_0001187	4
MONDO_0003716	renal pelvis papillary urothelial carcinoma	DOID:263	ancestor:MONDO_0002367	18
MONDO_0003720	kidney fibrosarcoma	DOID:263	ancestor:MONDO_0002367	13
MONDO_0003721	kidney osteogenic sarcoma	DOID:263	ancestor:MONDO_0002367	9
MONDO_0003728	breast fibrosarcoma	DOID:1612	ancestor:MONDO_0007254	13
MONDO_0003731	adult central nervous system teratoma	DOID:2994	ancestor:MONDO_0005040	16
MONDO_0003734	adult central nervous system immature teratoma	DOID:2994	ancestor:MONDO_0005040	18
MONDO_0003735	central nervous system immature teratoma	DOID:2994	ancestor:MONDO_0005040	13
MONDO_0003737	malignant testicular Leydig cell tumor	DOID:2998	ancestor:MONDO_0005447	6
MONDO_0003742	heart fibrosarcoma	DOID:1115	ancestor:MONDO_0005089	20
MONDO_0003744	spindle cell intraocular melanoma	DOID:2174	ancestor:MONDO_0002236	15
MONDO_0003745	choroid spindle cell melanoma	DOID:2174	ancestor:MONDO_0002236	30
MONDO_0003746	ciliary body spindle cell melanoma	DOID:2174	ancestor:MONDO_0002236	25
MONDO_0003750	childhood central nervous system germ cell tumor	DOID:2994	ancestor:MONDO_0005040	9
MONDO_0003751	childhood germ cell tumor	DOID:2994	ancestor:MONDO_0005040	2
MONDO_0003758	childhood testicular germ cell tumor	DOID:2994	ancestor:MONDO_0005040	16
MONDO_0003759	childhood ovarian yolk sac tumor	DOID:2394	ancestor:MONDO_0008170	23
MONDO_0003760	pediatric ovarian germ cell tumor	DOID:2994	ancestor:MONDO_0005040	13
MONDO_0003761	leptomeningeal melanoma	DOID:3565	ancestor:MONDO_0016642	11
MONDO_0003762	malignant leptomeningeal tumor	DOID:3565	ancestor:MONDO_0016642	5
MONDO_0003764	pediatric leptomeningeal melanoma	DOID:3565	ancestor:MONDO_0016642	16
MONDO_0003766	thalamic cancer	DOID:1319	ancestor:MONDO_0001657	4
MONDO_0003772	cerebral meningioma	DOID:1319	ancestor:MONDO_0001657	8
MONDO_0003784	nasal cavity carcinoma in situ	DOID:10811	ancestor:MONDO_0001128	8
MONDO_0003786	childhood testicular choriocarcinoma	DOID:2998	ancestor:MONDO_0005447	20
MONDO_0003787	childhood testicular mixed germ cell cancer	DOID:2998	ancestor:MONDO_0005447	15
MONDO_0003788	childhood embryonal testis carcinoma	DOID:2998	ancestor:MONDO_0005447	24
MONDO_0003789	hereditary papillary renal cell carcinoma	DOID:263	ancestor:MONDO_0002367	16
MONDO_0003792	ovarian carcinosarcoma	DOID:2394	ancestor:MONDO_0008170	11
MONDO_0003795	ovarian small cell carcinoma	DOID:2394	ancestor:MONDO_0008170	12
MONDO_0003796	rectum Kaposi sarcoma	DOID:1993	ancestor:MONDO_0006519	23
MONDO_0003802	cornea cancer	DOID:2174	ancestor:MONDO_0002236	3
MONDO_0003805	malignant pericardial mesothelioma	DOID:1790	ancestor:MONDO_0006292	12
MONDO_0003808	mediastinal extraskeletal osteosarcoma	DOID:5559	ancestor:MONDO_0005843	11
MONDO_0003812	ovarian endometrial cancer	DOID:2394	ancestor:MONDO_0008170	6
MONDO_0003819	childhood teratoma of the ovary	DOID:2994	ancestor:MONDO_0005040	18
MONDO_0003821	ovarian biphasic or triphasic teratoma	DOID:2994	ancestor:MONDO_0005040	15
MONDO_0003826	mediastinum seminoma	DOID:5559	ancestor:MONDO_0005843	10
MONDO_0003828	growth hormone-producing pituitary gland carcinoma	DOID:184	ancestor:MONDO_0002129	38
MONDO_0003828	growth hormone-producing pituitary gland carcinoma	DOID:1319	ancestor:MONDO_0001657	38
MONDO_0003834	gastric cardia carcinoma	DOID:10534	ancestor:MONDO_0001056	6
MONDO_0003835	gastric cardia adenocarcinoma	DOID:10534	ancestor:MONDO_0001056	10
MONDO_0003853	Bartholin gland adenocarcinoma	DOID:1245	ancestor:MONDO_0001528	12
MONDO_0003861	vulvar eccrine adenocarcinoma	DOID:1245	ancestor:MONDO_0001528	25
MONDO_0003864	chronic lymphocytic leukemia/small lymphocytic lymphoma	DOID:2531	ancestor:MONDO_0002334	20
MONDO_0003865	acral lentiginous melanoma	DOID:4159	ancestor:MONDO_0002898	5
MONDO_0003866	liver extraskeletal osteosarcoma	DOID:3571	ancestor:MONDO_0002691	9
MONDO_0003869	childhood brain stem glioma	DOID:3070	ancestor:MONDO_0100342	14
MONDO_0003870	childhood brainstem astrocytoma	DOID:3070	ancestor:MONDO_0100342	21
MONDO_0003874	ovarian serous surface papillary adenocarcinoma	DOID:2394	ancestor:MONDO_0008170	18
MONDO_0003876	eyelid carcinoma	DOID:2174	ancestor:MONDO_0002236	22
MONDO_0003878	malignant choroid melanoma	DOID:2174	ancestor:MONDO_0002236	25
MONDO_0003881	vulvar apocrine adenocarcinoma	DOID:1245	ancestor:MONDO_0001528	26
MONDO_0003882	central nervous system fibrosarcoma	DOID:1115	ancestor:MONDO_0005089	18
MONDO_0003890	infiltrating bladder urothelial carcinoma	DOID:11054	ancestor:MONDO_0001187	11
MONDO_0003891	bladder signet ring cell adenocarcinoma	DOID:11054	ancestor:MONDO_0001187	8
MONDO_0003892	acinar lung adenocarcinoma	DOID:1324	ancestor:MONDO_0008903	8
MONDO_0003898	pediatric myxoid chondrosarcoma	DOID:1115	ancestor:MONDO_0005089	11
MONDO_0003899	adult myxoid chondrosarcoma	DOID:1115	ancestor:MONDO_0005089	9
MONDO_0003910	mixed cell uveal melanoma	DOID:2174	ancestor:MONDO_0002236	12
MONDO_0003911	ciliary body mixed cell melanoma	DOID:2174	ancestor:MONDO_0002236	21
MONDO_0003912	malignant ciliary body melanoma	DOID:2174	ancestor:MONDO_0002236	19
MONDO_0003913	choroid mixed cell melanoma	DOID:2174	ancestor:MONDO_0002236	27
MONDO_0003915	cortical thymoma	DOID:2531	ancestor:MONDO_0002334	11
MONDO_0003917	heart lymphoma	DOID:2531	ancestor:MONDO_0002334	14
MONDO_0003922	ovarian clear cell malignant adenofibroma	DOID:2394	ancestor:MONDO_0008170	7
MONDO_0003926	neurilemmoma of the pleura	DOID:1192	ancestor:MONDO_0001406	15
MONDO_0003930	non-invasive bladder urothelial carcinoma	DOID:11054	ancestor:MONDO_0001187	9
MONDO_0003931	childhood optic tract astrocytoma	DOID:3070	ancestor:MONDO_0100342	26
MONDO_0003932	childhood optic nerve glioma	DOID:1192	ancestor:MONDO_0001406	19
MONDO_0003934	breast apocrine carcinoma	DOID:1612	ancestor:MONDO_0007254	26
MONDO_0003936	invasive tubular breast carcinoma	DOID:1612	ancestor:MONDO_0007254	14
MONDO_0003950	nipple carcinoma	DOID:1612	ancestor:MONDO_0007254	7
MONDO_0003952	adult central nervous system choriocarcinoma	DOID:2994	ancestor:MONDO_0005040	21
MONDO_0003953	pediatric CNS choriocarcinoma	DOID:2994	ancestor:MONDO_0005040	24
MONDO_0003957	adult pineoblastoma	DOID:1319	ancestor:MONDO_0001657	16
MONDO_0003958	childhood central nervous system immature teratoma	DOID:2994	ancestor:MONDO_0005040	17
MONDO_0003959	breast large cell neuroendocrine carcinoma	DOID:1612	ancestor:MONDO_0007254	14
MONDO_0003960	pulmonary large cell neuroendocrine carcinoma	DOID:1324	ancestor:MONDO_0008903	14
MONDO_0003976	malignant type AB thymoma	DOID:3277	ancestor:MONDO_0002586	7
MONDO_0003978	colon small cell neuroendocrine carcinoma	DOID:219	ancestor:MONDO_0021063	16
MONDO_0003982	bilateral breast carcinoma	DOID:1612	ancestor:MONDO_0007254	4
MONDO_0003987	lung lymphoma	DOID:1324	ancestor:MONDO_0008903	7
MONDO_0003990	malignant breast myoepithelioma	DOID:1612	ancestor:MONDO_0007254	9
MONDO_0003997	colon Kaposi sarcoma	DOID:219	ancestor:MONDO_0021063	23
MONDO_0004009	kidney pelvis sarcomatoid transitional cell carcinoma	DOID:263	ancestor:MONDO_0002367	18
MONDO_0004015	pineal region teratoma	DOID:2994	ancestor:MONDO_0005040	20
MONDO_0004021	mediastinal malignant lymphoma	DOID:5559	ancestor:MONDO_0005843	7
MONDO_0004024	spinal cord neuroblastoma	DOID:5612	ancestor:MONDO_0003544	8
MONDO_0004028	small intestinal fibrosarcoma	DOID:1115	ancestor:MONDO_0005089	22
MONDO_0004030	ureter transitional cell carcinoma	DOID:11819	ancestor:MONDO_0008627	10
MONDO_0004034	eye lymphoma	DOID:2174	ancestor:MONDO_0002236	7
MONDO_0004046	childhood brain meningioma	DOID:3565	ancestor:MONDO_0016642	6
MONDO_0004048	immature gastric teratoma	DOID:10534	ancestor:MONDO_0001056	12
MONDO_0004050	telangiectatic osteogenic sarcoma	DOID:184	ancestor:MONDO_0002129	5
MONDO_0004053	bartholin gland squamous cell carcinoma	DOID:1245	ancestor:MONDO_0001528	12
MONDO_0004056	bladder papillary urothelial carcinoma	DOID:11054	ancestor:MONDO_0001187	14
MONDO_0004064	iris melanoma	DOID:2174	ancestor:MONDO_0002236	15
MONDO_0004067	gallbladder mucinous adenocarcinoma	DOID:3121	ancestor:MONDO_0005411	11
MONDO_0004071	childhood cerebral astrocytoma	DOID:3070	ancestor:MONDO_0100342	16
MONDO_0004080	glottis squamous cell carcinoma	DOID:2596	ancestor:MONDO_0002352	14
MONDO_0004081	extrahepatic bile duct clear cell adenocarcinoma	DOID:4606	ancestor:MONDO_0003059	14
MONDO_0004082	childhood immature teratoma of ovary	DOID:2394	ancestor:MONDO_0008170	23
MONDO_0004085	choroid epithelioid cell melanoma	DOID:2174	ancestor:MONDO_0002236	28
MONDO_0004086	ciliary body epithelioid cell melanoma	DOID:2174	ancestor:MONDO_0002236	22
MONDO_0004087	basaloid large cell lung carcinoma	DOID:1324	ancestor:MONDO_0008903	8
MONDO_0004088	cervical basaloid carcinoma	DOID:4362	ancestor:MONDO_0002974	10
MONDO_0004089	basaloid carcinoma of the penis	DOID:11615	ancestor:MONDO_0001325	14
MONDO_0004090	vulvar basaloid squamous cell carcinoma	DOID:1245	ancestor:MONDO_0001528	10
MONDO_0004091	skin basaloid carcinoma	DOID:4159	ancestor:MONDO_0002898	11
MONDO_0004092	thymic basaloid carcinoma	DOID:3277	ancestor:MONDO_0002586	10
MONDO_0004093	esophageal basaloid carcinoma	DOID:5041	ancestor:MONDO_0007576	10
MONDO_0004095	B-cell neoplasm	DOID:2531	ancestor:MONDO_0002334	7
MONDO_0004099	adult cystic teratoma	DOID:2994	ancestor:MONDO_0005040	6
MONDO_0004104	splenic manifestation of hairy cell leukemia	DOID:0060073	ancestor:MONDO_0000612	29
MONDO_0004105	childhood epithelioid sarcoma	DOID:1115	ancestor:MONDO_0005089	8
MONDO_0004107	splenic manifestation of leukemia	DOID:0060073	ancestor:MONDO_0000612	10
MONDO_0004110	refractory hairy cell leukemia	DOID:2531	ancestor:MONDO_0002334	22
MONDO_0004111	refractory hematologic cancer	DOID:2531	ancestor:MONDO_0002334	2
MONDO_0004114	urinary bladder small cell neuroendocrine carcinoma	DOID:11054	ancestor:MONDO_0001187	10
MONDO_0004116	esophageal small cell neuroendocrine carcinoma	DOID:5041	ancestor:MONDO_0007576	14
MONDO_0004117	ampulla of vater small cell neuroendocrine carcinoma	DOID:4606	ancestor:MONDO_0003059	41
MONDO_0004120	Bartholin gland small cell carcinoma	DOID:1245	ancestor:MONDO_0001528	15
MONDO_0004122	thymus small cell carcinoma	DOID:3277	ancestor:MONDO_0002586	10
MONDO_0004130	anus basaloid carcinoma	DOID:1993	ancestor:MONDO_0006519	18
MONDO_0004131	anal verrucous carcinoma	DOID:1993	ancestor:MONDO_0006519	33
MONDO_0004139	normocytic anemia	DOID:2355	ancestor:MONDO_0002280	1
MONDO_0004148	gallbladder papillary neoplasm with an associated invasive carcinoma	DOID:3121	ancestor:MONDO_0005411	12
MONDO_0004151	spinal meninges cancer	DOID:5612	ancestor:MONDO_0003544	3
MONDO_0004153	childhood central nervous system embryonal carcinoma	DOID:2994	ancestor:MONDO_0005040	23
MONDO_0004155	adult central nervous system embryonal carcinoma	DOID:2994	ancestor:MONDO_0005040	20
MONDO_0004156	pancreatic mucinous cystadenocarcinoma	DOID:1793	ancestor:MONDO_0009831	17
MONDO_0004163	bladder urachal urothelial carcinoma	DOID:11054	ancestor:MONDO_0001187	10
MONDO_0004166	hereditary fallopian tube carcinoma	DOID:1964	ancestor:MONDO_0002158	6
MONDO_0004168	cribriform variant testicular seminoma	DOID:2998	ancestor:MONDO_0005447	10
MONDO_0004176	childhood extraosseous osteosarcoma	DOID:1115	ancestor:MONDO_0005089	10
MONDO_0004188	iris spindle cell melanoma	DOID:2174	ancestor:MONDO_0002236	20
MONDO_0004193	pediatric ovarian dysgerminoma	DOID:2394	ancestor:MONDO_0008170	17
MONDO_0004196	rectal sarcomatoid carcinoma	DOID:1993	ancestor:MONDO_0006519	11
MONDO_0004199	vulvar keratinizing squamous cell carcinoma	DOID:1245	ancestor:MONDO_0001528	9
MONDO_0004202	adrenal medulla carcinoma	DOID:3953	ancestor:MONDO_0002817	7
MONDO_0004207	pulmonary artery leiomyosarcoma	DOID:175	ancestor:EFO_0003967	23
MONDO_0004216	pineal region germinoma	DOID:1319	ancestor:MONDO_0001657	21
MONDO_0004217	childhood brain germinoma	DOID:1319	ancestor:MONDO_0001657	16
MONDO_0004222	ovarian clear cell cystadenocarcinoma	DOID:2394	ancestor:MONDO_0008170	16
MONDO_0004229	acantholytic variant squamous cell breast carcinoma	DOID:1612	ancestor:MONDO_0007254	10
MONDO_0004231	spindle cell variant squamous cell breast carcinoma	DOID:1612	ancestor:MONDO_0007254	15
MONDO_0004233	childhood pleomorphic rhabdomyosarcoma	DOID:1115	ancestor:MONDO_0005089	9
MONDO_0004239	cervical keratinizing squamous cell carcinoma	DOID:4362	ancestor:MONDO_0002974	9
MONDO_0004245	ependymal tumor of brain	DOID:3070	ancestor:MONDO_0100342	6
MONDO_0004249	pediatric supratentorial ependymoma	DOID:3070	ancestor:MONDO_0100342	14
MONDO_0004257	childhood central nervous system mixed germ cell tumor	DOID:2994	ancestor:MONDO_0005040	20
MONDO_0004259	endocervical carcinoma	DOID:4362	ancestor:MONDO_0002974	6
MONDO_0004263	pediatric infratentorial ependymoblastoma	DOID:1319	ancestor:MONDO_0001657	15
MONDO_0004278	infiltrating bladder urothelial carcinoma sarcomatoid variant	DOID:11054	ancestor:MONDO_0001187	17
MONDO_0004281	vulvar eccrine porocarcinoma	DOID:1245	ancestor:MONDO_0001528	27
MONDO_0004286	pancreatic intraductal papillary-mucinous neoplasm	DOID:1793	ancestor:MONDO_0009831	3
MONDO_0004289	glottis verrucous carcinoma	DOID:2596	ancestor:MONDO_0002352	20
MONDO_0004292	supraglottis verrucous carcinoma	DOID:2596	ancestor:MONDO_0002352	20
MONDO_0004293	supraglottis squamous cell carcinoma	DOID:2596	ancestor:MONDO_0002352	14
MONDO_0004294	gestational ovarian choriocarcinoma	DOID:2394	ancestor:MONDO_0008170	22
MONDO_0004295	asbestos-related lung carcinoma	DOID:1324	ancestor:MONDO_0008903	4
MONDO_0004299	infiltrating bladder lymphoepithelioma-like carcinoma	DOID:11054	ancestor:MONDO_0001187	14
MONDO_0004301	fibrosarcomatous osteosarcoma	DOID:184	ancestor:MONDO_0002129	6
MONDO_0004308	meningeal sarcoma	DOID:1115	ancestor:MONDO_0005089	14
MONDO_0004312	suprasellar meningioma	DOID:3565	ancestor:MONDO_0016642	14
MONDO_0004314	malignant cutaneous granular cell skin tumor	DOID:3070	ancestor:MONDO_0100342	16
MONDO_0004321	endometrial mixed adenocarcinoma	DOID:363	ancestor:MONDO_0002715	11
MONDO_0004322	non-gestational ovarian choriocarcinoma	DOID:2394	ancestor:MONDO_0008170	11
MONDO_0004328	maxillary sinus adenocarcinoma	DOID:184	ancestor:MONDO_0002129	37
MONDO_0004330	leptomeningeal sarcoma	DOID:3565	ancestor:MONDO_0016642	13
MONDO_0004331	bladder urachal adenocarcinoma	DOID:11054	ancestor:MONDO_0001187	9
MONDO_0004336	rectal signet ring cell adenocarcinoma	DOID:1993	ancestor:MONDO_0006519	13
MONDO_0004338	retinal cell cancer	DOID:2174	ancestor:MONDO_0002236	5
MONDO_0004343	pancreatic acinar cell cystadenocarcinoma	DOID:1793	ancestor:MONDO_0009831	15
MONDO_0004346	signet ring cell intrahepatic cholangiocarcinoma	DOID:4606	ancestor:MONDO_0003059	20
MONDO_0004349	retina lymphoma	DOID:2174	ancestor:MONDO_0002236	11
MONDO_0004355	childhood leukemia	DOID:2531	ancestor:MONDO_0002334	6
MONDO_0004357	carcinoma of supraglottis	DOID:2596	ancestor:MONDO_0002352	6
MONDO_0004360	breast extraskeletal osteosarcoma	DOID:1612	ancestor:MONDO_0007254	9
MONDO_0004361	adult spinal cord ependymoma	DOID:3070	ancestor:MONDO_0100342	11
MONDO_0004363	adult spinal cord glioblastoma	DOID:3070	ancestor:MONDO_0100342	11
MONDO_0004374	adult extraskeletal osteosarcoma	DOID:184	ancestor:MONDO_0002129	8
MONDO_0004378	pediatric cerebral ependymoblastoma	DOID:1319	ancestor:MONDO_0001657	15
MONDO_0004379	female breast carcinoma	DOID:1612	ancestor:MONDO_0007254	4
MONDO_0004380	dendritic cell sarcoma	DOID:1115	ancestor:MONDO_0005089	10
MONDO_0004380	dendritic cell sarcoma	DOID:2531	ancestor:MONDO_0002334	10
MONDO_0004383	adult central nervous system germinoma	DOID:2994	ancestor:MONDO_0005040	17
MONDO_0004392	intracranial extraskeletal myxoid chondrosarcoma	DOID:1115	ancestor:MONDO_0005089	16
MONDO_0004394	maxillary sinus squamous cell carcinoma	DOID:184	ancestor:MONDO_0002129	46
MONDO_0004398	mediastinal schwannoma	DOID:1192	ancestor:MONDO_0001406	20
MONDO_0004401	testis refractory cancer	DOID:2998	ancestor:MONDO_0005447	7
MONDO_0004403	childhood precursor T-lymphoblastic lymphoma/leukemia	DOID:2531	ancestor:MONDO_0002334	9
MONDO_0004404	refractory precursor T-lymphoblastic lymphoma/leukemia	DOID:2531	ancestor:MONDO_0002334	7
MONDO_0004405	Barrett adenocarcinoma	DOID:5041	ancestor:MONDO_0007576	8
MONDO_0004406	adult central nervous system mixed germ cell tumor	DOID:2994	ancestor:MONDO_0005040	17
MONDO_0004410	sarcomatoid penile squamous cell carcinoma	DOID:11615	ancestor:MONDO_0001325	12
MONDO_0004423	central nervous system extraskeletal osteosarcoma	DOID:1115	ancestor:MONDO_0005089	16
MONDO_0004429	skin meningioma	DOID:3565	ancestor:MONDO_0016642	10
MONDO_0004429	skin meningioma	DOID:4159	ancestor:MONDO_0002898	10
MONDO_0004433	papillary carcinoma of the penis	DOID:11615	ancestor:MONDO_0001325	10
MONDO_0004435	liver fibrosarcoma	DOID:3571	ancestor:MONDO_0002691	13
MONDO_0004436	ovarian myxoid liposarcoma	DOID:2394	ancestor:MONDO_0008170	17
MONDO_0004440	pineal region meningioma	DOID:3565	ancestor:MONDO_0016642	8
MONDO_0004441	childhood ovarian embryonal carcinoma	DOID:2394	ancestor:MONDO_0008170	22
MONDO_0004452	childhood central nervous system germinoma	DOID:2994	ancestor:MONDO_0005040	20
MONDO_0004458	bladder mixed adenocarcinoma	DOID:11054	ancestor:MONDO_0001187	7
MONDO_0004459	bladder hepatoid adenocarcinoma	DOID:11054	ancestor:MONDO_0001187	8
MONDO_0004465	periampullary adenocarcinoma	DOID:4606	ancestor:MONDO_0003059	44
MONDO_0004474	gallbladder lymphoma	DOID:3121	ancestor:MONDO_0005411	8
MONDO_0004477	adrenal gland ganglioneuroblastoma	DOID:3953	ancestor:MONDO_0002817	18
MONDO_0004479	malignant childhood germ cell neoplasm	DOID:2994	ancestor:MONDO_0005040	6
MONDO_0004484	gallbladder melanoma	DOID:3121	ancestor:MONDO_0005411	5
MONDO_0004489	fallopian tube gestational choriocarcinoma	DOID:1964	ancestor:MONDO_0002158	19
MONDO_0004491	uterine corpus choriocarcinoma	DOID:363	ancestor:MONDO_0002715	18
MONDO_0004504	penile urethral cancer	DOID:11615	ancestor:MONDO_0001325	8
MONDO_0004508	periapical periodontitis	DOID:824	ancestor:MONDO_0005076	1
MONDO_0004513	adult pleomorphic rhabdomyosarcoma	DOID:1115	ancestor:MONDO_0005089	7
MONDO_0004521	adult epithelioid sarcoma	DOID:1115	ancestor:MONDO_0005089	6
MONDO_0004528	lymph node palisaded myofibroblastoma	DOID:2531	ancestor:MONDO_0002334	12
MONDO_0004532	auditory system cancer	DOID:11934	ancestor:MONDO_0005627	9
MONDO_0004535	childhood choriocarcinoma of the ovary	DOID:2394	ancestor:MONDO_0008170	18
MONDO_0004539	aortic malignant tumor	DOID:175	ancestor:EFO_0003967	4
MONDO_0004545	adult malignant schwannoma	DOID:3070	ancestor:MONDO_0100342	13
MONDO_0004550	malignant cornea melanoma	DOID:2174	ancestor:MONDO_0002236	7
MONDO_0004557	congenital fibrosarcoma	DOID:1115	ancestor:MONDO_0005089	15
MONDO_0004561	retinal melanoma	DOID:2174	ancestor:MONDO_0002236	7
MONDO_0004586	rheumatoid arthritis-associated interstitial lung disease	DOID:7148	ancestor:MONDO_0008383	5
MONDO_0004600	monocytic leukemia	DOID:2531	ancestor:MONDO_0002334	3
MONDO_0004608	oropharynx cancer	DOID:0060119	ancestor:MONDO_0005517	2
MONDO_0004614	chronic monocytic leukemia	DOID:2531	ancestor:MONDO_0002334	5
MONDO_0004631	tongue cancer	DOID:11934	ancestor:MONDO_0005627	14
MONDO_0004633	Hodgkin's lymphoma, mixed cellularity	DOID:2531	ancestor:MONDO_0002334	14
MONDO_0004636	lip carcinoma in situ	DOID:11934	ancestor:MONDO_0005627	22
MONDO_0004641	skin carcinoma in situ	DOID:4159	ancestor:MONDO_0002898	8
MONDO_0004643	myeloid leukemia	DOID:184	ancestor:MONDO_0002129	17
MONDO_0004645	cheek mucosa cancer	DOID:11934	ancestor:MONDO_0005627	10
MONDO_0004650	malignant carotid body paraganglioma	DOID:1192	ancestor:MONDO_0001406	23
MONDO_0004653	atypical chronic myeloid leukemia, BCR-ABL1 negative	DOID:184	ancestor:MONDO_0002129	20
MONDO_0004658	breast carcinoma in situ	DOID:1612	ancestor:MONDO_0007254	7
MONDO_0004659	eye carcinoma in situ	DOID:2174	ancestor:MONDO_0002236	8
MONDO_0004660	lung carcinoma in situ	DOID:1324	ancestor:MONDO_0008903	7
MONDO_0004661	trachea carcinoma in situ	DOID:11920	ancestor:MONDO_0001407	11
MONDO_0004663	colon carcinoma in situ	DOID:219	ancestor:MONDO_0021063	11
MONDO_0004665	nodular sclerosis classical Hodgkin lymphoma	DOID:2531	ancestor:MONDO_0002334	14
MONDO_0004667	sublingual gland cancer	DOID:8850	ancestor:MONDO_0004669	4
MONDO_0004669	salivary gland cancer	DOID:8850	direct	0
MONDO_0004671	penis carcinoma in situ	DOID:11615	ancestor:MONDO_0001325	11
MONDO_0004685	Waldeyer's ring cancer	DOID:0060119	ancestor:MONDO_0005517	6
MONDO_0004695	liver lymphoma	DOID:3571	ancestor:MONDO_0002691	8
MONDO_0004696	larynx carcinoma in situ	DOID:2596	ancestor:MONDO_0002352	7
MONDO_0004699	gastrointestinal lymphoma	DOID:2531	ancestor:MONDO_0002334	10
MONDO_0004700	parotid gland cancer	DOID:8850	ancestor:MONDO_0004669	5
MONDO_0004703	bladder carcinoma in situ	DOID:11054	ancestor:MONDO_0001187	14
MONDO_0004708	esophagus carcinoma in situ	DOID:5041	ancestor:MONDO_0007576	8
MONDO_0004710	uterus carcinoma in situ	DOID:363	ancestor:MONDO_0002715	7
MONDO_0004715	liver carcinoma in situ	DOID:3571	ancestor:MONDO_0002691	8
MONDO_0004716	stomach carcinoma in situ	DOID:10534	ancestor:MONDO_0001056	8
MONDO_0004724	submandibular gland cancer	DOID:8850	ancestor:MONDO_0004669	13
MONDO_0004725	rectum carcinoma in situ	DOID:1993	ancestor:MONDO_0006519	11
MONDO_0004732	kidney carcinoma in situ	DOID:263	ancestor:MONDO_0002367	7
MONDO_0004752	neurofibroma of the heart	DOID:3070	ancestor:MONDO_0100342	16
MONDO_0004766	status asthmaticus	DOID:2841	ancestor:MONDO_0004979	1
MONDO_0004784	allergic asthma	DOID:2841	ancestor:MONDO_0004979	5
MONDO_0004816	refractory plasma cell neoplasm	DOID:2531	ancestor:MONDO_0002334	11
MONDO_0004820	peripheral nerve schwannoma	DOID:1192	ancestor:MONDO_0001406	8
MONDO_0004822	bronchiectasis	DOID:3083	ancestor:MONDO_0005002	7
MONDO_0004829	Krukenberg carcinoma	DOID:2394	ancestor:MONDO_0008170	16
MONDO_0004837	neurofibroma of the esophagus	DOID:1192	ancestor:MONDO_0001406	13
MONDO_0004849	pulmonary emphysema	DOID:3083	ancestor:MONDO_0005002	1
MONDO_0004891	hyperopia	DOID:9835	ancestor:MONDO_0004892	5
MONDO_0004892	refractive error	DOID:9835	direct	0
MONDO_0004943	orbit sarcoma	DOID:184	ancestor:MONDO_0002129	10
MONDO_0004947	B-cell acute lymphoblastic leukemia	DOID:2531	ancestor:MONDO_0002334	16
MONDO_0004948	B-cell chronic lymphocytic leukemia	DOID:2531	ancestor:MONDO_0002334	19
MONDO_0004949	neoplasm of mature B-cells	DOID:2531	ancestor:MONDO_0002334	8
MONDO_0004950	gastric carcinoma	DOID:10534	ancestor:MONDO_0001056	4
MONDO_0004952	Hodgkins lymphoma	DOID:2531	ancestor:MONDO_0002334	10
MONDO_0004953	invasive ductal breast carcinoma	DOID:1612	ancestor:MONDO_0007254	12
MONDO_0004956	metastatic prostate carcinoma	DOID:10283	ancestor:MONDO_0008315	4
MONDO_0004958	oral cavity squamous cell carcinoma	DOID:11934	ancestor:MONDO_0005627	18
MONDO_0004959	plasma cell neoplasm	DOID:2531	ancestor:MONDO_0002334	9
MONDO_0004963	T-cell acute lymphoblastic leukemia	DOID:2531	ancestor:MONDO_0002334	15
MONDO_0004964	peripheral T-cell lymphoma, not otherwise specified	DOID:2531	ancestor:MONDO_0002334	7
MONDO_0004967	acute lymphoblastic leukemia	DOID:2531	ancestor:MONDO_0002334	11
MONDO_0004973	adenosquamous lung carcinoma	DOID:1324	ancestor:MONDO_0008903	10
MONDO_0004974	adrenal gland pheochromocytoma	DOID:1192	ancestor:MONDO_0001406	18
MONDO_0004975	Alzheimer disease	DOID:10652	direct	0
MONDO_0004976	amyotrophic lateral sclerosis	DOID:332	direct	0
MONDO_0004979	asthma	DOID:2841	direct	0
MONDO_0004980	atopic eczema	DOID:3310	direct	0
MONDO_0004982	pancreatitis	DOID:4989	direct	0
MONDO_0004984	basal-like breast carcinoma	DOID:1612	ancestor:MONDO_0007254	18
MONDO_0004985	bipolar disorder	DOID:3312	direct	0
MONDO_0004986	urinary bladder carcinoma	DOID:11054	ancestor:MONDO_0001187	3
MONDO_0004988	breast adenocarcinoma	DOID:1612	ancestor:MONDO_0007254	8
MONDO_0004989	breast carcinoma	DOID:1612	ancestor:MONDO_0007254	3
MONDO_0004990	breast tumor luminal A or B	DOID:1612	ancestor:MONDO_0007254	5
MONDO_0004996	childhood acute myeloid leukemia	DOID:184	ancestor:MONDO_0002129	23
MONDO_0005002	chronic obstructive pulmonary disease	DOID:3083	direct	0
MONDO_0005003	chronic pancreatitis	DOID:4989	ancestor:MONDO_0004982	1
MONDO_0005005	clear cell renal carcinoma	DOID:263	ancestor:MONDO_0002367	10
MONDO_0005006	clear cell sarcoma of kidney	DOID:263	ancestor:MONDO_0002367	8
MONDO_0005007	colon mucinous adenocarcinoma	DOID:219	ancestor:MONDO_0021063	14
MONDO_0005010	coronary artery disorder	DOID:3393	direct	0
MONDO_0005011	Crohn disease	DOID:8778	direct	0
MONDO_0005012	cutaneous melanoma	DOID:4159	ancestor:MONDO_0002898	4
MONDO_0005013	dedifferentiated chondrosarcoma	DOID:184	ancestor:MONDO_0002129	8
MONDO_0005016	diabetic kidney disease	DOID:784	ancestor:MONDO_0005300	3
MONDO_0005017	diffuse gastric adenocarcinoma	DOID:10534	ancestor:MONDO_0001056	9
MONDO_0005019	diffuse scleroderma	DOID:418	ancestor:MONDO_0005100	1
MONDO_0005021	dilated cardiomyopathy	DOID:12930	direct	0
MONDO_0005023	ductal breast carcinoma in situ	DOID:1612	ancestor:MONDO_0007254	17
MONDO_0005027	epilepsy	DOID:1826	direct	0
MONDO_0005028	esophageal adenocarcinoma	DOID:5041	ancestor:MONDO_0007576	7
MONDO_0005029	essential thrombocythemia	DOID:184	ancestor:MONDO_0002129	18
MONDO_0005033	ganglioneuroma	DOID:1192	ancestor:MONDO_0001406	16
MONDO_0005034	thyroid gland follicular carcinoma	DOID:1781	ancestor:MONDO_0002108	8
MONDO_0005036	gastric adenocarcinoma	DOID:10534	ancestor:MONDO_0001056	7
MONDO_0005037	gastric intestinal type adenocarcinoma	DOID:10534	ancestor:MONDO_0001056	12
MONDO_0005040	germ cell tumor	DOID:2994	direct	0
MONDO_0005041	glaucoma	DOID:1686	direct	0
MONDO_0005044	hypertensive disorder	DOID:10763	direct	0
MONDO_0005050	invasive ductal and lobular carcinoma	DOID:1612	ancestor:MONDO_0007254	16
MONDO_0005051	invasive lobular breast carcinoma	DOID:1612	ancestor:MONDO_0007254	12
MONDO_0005055	Kaposi's sarcoma	DOID:175	ancestor:EFO_0003967	11
MONDO_0005058	leiomyosarcoma	DOID:4045	ancestor:MONDO_0005864	16
MONDO_0005059	leukemia	DOID:2531	ancestor:MONDO_0002334	2
MONDO_0005060	liposarcoma	DOID:1115	ancestor:MONDO_0005089	11
MONDO_0005061	lung adenocarcinoma	DOID:1324	ancestor:MONDO_0008903	7
MONDO_0005062	lymphoma	DOID:2531	ancestor:MONDO_0002334	4
MONDO_0005063	medullary breast carcinoma	DOID:1612	ancestor:MONDO_0007254	13
MONDO_0005067	monophasic synovial sarcoma	DOID:1115	ancestor:MONDO_0005089	8
MONDO_0005075	thyroid gland papillary carcinoma	DOID:1781	ancestor:MONDO_0002108	11
MONDO_0005076	periodontitis	DOID:824	direct	0
MONDO_0005081	preeclampsia	DOID:10763	ancestor:MONDO_0005044	8
MONDO_0005082	prostate adenocarcinoma	DOID:10283	ancestor:MONDO_0008315	6
MONDO_0005083	psoriasis	DOID:8893	direct	0
MONDO_0005086	renal cell carcinoma	DOID:263	ancestor:MONDO_0002367	6
MONDO_0005089	sarcoma	DOID:1115	direct	0
MONDO_0005090	schizophrenia	DOID:5419	direct	0
MONDO_0005097	squamous cell lung carcinoma	DOID:1324	ancestor:MONDO_0008903	6
MONDO_0005100	systemic sclerosis	DOID:418	direct	0
MONDO_0005101	ulcerative colitis	DOID:8577	direct	0
MONDO_0005102	undifferentiated (embryonal) sarcoma	DOID:3571	ancestor:MONDO_0002691	7
MONDO_0005103	well-differentiated liposarcoma	DOID:1115	ancestor:MONDO_0005089	12
MONDO_0005104	sarcoma G1	DOID:1115	ancestor:MONDO_0005089	1
MONDO_0005105	melanoma	DOID:1909	direct	0
MONDO_0005112	malignant pleural mesothelioma	DOID:9917	ancestor:MONDO_0006294	5
MONDO_0005115	temporal lobe epilepsy	DOID:1826	ancestor:MONDO_0005027	8
MONDO_0005124	leprosy	DOID:1024	direct	0
MONDO_0005125	borderline leprosy	DOID:1024	ancestor:MONDO_0005124	1
MONDO_0005126	tuberculoid leprosy	DOID:1024	ancestor:MONDO_0005124	1
MONDO_0005127	lepromatous leprosy	DOID:1024	ancestor:MONDO_0005124	1
MONDO_0005130	celiac disease	DOID:10608	direct	0
MONDO_0005131	cervical carcinoma	DOID:4362	ancestor:MONDO_0002974	4
MONDO_0005136	malaria	DOID:12365	direct	0
MONDO_0005138	lung carcinoma	DOID:1324	ancestor:MONDO_0008903	3
MONDO_0005139	morbid obesity	DOID:9970	ancestor:MONDO_0011122	1
MONDO_0005140	ovarian carcinoma	DOID:2394	ancestor:MONDO_0008170	5
MONDO_0005144	familial amyotrophic lateral sclerosis	DOID:332	ancestor:MONDO_0004976	12
MONDO_0005145	sporadic amyotrophic lateral sclerosis	DOID:332	ancestor:MONDO_0004976	1
MONDO_0005147	type 1 diabetes mellitus	DOID:9744	direct	0
MONDO_0005148	type 2 diabetes mellitus	DOID:9352	direct	0
MONDO_0005149	pulmonary hypertension	DOID:10763	ancestor:MONDO_0005044	1
MONDO_0005150	age-related macular degeneration	DOID:10871	direct	0
MONDO_0005153	cervical adenocarcinoma	DOID:4362	ancestor:MONDO_0002974	7
MONDO_0005157	lymphoid neoplasm	DOID:2531	ancestor:MONDO_0002334	2
MONDO_0005159	prostate carcinoma	DOID:10283	ancestor:MONDO_0008315	3
MONDO_0005164	fibrosarcoma	DOID:1115	ancestor:MONDO_0005089	10
MONDO_0005168	neoplasm of immature B and T cells	DOID:2531	ancestor:MONDO_0002334	3
MONDO_0005169	neoplasm of mature T-cells or NK-cells	DOID:2531	ancestor:MONDO_0002334	4
MONDO_0005170	myeloid neoplasm	DOID:2531	ancestor:MONDO_0002334	2
MONDO_0005178	osteoarthritis	DOID:8398	direct	0
MONDO_0005180	Parkinson disease	DOID:14330	direct	0
MONDO_0005184	pancreatic ductal adenocarcinoma	DOID:1793	ancestor:MONDO_0009831	11
MONDO_0005188	iatrogenic Kaposi's sarcoma	DOID:175	ancestor:EFO_0003967	13
MONDO_0005191	metastatic melanoma	DOID:1909	ancestor:MONDO_0005105	1
MONDO_0005192	exocrine pancreatic carcinoma	DOID:1793	ancestor:MONDO_0009831	6
MONDO_0005197	thymus neoplasm	DOID:2531	ancestor:MONDO_0002334	5
MONDO_0005200	viral dilated cardiomyopathy	DOID:12930	ancestor:MONDO_0005021	3
MONDO_0005206	renal carcinoma	DOID:263	ancestor:MONDO_0002367	3
MONDO_0005207	choriocarcinoma	DOID:2994	ancestor:MONDO_0005040	2
MONDO_0005208	amelanotic skin melanoma	DOID:4159	ancestor:MONDO_0002898	6
MONDO_0005210	uterine corpus sarcoma	DOID:363	ancestor:MONDO_0002715	4
MONDO_0005211	ovarian serous adenocarcinoma	DOID:2394	ancestor:MONDO_0008170	13
MONDO_0005212	rhabdomyosarcoma	DOID:1115	ancestor:MONDO_0005089	5
MONDO_0005213	uterine carcinoma	DOID:363	ancestor:MONDO_0002715	3
MONDO_0005214	vulva sarcoma	DOID:1245	ancestor:MONDO_0001528	6
MONDO_0005215	vulvar carcinoma	DOID:1245	ancestor:MONDO_0001528	3
MONDO_0005216	hypopharyngeal carcinoma	DOID:0060119	ancestor:MONDO_0005517	8
MONDO_0005220	collecting duct carcinoma	DOID:263	ancestor:MONDO_0002367	8
MONDO_0005221	renal pelvis urothelial carcinoma	DOID:263	ancestor:MONDO_0002367	12
MONDO_0005223	acute myeloid leukemia with minimal differentiation	DOID:184	ancestor:MONDO_0002129	21
MONDO_0005224	acute myeloblastic leukemia without maturation	DOID:184	ancestor:MONDO_0002129	21
MONDO_0005233	non-small cell lung carcinoma	DOID:1324	ancestor:MONDO_0008903	4
MONDO_0005235	smoldering plasma cell myeloma	DOID:2531	ancestor:MONDO_0002334	17
MONDO_0005238	round cell liposarcoma	DOID:1115	ancestor:MONDO_0005089	13
MONDO_0005260	autism	DOID:12849	direct	0
MONDO_0005272	myelodysplastic syndrome with single lineage dysplasia	DOID:2531	ancestor:MONDO_0002334	7
MONDO_0005276	dental caries	DOID:216	direct	0
MONDO_0005277	migraine disorder	DOID:6364	direct	0
MONDO_0005284	chronic progressive multiple sclerosis	DOID:2377	ancestor:EFO_0803536	1
MONDO_0005291	brain aneurysm	DOID:10941	direct	0
MONDO_0005298	osteoporosis	DOID:11476	direct	0
MONDO_0005300	chronic kidney disease	DOID:784	direct	0
MONDO_0005302	attention deficit hyperactivity disorder, inattentive type	DOID:1094	direct	0
MONDO_0005306	ankylosing spondylitis	DOID:7147	direct	0
MONDO_0005311	atherosclerosis	DOID:1936	direct	0
MONDO_0005314	relapsing-remitting multiple sclerosis	DOID:2377	ancestor:EFO_0803536	1
MONDO_0005321	Fuchs' endothelial dystrophy	DOID:11555	direct	0
MONDO_0005324	seasonal allergic rhinitis	DOID:4481	ancestor:MONDO_0011786	1
MONDO_0005338	open-angle glaucoma	DOID:1686	ancestor:MONDO_0005041	1
MONDO_0005340	alopecia areata	DOID:986	direct	0
MONDO_0005341	skin basal cell carcinoma	DOID:4159	ancestor:MONDO_0002898	7
MONDO_0005342	IgA glomerulonephritis	DOID:2986	direct	0
MONDO_0005344	hepatitis B virus infection	DOID:2043	direct	0
MONDO_0005349	otosclerosis	DOID:12185	direct	0
MONDO_0005350	abdominal aortic aneurysm	DOID:7693	direct	0
MONDO_0005352	conduct disorder	DOID:12995	direct	0
MONDO_0005355	coronary restenosis	DOID:3393	ancestor:MONDO_0005010	2
MONDO_0005356	coronary vasospasm	DOID:3393	ancestor:MONDO_0005010	1
MONDO_0005357	Creutzfeldt Jacob disease	DOID:11949	direct	0
MONDO_0005363	inherited focal segmental glomerulosclerosis	DOID:1312	ancestor:MONDO_0100313	4
MONDO_0005364	Graves disease	DOID:12361	direct	0
MONDO_0005366	chronic hepatitis B virus infection	DOID:2043	ancestor:MONDO_0005344	1
MONDO_0005374	bone marrow neoplasm	DOID:2531	ancestor:MONDO_0002334	6
MONDO_0005376	membranous glomerulonephritis	DOID:10976	direct	0
MONDO_0005382	bone Paget disease	DOID:5408	direct	0
MONDO_0005383	panic disorder	DOID:594	direct	0
MONDO_0005384	focal epilepsy	DOID:1826	ancestor:MONDO_0005027	1
MONDO_0005388	primary biliary cholangitis	DOID:12236	direct	0
MONDO_0005391	restless legs syndrome	DOID:0050425	direct	0
MONDO_0005393	gout	DOID:13189	direct	0
MONDO_0005396	thoracic aortic aneurysm	DOID:14004	direct	0
MONDO_0005402	lymphoid leukemia	DOID:2531	ancestor:MONDO_0002334	4
MONDO_0005405	childhood onset asthma	DOID:2841	ancestor:MONDO_0004979	1
MONDO_0005406	gestational diabetes	DOID:11714	direct	0
MONDO_0005411	gallbladder cancer	DOID:3121	direct	0
MONDO_0005414	treatment-refractory schizophrenia	DOID:5419	ancestor:MONDO_0005090	1
MONDO_0005416	osteoarthritis, knee	DOID:8398	ancestor:MONDO_0005178	1
MONDO_0005417	wet macular degeneration	DOID:10871	ancestor:MONDO_0005150	1
MONDO_0005420	hypothyroidism	DOID:1459	direct	0
MONDO_0005430	early onset hypertension	DOID:10763	ancestor:MONDO_0005044	1
MONDO_0005436	postoperative ventricular dysfunction	DOID:3393	ancestor:MONDO_0005010	2
MONDO_0005438	metastatic malignant neoplasm in the lymph nodes	DOID:0060073	ancestor:MONDO_0000612	4
MONDO_0005440	embryonal carcinoma	DOID:2994	ancestor:MONDO_0005040	8
MONDO_0005447	testicular cancer	DOID:2998	direct	0
MONDO_0005461	endometrium adenocarcinoma	DOID:363	ancestor:MONDO_0002715	10
MONDO_0005475	migraine with aura	DOID:6364	ancestor:MONDO_0005277	1
MONDO_0005494	triple-negative breast carcinoma	DOID:1612	ancestor:MONDO_0007254	8
MONDO_0005496	bile duct carcinoma	DOID:4606	ancestor:MONDO_0003059	5
MONDO_0005499	brain glioma	DOID:3070	ancestor:MONDO_0100342	4
MONDO_0005506	eccrine sweat gland cancer	DOID:4159	ancestor:MONDO_0002898	7
MONDO_0005507	gingival cancer	DOID:11934	ancestor:MONDO_0005627	16
MONDO_0005512	malignant peritoneal mesothelioma	DOID:1790	ancestor:MONDO_0006292	4
MONDO_0005517	pharynx cancer	DOID:0060119	direct	0
MONDO_0005519	renal pelvis carcinoma	DOID:263	ancestor:MONDO_0002367	6
MONDO_0005524	sweat gland carcinoma	DOID:4159	ancestor:MONDO_0002898	13
MONDO_0005525	T-cell leukemia	DOID:2531	ancestor:MONDO_0002334	7
MONDO_0005532	Crohn's colitis	DOID:8778	ancestor:MONDO_0005011	2
MONDO_0005533	distal colitis	DOID:8577	ancestor:MONDO_0005101	1
MONDO_0005534	ileocolitis	DOID:8778	ancestor:MONDO_0005011	9
MONDO_0005535	oral Crohn disease	DOID:8778	ancestor:MONDO_0005011	2
MONDO_0005536	pancolitis	DOID:8577	ancestor:MONDO_0005101	1
MONDO_0005537	perianal Crohn disease	DOID:8778	ancestor:MONDO_0005011	1
MONDO_0005539	small bowel Crohn disease	DOID:8778	ancestor:MONDO_0005011	4
MONDO_0005549	renal cell adenocarcinoma	DOID:263	ancestor:MONDO_0002367	7
MONDO_0005579	idiopathic generalized epilepsy	DOID:1826	ancestor:MONDO_0005027	7
MONDO_0005580	esophageal squamous cell carcinoma	DOID:5041	ancestor:MONDO_0007576	7
MONDO_0005585	chemotherapy-induced hypertension	DOID:10763	ancestor:MONDO_0005044	1
MONDO_0005589	thiopurine immunosuppressant-induced pancreatitis	DOID:4989	ancestor:MONDO_0004982	1
MONDO_0005590	breast ductal adenocarcinoma	DOID:1612	ancestor:MONDO_0007254	9
MONDO_0005591	pit and fissure surface dental caries	DOID:216	ancestor:MONDO_0005276	1
MONDO_0005592	smooth surface dental caries	DOID:216	ancestor:MONDO_0005276	1
MONDO_0005593	chronic periodontitis	DOID:824	ancestor:MONDO_0005076	1
MONDO_0005595	laryngeal squamous cell carcinoma	DOID:2596	ancestor:MONDO_0002352	10
MONDO_0005597	cystic renal cell carcinoma	DOID:263	ancestor:MONDO_0002367	7
MONDO_0005599	malignant epithelioid mesothelioma	DOID:1790	ancestor:MONDO_0006292	1
MONDO_0005601	ovarian mucinous adenocarcinoma	DOID:2394	ancestor:MONDO_0008170	14
MONDO_0005602	ovarian teratoma	DOID:2994	ancestor:MONDO_0005040	14
MONDO_0005607	chronic bronchitis	DOID:3083	ancestor:MONDO_0005002	4
MONDO_0005611	bladder transitional cell carcinoma	DOID:11054	ancestor:MONDO_0001187	8
MONDO_0005614	pancreatic adenosquamous carcinoma	DOID:1793	ancestor:MONDO_0009831	11
MONDO_0005615	plasmacytoma	DOID:2531	ancestor:MONDO_0002334	10
MONDO_0005616	pulmonary mucoepidermoid carcinoma	DOID:1324	ancestor:MONDO_0008903	14
MONDO_0005625	cerebral malaria	DOID:12365	ancestor:MONDO_0005136	6
MONDO_0005627	head and neck cancer	DOID:11934	direct	0
MONDO_0005628	male breast carcinoma	DOID:1612	ancestor:MONDO_0007254	4
MONDO_0005670	blackwater fever	DOID:12365	ancestor:MONDO_0005136	1
MONDO_0005674	bone giant cell tumor	DOID:184	ancestor:MONDO_0002129	3
MONDO_0005710	composite lymphoma	DOID:2531	ancestor:MONDO_0002334	5
MONDO_0005744	yolk sac tumor	DOID:2994	ancestor:MONDO_0005040	8
MONDO_0005754	epilepsy with generalized tonic-clonic seizures	DOID:1826	ancestor:MONDO_0005027	11
MONDO_0005764	follicular dendritic cell sarcoma	DOID:1115	ancestor:MONDO_0005089	16
MONDO_0005764	follicular dendritic cell sarcoma	DOID:2531	ancestor:MONDO_0002334	16
MONDO_0005798	HIV-associated nephropathy	DOID:1312	ancestor:MONDO_0100313	12
MONDO_0005806	hypopharynx cancer	DOID:0060119	ancestor:MONDO_0005517	2
MONDO_0005813	interdigitating dendritic cell sarcoma	DOID:1115	ancestor:MONDO_0005089	11
MONDO_0005813	interdigitating dendritic cell sarcoma	DOID:2531	ancestor:MONDO_0002334	11
MONDO_0005827	lipoatrophic diabetes	DOID:9352	ancestor:MONDO_0005148	1
MONDO_0005837	mandibular cancer	DOID:184	ancestor:MONDO_0002129	14
MONDO_0005843	mediastinal cancer	DOID:5559	direct	0
MONDO_0005864	muscle cancer	DOID:4045	direct	0
MONDO_0005868	myelophthisic anemia	DOID:2355	ancestor:MONDO_0002280	4
MONDO_0005893	pancreatic endocrine carcinoma	DOID:1793	ancestor:MONDO_0009831	11
MONDO_0005920	Plasmodium falciparum malaria	DOID:12365	ancestor:MONDO_0005136	1
MONDO_0005921	Plasmodium vivax malaria	DOID:12365	ancestor:MONDO_0005136	1
MONDO_0005933	pulmonary blastoma	DOID:1324	ancestor:MONDO_0008903	14
MONDO_0005941	retroperitoneal cancer	DOID:5875	direct	0
MONDO_0005966	spleen cancer	DOID:0060073	ancestor:MONDO_0000612	7
MONDO_0006003	uterine corpus cancer	DOID:363	ancestor:MONDO_0002715	2
MONDO_0006004	vasomotor rhinitis	DOID:4481	ancestor:MONDO_0011786	1
MONDO_0006021	Prinzmetal angina	DOID:3393	ancestor:MONDO_0005010	2
MONDO_0006027	breast synovial sarcoma	DOID:1612	ancestor:MONDO_0007254	10
MONDO_0006028	cecum adenocarcinoma	DOID:219	ancestor:MONDO_0021063	15
MONDO_0006029	cecum carcinoma	DOID:219	ancestor:MONDO_0021063	10
MONDO_0006033	diffuse intrinsic pontine glioma	DOID:3070	ancestor:MONDO_0100342	15
MONDO_0006034	gastric adenosquamous carcinoma	DOID:10534	ancestor:MONDO_0001056	9
MONDO_0006035	gastric tubular adenocarcinoma	DOID:10534	ancestor:MONDO_0001056	9
MONDO_0006043	metaplastic breast carcinoma	DOID:1612	ancestor:MONDO_0007254	6
MONDO_0006045	ovarian clear cell adenocarcinoma	DOID:2394	ancestor:MONDO_0008170	12
MONDO_0006046	ovarian serous cystadenocarcinoma	DOID:2394	ancestor:MONDO_0008170	18
MONDO_0006047	pancreatic adenocarcinoma	DOID:1793	ancestor:MONDO_0009831	9
MONDO_0006049	papillary lung adenocarcinoma	DOID:1324	ancestor:MONDO_0008903	11
MONDO_0006050	pleomorphic breast carcinoma	DOID:1612	ancestor:MONDO_0007254	13
MONDO_0006056	squamous cell breast carcinoma	DOID:1612	ancestor:MONDO_0007254	9
MONDO_0006059	nasal cavity squamous cell carcinoma	DOID:10811	ancestor:MONDO_0001128	8
MONDO_0006060	nasopharyngeal squamous cell carcinoma	DOID:11934	ancestor:MONDO_0005627	7
MONDO_0006066	acinar prostate adenocarcinoma, foamy gland variant	DOID:10283	ancestor:MONDO_0008315	9
MONDO_0006067	acinar prostate mucinous adenocarcinoma	DOID:10283	ancestor:MONDO_0008315	12
MONDO_0006069	ACTH-producing pituitary gland carcinoma	DOID:184	ancestor:MONDO_0002129	41
MONDO_0006069	ACTH-producing pituitary gland carcinoma	DOID:1319	ancestor:MONDO_0001657	41
MONDO_0006076	adrenal gland neuroblastoma	DOID:3953	ancestor:MONDO_0002817	12
MONDO_0006078	AIDS-related primary central nervous system lymphoma	DOID:2531	ancestor:MONDO_0002334	8
MONDO_0006079	ameloblastic carcinoma	DOID:11934	ancestor:MONDO_0005627	16
MONDO_0006081	anal melanoma	DOID:1993	ancestor:MONDO_0006519	9
MONDO_0006082	anal squamous cell carcinoma	DOID:1993	ancestor:MONDO_0006519	15
MONDO_0006087	appendix adenocarcinoma	DOID:11239	ancestor:MONDO_0001235	15
MONDO_0006094	Askin tumor	DOID:1192	ancestor:MONDO_0001406	11
MONDO_0006098	atypical lobular breast hyperplasia	DOID:1612	ancestor:MONDO_0007254	12
MONDO_0006103	benign adrenal gland pheochromocytoma	DOID:1192	ancestor:MONDO_0001406	27
MONDO_0006104	benign carotid body paraganglioma	DOID:1192	ancestor:MONDO_0001406	22
MONDO_0006109	malignant biphasic mesothelioma	DOID:1790	ancestor:MONDO_0006292	1
MONDO_0006115	blast phase chronic myelogenous leukemia, BCR-ABL1 positive	DOID:184	ancestor:MONDO_0002129	20
MONDO_0006116	breast carcinoma by gene expression profile	DOID:1612	ancestor:MONDO_0007254	4
MONDO_0006117	breast diffuse large B-cell lymphoma	DOID:1612	ancestor:MONDO_0007254	19
MONDO_0006119	breast mucosa-associated lymphoid tissue lymphoma	DOID:2531	ancestor:MONDO_0002334	21
MONDO_0006122	calcifying nested epithelial stromal tumor of the liver	DOID:3571	ancestor:MONDO_0002691	1
MONDO_0006128	central nervous system anaplastic large cell lymphoma	DOID:2531	ancestor:MONDO_0002334	36
MONDO_0006132	cervical adenoid basal carcinoma	DOID:4362	ancestor:MONDO_0002974	16
MONDO_0006133	cervical adenoid cystic carcinoma	DOID:4362	ancestor:MONDO_0002974	9
MONDO_0006134	cervical adenosquamous carcinoma	DOID:4362	ancestor:MONDO_0002974	12
MONDO_0006135	cervical clear cell adenocarcinoma	DOID:4362	ancestor:MONDO_0002974	9
MONDO_0006138	cervical large cell neuroendocrine carcinoma	DOID:4362	ancestor:MONDO_0002974	12
MONDO_0006140	cervical mucinous adenocarcinoma, minimal deviation variant	DOID:4362	ancestor:MONDO_0002974	12
MONDO_0006141	cervical villoglandular adenocarcinoma	DOID:4362	ancestor:MONDO_0002974	13
MONDO_0006142	cervical small cell carcinoma	DOID:4362	ancestor:MONDO_0002974	11
MONDO_0006143	cervical squamous cell carcinoma	DOID:4362	ancestor:MONDO_0002974	7
MONDO_0006144	cervical Wilms tumor	DOID:4362	ancestor:MONDO_0002974	7
MONDO_0006150	colon Burkitt lymphoma	DOID:219	ancestor:MONDO_0021063	28
MONDO_0006154	colon mucosa-associated lymphoid tissue lymphoma	DOID:219	ancestor:MONDO_0021063	10
MONDO_0006158	colorectal diffuse large B-cell lymphoma	DOID:2531	ancestor:MONDO_0002334	27
MONDO_0006167	combined lung carcinoma	DOID:1324	ancestor:MONDO_0008903	12
MONDO_0006173	conjunctival squamous cell carcinoma	DOID:2174	ancestor:MONDO_0002236	12
MONDO_0006184	ductal breast carcinoma in situ and lobular carcinoma in situ	DOID:1612	ancestor:MONDO_0007254	8
MONDO_0006186	duodenal adenocarcinoma	DOID:10021	ancestor:MONDO_0000920	9
MONDO_0006188	EBV-positive T-cell lymphoproliferative disorder of childhood	DOID:2531	ancestor:MONDO_0002334	7
MONDO_0006189	eccrine porocarcinoma	DOID:4159	ancestor:MONDO_0002898	17
MONDO_0006191	endometrial clear cell adenocarcinoma	DOID:363	ancestor:MONDO_0002715	12
MONDO_0006196	endometrial serous adenocarcinoma	DOID:363	ancestor:MONDO_0002715	9
MONDO_0006197	endometrial small cell carcinoma	DOID:363	ancestor:MONDO_0002715	14
MONDO_0006198	endometrial squamous cell carcinoma	DOID:363	ancestor:MONDO_0002715	10
MONDO_0006199	endometrial undifferentiated carcinoma	DOID:363	ancestor:MONDO_0002715	9
MONDO_0006200	epithelioid cell uveal melanoma	DOID:2174	ancestor:MONDO_0002236	13
MONDO_0006201	ethmoid sinus adenoid cystic carcinoma	DOID:184	ancestor:MONDO_0002129	29
MONDO_0006202	extrahepatic bile duct adenosquamous carcinoma	DOID:4606	ancestor:MONDO_0003059	17
MONDO_0006203	extrahepatic bile duct squamous cell carcinoma	DOID:4606	ancestor:MONDO_0003059	13
MONDO_0006206	fallopian tube carcinoma	DOID:1964	ancestor:MONDO_0002158	3
MONDO_0006207	fallopian tube carcinosarcoma	DOID:1964	ancestor:MONDO_0002158	7
MONDO_0006208	fallopian tube serous adenocarcinoma	DOID:1964	ancestor:MONDO_0002158	8
MONDO_0006210	fibrolamellar hepatocellular carcinoma	DOID:3571	ancestor:MONDO_0002691	8
MONDO_0006213	floor of mouth mucoepidermoid carcinoma	DOID:11934	ancestor:MONDO_0005627	25
MONDO_0006215	gallbladder adenocarcinoma	DOID:3121	ancestor:MONDO_0005411	7
MONDO_0006217	gallbladder adenosquamous carcinoma	DOID:3121	ancestor:MONDO_0005411	9
MONDO_0006219	gallbladder small cell neuroendocrine carcinoma	DOID:3121	ancestor:MONDO_0005411	13
MONDO_0006220	gallbladder squamous cell carcinoma	DOID:3121	ancestor:MONDO_0005411	7
MONDO_0006222	gastric choriocarcinoma	DOID:10534	ancestor:MONDO_0001056	11
MONDO_0006223	gastric diffuse large B-cell lymphoma	DOID:2531	ancestor:MONDO_0002334	13
MONDO_0006225	gastric mantle cell lymphoma	DOID:10534	ancestor:MONDO_0001056	18
MONDO_0006226	gastric mucosa-associated lymphoid tissue lymphoma	DOID:0060073	ancestor:MONDO_0000612	33
MONDO_0006226	gastric mucosa-associated lymphoid tissue lymphoma	DOID:10534	ancestor:MONDO_0001056	33
MONDO_0006228	gastric papillary adenocarcinoma	DOID:10534	ancestor:MONDO_0001056	11
MONDO_0006229	gastric small cell neuroendocrine carcinoma	DOID:10534	ancestor:MONDO_0001056	13
MONDO_0006230	gastric squamous cell carcinoma	DOID:10534	ancestor:MONDO_0001056	7
MONDO_0006232	giant cell tumor of soft tissue	DOID:1115	ancestor:MONDO_0005089	3
MONDO_0006233	gonadal teratoma	DOID:2994	ancestor:MONDO_0005040	3
MONDO_0006234	grade III prostatic intraepithelial neoplasia	DOID:10283	ancestor:MONDO_0008315	9
MONDO_0006235	granular cell tumor	DOID:1192	ancestor:MONDO_0001406	4
MONDO_0006237	granulocytic sarcoma	DOID:184	ancestor:MONDO_0002129	23
MONDO_0006239	head and neck paraganglioma	DOID:1192	ancestor:MONDO_0001406	13
MONDO_0006244	HER2 positive breast carcinoma	DOID:1612	ancestor:MONDO_0007254	5
MONDO_0006245	hidradenocarcinoma	DOID:4159	ancestor:MONDO_0002898	15
MONDO_0006246	high grade surface osteosarcoma	DOID:184	ancestor:MONDO_0002129	6
MONDO_0006247	histiocytic and dendritic cell neoplasm	DOID:2531	ancestor:MONDO_0002334	3
MONDO_0006255	intimal sarcoma	DOID:1115	ancestor:MONDO_0005089	8
MONDO_0006256	invasive breast carcinoma	DOID:1612	ancestor:MONDO_0007254	5
MONDO_0006260	kidney medullary carcinoma	DOID:263	ancestor:MONDO_0002367	7
MONDO_0006262	lacrimal gland adenoid cystic carcinoma	DOID:2174	ancestor:MONDO_0002236	16
MONDO_0006264	laryngeal adenoid cystic carcinoma	DOID:2596	ancestor:MONDO_0002352	7
MONDO_0006265	laryngeal small cell carcinoma	DOID:2596	ancestor:MONDO_0002352	14
MONDO_0006267	liver cavernous hemangioma	DOID:2531	ancestor:MONDO_0002334	27
MONDO_0006268	liver diffuse large B-cell lymphoma	DOID:3571	ancestor:MONDO_0002691	25
MONDO_0006270	lobular breast carcinoma in situ	DOID:1612	ancestor:MONDO_0007254	15
MONDO_0006271	low grade central osteosarcoma	DOID:1115	ancestor:MONDO_0005089	2
MONDO_0006272	low grade fibromyxoid sarcoma	DOID:1115	ancestor:MONDO_0005089	11
MONDO_0006273	low grade fibromyxoid sarcoma with giant collagen rosettes	DOID:1115	ancestor:MONDO_0005089	12
MONDO_0006275	lung giant cell carcinoma	DOID:1324	ancestor:MONDO_0008903	12
MONDO_0006276	lung inflammatory myofibroblastic tumor	DOID:1324	ancestor:MONDO_0008903	7
MONDO_0006279	lung sarcomatoid carcinoma	DOID:1324	ancestor:MONDO_0008903	11
MONDO_0006281	lung signet ring cell carcinoma	DOID:1324	ancestor:MONDO_0008903	9
MONDO_0006282	lymphangiosarcoma	DOID:1115	ancestor:MONDO_0005089	1
MONDO_0006283	lymphoepithelioma-like lung carcinoma	DOID:1324	ancestor:MONDO_0008903	7
MONDO_0006284	major salivary gland carcinoma	DOID:8850	ancestor:MONDO_0004669	10
MONDO_0006285	major salivary gland carcinoma ex pleomorphic adenoma	DOID:8850	ancestor:MONDO_0004669	16
MONDO_0006286	major salivary gland mucoepidermoid carcinoma	DOID:8850	ancestor:MONDO_0004669	20
MONDO_0006287	malignancy in giant cell tumor of bone	DOID:184	ancestor:MONDO_0002129	5
MONDO_0006288	malignant adrenal gland pheochromocytoma	DOID:3953	ancestor:MONDO_0002817	28
MONDO_0006290	malignant germ cell tumor	DOID:2994	ancestor:MONDO_0005040	2
MONDO_0006291	malignant jugulotympanic paraganglioma	DOID:184	ancestor:MONDO_0002129	42
MONDO_0006292	malignant mesothelioma	DOID:1790	direct	0
MONDO_0006294	pleural cancer	DOID:9917	direct	0
MONDO_0006297	maxillary sinus adenoid cystic carcinoma	DOID:184	ancestor:MONDO_0002129	39
MONDO_0006298	mediastinal malignant germ cell tumor	DOID:5559	ancestor:MONDO_0005843	6
MONDO_0006303	middle ear squamous cell carcinoma	DOID:5099	ancestor:MONDO_0003275	8
MONDO_0006304	minor salivary gland adenocarcinoma	DOID:8850	ancestor:MONDO_0004669	15
MONDO_0006306	mixed lobular and ductal breast carcinoma	DOID:1612	ancestor:MONDO_0007254	11
MONDO_0006309	mucinous gastric adenocarcinoma	DOID:10534	ancestor:MONDO_0001056	11
MONDO_0006311	myelodysplastic/myeloproliferative neoplasm	DOID:184	ancestor:MONDO_0002129	16
MONDO_0006317	neurothekeoma	DOID:1192	ancestor:MONDO_0001406	4
MONDO_0006320	non-cutaneous melanoma	DOID:1909	ancestor:MONDO_0005105	1
MONDO_0006324	normal breast-like subtype of breast carcinoma	DOID:1612	ancestor:MONDO_0007254	5
MONDO_0006325	ocular melanoma	DOID:2174	ancestor:MONDO_0002236	3
MONDO_0006326	ocular melanoma with extraocular extension	DOID:2174	ancestor:MONDO_0002236	4
MONDO_0006327	ocular sebaceous carcinoma	DOID:2174	ancestor:MONDO_0002236	22
MONDO_0006329	olfactory neuroblastoma	DOID:1319	ancestor:MONDO_0001657	19
MONDO_0006335	ovarian endometrioid adenocarcinoma	DOID:2394	ancestor:MONDO_0008170	21
MONDO_0006336	ovarian endometrioid adenocarcinoma with squamous differentiation	DOID:2394	ancestor:MONDO_0008170	22
MONDO_0006343	ovarian transitional cell carcinoma	DOID:2394	ancestor:MONDO_0008170	7
MONDO_0006344	ovarian yolk sac tumor	DOID:2394	ancestor:MONDO_0008170	15
MONDO_0006346	pancreatic acinar cell carcinoma	DOID:1793	ancestor:MONDO_0009831	11
MONDO_0006347	pancreatic large cell neuroendocrine carcinoma	DOID:1793	ancestor:MONDO_0009831	17
MONDO_0006348	pancreatic small cell neuroendocrine carcinoma	DOID:1793	ancestor:MONDO_0009831	13
MONDO_0006352	paranasal sinus adenoid cystic carcinoma	DOID:184	ancestor:MONDO_0002129	26
MONDO_0006355	parotid gland acinic cell carcinoma	DOID:8850	ancestor:MONDO_0004669	18
MONDO_0006356	parotid gland adenoid cystic carcinoma	DOID:8850	ancestor:MONDO_0004669	20
MONDO_0006357	parotid gland carcinoma ex pleomorphic adenoma	DOID:8850	ancestor:MONDO_0004669	21
MONDO_0006358	parotid gland squamous cell carcinoma	DOID:8850	ancestor:MONDO_0004669	22
MONDO_0006360	penile carcinoma	DOID:11615	ancestor:MONDO_0001325	3
MONDO_0006367	pharyngeal adenoid cystic carcinoma	DOID:0060119	ancestor:MONDO_0005517	9
MONDO_0006372	pituicytoma	DOID:3070	ancestor:MONDO_0100342	47
MONDO_0006374	placental choriocarcinoma	DOID:363	ancestor:MONDO_0002715	18
MONDO_0006377	pleural biphasic mesothelioma	DOID:1790	ancestor:MONDO_0006292	2
MONDO_0006378	pleural epithelioid mesothelioma	DOID:9917	ancestor:MONDO_0006294	7
MONDO_0006380	pleural sarcomatoid mesothelioma	DOID:9917	ancestor:MONDO_0006294	7
MONDO_0006383	primary cutaneous diffuse large B-cell lymphoma, Leg type	DOID:2531	ancestor:MONDO_0002334	13
MONDO_0006385	primary intraosseous squamous cell carcinoma	DOID:11934	ancestor:MONDO_0005627	7
MONDO_0006386	primary peritoneal serous adenocarcinoma	DOID:1725	ancestor:MONDO_0002087	9
MONDO_0006387	primary pulmonary diffuse large B-cell lymphoma	DOID:1324	ancestor:MONDO_0008903	18
MONDO_0006388	prolactin-producing pituitary gland carcinoma	DOID:184	ancestor:MONDO_0002129	41
MONDO_0006388	prolactin-producing pituitary gland carcinoma	DOID:1319	ancestor:MONDO_0001657	41
MONDO_0006389	prostate rhabdomyosarcoma	DOID:10283	ancestor:MONDO_0008315	8
MONDO_0006390	prostate small cell carcinoma	DOID:10283	ancestor:MONDO_0008315	11
MONDO_0006397	renal cell carcinoma associated with Xp11.2 translocations/TFE3 gene fusions	DOID:263	ancestor:MONDO_0002367	8
MONDO_0006401	salivary gland adenosquamous carcinoma	DOID:8850	ancestor:MONDO_0004669	16
MONDO_0006402	salivary gland basal cell adenocarcinoma	DOID:8850	ancestor:MONDO_0004669	20
MONDO_0006403	salivary gland carcinoma ex pleomorphic adenoma	DOID:8850	ancestor:MONDO_0004669	12
MONDO_0006404	salivary gland large cell carcinoma	DOID:8850	ancestor:MONDO_0004669	10
MONDO_0006405	salivary gland small cell carcinoma	DOID:8850	ancestor:MONDO_0004669	15
MONDO_0006407	sarcomatoid mesothelioma	DOID:1790	ancestor:MONDO_0006292	1
MONDO_0006409	signet ring cell gastric adenocarcinoma	DOID:10534	ancestor:MONDO_0001056	9
MONDO_0006414	skin sarcoma	DOID:4159	ancestor:MONDO_0002898	9
MONDO_0006416	small intestinal Burkitt lymphoma	DOID:2531	ancestor:MONDO_0002334	35
MONDO_0006417	small intestinal diffuse large B-cell lymphoma	DOID:2531	ancestor:MONDO_0002334	27
MONDO_0006418	small intestinal enteropathy-associated T-cell lymphoma	DOID:2531	ancestor:MONDO_0002334	24
MONDO_0006420	small intestinal mucosa-associated lymphoid tissue lymphoma	DOID:0060073	ancestor:MONDO_0000612	30
MONDO_0006426	spinal cord primitive neuroectodermal tumor	DOID:5612	ancestor:MONDO_0003544	5
MONDO_0006427	spindle cell melanoma	DOID:1909	ancestor:MONDO_0005105	2
MONDO_0006428	splenic diffuse large B-cell lymphoma	DOID:2531	ancestor:MONDO_0002334	13
MONDO_0006429	splenic hodgkin lymphoma	DOID:2531	ancestor:MONDO_0002334	11
MONDO_0006430	splenic mantle cell lymphoma	DOID:2531	ancestor:MONDO_0002334	12
MONDO_0006432	stromal predominant kidney Wilms tumor	DOID:263	ancestor:MONDO_0002367	8
MONDO_0006435	submandibular gland adenocarcinoma	DOID:8850	ancestor:MONDO_0004669	16
MONDO_0006436	submandibular gland adenoid cystic carcinoma	DOID:8850	ancestor:MONDO_0004669	19
MONDO_0006444	teratoma with malignant transformation	DOID:2994	ancestor:MONDO_0005040	3
MONDO_0006446	testicular embryonal carcinoma	DOID:2998	ancestor:MONDO_0005447	16
MONDO_0006447	testicular non-seminomatous germ cell tumor	DOID:2994	ancestor:MONDO_0005040	12
MONDO_0006450	therapy-related myeloid neoplasm	DOID:184	ancestor:MONDO_0002129	16
MONDO_0006451	thymic carcinoma	DOID:3277	ancestor:MONDO_0002586	4
MONDO_0006452	thymic sarcomatoid carcinoma	DOID:3277	ancestor:MONDO_0002586	9
MONDO_0006455	thymic undifferentiated carcinoma	DOID:3277	ancestor:MONDO_0002586	6
MONDO_0006456	thymoma	DOID:2531	ancestor:MONDO_0002334	8
MONDO_0006458	thymoma type B3	DOID:2531	ancestor:MONDO_0002334	11
MONDO_0006459	thymoma type B1	DOID:2531	ancestor:MONDO_0002334	11
MONDO_0006462	thyroid gland diffuse large B-cell lymphoma	DOID:1781	ancestor:MONDO_0002108	18
MONDO_0006463	thyroid gland mucoepidermoid carcinoma	DOID:1781	ancestor:MONDO_0002108	12
MONDO_0006464	thyroid gland mucosa-associated lymphoid tissue lymphoma	DOID:2531	ancestor:MONDO_0002334	20
MONDO_0006466	thyroid gland spindle cell tumor with thymus-like differentiation	DOID:1781	ancestor:MONDO_0002108	4
MONDO_0006467	thyroid gland squamous cell carcinoma	DOID:1781	ancestor:MONDO_0002108	6
MONDO_0006468	thyroid gland undifferentiated (anaplastic) carcinoma	DOID:1781	ancestor:MONDO_0002108	6
MONDO_0006469	tibial adamantinoma	DOID:184	ancestor:MONDO_0002129	7
MONDO_0006470	tonsillar squamous cell carcinoma	DOID:0060119	ancestor:MONDO_0005517	21
MONDO_0006471	tracheal adenoid cystic carcinoma	DOID:11920	ancestor:MONDO_0001407	7
MONDO_0006476	undifferentiated gallbladder carcinoma	DOID:3121	ancestor:MONDO_0005411	6
MONDO_0006477	undifferentiated ovarian carcinoma	DOID:2394	ancestor:MONDO_0008170	7
MONDO_0006478	undifferentiated pancreatic carcinoma	DOID:1793	ancestor:MONDO_0009831	13
MONDO_0006479	undifferentiated pancreatic carcinoma with osteoclast-like giant cells	DOID:1793	ancestor:MONDO_0009831	14
MONDO_0006480	undifferentiated pleomorphic sarcoma, inflammatory variant	DOID:184	ancestor:MONDO_0002129	9
MONDO_0006481	ureter carcinoma	DOID:11819	ancestor:MONDO_0008627	4
MONDO_0006482	ureter small cell carcinoma	DOID:11819	ancestor:MONDO_0008627	11
MONDO_0006485	uterine carcinosarcoma	DOID:363	ancestor:MONDO_0002715	6
MONDO_0006486	uveal melanoma	DOID:2174	ancestor:MONDO_0002236	11
MONDO_0006487	vaginal adenoid cystic carcinoma	DOID:119	ancestor:MONDO_0001402	9
MONDO_0006488	vaginal carcinosarcoma	DOID:119	ancestor:MONDO_0001402	6
MONDO_0006489	vaginal melanoma	DOID:1909	ancestor:MONDO_0005105	10
MONDO_0006490	vaginal squamous cell carcinoma	DOID:119	ancestor:MONDO_0001402	7
MONDO_0006493	Warthin tumor	DOID:8850	ancestor:EFO_0003826	7
MONDO_0006506	congenital nonspherocytic hemolytic anemia	DOID:2355	ancestor:MONDO_0002280	12
MONDO_0006512	estrogen-receptor positive breast cancer	DOID:1612	ancestor:MONDO_0007254	5
MONDO_0006513	estrogen-receptor negative breast cancer	DOID:1612	ancestor:MONDO_0007254	5
MONDO_0006515	acute pancreatitis	DOID:4989	ancestor:MONDO_0004982	1
MONDO_0006519	rectal cancer	DOID:1993	direct	0
MONDO_0006525	allergic contact dermatitis	DOID:3310	ancestor:MONDO_0004980	2
MONDO_0006526	allergic urticaria	DOID:3310	ancestor:MONDO_0004980	2
MONDO_0006567	kernicterus due to isoimmunization	DOID:2355	ancestor:MONDO_0002280	18
MONDO_0006596	photoallergic dermatitis	DOID:3310	ancestor:MONDO_0004980	7
MONDO_0006608	seborrheic dermatitis	DOID:3310	ancestor:MONDO_0004980	1
MONDO_0006609	seborrheic infantile dermatitis	DOID:3310	ancestor:MONDO_0004980	2
MONDO_0006616	toxicodendron dermatitis	DOID:3310	ancestor:MONDO_0004980	3
MONDO_0006621	vulvar inverted follicular keratosis	DOID:1245	ancestor:MONDO_0001528	21
MONDO_0006622	vulvar seborrheic keratosis	DOID:1245	ancestor:MONDO_0001528	19
MONDO_0006629	osteoarthritis, hip	DOID:8398	ancestor:MONDO_0005178	1
MONDO_0006630	osteoarthritis, spine	DOID:8398	ancestor:MONDO_0005178	1
MONDO_0006631	osteoarthritis, toe	DOID:8398	ancestor:MONDO_0005178	1
MONDO_0006632	osteoarthritis, hand	DOID:8398	ancestor:MONDO_0005178	1
MONDO_0006639	adrenal cortex carcinoma	DOID:263	ancestor:MONDO_0002367	28
MONDO_0006658	arteriolosclerosis	DOID:1936	ancestor:MONDO_0005311	4
MONDO_0006659	arteriosclerosis obliterans	DOID:1936	ancestor:MONDO_0005311	4
MONDO_0006673	pituitary gland basophil adenoma	DOID:2531	ancestor:MONDO_0002334	36
MONDO_0006694	cerebral atherosclerosis	DOID:1936	ancestor:MONDO_0005311	1
MONDO_0006700	choroid cancer	DOID:2174	ancestor:MONDO_0002236	16
MONDO_0006710	complex partial epilepsy	DOID:1826	ancestor:MONDO_0005027	2
MONDO_0006714	coronary aneurysm	DOID:3393	ancestor:MONDO_0005010	1
MONDO_0006715	coronary stenosis	DOID:3393	ancestor:MONDO_0005010	1
MONDO_0006716	coronary thrombosis	DOID:3393	ancestor:MONDO_0005010	2
MONDO_0006739	Ehrlich tumor carcinoma	DOID:1612	ancestor:MONDO_0007254	4
MONDO_0006745	endometrioid stromal sarcoma	DOID:363	ancestor:MONDO_0002715	6
MONDO_0006760	fetal erythroblastosis	DOID:2355	ancestor:MONDO_0002280	4
MONDO_0006770	giant cell reparative granuloma	DOID:184	ancestor:MONDO_0002129	4
MONDO_0006796	hypertensive encephalopathy	DOID:10763	ancestor:MONDO_0005044	8
MONDO_0006804	inflammatory breast carcinoma	DOID:1612	ancestor:MONDO_0007254	11
MONDO_0006805	intermediate coronary syndrome	DOID:3393	ancestor:MONDO_0005010	1
MONDO_0006810	intracranial hypertension	DOID:10763	ancestor:MONDO_0005044	7
MONDO_0006815	jejunal cancer	DOID:13499	direct	0
MONDO_0006817	juxtacortical osteosarcoma	DOID:184	ancestor:MONDO_0002129	6
MONDO_0006829	leukemoid reaction	DOID:2531	ancestor:MONDO_0002334	10
MONDO_0006834	lip cancer	DOID:11934	ancestor:MONDO_0005627	10
MONDO_0006837	low tension glaucoma	DOID:1686	ancestor:MONDO_0005041	6
MONDO_0006841	lymphangioendothelioma	DOID:2531	ancestor:MONDO_0002334	12
MONDO_0006846	malignant hypertension	DOID:10763	ancestor:MONDO_0005044	1
MONDO_0006847	malignant lymphatic vessel tumor	DOID:2531	ancestor:MONDO_0002334	3
MONDO_0006853	mesenchymal chondrosarcoma	DOID:1115	ancestor:MONDO_0005089	9
MONDO_0006861	myeloid sarcoma	DOID:184	ancestor:MONDO_0002129	22
MONDO_0006863	myxosarcoma	DOID:1115	ancestor:MONDO_0005089	5
MONDO_0006871	non-gestational choriocarcinoma	DOID:2994	ancestor:MONDO_0005040	3
MONDO_0006875	ocular hypertension	DOID:10763	ancestor:MONDO_0005044	3
MONDO_0006883	malignant superior sulcus neoplasm	DOID:1324	ancestor:MONDO_0008903	2
MONDO_0006886	thyroid gland papillary and follicular carcinoma	DOID:1781	ancestor:MONDO_0002108	13
MONDO_0006891	partial motor epilepsy	DOID:1826	ancestor:MONDO_0005027	2
MONDO_0006892	partial sensory epilepsy	DOID:1826	ancestor:MONDO_0005027	2
MONDO_0006897	periapical granuloma	DOID:824	ancestor:MONDO_0005076	2
MONDO_0006899	pericoronitis	DOID:824	ancestor:MONDO_0005076	5
MONDO_0006947	renovascular hypertension	DOID:10763	ancestor:MONDO_0005044	5
MONDO_0006957	root caries	DOID:216	ancestor:MONDO_0005276	2
MONDO_0006962	sebaceous adenocarcinoma	DOID:4159	ancestor:MONDO_0002898	14
MONDO_0006973	skin appendage carcinoma	DOID:4159	ancestor:MONDO_0002898	7
MONDO_0006974	small cell sarcoma	DOID:1115	ancestor:MONDO_0005089	1
MONDO_0006980	struma ovarii	DOID:2994	ancestor:MONDO_0005040	17
MONDO_0006989	suppurative periapical periodontitis	DOID:824	ancestor:MONDO_0005076	2
MONDO_0006998	tonsil cancer	DOID:0060119	ancestor:MONDO_0005517	8
MONDO_0007012	variant Creutzfeldt-Jakob disease	DOID:11949	ancestor:MONDO_0005357	2
MONDO_0007022	xanthogranulomatous pyelonephritis	DOID:784	ancestor:MONDO_0005300	15
MONDO_0007031	familial abdominal aortic aneurysm	DOID:7693	ancestor:MONDO_0005350	3
MONDO_0007066	adenosine triphosphatase deficiency, anemia due to	DOID:2355	ancestor:MONDO_0002280	14
MONDO_0007079	alcohol dependence	DOID:0050741	direct	0
MONDO_0007088	Alzheimer disease type 1	DOID:10652	ancestor:MONDO_0004975	22
MONDO_0007105	frontotemporal dementia and/or amyotrophic lateral sclerosis 1	DOID:332	ancestor:MONDO_0004976	26
MONDO_0007109	congenital dyserythropoietic anemia type 3	DOID:2355	ancestor:MONDO_0002280	12
MONDO_0007191	Behcet disease	DOID:13241	direct	0
MONDO_0007243	Burkitt lymphoma	DOID:2531	ancestor:MONDO_0002334	19
MONDO_0007254	breast cancer	DOID:1612	direct	0
MONDO_0007256	hepatocellular carcinoma	DOID:3571	ancestor:MONDO_0002691	7
MONDO_0007269	dilated cardiomyopathy 1A	DOID:12930	ancestor:MONDO_0005021	7
MONDO_0007273	pheochromocytoma/paraganglioma syndrome 4	DOID:1192	ancestor:MONDO_0001406	17
MONDO_0007295	self-limited epilepsy with centrotemporal spikes	DOID:1826	ancestor:MONDO_0005027	14
MONDO_0007300	cerebral sarcoma	DOID:1319	ancestor:MONDO_0001657	8
MONDO_0007365	seizures, benign familial neonatal, 1	DOID:1826	ancestor:MONDO_0005027	14
MONDO_0007403	inherited Creutzfeldt-Jakob disease	DOID:11949	ancestor:MONDO_0005357	12
MONDO_0007414	Gorham-Stout disease	DOID:2531	ancestor:MONDO_0002334	26
MONDO_0007533	elliptocytosis 2	DOID:2355	ancestor:MONDO_0002280	8
MONDO_0007536	congenital lobar emphysema	DOID:3083	ancestor:MONDO_0005002	2
MONDO_0007546	myeloproliferative disorder, chronic, with eosinophilia	DOID:184	ancestor:MONDO_0002129	17
MONDO_0007558	self-limited childhood occipital epilepsy	DOID:1826	ancestor:MONDO_0005027	3
MONDO_0007576	esophageal cancer	DOID:5041	direct	0
MONDO_0007603	Felty syndrome	DOID:7148	ancestor:MONDO_0008383	1
MONDO_0007628	foveal hypoplasia 1	DOID:2174	ancestor:MONDO_0002236	34
MONDO_0007628	foveal hypoplasia 1	DOID:263	ancestor:MONDO_0002367	34
MONDO_0007648	hereditary diffuse gastric adenocarcinoma	DOID:10534	ancestor:MONDO_0001056	13
MONDO_0007650	MALT lymphoma	DOID:2531	ancestor:MONDO_0002334	19
MONDO_0007661	Tourette syndrome	DOID:11119	direct	0
MONDO_0007664	glaucoma 1, open angle, A	DOID:1686	ancestor:MONDO_0005041	10
MONDO_0007705	Heinz body anemia	DOID:2355	ancestor:MONDO_0002280	2
MONDO_0007763	nonpapillary renal cell carcinoma	DOID:263	ancestor:MONDO_0002367	7
MONDO_0007781	essential hypertension, genetic	DOID:10763	ancestor:MONDO_0005044	4
MONDO_0007886	uterine corpus leiomyoma	DOID:13223	direct	0
MONDO_0007896	acute monocytic leukemia	DOID:184	ancestor:MONDO_0002129	27
MONDO_0007915	systemic lupus erythematosus	DOID:9074	direct	0
MONDO_0007925	myelodysplastic syndrome associated with isolated del(5q)	DOID:2355	ancestor:MONDO_0002280	17
MONDO_0007932	age related macular degeneration 2	DOID:10871	ancestor:MONDO_0005150	1
MONDO_0007950	mastocytosis	DOID:2531	ancestor:MONDO_0002334	6
MONDO_0007958	familial medullary thyroid carcinoma	DOID:1781	ancestor:MONDO_0002108	20
MONDO_0008040	transient myeloproliferative syndrome	DOID:184	ancestor:MONDO_0002129	16
MONDO_0008045	spinal muscular atrophy-progressive myoclonic epilepsy syndrome	DOID:1826	ancestor:MONDO_0005027	37
MONDO_0008053	myopia 2, autosomal dominant	DOID:9835	ancestor:MONDO_0004892	4
MONDO_0008075	schwannomatosis	DOID:1192	ancestor:MONDO_0001406	30
MONDO_0008082	multiple endocrine neoplasia type 2B	DOID:1781	ancestor:MONDO_0002108	17
MONDO_0008083	ceroid lipofuscinosis, neuronal, 4 (Kufs type)	DOID:1826	ancestor:MONDO_0005027	29
MONDO_0008136	isolated optic nerve hypoplasia	DOID:2174	ancestor:MONDO_0002236	30
MONDO_0008136	isolated optic nerve hypoplasia	DOID:263	ancestor:MONDO_0002367	30
MONDO_0008159	postmenopausal osteoporosis	DOID:11476	ancestor:MONDO_0005298	1
MONDO_0008165	southeast Asian ovalocytosis	DOID:2355	ancestor:MONDO_0002280	9
MONDO_0008170	ovarian cancer	DOID:2394	direct	0
MONDO_0008171	nephrolithiasis	DOID:585	direct	0
MONDO_0008176	Paget disease of bone 3	DOID:5408	ancestor:MONDO_0005382	6
MONDO_0008185	hereditary chronic pancreatitis	DOID:4989	ancestor:MONDO_0004982	4
MONDO_0008187	panic disorder 1	DOID:594	ancestor:MONDO_0005383	5
MONDO_0008192	pheochromocytoma/paraganglioma syndrome 1	DOID:1192	ancestor:MONDO_0001406	17
MONDO_0008199	late-onset Parkinson disease	DOID:14330	ancestor:MONDO_0005180	8
MONDO_0008226	periodontitis, aggressive 1	DOID:824	ancestor:MONDO_0005076	11
MONDO_0008228	pernicious anemia	DOID:2355	ancestor:MONDO_0002280	10
MONDO_0008234	multiple endocrine neoplasia type 2A	DOID:1781	ancestor:MONDO_0002108	14
MONDO_0008315	prostate cancer	DOID:10283	direct	0
MONDO_0008327	exfoliation syndrome	DOID:1686	ancestor:MONDO_0005041	7
MONDO_0008328	glaucoma 1, open angle, P	DOID:1686	ancestor:MONDO_0005041	5
MONDO_0008380	retinoblastoma	DOID:2174	ancestor:MONDO_0002236	6
MONDO_0008383	rheumatoid arthritis	DOID:7148	direct	0
MONDO_0008409	congenital myopathy 7A, myosin storage, autosomal dominant	DOID:12930	ancestor:MONDO_0005021	23
MONDO_0008422	autosomal dominant sideroblastic anemia	DOID:2355	ancestor:MONDO_0002280	11
MONDO_0008433	small cell lung carcinoma	DOID:1324	ancestor:MONDO_0008903	11
MONDO_0008458	spinocerebellar ataxia type 2	DOID:332	ancestor:MONDO_0004976	41
MONDO_0008487	polycystic ovary syndrome	DOID:11612	direct	0
MONDO_0008493	overhydrated hereditary stomatocytosis	DOID:2355	ancestor:MONDO_0002280	8
MONDO_0008494	cryohydrocytosis	DOID:2355	ancestor:MONDO_0002280	12
MONDO_0008566	thyroid cancer, nonmedullary, 2	DOID:1781	ancestor:MONDO_0002108	13
MONDO_0008567	thyroid cancer, nonmedullary, 1	DOID:1781	ancestor:MONDO_0002108	16
MONDO_0008575	nicotine dependence	DOID:0050742	direct	0
MONDO_0008585	HELLP syndrome	DOID:10763	ancestor:MONDO_0005044	10
MONDO_0008627	ureter cancer	DOID:11819	direct	0
MONDO_0008661	vitiligo	DOID:12306	direct	0
MONDO_0008688	WT limb-blood syndrome	DOID:2355	ancestor:MONDO_0002280	7
MONDO_0008689	dehydrated hereditary stomatocytosis with or without pseudohyperkalemia and/or perinatal edema	DOID:2355	ancestor:MONDO_0002280	9
MONDO_0008692	abetalipoproteinemia	DOID:2355	ancestor:MONDO_0002280	42
MONDO_0008734	adrenocortical carcinoma, hereditary	DOID:263	ancestor:MONDO_0002367	34
MONDO_0008767	neuronal ceroid lipofuscinosis 3	DOID:1826	ancestor:MONDO_0005027	27
MONDO_0008768	ceroid lipofuscinosis, neuronal, 6B (Kufs type)	DOID:1826	ancestor:MONDO_0005027	27
MONDO_0008769	neuronal ceroid lipofuscinosis 2	DOID:1826	ancestor:MONDO_0005027	27
MONDO_0008780	amyotrophic lateral sclerosis type 2, juvenile	DOID:332	ancestor:MONDO_0004976	15
MONDO_0008787	microcytic anemia with liver iron overload	DOID:2355	ancestor:MONDO_0002280	19
MONDO_0008788	IRIDA syndrome	DOID:2355	ancestor:MONDO_0002280	10
MONDO_0008846	atransferrinemia	DOID:2355	ancestor:MONDO_0002280	15
MONDO_0008887	bronchiectasis with or without elevated sweat chloride 1	DOID:3083	ancestor:MONDO_0005002	9
MONDO_0008903	lung cancer	DOID:1324	direct	0
MONDO_0008977	chondrosarcoma	DOID:1115	ancestor:MONDO_0005089	7
MONDO_0009113	hemolytic anemia due to diphosphoglycerate mutase deficiency	DOID:2355	ancestor:MONDO_0002280	12
MONDO_0009134	congenital dyserythropoietic anemia type 2	DOID:2355	ancestor:MONDO_0002280	17
MONDO_0009150	hypohidrotic ectodermal dysplasia-hypothyroidism-ciliary dyskinesia syndrome	DOID:1459	ancestor:MONDO_0005420	14
MONDO_0009154	hypothyroidism, congenital, nongoitrous, 5	DOID:1459	ancestor:MONDO_0005420	5
MONDO_0009213	Fanconi anemia complementation group C	DOID:2355	ancestor:MONDO_0002280	23
MONDO_0009214	Fanconi anemia complementation group D2	DOID:2355	ancestor:MONDO_0002280	23
MONDO_0009238	hereditary folate malabsorption	DOID:2355	ancestor:MONDO_0002280	21
MONDO_0009240	formiminoglutamic aciduria	DOID:2355	ancestor:MONDO_0002280	17
MONDO_0009259	gamma-glutamylcysteine synthetase deficiency	DOID:2355	ancestor:MONDO_0002280	23
MONDO_0009284	glutathione synthetase deficiency without 5-oxoprolinuria	DOID:2355	ancestor:MONDO_0002280	30
MONDO_0009295	glycogen storage disease VII	DOID:2355	ancestor:MONDO_0002280	19
MONDO_0009329	pulmonary venoocclusive disease 2	DOID:10763	ancestor:MONDO_0005044	11
MONDO_0009340	non-spherocytic hemolytic anemia due to hexokinase deficiency	DOID:2355	ancestor:MONDO_0002280	24
MONDO_0009341	Mowat-Wilson syndrome	DOID:1826	ancestor:MONDO_0005027	18
MONDO_0009348	classic Hodgkin lymphoma	DOID:2531	ancestor:MONDO_0002334	13
MONDO_0009354	methylcobalamin deficiency type cblE	DOID:2355	ancestor:MONDO_0002280	36
MONDO_0009394	juvenile Paget disease	DOID:5408	ancestor:MONDO_0005382	1
MONDO_0009468	pseudotumor cerebri	DOID:10763	ancestor:MONDO_0005044	9
MONDO_0009509	Landau-Kleffner syndrome	DOID:1826	ancestor:MONDO_0005027	11
MONDO_0009575	thiamine-responsive megaloblastic anemia syndrome	DOID:2355	ancestor:MONDO_0002280	21
MONDO_0009606	methemoglobinemia due to deficiency of methemoglobin reductase	DOID:2355	ancestor:MONDO_0002280	8
MONDO_0009609	methylcobalamin deficiency type cblG	DOID:2355	ancestor:MONDO_0002280	36
MONDO_0009646	monosomy 7 myelodysplasia and leukemia syndrome 1	DOID:2531	ancestor:MONDO_0002334	10
MONDO_0009677	autosomal recessive limb-girdle muscular dystrophy type 2C	DOID:12930	ancestor:MONDO_0005021	27
MONDO_0009691	mycosis fungoides	DOID:4159	ancestor:MONDO_0002898	15
MONDO_0009692	primary myelofibrosis	DOID:184	ancestor:MONDO_0002129	24
MONDO_0009693	plasma cell myeloma	DOID:2531	ancestor:MONDO_0002334	16
MONDO_0009696	juvenile myoclonic epilepsy	DOID:1826	ancestor:MONDO_0005027	12
MONDO_0009697	Lafora disease	DOID:1826	ancestor:MONDO_0005027	23
MONDO_0009698	Unverricht-Lundborg syndrome	DOID:1826	ancestor:MONDO_0005027	16
MONDO_0009699	action myoclonus-renal failure syndrome	DOID:1826	ancestor:MONDO_0005027	16
MONDO_0009718	myxedema	DOID:1459	ancestor:MONDO_0005420	1
MONDO_0009744	neuronal ceroid lipofuscinosis 1	DOID:1826	ancestor:MONDO_0005027	27
MONDO_0009745	neuronal ceroid lipofuscinosis 5	DOID:1826	ancestor:MONDO_0005027	28
MONDO_0009761	cystic hygroma	DOID:2531	ancestor:MONDO_0002334	12
MONDO_0009797	orotic aciduria	DOID:2355	ancestor:MONDO_0002280	18
MONDO_0009807	osteosarcoma	DOID:1115	ancestor:MONDO_0005089	1
MONDO_0009830	parkinsonian-pyramidal syndrome	DOID:14330	ancestor:MONDO_0005180	1
MONDO_0009831	malignant pancreatic neoplasm	DOID:1793	direct	0
MONDO_0009852	hereditary intrinsic factor deficiency	DOID:2355	ancestor:MONDO_0002280	23
MONDO_0009853	Imerslund-Grasbeck syndrome	DOID:2355	ancestor:MONDO_0002280	34
MONDO_0009891	acquired polycythemia vera	DOID:184	ancestor:MONDO_0002129	20
MONDO_0009902	cutaneous porphyria	DOID:2355	ancestor:MONDO_0002280	27
MONDO_0009935	pulmonary hypertension, primary, 5	DOID:10763	ancestor:MONDO_0005044	6
MONDO_0009945	pyridoxine-dependent epilepsy	DOID:1826	ancestor:MONDO_0005027	19
MONDO_0009946	hemolytic anemia due to pyrimidine 5' nucleotidase deficiency	DOID:2355	ancestor:MONDO_0002280	19
MONDO_0009947	glutathione synthetase deficiency with 5-oxoprolinuria	DOID:2355	ancestor:MONDO_0002280	20
MONDO_0009950	pyruvate kinase deficiency of red cells	DOID:2355	ancestor:MONDO_0002280	29
MONDO_0009975	reticulum cell sarcoma	DOID:0060073	ancestor:MONDO_0000612	6
MONDO_0009993	embryonal rhabdomyosarcoma	DOID:1115	ancestor:MONDO_0005089	6
MONDO_0009994	alveolar rhabdomyosarcoma	DOID:1115	ancestor:MONDO_0005089	6
MONDO_0010053	hereditary spherocytosis type 3	DOID:2355	ancestor:MONDO_0002280	8
MONDO_0010108	testicular germ cell tumor	DOID:2994	ancestor:MONDO_0005040	11
MONDO_0010127	thymoma, familial	DOID:2531	ancestor:MONDO_0002334	11
MONDO_0010132	familial thyroid dyshormonogenesis	DOID:1459	ancestor:MONDO_0005420	8
MONDO_0010134	Pendred syndrome	DOID:1459	ancestor:MONDO_0005420	6
MONDO_0010139	isolated thyroid-stimulating hormone deficiency	DOID:1459	ancestor:MONDO_0005420	10
MONDO_0010140	isolated thyrotropin-releasing hormone deficiency	DOID:1459	ancestor:MONDO_0005420	5
MONDO_0010142	hypothyroidism due to TSH receptor mutations	DOID:1459	ancestor:MONDO_0005420	5
MONDO_0010149	transcobalamin II deficiency	DOID:2355	ancestor:MONDO_0002280	24
MONDO_0010150	head and neck squamous cell carcinoma	DOID:11934	ancestor:MONDO_0005627	6
MONDO_0010183	methylmalonic aciduria and homocystinuria type cblF	DOID:2355	ancestor:MONDO_0002280	40
MONDO_0010184	methylmalonic aciduria and homocystinuria type cblC	DOID:2355	ancestor:MONDO_0002280	56
MONDO_0010185	methylmalonic aciduria and homocystinuria type cblD	DOID:2355	ancestor:MONDO_0002280	41
MONDO_0010246	developmental and epileptic encephalopathy, 9	DOID:1826	ancestor:MONDO_0005027	18
MONDO_0010319	syndromic X-linked intellectual disability Hedera type	DOID:1826	ancestor:MONDO_0005027	15
MONDO_0010339	epilepsy, X-linked 1, with variable learning disabilities and behavior disorders	DOID:1826	ancestor:MONDO_0005027	14
MONDO_0010355	syndromic X-linked intellectual disability Claes-Jensen type	DOID:1826	ancestor:MONDO_0005027	18
MONDO_0010360	Parkinson disease 12	DOID:14330	ancestor:MONDO_0005180	9
MONDO_0010375	developmental and epileptic encephalopathy, 8	DOID:1826	ancestor:MONDO_0005027	31
MONDO_0010396	developmental and epileptic encephalopathy, 2	DOID:1826	ancestor:MONDO_0005027	18
MONDO_0010397	severe neonatal-onset encephalopathy with microcephaly	DOID:1826	ancestor:MONDO_0005027	10
MONDO_0010400	X-linked scapuloperoneal muscular dystrophy	DOID:12930	ancestor:MONDO_0005021	20
MONDO_0010401	X-linked myopathy with postural muscle atrophy	DOID:12930	ancestor:MONDO_0005021	22
MONDO_0010434	synovial sarcoma	DOID:1115	ancestor:MONDO_0005089	7
MONDO_0010438	paroxysmal nocturnal hemoglobinuria 1	DOID:2355	ancestor:MONDO_0002280	14
MONDO_0010444	X-linked dyserythropoetic anemia with abnormal platelets and neutropenia	DOID:2355	ancestor:MONDO_0002280	9
MONDO_0010456	renal cell carcinoma, Xp11-associated	DOID:263	ancestor:MONDO_0002367	13
MONDO_0010459	amyotrophic lateral sclerosis type 15	DOID:332	ancestor:MONDO_0004976	13
MONDO_0010466	multiple congenital anomalies-hypotonia-seizures syndrome 2	DOID:1826	ancestor:MONDO_0005027	32
MONDO_0010472	developmental and epileptic encephalopathy, 36	DOID:1826	ancestor:MONDO_0005027	23
MONDO_0010475	X-linked central congenital hypothyroidism with late-onset testicular enlargement	DOID:1459	ancestor:MONDO_0005420	8
MONDO_0010480	anemia, nonspherocytic hemolytic, due to G6PD deficiency	DOID:2355	ancestor:MONDO_0002280	25
MONDO_0010519	alpha thalassemia-X-linked intellectual disability syndrome	DOID:2531	ancestor:MONDO_0002334	39
MONDO_0010524	X-linked sideroblastic anemia with ataxia	DOID:2355	ancestor:MONDO_0002280	29
MONDO_0010542	dilated cardiomyopathy 3B	DOID:12930	ancestor:MONDO_0005021	10
MONDO_0010543	Barth syndrome	DOID:12930	ancestor:MONDO_0005021	48
MONDO_0010558	choroideremia-deafness-obesity syndrome	DOID:9970	ancestor:MONDO_0011122	24
MONDO_0010632	developmental and epileptic encephalopathy, 1	DOID:1826	ancestor:MONDO_0005027	13
MONDO_0010643	acute leukemia	DOID:2531	ancestor:MONDO_0002334	3
MONDO_0010657	methylmalonic acidemia with homocystinuria, type cblX	DOID:2355	ancestor:MONDO_0002280	51
MONDO_0010680	X-linked Emery-Dreifuss muscular dystrophy	DOID:12930	ancestor:MONDO_0005021	20
MONDO_0010745	beta-thalassemia-X-linked thrombocytopenia syndrome	DOID:2355	ancestor:MONDO_0002280	12
MONDO_0010762	lymphoma, Hodgkin, Y-linked pseudoautosomal	DOID:2531	ancestor:MONDO_0002334	11
MONDO_0010771	histiocytoid cardiomyopathy	DOID:12930	ancestor:MONDO_0005021	13
MONDO_0010787	Kearns-Sayre syndrome	DOID:12930	ancestor:MONDO_0005021	43
MONDO_0010788	Leber hereditary optic neuropathy	DOID:12930	ancestor:MONDO_0005021	33
MONDO_0010790	MERRF syndrome	DOID:1826	ancestor:MONDO_0005027	56
MONDO_0010796	Parkinson disease, mitochondrial	DOID:14330	ancestor:MONDO_0005180	1
MONDO_0010826	childhood absence epilepsy	DOID:1826	ancestor:MONDO_0005027	11
MONDO_0010830	neuronal ceroid lipofuscinosis 8	DOID:1826	ancestor:MONDO_0005027	27
MONDO_0010891	lethal hemolytic anemia-genital anomalies syndrome	DOID:2355	ancestor:MONDO_0002280	15
MONDO_0010898	autosomal dominant epilepsy with auditory features	DOID:1826	ancestor:MONDO_0005027	11
MONDO_0010953	Fanconi anemia complementation group E	DOID:2355	ancestor:MONDO_0002280	23
MONDO_0010961	obesity due to prohormone convertase I deficiency	DOID:9970	ancestor:MONDO_0011122	18
MONDO_0011003	dilated cardiomyopathy 1E	DOID:12930	ancestor:MONDO_0005021	6
MONDO_0011014	pleuropulmonary blastoma	DOID:1324	ancestor:MONDO_0008903	20
MONDO_0011028	autosomal recessive limb-girdle muscular dystrophy type 2F	DOID:12930	ancestor:MONDO_0005021	27
MONDO_0011076	myofibrillar myopathy 1	DOID:12930	ancestor:MONDO_0005021	22
MONDO_0011121	pheochromocytoma/paraganglioma syndrome 2	DOID:1192	ancestor:MONDO_0001406	25
MONDO_0011122	obesity disorder	DOID:9970	direct	0
MONDO_0011144	ceroid lipofuscinosis, neuronal, 6A	DOID:1826	ancestor:MONDO_0005027	28
MONDO_0011145	colobomatous microphthalmia - obesity - hypogenitalism - intellectual disability syndrome	DOID:9970	ancestor:MONDO_0011122	15
MONDO_0011178	infantile convulsions and choreoathetosis	DOID:1826	ancestor:MONDO_0005027	23
MONDO_0011183	Paget disease of bone 2, early-onset	DOID:5408	ancestor:MONDO_0005382	6
MONDO_0011196	amyotrophic lateral sclerosis type 5	DOID:332	ancestor:MONDO_0004976	14
MONDO_0011223	amyotrophic lateral sclerosis type 4	DOID:332	ancestor:MONDO_0004976	13
MONDO_0011232	migraine, familial hemiplegic, 2	DOID:6364	ancestor:MONDO_0005277	7
MONDO_0011260	pancreatic lymphoma, familial	DOID:1793	ancestor:MONDO_0009831	11
MONDO_0011269	psoriasis 2	DOID:8893	ancestor:MONDO_0005083	1
MONDO_0011285	age related macular degeneration 1	DOID:10871	ancestor:MONDO_0005150	1
MONDO_0011303	focal segmental glomerulosclerosis 1	DOID:1312	ancestor:MONDO_0100313	11
MONDO_0011365	blepharophimosis - intellectual disability syndrome, SBBYS type	DOID:1459	ancestor:MONDO_0005420	15
MONDO_0011366	ovarian germ cell tumor	DOID:2994	ancestor:MONDO_0005040	10
MONDO_0011381	dominant beta-thalassemia	DOID:2355	ancestor:MONDO_0002280	14
MONDO_0011385	intervertebral disk degenerative disorder	DOID:90	direct	0
MONDO_0011400	dilated cardiomyopathy 1G	DOID:12930	ancestor:MONDO_0005021	22
MONDO_0011412	familial encephalopathy with neuroserpin inclusion bodies	DOID:1826	ancestor:MONDO_0005027	12
MONDO_0011423	autosomal recessive limb-girdle muscular dystrophy type 2E	DOID:12930	ancestor:MONDO_0005021	27
MONDO_0011426	aceruloplasminemia	DOID:2355	ancestor:MONDO_0002280	44
MONDO_0011450	breast-ovarian cancer, familial, susceptibility to, 1	DOID:2394	ancestor:MONDO_0008170	21
MONDO_0011461	generalized epilepsy with febrile seizures plus, type 2	DOID:1826	ancestor:MONDO_0005027	14
MONDO_0011482	dilated cardiomyopathy 1I	DOID:12930	ancestor:MONDO_0005021	11
MONDO_0011506	familial infantile myoclonic epilepsy	DOID:1826	ancestor:MONDO_0005027	9
MONDO_0011508	lymphoma, non-Hodgkin, familial	DOID:2531	ancestor:MONDO_0002334	6
MONDO_0011541	dilated cardiomyopathy 1J	DOID:12930	ancestor:MONDO_0005021	7
MONDO_0011544	pheochromocytoma/paraganglioma syndrome 3	DOID:1192	ancestor:MONDO_0001406	17
MONDO_0011565	metabolic syndrome X	DOID:14221	direct	0
MONDO_0011578	familial papillary thyroid carcinoma with renal papillary neoplasia	DOID:1781	ancestor:MONDO_0002108	7
MONDO_0011584	Fanconi anemia complementation group D1	DOID:2355	ancestor:MONDO_0002280	23
MONDO_0011655	alveolar soft part sarcoma	DOID:1115	ancestor:MONDO_0005089	7
MONDO_0011702	dilated cardiomyopathy 1L	DOID:12930	ancestor:MONDO_0005021	14
MONDO_0011706	Kufor-Rakeb syndrome	DOID:14330	ancestor:MONDO_0005180	26
MONDO_0011724	encephalopathy due to GLUT1 deficiency	DOID:1826	ancestor:MONDO_0005027	14
MONDO_0011751	COPD, severe early onset	DOID:3083	ancestor:MONDO_0005002	3
MONDO_0011786	allergic rhinitis	DOID:4481	direct	0
MONDO_0011789	familial meningioma	DOID:3565	ancestor:MONDO_0016642	4
MONDO_0011792	thyroid dyshormonogenesis 6	DOID:1459	ancestor:MONDO_0005420	9
MONDO_0011840	dilated cardiomyopathy 1M	DOID:12930	ancestor:MONDO_0005021	6
MONDO_0011843	hypertrophic cardiomyopathy 25	DOID:12930	ancestor:MONDO_0005021	11
MONDO_0011849	psoriatic arthritis	DOID:9008	direct	0
MONDO_0011874	neonatal ichthyosis-sclerosing cholangitis syndrome	DOID:14268	ancestor:MONDO_0018646	9
MONDO_0011904	seizures, benign familial infantile, 3	DOID:1826	ancestor:MONDO_0005027	12
MONDO_0011908	juvenile myelomonocytic leukemia	DOID:184	ancestor:MONDO_0002129	21
MONDO_0011913	Alzheimer disease 3	DOID:10652	ancestor:MONDO_0004975	11
MONDO_0011934	dermatofibrosarcoma protuberans	DOID:1115	ancestor:MONDO_0005089	13
MONDO_0011951	amyotrophic lateral sclerosis type 6	DOID:332	ancestor:MONDO_0004976	25
MONDO_0011962	endometrial cancer	DOID:363	ancestor:MONDO_0002715	3
MONDO_0011965	familial temporal lobe epilepsy 2	DOID:1826	ancestor:MONDO_0005027	9
MONDO_0011968	autosomal recessive limb-girdle muscular dystrophy type 2D	DOID:12930	ancestor:MONDO_0005021	27
MONDO_0011970	rolandic epilepsy-paroxysmal exercise-induced dystonia-writer's cramp syndrome	DOID:1826	ancestor:MONDO_0005027	8
MONDO_0011986	tropical pancreatitis	DOID:4989	ancestor:MONDO_0004982	5
MONDO_0011996	chronic myeloid leukemia	DOID:184	ancestor:MONDO_0002129	19
MONDO_0012032	Braddock syndrome	DOID:10763	ancestor:MONDO_0005044	6
MONDO_0012062	dilated cardiomyopathy 1O	DOID:12930	ancestor:MONDO_0005021	6
MONDO_0012077	amyotrophic lateral sclerosis type 8	DOID:332	ancestor:MONDO_0004976	13
MONDO_0012143	hereditary cryohydrocytosis with reduced stomatin	DOID:2355	ancestor:MONDO_0002280	23
MONDO_0012145	macular degeneration, age-related, 3	DOID:10871	ancestor:MONDO_0005150	1
MONDO_0012154	myopia 6	DOID:9835	ancestor:MONDO_0004892	4
MONDO_0012186	Fanconi anemia complementation group I	DOID:2355	ancestor:MONDO_0002280	23
MONDO_0012187	Fanconi anemia complementation group J	DOID:2355	ancestor:MONDO_0002280	23
MONDO_0012188	neuronal ceroid lipofuscinosis 9	DOID:1826	ancestor:MONDO_0005027	29
MONDO_0012197	idiopathic aplastic anemia	DOID:2355	ancestor:MONDO_0002280	4
MONDO_0012204	familial pseudohyperkalemia	DOID:2355	ancestor:MONDO_0002280	8
MONDO_0012245	developmental and epileptic encephalopathy, 3	DOID:1826	ancestor:MONDO_0005027	13
MONDO_0012252	rhabdoid tumor predisposition syndrome 1	DOID:1115	ancestor:MONDO_0005089	12
MONDO_0012266	preeclampsia/eclampsia 4	DOID:10763	ancestor:MONDO_0005044	9
MONDO_0012268	AIDS	DOID:635	direct	0
MONDO_0012276	generalized epilepsy-paroxysmal dyskinesia syndrome	DOID:1826	ancestor:MONDO_0005027	13
MONDO_0012320	migraine, familial hemiplegic, 3	DOID:6364	ancestor:MONDO_0005277	7
MONDO_0012335	obesity due to pro-opiomelanocortin deficiency	DOID:9970	ancestor:MONDO_0011122	7
MONDO_0012362	dilated cardiomyopathy 1P	DOID:12930	ancestor:MONDO_0005021	6
MONDO_0012391	neuronal ceroid lipofuscinosis 8 northern epilepsy variant	DOID:1826	ancestor:MONDO_0005027	33
MONDO_0012407	pyridoxal phosphate-responsive seizures	DOID:1826	ancestor:MONDO_0005027	19
MONDO_0012414	neuronal ceroid lipofuscinosis 10	DOID:1826	ancestor:MONDO_0005027	28
MONDO_0012419	age related macular degeneration 7	DOID:10871	ancestor:MONDO_0005150	1
MONDO_0012540	age related macular degeneration 4	DOID:10871	ancestor:MONDO_0005150	1
MONDO_0012556	DK1-congenital disorder of glycosylation	DOID:12930	ancestor:MONDO_0005021	14
MONDO_0012565	Fanconi anemia complementation group N	DOID:2355	ancestor:MONDO_0002280	23
MONDO_0012586	coronary artery disease, autosomal dominant 2	DOID:3393	ancestor:MONDO_0005010	4
MONDO_0012588	neuronal ceroid lipofuscinosis 7	DOID:1826	ancestor:MONDO_0005027	28
MONDO_0012611	polyhydramnios, megalencephaly, and symptomatic epilepsy	DOID:1826	ancestor:MONDO_0005027	7
MONDO_0012659	age related macular degeneration 9	DOID:10871	ancestor:MONDO_0005150	1
MONDO_0012667	dilated cardiomyopathy 1W	DOID:12930	ancestor:MONDO_0005021	6
MONDO_0012696	otosclerosis 4	DOID:12185	ancestor:MONDO_0005349	1
MONDO_0012699	autosomal recessive limb-girdle muscular dystrophy type 2M	DOID:12930	ancestor:MONDO_0005021	39
MONDO_0012700	renal tubular acidosis, distal, 4, with hemolytic anemia	DOID:2355	ancestor:MONDO_0002280	22
MONDO_0012704	dilated cardiomyopathy 1X	DOID:12930	ancestor:MONDO_0005021	6
MONDO_0012714	early-onset myopathy with fatal cardiomyopathy	DOID:12930	ancestor:MONDO_0005021	23
MONDO_0012721	progressive myoclonic epilepsy type 3	DOID:1826	ancestor:MONDO_0005027	22
MONDO_0012727	Kawasaki disease	DOID:13378	direct	0
MONDO_0012745	dilated cardiomyopathy 1Z	DOID:12930	ancestor:MONDO_0005021	6
MONDO_0012746	dilated cardiomyopathy 2A	DOID:12930	ancestor:MONDO_0005021	6
MONDO_0012747	glycogen storage disease due to aldolase A deficiency	DOID:2355	ancestor:MONDO_0002280	18
MONDO_0012767	age related macular degeneration 11	DOID:10871	ancestor:MONDO_0005150	1
MONDO_0012805	childhood onset GLUT1 deficiency syndrome 2	DOID:1826	ancestor:MONDO_0005027	29
MONDO_0012808	dilated cardiomyopathy 1AA	DOID:12930	ancestor:MONDO_0005021	9
MONDO_0012812	developmental and epileptic encephalopathy, 4	DOID:1826	ancestor:MONDO_0005027	9
MONDO_0012817	Ewing sarcoma	DOID:1115	ancestor:MONDO_0005089	5
MONDO_0012825	extraskeletal myxoid chondrosarcoma	DOID:1115	ancestor:MONDO_0005089	7
MONDO_0012850	hypophosphatemic nephrolithiasis/osteoporosis 1	DOID:11476	ancestor:MONDO_0005298	6
MONDO_0012851	hypophosphatemic nephrolithiasis/osteoporosis 2	DOID:11476	ancestor:MONDO_0005298	6
MONDO_0012858	primary CD59 deficiency	DOID:2355	ancestor:MONDO_0002280	15
MONDO_0012883	acute promyelocytic leukemia	DOID:184	ancestor:MONDO_0002129	22
MONDO_0012933	breast-ovarian cancer, familial, susceptibility to, 2	DOID:2394	ancestor:MONDO_0008170	21
MONDO_0012945	amyotrophic lateral sclerosis type 11	DOID:332	ancestor:MONDO_0004976	13
MONDO_0012960	intellectual disability, autosomal dominant 5	DOID:1826	ancestor:MONDO_0005027	11
MONDO_0012967	hemolytic anemia due to adenylate kinase deficiency	DOID:2355	ancestor:MONDO_0002280	13
MONDO_0012981	hereditary spherocytosis type 4	DOID:2355	ancestor:MONDO_0002280	8
MONDO_0012992	pancreatic insufficiency-anemia-hyperostosis syndrome	DOID:2355	ancestor:MONDO_0002280	41
MONDO_0013030	dilated cardiomyopathy 1BB	DOID:12930	ancestor:MONDO_0005021	6
MONDO_0013056	developmental and epileptic encephalopathy, 39	DOID:1826	ancestor:MONDO_0005027	27
MONDO_0013060	autosomal recessive Parkinson disease 14	DOID:14330	ancestor:MONDO_0005180	30
MONDO_0013071	Emery-Dreifuss muscular dystrophy 4, autosomal dominant	DOID:12930	ancestor:MONDO_0005021	22
MONDO_0013087	bronchiectasis with or without elevated sweat chloride 2	DOID:3083	ancestor:MONDO_0005002	9
MONDO_0013112	bronchiectasis with or without elevated sweat chloride 3	DOID:3083	ancestor:MONDO_0005002	9
MONDO_0013134	glaucoma 1, open angle, O	DOID:1686	ancestor:MONDO_0005041	5
MONDO_0013147	dilated cardiomyopathy 1CC	DOID:12930	ancestor:MONDO_0005021	6
MONDO_0013168	dilated cardiomyopathy 1DD	DOID:12930	ancestor:MONDO_0005021	6
MONDO_0013191	focal segmental glomerulosclerosis 5	DOID:1312	ancestor:MONDO_0100313	5
MONDO_0013198	dilated cardiomyopathy 1EE	DOID:12930	ancestor:MONDO_0005021	6
MONDO_0013203	corneal dystrophy, Fuchs endothelial, 3	DOID:11555	ancestor:MONDO_0005321	1
MONDO_0013204	corneal dystrophy, Fuchs endothelial, 4	DOID:11555	ancestor:MONDO_0005321	1
MONDO_0013206	corneal dystrophy, Fuchs endothelial, 6	DOID:11555	ancestor:MONDO_0005321	1
MONDO_0013211	dilated cardiomyopathy 1FF	DOID:12930	ancestor:MONDO_0005021	6
MONDO_0013224	rhabdoid tumor predisposition syndrome 2	DOID:1115	ancestor:MONDO_0005089	21
MONDO_0013248	Fanconi anemia complementation group O	DOID:2355	ancestor:MONDO_0002280	23
MONDO_0013254	microcephaly, seizures, and developmental delay	DOID:1826	ancestor:MONDO_0005027	30
MONDO_0013275	hemolytic anemia due to glucophosphate isomerase deficiency	DOID:2355	ancestor:MONDO_0002280	24
MONDO_0013277	developmental and epileptic encephalopathy, 5	DOID:1826	ancestor:MONDO_0005027	13
MONDO_0013280	myxoid liposarcoma	DOID:1115	ancestor:MONDO_0005089	13
MONDO_0013296	myeloid neoplasm associated with FGFR1 rearrangement	DOID:2531	ancestor:MONDO_0002334	4
MONDO_0013324	lymphedema-posterior choanal atresia syndrome	DOID:2531	ancestor:MONDO_0002334	14
MONDO_0013339	dilated cardiomyopathy 1GG	DOID:12930	ancestor:MONDO_0005021	6
MONDO_0013355	congenital dyserythropoietic anemia type 4	DOID:2355	ancestor:MONDO_0002280	12
MONDO_0013371	dilated cardiomyopathy 1U	DOID:12930	ancestor:MONDO_0005021	6
MONDO_0013373	dilated cardiomyopathy 1V	DOID:12930	ancestor:MONDO_0005021	6
MONDO_0013388	developmental and epileptic encephalopathy, 11	DOID:1826	ancestor:MONDO_0005027	10
MONDO_0013389	developmental and epileptic encephalopathy, 12	DOID:1826	ancestor:MONDO_0005027	16
MONDO_0013406	age related macular degeneration 6	DOID:10871	ancestor:MONDO_0005150	1
MONDO_0013416	age related macular degeneration 8	DOID:10871	ancestor:MONDO_0005150	1
MONDO_0013420	age related macular degeneration 12	DOID:10871	ancestor:MONDO_0005150	1
MONDO_0013456	constitutional megaloblastic anemia with severe neurologic disease	DOID:2355	ancestor:MONDO_0002280	17
MONDO_0013458	hyperuricemia-pulmonary hypertension-renal failure-alkalosis syndrome	DOID:10763	ancestor:MONDO_0005044	19
MONDO_0013470	generalized epilepsy with febrile seizures plus, type 7	DOID:1826	ancestor:MONDO_0005027	13
MONDO_0013479	dilated cardiomyopathy 1HH	DOID:12930	ancestor:MONDO_0005021	6
MONDO_0013498	schizophrenia 15	DOID:5419	ancestor:MONDO_0005090	4
MONDO_0013499	Fanconi anemia complementation group P	DOID:2355	ancestor:MONDO_0002280	23
MONDO_0013501	frontotemporal dementia and/or amyotrophic lateral sclerosis 6	DOID:332	ancestor:MONDO_0004976	26
MONDO_0013517	beta-thalassemia HBB/LCRB	DOID:2355	ancestor:MONDO_0002280	14
MONDO_0013526	progressive myoclonic epilepsy type 6	DOID:1826	ancestor:MONDO_0005027	11
MONDO_0013566	Fanconi anemia complementation group L	DOID:2355	ancestor:MONDO_0002280	23
MONDO_0013602	pheochromocytoma/paraganglioma syndrome 5	DOID:1192	ancestor:MONDO_0001406	23
MONDO_0013626	psoriasis 14, pustular	DOID:8893	ancestor:MONDO_0005083	9
MONDO_0013662	Barrett esophagus	DOID:9206	direct	0
MONDO_0013677	Emery-Dreifuss muscular dystrophy 7, autosomal dominant	DOID:12930	ancestor:MONDO_0005021	22
MONDO_0013687	autosomal recessive spinocerebellar ataxia 12	DOID:1826	ancestor:MONDO_0005027	31
MONDO_0013696	chromosome 2p16.3 deletion syndrome	DOID:5419	ancestor:MONDO_0005090	9
MONDO_0013741	familial temporal lobe epilepsy 5	DOID:1826	ancestor:MONDO_0005027	12
MONDO_0013743	autosomal systemic lupus erythematosus type 16	DOID:9074	ancestor:MONDO_0007915	2
MONDO_0013801	developmental and epileptic encephalopathy, 13	DOID:1826	ancestor:MONDO_0005027	21
MONDO_0013817	preeclampsia/eclampsia 5	DOID:10763	ancestor:MONDO_0005044	9
MONDO_0013848	dilated cardiomyopathy 2B	DOID:12930	ancestor:MONDO_0005021	6
MONDO_0013851	autosomal dominant aplasia and myelodysplasia	DOID:2355	ancestor:MONDO_0002280	13
MONDO_0013860	idiopathic membranous glomerulonephritis	DOID:10976	ancestor:MONDO_0005376	1
MONDO_0013866	neuronal ceroid lipofuscinosis 11	DOID:1826	ancestor:MONDO_0005027	29
MONDO_0013872	prostate cancer, hereditary, 2	DOID:10283	ancestor:MONDO_0008315	4
MONDO_0013891	amyotrophic lateral sclerosis type 18	DOID:332	ancestor:MONDO_0004976	13
MONDO_0013925	methylmalonic acidemia with homocystinuria, type cblJ	DOID:2355	ancestor:MONDO_0002280	40
MONDO_0013968	PGM1-congenital disorder of glycosylation	DOID:12930	ancestor:MONDO_0005021	12
MONDO_0013989	developmental and epileptic encephalopathy, 14	DOID:1826	ancestor:MONDO_0005027	9
MONDO_0013991	obesity due to congenital leptin deficiency	DOID:9970	ancestor:MONDO_0011122	18
MONDO_0013992	obesity due to leptin receptor gene deficiency	DOID:9970	ancestor:MONDO_0011122	18
MONDO_0014002	autosomal dominant nocturnal frontal lobe epilepsy 5	DOID:1826	ancestor:MONDO_0005027	13
MONDO_0014073	dilated cardiomyopathy 1II	DOID:12930	ancestor:MONDO_0005021	7
MONDO_0014094	severe congenital hypochromic anemia with ringed sideroblasts	DOID:2355	ancestor:MONDO_0002280	17
MONDO_0014095	dilated cardiomyopathy 1JJ	DOID:12930	ancestor:MONDO_0005021	6
MONDO_0014100	dilated cardiomyopathy 1KK	DOID:12930	ancestor:MONDO_0005021	10
MONDO_0014108	Fanconi anemia complementation group Q	DOID:2355	ancestor:MONDO_0002280	23
MONDO_0014134	pulmonary hypertension, primary, 2	DOID:10763	ancestor:MONDO_0005044	6
MONDO_0014135	pulmonary hypertension, primary, 3	DOID:10763	ancestor:MONDO_0005044	6
MONDO_0014136	pulmonary hypertension, primary, 4	DOID:10763	ancestor:MONDO_0005044	6
MONDO_0014147	neuronal ceroid lipofuscinosis 13	DOID:1826	ancestor:MONDO_0005027	29
MONDO_0014163	left ventricular noncompaction 10	DOID:12930	ancestor:MONDO_0005021	9
MONDO_0014166	paroxysmal nocturnal hemoglobinuria 2	DOID:2355	ancestor:MONDO_0002280	14
MONDO_0014181	amyotrophic lateral sclerosis type 20	DOID:332	ancestor:MONDO_0004976	13
MONDO_0014199	developmental and epileptic encephalopathy, 17	DOID:1826	ancestor:MONDO_0005027	9
MONDO_0014201	developmental and epileptic encephalopathy, 18	DOID:1826	ancestor:MONDO_0005027	19
MONDO_0014207	age related macular degeneration 14	DOID:10871	ancestor:MONDO_0005150	1
MONDO_0014221	triosephosphate isomerase deficiency	DOID:2355	ancestor:MONDO_0002280	26
MONDO_0014265	Alzheimer disease 18	DOID:10652	ancestor:MONDO_0004975	7
MONDO_0014299	LZTR1-related schwannomatosis	DOID:1192	ancestor:MONDO_0001406	31
MONDO_0014309	obesity due to CEP19 deficiency	DOID:9970	ancestor:MONDO_0011122	7
MONDO_0014311	autosomal recessive spinocerebellar ataxia 15	DOID:1826	ancestor:MONDO_0005027	31
MONDO_0014317	pancytopenia-developmental delay syndrome	DOID:2355	ancestor:MONDO_0002280	13
MONDO_0014328	developmental and epileptic encephalopathy, 19	DOID:1826	ancestor:MONDO_0005027	9
MONDO_0014396	dilated cardiomyopathy 1NN	DOID:12930	ancestor:MONDO_0005021	6
MONDO_0014414	STAT3-related early-onset multisystem autoimmune disease	DOID:2531	ancestor:MONDO_0002334	10
MONDO_0014451	focal segmental glomerulosclerosis 7	DOID:1312	ancestor:MONDO_0100313	5
MONDO_0014487	congenital sideroblastic anemia-B-cell immunodeficiency-periodic fever-developmental delay syndrome	DOID:2355	ancestor:MONDO_0002280	10
MONDO_0014505	developmental and epileptic encephalopathy, 27	DOID:1826	ancestor:MONDO_0005027	15
MONDO_0014515	macular dystrophy with central cone involvement	DOID:10871	ancestor:MONDO_0005150	1
MONDO_0014531	amyotrophic lateral sclerosis type 22	DOID:332	ancestor:MONDO_0004976	13
MONDO_0014533	developmental and epileptic encephalopathy, 28	DOID:1826	ancestor:MONDO_0005027	21
MONDO_0014539	focal segmental glomerulosclerosis 9	DOID:1312	ancestor:MONDO_0100313	5
MONDO_0014593	developmental and epileptic encephalopathy, 29	DOID:1826	ancestor:MONDO_0005027	26
MONDO_0014598	developmental and epileptic encephalopathy, 31A	DOID:1826	ancestor:MONDO_0005027	25
MONDO_0014625	developmental and epileptic encephalopathy, 33	DOID:1826	ancestor:MONDO_0005027	21
MONDO_0014633	epilepsy with myoclonic atonic seizures	DOID:1826	ancestor:MONDO_0005027	7
MONDO_0014639	familial temporal lobe epilepsy 7	DOID:1826	ancestor:MONDO_0005027	9
MONDO_0014641	frontotemporal dementia and/or amyotrophic lateral sclerosis 4	DOID:332	ancestor:MONDO_0004976	26
MONDO_0014647	developmental and epileptic encephalopathy, 50	DOID:1826	ancestor:MONDO_0005027	19
MONDO_0014681	thyroid cancer, nonmedullary, 4	DOID:1781	ancestor:MONDO_0002108	13
MONDO_0014682	thyroid cancer, nonmedullary, 5	DOID:1781	ancestor:MONDO_0002108	13
MONDO_0014685	progressive myoclonic epilepsy type 9	DOID:1826	ancestor:MONDO_0005027	11
MONDO_0014717	early-onset Lafora body disease	DOID:1826	ancestor:MONDO_0005027	11
MONDO_0014718	developmental and epileptic encephalopathy, 34	DOID:1826	ancestor:MONDO_0005027	15
MONDO_0014719	developmental and epileptic encephalopathy, 35	DOID:1826	ancestor:MONDO_0005027	18
MONDO_0014742	Parkinson disease 22, autosomal dominant	DOID:14330	ancestor:MONDO_0005180	9
MONDO_0014764	spastic paraplegia-severe developmental delay-epilepsy syndrome	DOID:1826	ancestor:MONDO_0005027	24
MONDO_0014788	autosomal recessive limb-girdle muscular dystrophy type 2W	DOID:12930	ancestor:MONDO_0005021	21
MONDO_0014792	Paget disease of bone 6	DOID:5408	ancestor:MONDO_0005382	1
MONDO_0014804	sideroblastic anemia 3	DOID:2355	ancestor:MONDO_0002280	23
MONDO_0014846	spinocerebellar ataxia, autosomal recessive 23	DOID:1826	ancestor:MONDO_0005027	31
MONDO_0014903	seizures, benign familial infantile, 5	DOID:1826	ancestor:MONDO_0005027	8
MONDO_0014916	developmental and epileptic encephalopathy, 41	DOID:1826	ancestor:MONDO_0005027	24
MONDO_0014917	developmental and epileptic encephalopathy, 42	DOID:1826	ancestor:MONDO_0005027	23
MONDO_0014921	developmental and epileptic encephalopathy, 43	DOID:1826	ancestor:MONDO_0005027	13
MONDO_0014933	developmental and epileptic encephalopathy, 44	DOID:1826	ancestor:MONDO_0005027	21
MONDO_0014942	developmental and epileptic encephalopathy, 45	DOID:1826	ancestor:MONDO_0005027	21
MONDO_0014947	developmental and epileptic encephalopathy, 46	DOID:1826	ancestor:MONDO_0005027	22
MONDO_0014982	myopia 25, autosomal dominant	DOID:9835	ancestor:MONDO_0004892	4
MONDO_0014985	Fanconi anemia complementation group V	DOID:2355	ancestor:MONDO_0002280	23
MONDO_0014986	Fanconi anemia complementation group R	DOID:2355	ancestor:MONDO_0002280	23
MONDO_0014987	Fanconi anemia complementation group U	DOID:2355	ancestor:MONDO_0002280	23
MONDO_0015000	developmental and epileptic encephalopathy, 48	DOID:1826	ancestor:MONDO_0005027	9
MONDO_0015025	developmental and epileptic encephalopathy, 51	DOID:1826	ancestor:MONDO_0005027	9
MONDO_0015032	intraneural perineurioma	DOID:1192	ancestor:MONDO_0001406	6
MONDO_0015072	liver neuroendocrine carcinoma	DOID:3571	ancestor:MONDO_0002691	8
MONDO_0015075	thyroid gland carcinoma	DOID:1781	ancestor:MONDO_0002108	3
MONDO_0015140	early-onset autosomal dominant Alzheimer disease	DOID:10652	ancestor:MONDO_0004975	10
MONDO_0015175	autoimmune pancreatitis	DOID:4989	ancestor:MONDO_0004982	6
MONDO_0015194	sideroblastic anemia	DOID:2355	ancestor:MONDO_0002280	3
MONDO_0015253	Diamond-Blackfan anemia	DOID:2355	ancestor:MONDO_0002280	21
MONDO_0015277	medullary thyroid gland carcinoma	DOID:1781	ancestor:MONDO_0002108	11
MONDO_0015278	familial pancreatic carcinoma	DOID:1793	ancestor:MONDO_0009831	9
MONDO_0015346	epilepsy with eyelid myoclonia	DOID:1826	ancestor:MONDO_0005027	6
MONDO_0015391	nasopharyngeal teratoma	DOID:2994	ancestor:MONDO_0005040	16
MONDO_0015408	diffuse lymphatic malformation	DOID:2531	ancestor:MONDO_0002334	12
MONDO_0015447	differentiated thyroid carcinoma	DOID:1781	ancestor:MONDO_0002108	4
MONDO_0015459	nasopharyngeal carcinoma	DOID:0060119	ancestor:MONDO_0005517	18
MONDO_0015523	epithelioid hemangioendothelioma	DOID:175	ancestor:EFO_0003967	2
MONDO_0015528	congenital epulis	DOID:1192	ancestor:MONDO_0001406	33
MONDO_0015585	cryptogenic late-onset epileptic spasms	DOID:1826	ancestor:MONDO_0005027	3
MONDO_0015587	rolandic epilepsy-speech dyspraxia syndrome	DOID:1826	ancestor:MONDO_0005027	14
MONDO_0015597	palmoplantar pustulosis	DOID:8893	ancestor:MONDO_0005083	3
MONDO_0015637	benign non-familial infantile seizures	DOID:1826	ancestor:MONDO_0005027	4
MONDO_0015638	benign partial epilepsy of infancy with complex partial seizures	DOID:1826	ancestor:MONDO_0005027	5
MONDO_0015639	benign partial epilepsy with secondarily generalized seizures in infancy	DOID:1826	ancestor:MONDO_0005027	5
MONDO_0015640	benign infantile seizures associated with mild gastroenteritis	DOID:1826	ancestor:MONDO_0005027	8
MONDO_0015641	benign infantile focal epilepsy with midline spikes and wave during sleep	DOID:1826	ancestor:MONDO_0005027	4
MONDO_0015642	benign partial infantile seizures	DOID:1826	ancestor:MONDO_0005027	3
MONDO_0015643	photosensitive epilepsy	DOID:1826	ancestor:MONDO_0005027	8
MONDO_0015650	epilepsy syndrome	DOID:1826	ancestor:MONDO_0005027	1
MONDO_0015653	monogenic epilepsy	DOID:1826	ancestor:MONDO_0005027	5
MONDO_0015667	acute myeloid leukemia by FAB classification	DOID:184	ancestor:MONDO_0002129	20
MONDO_0015686	primary peritoneal carcinoma	DOID:1725	ancestor:MONDO_0002087	4
MONDO_0015688	myeloid/lymphoid neoplasms associated with eosinophilia and abnormality of PDGFRA, PDGFRB, FGFR1 or JAK2	DOID:2531	ancestor:MONDO_0002334	3
MONDO_0015690	myeloid neoplasm associated with PDGFRB rearrangement	DOID:2531	ancestor:MONDO_0002334	4
MONDO_0015694	malignant melanoma of the mucosa	DOID:1909	ancestor:MONDO_0005105	1
MONDO_0015756	myeloid hemopathy	DOID:2531	ancestor:MONDO_0002334	1
MONDO_0015757	lymphoid hemopathy	DOID:2531	ancestor:MONDO_0002334	1
MONDO_0015758	primary cutaneous T-cell lymphoma	DOID:4159	ancestor:MONDO_0002898	11
MONDO_0015759	B-cell non-Hodgkin lymphoma	DOID:2531	ancestor:MONDO_0002334	9
MONDO_0015760	T-cell non-Hodgkin lymphoma	DOID:2531	ancestor:MONDO_0002334	6
MONDO_0015792	transient congenital hypothyroidism	DOID:1459	ancestor:MONDO_0005420	2
MONDO_0015813	primary cutaneous marginal zone B-cell lymphoma	DOID:4159	ancestor:MONDO_0002898	18
MONDO_0015816	indolent primary cutaneous T-cell lymphoma	DOID:4159	ancestor:MONDO_0002898	12
MONDO_0015819	indolent primary cutaneous B-cell lymphoma	DOID:4159	ancestor:MONDO_0002898	17
MONDO_0015820	primary cutaneous B-cell lymphoma	DOID:4159	ancestor:MONDO_0002898	9
MONDO_0015821	mycosis fungoides and variants	DOID:4159	ancestor:MONDO_0002898	13
MONDO_0015864	mixed germ cell tumor	DOID:2994	ancestor:MONDO_0005040	3
MONDO_0015867	vaginal carcinoma	DOID:119	ancestor:MONDO_0001402	3
MONDO_0015909	aplastic anemia	DOID:2355	ancestor:MONDO_0002280	3
MONDO_0015924	pulmonary arterial hypertension	DOID:10763	ancestor:MONDO_0005044	2
MONDO_0015935	extragonadal germinoma	DOID:2994	ancestor:MONDO_0005040	6
MONDO_0016027	benign neonatal seizures	DOID:1826	ancestor:MONDO_0005027	13
MONDO_0016030	Evans syndrome	DOID:2355	ancestor:MONDO_0002280	11
MONDO_0016079	sporadic Creutzfeldt-Jakob disease	DOID:11949	ancestor:MONDO_0005357	1
MONDO_0016094	vaginal germ cell malignant tumor	DOID:119	ancestor:MONDO_0001402	3
MONDO_0016095	vaginal rhabdomyosarcoma	DOID:119	ancestor:MONDO_0001402	8
MONDO_0016096	malignant non-dysgerminomatous germ cell tumor of ovary	DOID:2394	ancestor:MONDO_0008170	9
MONDO_0016097	symptomatic form of muscular dystrophy of Duchenne and Becker in female carriers	DOID:12930	ancestor:MONDO_0005021	17
MONDO_0016158	narcolepsy-cataplexy syndrome	DOID:8986	ancestor:MONDO_0021107	3
MONDO_0016160	X-linked intellectual disability-epilepsy syndrome	DOID:1826	ancestor:MONDO_0005027	13
MONDO_0016216	adult hepatocellular carcinoma	DOID:3571	ancestor:MONDO_0002691	8
MONDO_0016242	hemoglobin C disease	DOID:2355	ancestor:MONDO_0002280	6
MONDO_0016243	hemoglobin E disease	DOID:2355	ancestor:MONDO_0002280	6
MONDO_0016248	familial ovarian cancer	DOID:2394	ancestor:MONDO_0008170	3
MONDO_0016249	hereditary site-specific ovarian cancer syndrome	DOID:2394	ancestor:MONDO_0008170	4
MONDO_0016259	carcinosarcoma of the corpus uteri	DOID:363	ancestor:MONDO_0002715	11
MONDO_0016260	uterine corpus rhabdomyosarcoma	DOID:363	ancestor:MONDO_0002715	11
MONDO_0016262	leiomyosarcoma of the corpus uteri	DOID:363	ancestor:MONDO_0002715	25
MONDO_0016266	squamous cell carcinoma of the corpus uteri	DOID:363	ancestor:MONDO_0002715	8
MONDO_0016267	undifferentiated carcinoma of the corpus uteri	DOID:363	ancestor:MONDO_0002715	7
MONDO_0016268	papillary carcinoma of the corpus uteri	DOID:363	ancestor:MONDO_0002715	8
MONDO_0016271	adenoid cystic carcinoma of the corpus uteri	DOID:363	ancestor:MONDO_0002715	9
MONDO_0016272	transitional cell carcinoma of the corpus uteri	DOID:363	ancestor:MONDO_0002715	7
MONDO_0016273	malignant germ cell tumor of corpus uteri	DOID:363	ancestor:MONDO_0002715	5
MONDO_0016277	malignant mixed epithelial and mesenchymal tumor of cervix uteri	DOID:4362	ancestor:MONDO_0002974	1
MONDO_0016280	sarcoma of cervix uteri	DOID:4362	ancestor:MONDO_0002974	2
MONDO_0016282	rhabdomyosarcoma of the cervix uteri	DOID:4362	ancestor:MONDO_0002974	8
MONDO_0016283	leiomyosarcoma of the cervix uteri	DOID:4362	ancestor:MONDO_0002974	22
MONDO_0016285	papillary carcinoma of the cervix uteri	DOID:4362	ancestor:MONDO_0002974	7
MONDO_0016289	malignant germ cell tumor of cervix uteri	DOID:4362	ancestor:MONDO_0002974	3
MONDO_0016333	familial dilated cardiomyopathy	DOID:12930	ancestor:MONDO_0005021	4
MONDO_0016338	non-familial dilated cardiomyopathy	DOID:12930	ancestor:MONDO_0005021	1
MONDO_0016346	hydrocephalus-obesity-hypogonadism syndrome	DOID:9970	ancestor:MONDO_0011122	14
MONDO_0016408	permanent congenital hypothyroidism	DOID:1459	ancestor:MONDO_0005420	3
MONDO_0016410	central congenital hypothyroidism	DOID:1459	ancestor:MONDO_0005420	4
MONDO_0016411	hypothyroidism due to deficient transcription factors involved in pituitary development or function	DOID:1459	ancestor:MONDO_0005420	5
MONDO_0016412	peripheral hypothyroidism	DOID:1459	ancestor:MONDO_0005420	4
MONDO_0016419	hereditary breast carcinoma	DOID:1612	ancestor:MONDO_0007254	13
MONDO_0016450	autoimmune hemolytic anemia, cold type	DOID:2355	ancestor:MONDO_0002280	8
MONDO_0016473	familial rhabdoid tumor	DOID:1115	ancestor:MONDO_0005089	11
MONDO_0016483	intracranial berry aneurysm	DOID:10941	ancestor:MONDO_0005291	5
MONDO_0016486	beta-thalassemia major	DOID:2355	ancestor:MONDO_0002280	15
MONDO_0016487	beta-thalassemia intermedia	DOID:2355	ancestor:MONDO_0002280	15
MONDO_0016489	delta-beta-thalassemia	DOID:2355	ancestor:MONDO_0002280	7
MONDO_0016490	hemoglobin C-beta-thalassemia syndrome	DOID:2355	ancestor:MONDO_0002280	11
MONDO_0016491	hemoglobin E-beta-thalassemia syndrome	DOID:2355	ancestor:MONDO_0002280	11
MONDO_0016521	muscular pseudohypertrophy-hypothyroidism syndrome	DOID:1459	ancestor:MONDO_0005420	6
MONDO_0016532	Lennox-Gastaut syndrome	DOID:1826	ancestor:MONDO_0005027	12
MONDO_0016559	glaucoma secondary to spherophakia/ectopia lentis and megalocornea	DOID:1686	ancestor:MONDO_0005041	6
MONDO_0016586	systemic mastocytosis	DOID:2531	ancestor:MONDO_0002334	7
MONDO_0016624	hereditary anemia	DOID:2355	ancestor:MONDO_0002280	6
MONDO_0016625	acquired deficiency anemia	DOID:2355	ancestor:MONDO_0002280	2
MONDO_0016642	meningioma	DOID:3565	direct	0
MONDO_0016680	high grade astrocytic tumor	DOID:3070	ancestor:MONDO_0100342	2
MONDO_0016681	gliosarcoma	DOID:3070	ancestor:MONDO_0100342	9
MONDO_0016682	giant cell glioblastoma	DOID:3070	ancestor:MONDO_0100342	9
MONDO_0016683	gliomatosis cerebri	DOID:3070	ancestor:MONDO_0100342	7
MONDO_0016684	anaplastic astrocytoma	DOID:3070	ancestor:MONDO_0100342	5
MONDO_0016695	oligodendroglioma	DOID:3070	ancestor:MONDO_0100342	4
MONDO_0016696	anaplastic oligodendroglioma	DOID:3070	ancestor:MONDO_0100342	4
MONDO_0016700	anaplastic ependymoma	DOID:3070	ancestor:MONDO_0100342	4
MONDO_0016703	anaplastic oligoastrocytoma	DOID:3070	ancestor:MONDO_0100342	11
MONDO_0016718	choroid plexus carcinoma	DOID:1319	ancestor:MONDO_0001657	15
MONDO_0016722	pineoblastoma	DOID:1319	ancestor:MONDO_0001657	12
MONDO_0016739	yolk sac tumor of central nervous system	DOID:2994	ancestor:MONDO_0005040	9
MONDO_0016740	choriocarcinoma of the central nervous system	DOID:2994	ancestor:MONDO_0005040	18
MONDO_0016742	mixed germ cell tumor of central nervous system	DOID:2994	ancestor:MONDO_0005040	14
MONDO_0016747	primary melanoma of the central nervous system	DOID:1909	ancestor:MONDO_0005105	10
MONDO_0016751	malignant perineurioma	DOID:3070	ancestor:MONDO_0100342	7
MONDO_0016755	neurofibroma	DOID:1192	ancestor:MONDO_0001406	6
MONDO_0016757	malignant triton tumor	DOID:3070	ancestor:MONDO_0100342	13
MONDO_0016826	methylmalonic aciduria and homocystinuria	DOID:2355	ancestor:MONDO_0002280	39
MONDO_0016828	autosomal recessive sideroblastic anemia	DOID:2355	ancestor:MONDO_0002280	11
MONDO_0016830	Emery-Dreifuss muscular dystrophy	DOID:12930	ancestor:MONDO_0005021	17
MONDO_0016855	Mowat-Wilson syndrome due to monosomy 2q22	DOID:1826	ancestor:MONDO_0005027	25
MONDO_0016856	Mowat-Wilson syndrome due to a ZEB2 point mutation	DOID:1826	ancestor:MONDO_0005027	19
MONDO_0016974	thymoma type B	DOID:2531	ancestor:MONDO_0002334	10
MONDO_0016975	thymoma type AB	DOID:2531	ancestor:MONDO_0002334	9
MONDO_0016982	angiosarcoma	DOID:175	ancestor:EFO_0003967	5
MONDO_0017043	congenital mesoblastic nephroma	DOID:263	ancestor:MONDO_0002367	7
MONDO_0017145	beta-thalassemia and related diseases	DOID:2355	ancestor:MONDO_0002280	6
MONDO_0017148	heritable pulmonary arterial hypertension	DOID:10763	ancestor:MONDO_0005044	5
MONDO_0017149	drug- or toxin-induced pulmonary arterial hypertension	DOID:10763	ancestor:MONDO_0005044	3
MONDO_0017207	primary organ-specific lymphoma	DOID:2531	ancestor:MONDO_0002334	5
MONDO_0017227	autoimmune pancreatitis type 1	DOID:4989	ancestor:MONDO_0004982	8
MONDO_0017238	hemoglobinopathy Toms River	DOID:2355	ancestor:MONDO_0002280	7
MONDO_0017279	young-onset Parkinson disease	DOID:14330	ancestor:MONDO_0005180	8
MONDO_0017292	well-differentiated fetal adenocarcinoma of the lung	DOID:1324	ancestor:MONDO_0008903	9
MONDO_0017319	hereditary elliptocytosis	DOID:2355	ancestor:MONDO_0002280	2
MONDO_0017325	early-onset epileptic encephalopathy and intellectual disability due to GRIN2A mutation	DOID:1826	ancestor:MONDO_0005027	11
MONDO_0017346	Epstein-Barr virus-positive diffuse large B-cell lymphoma of the elderly	DOID:2531	ancestor:MONDO_0002334	18
MONDO_0017385	malignant migrating partial seizures of infancy	DOID:1826	ancestor:MONDO_0005027	5
MONDO_0017386	pleomorphic rhabdomyosarcoma	DOID:1115	ancestor:MONDO_0005089	6
MONDO_0017387	epithelioid sarcoma	DOID:1115	ancestor:MONDO_0005089	5
MONDO_0017408	rapid-onset childhood obesity-hypothalamic dysfunction-hypoventilation-autonomic dysregulation syndrome	DOID:9970	ancestor:MONDO_0011122	8
MONDO_0017582	pituitary adenocarcinoma	DOID:184	ancestor:MONDO_0002129	39
MONDO_0017582	pituitary adenocarcinoma	DOID:1319	ancestor:MONDO_0001657	39
MONDO_0017590	carcinoma of the ampulla of vater	DOID:4606	ancestor:MONDO_0003059	32
MONDO_0017593	juvenile amyotrophic lateral sclerosis	DOID:332	ancestor:MONDO_0004976	13
MONDO_0017594	indolent B-cell non-Hodgkin lymphoma	DOID:2531	ancestor:MONDO_0002334	10
MONDO_0017595	aggressive B-cell non-Hodgkin lymphoma	DOID:2531	ancestor:MONDO_0002334	10
MONDO_0017596	diffuse large B-cell lymphoma of the central nervous system	DOID:2531	ancestor:MONDO_0002334	32
MONDO_0017599	splenic diffuse red pulp small B-cell lymphoma	DOID:2531	ancestor:MONDO_0002334	16
MONDO_0017603	ALK-negative anaplastic large cell lymphoma	DOID:2531	ancestor:MONDO_0002334	11
MONDO_0017604	marginal zone lymphoma	DOID:2531	ancestor:MONDO_0002334	15
MONDO_0017615	benign familial infantile epilepsy	DOID:1826	ancestor:MONDO_0005027	7
MONDO_0017683	methylcobalamin deficiency type cblDv1	DOID:2355	ancestor:MONDO_0002280	37
MONDO_0017704	familial partial epilepsy	DOID:1826	ancestor:MONDO_0005027	7
MONDO_0017768	reflex epilepsy	DOID:1826	ancestor:MONDO_0005027	1
MONDO_0017790	gastric adenocarcinoma and proximal polyposis of the stomach	DOID:10534	ancestor:MONDO_0001056	14
MONDO_0017809	parkinsonism due to ATP13A2 deficiency	DOID:14330	ancestor:MONDO_0005180	33
MONDO_0017814	primary bone lymphoma	DOID:184	ancestor:MONDO_0002129	8
MONDO_0017827	malignant peripheral nerve sheath tumor	DOID:3070	ancestor:MONDO_0100342	12
MONDO_0017844	Sezary syndrome	DOID:4159	ancestor:MONDO_0002898	10
MONDO_0017852	infantile spasms-broad thumbs syndrome	DOID:1826	ancestor:MONDO_0005027	7
MONDO_0017884	papillary renal cell carcinoma	DOID:263	ancestor:MONDO_0002367	11
MONDO_0017885	chromophobe renal cell carcinoma	DOID:263	ancestor:MONDO_0002367	8
MONDO_0017886	MIT family translocation renal cell carcinoma	DOID:263	ancestor:MONDO_0002367	7
MONDO_0017893	inherited acute myeloid leukemia	DOID:184	ancestor:MONDO_0002129	21
MONDO_0017894	acute myeloid leukemia with CEBPA somatic mutations	DOID:184	ancestor:MONDO_0002129	20
MONDO_0017895	familial papillary or follicular thyroid carcinoma	DOID:1781	ancestor:MONDO_0002108	8
MONDO_0017896	familial nonmedullary thyroid carcinoma	DOID:1781	ancestor:MONDO_0002108	6
MONDO_0017907	primary lymphoma of the conjunctiva	DOID:2174	ancestor:MONDO_0002236	13
MONDO_0017909	inherited glutathione synthetase deficiency	DOID:2355	ancestor:MONDO_0002280	19
MONDO_0017910	dehydrated hereditary stomatocytosis	DOID:2355	ancestor:MONDO_0002280	3
MONDO_0018004	acute megakaryoblastic leukemia without down syndrome	DOID:184	ancestor:MONDO_0002129	22
MONDO_0018022	hemoglobin Lepore-beta-thalassemia syndrome	DOID:2355	ancestor:MONDO_0002280	11
MONDO_0018023	hemoglobin M disease	DOID:2355	ancestor:MONDO_0002280	10
MONDO_0018055	pediatric hepatocellular carcinoma	DOID:3571	ancestor:MONDO_0002691	10
MONDO_0018078	soft tissue sarcoma	DOID:1115	ancestor:MONDO_0005089	4
MONDO_0018079	thymic epithelial neoplasm	DOID:2531	ancestor:MONDO_0002334	7
MONDO_0018097	infantile spasms	DOID:1826	ancestor:MONDO_0005027	4
MONDO_0018123	intellectual disability-obesity-brain malformations-facial dysmorphism syndrome	DOID:9970	ancestor:MONDO_0011122	11
MONDO_0018125	focal epilepsy-intellectual disability-cerebro-cerebellar malformation	DOID:1826	ancestor:MONDO_0005027	7
MONDO_0018126	progressive myoclonic epilepsy with dystonia	DOID:1826	ancestor:MONDO_0005027	3
MONDO_0018160	hereditary retinoblastoma	DOID:2174	ancestor:MONDO_0002236	14
MONDO_0018161	non-hereditary retinoblastoma	DOID:2174	ancestor:MONDO_0002236	7
MONDO_0018171	malignant germ cell tumor of ovary	DOID:2394	ancestor:MONDO_0008170	6
MONDO_0018172	malignant sex cord stromal tumor of ovary	DOID:2394	ancestor:MONDO_0008170	4
MONDO_0018174	hereditary glaucoma	DOID:1686	ancestor:MONDO_0005041	3
MONDO_0018177	glioblastoma	DOID:3070	ancestor:MONDO_0100342	3
MONDO_0018184	gastric linitis plastica	DOID:10534	ancestor:MONDO_0001056	11
MONDO_0018193	testicular teratoma	DOID:2994	ancestor:MONDO_0005040	12
MONDO_0018199	new-onset refractory status epilepticus	DOID:1826	ancestor:MONDO_0005027	3
MONDO_0018201	extragonadal germ cell tumor	DOID:2994	ancestor:MONDO_0005040	1
MONDO_0018202	gonadal germ cell tumor	DOID:2994	ancestor:MONDO_0005040	1
MONDO_0018214	generalized epilepsy with febrile seizures plus	DOID:1826	ancestor:MONDO_0005027	12
MONDO_0018244	obesity due to SIM1 deficiency	DOID:9970	ancestor:MONDO_0011122	7
MONDO_0018271	peripheral primitive neuroectodermal tumor	DOID:1192	ancestor:MONDO_0001406	8
MONDO_0018310	Langerhans cell histiocytosis	DOID:2531	ancestor:MONDO_0002334	9
MONDO_0018314	infantile-onset mesial temporal lobe epilepsy with severe cognitive regression	DOID:1826	ancestor:MONDO_0005027	8
MONDO_0018315	X-linked osteoporosis with fractures	DOID:11476	ancestor:MONDO_0005298	1
MONDO_0018330	mucinous adenocarcinoma of the appendix	DOID:11239	ancestor:MONDO_0001235	20
MONDO_0018352	squamous cell carcinoma of penis	DOID:11615	ancestor:MONDO_0001325	6
MONDO_0018360	neonatal lupus erythematosus	DOID:9074	ancestor:MONDO_0007915	2
MONDO_0018364	malignant epithelial tumor of ovary	DOID:2394	ancestor:MONDO_0008170	4
MONDO_0018365	malignant non-epithelial tumor of ovary	DOID:2394	ancestor:MONDO_0008170	1
MONDO_0018369	immature ovarian teratoma	DOID:2394	ancestor:MONDO_0008170	15
MONDO_0018437	acute myeloid leukemia with NPM1 somatic mutations	DOID:184	ancestor:MONDO_0002129	20
MONDO_0018446	autosomal recessive cerebellar ataxia - epilepsy - intellectual disability syndrome	DOID:1826	ancestor:MONDO_0005027	30
MONDO_0018481	undifferentiated carcinoma of esophagus	DOID:5041	ancestor:MONDO_0007576	9
MONDO_0018492	hereditary clear cell renal cell carcinoma	DOID:263	ancestor:MONDO_0002367	15
MONDO_0018502	hereditary gastric cancer	DOID:10534	ancestor:MONDO_0001056	7
MONDO_0018504	undifferentiated carcinoma of stomach	DOID:10534	ancestor:MONDO_0001056	6
MONDO_0018513	squamous cell carcinoma of colon	DOID:219	ancestor:MONDO_0021063	10
MONDO_0018515	squamous cell carcinoma of rectum	DOID:1993	ancestor:MONDO_0006519	10
MONDO_0018521	squamous cell carcinoma of pancreas	DOID:1793	ancestor:MONDO_0009831	9
MONDO_0018523	pancreatic mucinous cystadenoma	DOID:1793	ancestor:MONDO_0009831	15
MONDO_0018531	carcinoma of liver and intrahepatic biliary tract	DOID:3571	ancestor:MONDO_0002691	4
MONDO_0018533	undifferentiated carcinoma of liver and intrahepatic biliary tract	DOID:3571	ancestor:MONDO_0002691	6
MONDO_0018534	squamous cell carcinoma of liver and intrahepatic biliary tract	DOID:3571	ancestor:MONDO_0002691	7
MONDO_0018535	biliary cystadenocarcinoma	DOID:3571	ancestor:MONDO_0002691	12
MONDO_0018536	adenocarcinoma of gallbladder and extrahepatic biliary tract	DOID:4606	ancestor:MONDO_0003059	14
MONDO_0018537	squamous cell carcinoma of gallbladder and extrahepatic biliary tract	DOID:4606	ancestor:MONDO_0003059	15
MONDO_0018554	pulmonary veno-occlusive disease and/or pulmonary capillary haemangiomatosis	DOID:10763	ancestor:MONDO_0005044	5
MONDO_0018612	congenital hypothyroidism	DOID:1459	ancestor:MONDO_0005420	1
MONDO_0018614	undetermined early-onset epileptic encephalopathy	DOID:1826	ancestor:MONDO_0005027	14
MONDO_0018646	sclerosing cholangitis	DOID:14268	direct	0
MONDO_0018666	hepatoblastoma	DOID:3571	ancestor:MONDO_0002691	9
MONDO_0018686	acquired Creutzfeldt-Jakob disease	DOID:11949	ancestor:MONDO_0005357	1
MONDO_0018689	plasma cell leukemia	DOID:2531	ancestor:MONDO_0002334	18
MONDO_0018744	oligodendroglial tumor	DOID:3070	ancestor:MONDO_0100342	1
MONDO_0018749	hereditary persistence of fetal hemoglobin-beta-thalassemia syndrome	DOID:2355	ancestor:MONDO_0002280	11
MONDO_0018816	isolated neonatal sclerosing cholangitis	DOID:14268	ancestor:MONDO_0018646	3
MONDO_0018842	primary effusion lymphoma	DOID:2531	ancestor:MONDO_0002334	19
MONDO_0018843	embryonal carcinoma of the central nervous system	DOID:2994	ancestor:MONDO_0005040	17
MONDO_0018871	acute myelomonocytic leukemia M4	DOID:184	ancestor:MONDO_0002129	21
MONDO_0018872	acute megakaryoblastic leukemia	DOID:184	ancestor:MONDO_0002129	21
MONDO_0018874	acute myeloid leukemia	DOID:184	ancestor:MONDO_0002129	19
MONDO_0018876	mantle cell lymphoma	DOID:2531	ancestor:MONDO_0002334	11
MONDO_0018881	myelodysplastic syndrome	DOID:2531	ancestor:MONDO_0002334	6
MONDO_0018898	primary cutaneous lymphoma	DOID:4159	ancestor:MONDO_0002898	8
MONDO_0018905	diffuse large B-cell lymphoma	DOID:2531	ancestor:MONDO_0002334	12
MONDO_0018906	follicular lymphoma	DOID:2531	ancestor:MONDO_0002334	12
MONDO_0018908	non-Hodgkin lymphoma	DOID:2531	ancestor:MONDO_0002334	5
MONDO_0018920	peripartum cardiomyopathy	DOID:12930	ancestor:MONDO_0005021	5
MONDO_0018922	cold agglutinin disease	DOID:2355	ancestor:MONDO_0002280	9
MONDO_0018925	familial or sporadic hemiplegic migraine	DOID:6364	ancestor:MONDO_0005277	2
MONDO_0018935	hairy cell leukemia	DOID:2531	ancestor:MONDO_0002334	20
MONDO_0018956	idiopathic bronchiectasis	DOID:3083	ancestor:MONDO_0005002	8
MONDO_0018961	familial melanoma	DOID:1909	ancestor:MONDO_0005105	3
MONDO_0018963	hereditary methemoglobinemia	DOID:2355	ancestor:MONDO_0002280	7
MONDO_0018964	homocystinuria without methylmalonic aciduria	DOID:2355	ancestor:MONDO_0002280	35
MONDO_0019003	multiple endocrine neoplasia type 2	DOID:1781	ancestor:MONDO_0002108	11
MONDO_0019004	kidney Wilms tumor	DOID:263	ancestor:MONDO_0002367	7
MONDO_0019023	cutaneous mastocytosis	DOID:2531	ancestor:MONDO_0002334	23
MONDO_0019024	mast cell sarcoma	DOID:1115	ancestor:MONDO_0005089	10
MONDO_0019024	mast cell sarcoma	DOID:2531	ancestor:MONDO_0002334	10
MONDO_0019025	extracutaneous mastocytoma	DOID:2531	ancestor:MONDO_0002334	9
MONDO_0019031	thrombocytopenia with congenital dyserythropoietic anemia	DOID:2355	ancestor:MONDO_0002280	12
MONDO_0019086	carcinoma of esophagus	DOID:5041	ancestor:MONDO_0007576	4
MONDO_0019087	cholangiocarcinoma	DOID:4606	ancestor:MONDO_0003059	15
MONDO_0019107	Rh deficiency syndrome	DOID:2355	ancestor:MONDO_0002280	8
MONDO_0019115	obesity due to melanocortin 4 receptor deficiency	DOID:9970	ancestor:MONDO_0011122	7
MONDO_0019157	myelodysplastic syndrome with ring sideroblasts	DOID:2355	ancestor:MONDO_0002280	11
MONDO_0019182	inherited obesity	DOID:9970	ancestor:MONDO_0011122	6
MONDO_0019197	folinic acid-responsive seizures	DOID:1826	ancestor:MONDO_0005027	10
MONDO_0019202	myxofibrosarcoma	DOID:1115	ancestor:MONDO_0005089	5
MONDO_0019316	maculopapular cutaneous mastocytosis	DOID:2531	ancestor:MONDO_0002334	24
MONDO_0019317	follicular atrophoderma-basal cell carcinoma	DOID:4159	ancestor:MONDO_0002898	9
MONDO_0019328	macrocystic lymphatic malformation	DOID:2531	ancestor:MONDO_0002334	12
MONDO_0019350	hereditary spherocytosis	DOID:2355	ancestor:MONDO_0002280	7
MONDO_0019371	narcolepsy without cataplexy	DOID:8986	ancestor:MONDO_0021107	3
MONDO_0019373	desmoplastic small round cell tumor	DOID:1115	ancestor:MONDO_0005089	6
MONDO_0019391	Fanconi anemia	DOID:2355	ancestor:MONDO_0002280	22
MONDO_0019402	beta thalassemia	DOID:2355	ancestor:MONDO_0002280	13
MONDO_0019403	congenital dyserythropoietic anemia	DOID:2355	ancestor:MONDO_0002280	7
MONDO_0019404	perineurioma	DOID:1192	ancestor:MONDO_0001406	5
MONDO_0019409	idiopathic juvenile osteoporosis	DOID:11476	ancestor:MONDO_0005298	3
MONDO_0019436	psoriasis-related juvenile idiopathic arthritis	DOID:9008	ancestor:MONDO_0011849	2
MONDO_0019448	benign adult familial myoclonic epilepsy	DOID:1826	ancestor:MONDO_0005027	7
MONDO_0019451	chronic neutrophilic leukemia	DOID:184	ancestor:MONDO_0002129	18
MONDO_0019452	myeloproliferative neoplasm, unclassifiable	DOID:184	ancestor:MONDO_0002129	16
MONDO_0019453	myelodysplastic syndrome with multilineage dysplasia	DOID:2531	ancestor:MONDO_0002334	9
MONDO_0019454	myelodysplastic syndrome with excess blasts	DOID:2531	ancestor:MONDO_0002334	8
MONDO_0019455	acute panmyelosis with myelofibrosis	DOID:184	ancestor:MONDO_0002129	21
MONDO_0019456	acute myeloid leukemia with multilineage dysplasia	DOID:184	ancestor:MONDO_0002129	20
MONDO_0019457	therapy related acute myeloid leukemia and myelodysplastic syndrome	DOID:184	ancestor:MONDO_0002129	20
MONDO_0019458	acute basophilic leukemia	DOID:184	ancestor:MONDO_0002129	21
MONDO_0019460	acute leukemia of ambiguous lineage	DOID:184	ancestor:MONDO_0002129	20
MONDO_0019461	B-cell prolymphocytic leukemia	DOID:2531	ancestor:MONDO_0002334	20
MONDO_0019462	splenic marginal zone lymphoma	DOID:2531	ancestor:MONDO_0002334	16
MONDO_0019464	heavy chain disease	DOID:2531	ancestor:MONDO_0002334	10
MONDO_0019465	nodal marginal zone B-cell lymphoma	DOID:2531	ancestor:MONDO_0002334	16
MONDO_0019467	CD4+/CD56+ hematodermic neoplasm	DOID:4159	ancestor:MONDO_0002898	10
MONDO_0019468	T-cell prolymphocytic leukemia	DOID:2531	ancestor:MONDO_0002334	23
MONDO_0019469	T-cell large granular lymphocyte leukemia	DOID:2531	ancestor:MONDO_0002334	14
MONDO_0019470	aggressive NK-cell leukemia	DOID:2531	ancestor:MONDO_0002334	22
MONDO_0019471	adult T-cell leukemia/lymphoma	DOID:2531	ancestor:MONDO_0002334	20
MONDO_0019472	extranodal nasal NK/T cell lymphoma	DOID:2531	ancestor:MONDO_0002334	10
MONDO_0019473	enteropathy-associated T-cell lymphoma	DOID:2531	ancestor:MONDO_0002334	7
MONDO_0019474	hepatosplenic T-cell lymphoma	DOID:2531	ancestor:MONDO_0002334	7
MONDO_0019475	subcutaneous panniculitis-like T-cell lymphoma	DOID:4159	ancestor:MONDO_0002898	19
MONDO_0019479	histiocytic sarcoma	DOID:2531	ancestor:MONDO_0002334	4
MONDO_0019480	Langerhans cell sarcoma	DOID:1115	ancestor:MONDO_0005089	11
MONDO_0019480	Langerhans cell sarcoma	DOID:2531	ancestor:MONDO_0002334	11
MONDO_0019485	idiopathic hemiconvulsion-hemiplegia syndrome	DOID:1826	ancestor:MONDO_0005027	5
MONDO_0019487	epilepsy with myoclonic absences	DOID:1826	ancestor:MONDO_0005027	11
MONDO_0019488	myoclonic epilepsy in non-progressive encephalopathies	DOID:1826	ancestor:MONDO_0005027	3
MONDO_0019500	extragonadal teratoma	DOID:2994	ancestor:MONDO_0005040	4
MONDO_0019506	obesity-colitis-hypothyroidism-cardiac hypertrophy-developmental delay syndrome	DOID:1459	ancestor:MONDO_0005420	6
MONDO_0019531	hemolytic anemia due to glutathione reductase deficiency	DOID:2355	ancestor:MONDO_0002280	22
MONDO_0019535	drug-induced autoimmune hemolytic anemia	DOID:2355	ancestor:MONDO_0002280	8
MONDO_0019537	hemoglobin D disease	DOID:2355	ancestor:MONDO_0002280	6
MONDO_0019725	pediatric systemic lupus erythematosus	DOID:9074	ancestor:MONDO_0007915	1
MONDO_0019770	X-linked dominant intellectual disability-epilepsy syndrome	DOID:1826	ancestor:MONDO_0005027	14
MONDO_0019783	neovascular glaucoma	DOID:1686	ancestor:MONDO_0005041	2
MONDO_0019805	twin to twin transfusion syndrome	DOID:2355	ancestor:MONDO_0002280	5
MONDO_0019944	Eisenmenger syndrome	DOID:10763	ancestor:MONDO_0005044	3
MONDO_0019962	thyroid lymphoma	DOID:1781	ancestor:MONDO_0002108	8
MONDO_0019964	thymic neuroendocrine tumor	DOID:2531	ancestor:MONDO_0002334	7
MONDO_0019995	peripheral resistance to thyroid hormones	DOID:1459	ancestor:MONDO_0005420	5
MONDO_0020070	neonatal epilepsy syndrome	DOID:1826	ancestor:MONDO_0005027	2
MONDO_0020071	infantile epilepsy syndrome	DOID:1826	ancestor:MONDO_0005027	2
MONDO_0020072	childhood-onset epilepsy syndrome	DOID:1826	ancestor:MONDO_0005027	2
MONDO_0020074	progressive myoclonus epilepsy	DOID:1826	ancestor:MONDO_0005027	10
MONDO_0020077	myelodysplastic/myeloproliferative disease	DOID:2531	ancestor:MONDO_0002334	2
MONDO_0020082	dendritic cell tumor	DOID:2531	ancestor:MONDO_0002334	4
MONDO_0020099	inherited sideroblastic anemia	DOID:2355	ancestor:MONDO_0002280	8
MONDO_0020102	hereditary stomatocytosis	DOID:2355	ancestor:MONDO_0002280	2
MONDO_0020108	autoimmune hemolytic anemia	DOID:2355	ancestor:MONDO_0002280	7
MONDO_0020112	vitamin B12- and folate-independent constitutional megaloblastic anemia	DOID:2355	ancestor:MONDO_0002280	11
MONDO_0020113	primary acquired red cell aplasia	DOID:2355	ancestor:MONDO_0002280	4
MONDO_0020307	self-limited epilepsy with autonomic seizures	DOID:1826	ancestor:MONDO_0005027	6
MONDO_0020308	childhood occipital visual epilepsy	DOID:1826	ancestor:MONDO_0005027	6
MONDO_0020310	familial focal epilepsy with variable foci	DOID:1826	ancestor:MONDO_0005027	10
MONDO_0020311	chronic myelomonocytic leukemia	DOID:184	ancestor:MONDO_0002129	20
MONDO_0020320	acute myeloblastic leukemia with maturation	DOID:184	ancestor:MONDO_0002129	21
MONDO_0020322	acute biphenotypic leukemia	DOID:184	ancestor:MONDO_0002129	32
MONDO_0020325	anaplastic large cell lymphoma	DOID:2531	ancestor:MONDO_0002334	10
MONDO_0020332	systemic mastocytosis with an associated clonal hematologic non-mast cell lineage disease	DOID:2531	ancestor:MONDO_0002334	8
MONDO_0020333	aggressive systemic mastocytosis	DOID:2531	ancestor:MONDO_0002334	8
MONDO_0020334	mast cell leukemia	DOID:2531	ancestor:MONDO_0002334	9
MONDO_0020336	autosomal dominant Emery-Dreifuss muscular dystrophy	DOID:12930	ancestor:MONDO_0005021	21
MONDO_0020337	congenital dyserythropoietic anemia type 1	DOID:2355	ancestor:MONDO_0002280	12
MONDO_0020338	adult pure red cell aplasia	DOID:2355	ancestor:MONDO_0002280	6
MONDO_0020367	juvenile open angle glaucoma	DOID:1686	ancestor:MONDO_0005041	9
MONDO_0020457	6-phosphogluconate dehydrogenase deficiency	DOID:2355	ancestor:MONDO_0002280	2
MONDO_0020458	hemolytic anemia due to erythrocyte adenosine deaminase overproduction	DOID:2355	ancestor:MONDO_0002280	20
MONDO_0020476	mesial temporal lobe epilepsy with hippocampal sclerosis	DOID:1826	ancestor:MONDO_0005027	8
MONDO_0020511	precursor B-cell acute lymphoblastic leukemia	DOID:2531	ancestor:MONDO_0002334	17
MONDO_0020512	precursor T-cell acute lymphoblastic leukemia	DOID:2531	ancestor:MONDO_0002334	12
MONDO_0020513	spermatocytic seminoma	DOID:2998	ancestor:MONDO_0005447	10
MONDO_0020516	thymic neuroendocrine carcinoma	DOID:3277	ancestor:MONDO_0002586	8
MONDO_0020526	acute megakaryoblastic leukemia in down syndrome	DOID:184	ancestor:MONDO_0002129	22
MONDO_0020539	extragonadal non-dysgerminomatous germ cell tumor	DOID:2994	ancestor:MONDO_0005040	3
MONDO_0020541	maligant granulosa cell tumor of ovary	DOID:2394	ancestor:MONDO_0008170	9
MONDO_0020550	gestational choriocarcinoma	DOID:2994	ancestor:MONDO_0005040	21
MONDO_0020552	placental site trophoblastic tumor	DOID:2994	ancestor:MONDO_0005040	12
MONDO_0020560	atypical teratoid rhabdoid tumor	DOID:1115	ancestor:MONDO_0005089	14
MONDO_0020561	myxoid/round cell liposarcoma	DOID:1115	ancestor:MONDO_0005089	12
MONDO_0020562	pleomorphic liposarcoma	DOID:1115	ancestor:MONDO_0005089	12
MONDO_0020563	dedifferentiated liposarcoma	DOID:1115	ancestor:MONDO_0005089	12
MONDO_0020574	central nervous system nongerminomatous germ cell tumor	DOID:2994	ancestor:MONDO_0005040	9
MONDO_0020577	childhood gonadal germ cell tumor	DOID:2994	ancestor:MONDO_0005040	4
MONDO_0020580	germinomatous germ cell tumor	DOID:2994	ancestor:MONDO_0005040	1
MONDO_0020584	anemia due to enzyme disorder	DOID:2355	ancestor:MONDO_0002280	1
MONDO_0020585	anemia due to erythrocyte enzyme disorder	DOID:2355	ancestor:MONDO_0002280	2
MONDO_0020589	cardiac germ cell tumor	DOID:2994	ancestor:MONDO_0005040	7
MONDO_0020630	developmental and epileptic encephalopathy 91	DOID:1826	ancestor:MONDO_0005027	9
MONDO_0020632	developmental and epileptic encephalopathy 93	DOID:1826	ancestor:MONDO_0005027	9
MONDO_0020634	grade III meningioma	DOID:3565	ancestor:MONDO_0016642	1
MONDO_0020638	superficial spreading melanoma	DOID:4159	ancestor:MONDO_0002898	5
MONDO_0020644	lung non-Hodgkin lymphoma	DOID:1324	ancestor:MONDO_0008903	9
MONDO_0020646	ocular adnexal lymphoma	DOID:2531	ancestor:MONDO_0002334	9
MONDO_0020650	germ cell tumor of the vulva	DOID:2994	ancestor:MONDO_0005040	8
MONDO_0020651	mixed germ cell tumor of vulva	DOID:1245	ancestor:MONDO_0001528	5
MONDO_0020653	vaginal adenocarcinoma	DOID:119	ancestor:MONDO_0001402	7
MONDO_0020655	juvenile ankylosing spondylitis	DOID:7147	ancestor:MONDO_0005306	1
MONDO_0020656	human papillomavirus-related penile squamous cell carcinoma	DOID:11615	ancestor:MONDO_0001325	11
MONDO_0020658	infiltrating ureter transitional cell carcinoma	DOID:11819	ancestor:MONDO_0008627	14
MONDO_0020660	osteoblastic osteosarcoma	DOID:184	ancestor:MONDO_0002129	6
MONDO_0020669	paranasal sinus cancer	DOID:184	ancestor:MONDO_0002129	15
MONDO_0020687	supratentorial ependymal tumor	DOID:3070	ancestor:MONDO_0100342	7
MONDO_0020690	adult glioblastoma	DOID:3070	ancestor:MONDO_0100342	6
MONDO_0020694	salivary gland epithelial myoepithelial carcinoma	DOID:8850	ancestor:MONDO_0004669	9
MONDO_0020697	lung epithelial-myoepithelial carcinoma	DOID:1324	ancestor:MONDO_0008903	5
MONDO_0020703	erythroid neoplasm	DOID:184	ancestor:MONDO_0002129	16
MONDO_0020716	thyroid dyshormonogenesis 1	DOID:1459	ancestor:MONDO_0005420	9
MONDO_0020721	X-linked sideroblastic anemia 1	DOID:2355	ancestor:MONDO_0002280	15
MONDO_0020722	nephrolithiasis susceptibility caused by SLC26A1	DOID:585	ancestor:MONDO_0008171	5
MONDO_0020741	pyridoxine-dependent epilepsy caused by ALDH7A1 mutant	DOID:1826	ancestor:MONDO_0005027	20
MONDO_0020743	mixed phenotype acute leukemia	DOID:184	ancestor:MONDO_0002129	21
MONDO_0020756	migraine, familial hemiplegic, 1	DOID:6364	ancestor:MONDO_0005277	12
MONDO_0020757	sporadic hemiplegic migraine	DOID:6364	ancestor:MONDO_0005277	3
MONDO_0020760	skin squamous cell carcinoma in situ	DOID:4159	ancestor:MONDO_0002898	13
MONDO_0020761	Bowen disease of the skin	DOID:4159	ancestor:MONDO_0002898	14
MONDO_0020801	rectal medullary carcinoma	DOID:1993	ancestor:MONDO_0006519	12
MONDO_0020813	benign testicular sertoli cell tumor	DOID:2998	ancestor:EFO_0004281	20
MONDO_0021009	salivary gland mucoepidermoid carcinoma	DOID:8850	ancestor:MONDO_0004669	16
MONDO_0021048	benign mastocytoma	DOID:2531	ancestor:MONDO_0002334	6
MONDO_0021052	parasympathetic paraganglioma	DOID:1192	ancestor:MONDO_0001406	13
MONDO_0021053	carotid body paraganglioma	DOID:1192	ancestor:MONDO_0001406	16
MONDO_0021054	bone sarcoma	DOID:184	ancestor:MONDO_0002129	2
MONDO_0021063	malignant colon neoplasm	DOID:219	direct	0
MONDO_0021064	jugulotympanic paraganglioma	DOID:1192	ancestor:MONDO_0001406	27
MONDO_0021067	mediastinal germ cell tumor	DOID:2994	ancestor:MONDO_0005040	4
MONDO_0021070	sublingual gland carcinoma	DOID:8850	ancestor:MONDO_0004669	13
MONDO_0021072	sympathetic paraganglioma	DOID:1192	ancestor:MONDO_0001406	14
MONDO_0021089	peripheral nervous system cancer	DOID:1192	ancestor:MONDO_0001406	3
MONDO_0021107	narcolepsy	DOID:8986	direct	0
MONDO_0021115	luminal B breast carcinoma	DOID:1612	ancestor:MONDO_0007254	6
MONDO_0021116	luminal A breast carcinoma	DOID:1612	ancestor:MONDO_0007254	6
MONDO_0021131	frontal lobe ependymal tumor	DOID:3070	ancestor:MONDO_0100342	11
MONDO_0021138	bone marrow cancer	DOID:184	ancestor:MONDO_0002129	7
MONDO_0021207	Crohn jejunitis	DOID:8778	ancestor:MONDO_0005011	5
MONDO_0021221	vestibulocochlear nerve neoplasm	DOID:1192	ancestor:MONDO_0001406	9
MONDO_0021242	sublingual gland neoplasm	DOID:8850	ancestor:EFO_0003826	2
MONDO_0021243	parotid gland neoplasm	DOID:8850	ancestor:EFO_0003826	3
MONDO_0021244	submandibular gland neoplasm	DOID:8850	ancestor:EFO_0003826	3
MONDO_0021279	mucoepidermoid carcinoma of submandibular gland	DOID:8850	ancestor:MONDO_0004669	24
MONDO_0021280	mucoepidermoid carcinoma of parotid gland	DOID:8850	ancestor:MONDO_0004669	25
MONDO_0021281	cavernous hemangioma of retina	DOID:2531	ancestor:MONDO_0002334	28
MONDO_0021282	malignant teratoma of testis	DOID:2998	ancestor:MONDO_0005447	9
MONDO_0021283	malignant teratoma of mediastinum	DOID:5559	ancestor:MONDO_0005843	13
MONDO_0021284	carcinoma in situ of ureter	DOID:11819	ancestor:MONDO_0008627	9
MONDO_0021288	carcinoma in situ of hypopharynx	DOID:0060119	ancestor:MONDO_0005517	13
MONDO_0021289	carcinoma in situ of cecum	DOID:219	ancestor:MONDO_0021063	16
MONDO_0021290	carcinoma in situ of appendix	DOID:11239	ancestor:MONDO_0001235	16
MONDO_0021294	carcinoma in situ of gastric cardia	DOID:10534	ancestor:MONDO_0001056	11
MONDO_0021296	carcinoma in situ of renal pelvis	DOID:263	ancestor:MONDO_0002367	11
MONDO_0021297	carcinoma in situ of nasopharynx	DOID:0060119	ancestor:MONDO_0005517	23
MONDO_0021298	carcinoma in situ of oropharynx	DOID:0060119	ancestor:MONDO_0005517	13
MONDO_0021299	carcinoma in situ of extrahepatic bile duct	DOID:4606	ancestor:MONDO_0003059	14
MONDO_0021300	adenoid cystic carcinoma of oropharynx	DOID:0060119	ancestor:MONDO_0005517	12
MONDO_0021309	malignant neoplasm of endocervix	DOID:4362	ancestor:MONDO_0002974	1
MONDO_0021310	malignant tumor of neck	DOID:11934	ancestor:MONDO_0005627	2
MONDO_0021312	malignant tumor of adrenal cortex	DOID:3953	ancestor:MONDO_0002817	3
MONDO_0021313	eyelid cancer	DOID:2174	ancestor:MONDO_0002236	15
MONDO_0021315	malignant tumor of nasopharynx	DOID:0060119	ancestor:MONDO_0005517	5
MONDO_0021316	malignant tumor of minor salivary gland	DOID:8850	ancestor:MONDO_0004669	4
MONDO_0021317	cancer of cerebellum	DOID:1319	ancestor:MONDO_0001657	3
MONDO_0021320	malignant tumor of floor of mouth	DOID:11934	ancestor:MONDO_0005627	7
MONDO_0021321	malignant tumor of extrahepatic bile duct	DOID:4606	ancestor:MONDO_0003059	2
MONDO_0021331	carcinoma of parotid gland	DOID:8850	ancestor:MONDO_0004669	14
MONDO_0021333	carcinoma of lip	DOID:11934	ancestor:MONDO_0005627	17
MONDO_0021335	carcinoma of duodenum	DOID:10021	ancestor:MONDO_0000920	5
MONDO_0021337	tonsil carcinoma	DOID:0060119	ancestor:MONDO_0005517	15
MONDO_0021343	carcinoma of floor of mouth	DOID:11934	ancestor:MONDO_0005627	12
MONDO_0021367	leukemia, myeloid, accelerated-phase	DOID:184	ancestor:MONDO_0002129	20
MONDO_0021368	neoplasm of major salivary gland	DOID:8850	ancestor:EFO_0003826	1
MONDO_0021370	neoplasm of minor salivary gland	DOID:8850	ancestor:EFO_0003826	2
MONDO_0021427	squamous cell carcinoma of lip	DOID:11934	ancestor:MONDO_0005627	23
MONDO_0021429	squamous cell carcinoma of floor of mouth	DOID:11934	ancestor:MONDO_0005627	22
MONDO_0021431	squamous cell carcinoma of buccal mucosa	DOID:11934	ancestor:MONDO_0005627	22
MONDO_0021443	benign neoplasm of lymph node	DOID:2531	ancestor:MONDO_0002334	8
MONDO_0021460	benign neoplasm of salivary gland	DOID:8850	ancestor:EFO_0003826	2
MONDO_0021481	benign neoplasm of submandibular gland	DOID:8850	ancestor:EFO_0003826	7
MONDO_0021492	benign neoplasm of major salivary gland	DOID:8850	ancestor:EFO_0003826	4
MONDO_0021493	benign neoplasm of minor salivary gland	DOID:8850	ancestor:EFO_0003826	5
MONDO_0021494	benign neoplasm of parotid gland	DOID:8850	ancestor:EFO_0003826	7
MONDO_0021495	benign neoplasm of sublingual gland	DOID:8850	ancestor:EFO_0003826	6
MONDO_0021500	benign neoplasm of spleen	DOID:2531	ancestor:MONDO_0002334	8
MONDO_0021512	benign neoplasm of thymus	DOID:2531	ancestor:MONDO_0002334	9
MONDO_0021537	undifferentiated carcinoma of nasopharynx	DOID:0060119	ancestor:MONDO_0005517	20
MONDO_0021538	verrucous carcinoma of oral cavity	DOID:11934	ancestor:MONDO_0005627	23
MONDO_0021546	ependymal tumor of spinal cord	DOID:3070	ancestor:MONDO_0100342	6
MONDO_0021559	non-autoimmune hemolytic anemia	DOID:2355	ancestor:MONDO_0002280	2
MONDO_0021569	Emery-Dreifuss muscular dystrophy 2, autosomal dominant	DOID:12930	ancestor:MONDO_0005021	30
MONDO_0021640	grade III glioma	DOID:3070	ancestor:MONDO_0100342	1
MONDO_0021656	nongerminomatous germ cell tumor	DOID:2994	ancestor:MONDO_0005040	1
MONDO_0021661	coronary atherosclerosis	DOID:1936	ancestor:MONDO_0005311	3
MONDO_0021726	abdominal cystic lymphangioma	DOID:2531	ancestor:MONDO_0002334	13
MONDO_0022205	pustular psoriasis	DOID:8893	ancestor:MONDO_0005083	1
MONDO_0022454	angiosarcoma of the scalp	DOID:175	ancestor:EFO_0003967	8
MONDO_0022643	carcinoma of the vocal tract	DOID:2596	ancestor:MONDO_0002352	7
MONDO_0022742	occupational asthma	DOID:2841	ancestor:MONDO_0004979	3
MONDO_0022901	Crohn disease of the esophagus	DOID:8778	ancestor:MONDO_0005011	16
MONDO_0023119	familial myelofibrosis	DOID:184	ancestor:MONDO_0002129	25
MONDO_0023122	familial prostate carcinoma	DOID:10283	ancestor:MONDO_0008315	7
MONDO_0023224	inherited reflex epilepsy	DOID:1826	ancestor:MONDO_0005027	5
MONDO_0023297	guttate psoriasis	DOID:8893	ancestor:MONDO_0005083	1
MONDO_0023619	lentigo maligna melanoma	DOID:4159	ancestor:MONDO_0002898	5
MONDO_0023644	lip and oral cavity carcinoma	DOID:11934	ancestor:MONDO_0005627	4
MONDO_0023659	developmental and epileptic encephalopathy 96	DOID:1826	ancestor:MONDO_0005027	9
MONDO_0023726	mediastinal yolk sac tumor	DOID:5559	ancestor:MONDO_0005843	11
MONDO_0024240	eccrine carcinoma	DOID:4159	ancestor:MONDO_0002898	16
MONDO_0024264	hypothyroidism, congenital, nongoitrous, 2	DOID:1459	ancestor:MONDO_0005420	5
MONDO_0024282	mucinous ovarian cancer	DOID:2394	ancestor:MONDO_0008170	6
MONDO_0024311	cancer affecting bone of limb skeleton	DOID:184	ancestor:MONDO_0002129	1
MONDO_0024327	chronic renal failure syndrome	DOID:784	ancestor:MONDO_0005300	8
MONDO_0024332	perennial allergic rhinitis	DOID:4481	ancestor:MONDO_0011786	1
MONDO_0024336	vulvar adenocarcinoma	DOID:1245	ancestor:MONDO_0001528	7
MONDO_0024339	lymph node neoplasm	DOID:2531	ancestor:MONDO_0002334	5
MONDO_0024517	SMARCB1-related schwannomatosis	DOID:1192	ancestor:MONDO_0001406	31
MONDO_0024521	aortic aneurysm, familial abdominal, 1	DOID:7693	ancestor:MONDO_0005350	4
MONDO_0024533	pulmonary hypertension, primary, 1	DOID:10763	ancestor:MONDO_0005044	6
MONDO_0024556	epilepsy, familial focal, with variable foci 1	DOID:1826	ancestor:MONDO_0005027	11
MONDO_0024609	vulvar squamous cell carcinoma	DOID:1245	ancestor:MONDO_0001528	7
MONDO_0024615	T-cell and NK-cell neoplasm	DOID:2531	ancestor:MONDO_0002334	3
MONDO_0024622	thyroid gland adenocarcinoma	DOID:1781	ancestor:MONDO_0002108	6
MONDO_0024648	optic tract meningioma	DOID:3565	ancestor:MONDO_0016642	6
MONDO_0024649	optic tract astrocytoma	DOID:3070	ancestor:MONDO_0100342	18
MONDO_0024656	colorectal lymphoma	DOID:2531	ancestor:MONDO_0002334	17
MONDO_0024658	extrahepatic bile duct sarcoma	DOID:4606	ancestor:MONDO_0003059	10
MONDO_0024659	colorectal Kaposi sarcoma	DOID:175	ancestor:EFO_0003967	21
MONDO_0024664	hypertension, pregnancy-induced	DOID:10763	ancestor:MONDO_0005044	4
MONDO_0024673	skin lymphangioma	DOID:2531	ancestor:MONDO_0002334	17
MONDO_0024675	adult kidney Wilms tumor	DOID:263	ancestor:MONDO_0002367	8
MONDO_0024676	childhood kidney Wilms tumor	DOID:263	ancestor:MONDO_0002367	12
MONDO_0024868	metastatic carcinoma in the adrenal medulla	DOID:3953	ancestor:MONDO_0002817	14
MONDO_0024884	metastatic carcinoma in the bone	DOID:184	ancestor:MONDO_0002129	10
MONDO_0024885	malignant ovarian serous tumor	DOID:2394	ancestor:MONDO_0008170	8
MONDO_0025353	developmental and epileptic encephalopathy, 90	DOID:1826	ancestor:MONDO_0005027	9
MONDO_0026731	hypothyroidism, congenital, nongoitrous, 8	DOID:1459	ancestor:MONDO_0005420	5
MONDO_0026732	hypothyroidism, congenital, nongoitrous, 9	DOID:1459	ancestor:MONDO_0005420	5
MONDO_0027772	lung colloid adenocarcinoma	DOID:1324	ancestor:MONDO_0008903	11
MONDO_0030034	epilepsy, progressive myoclonic, 11	DOID:1826	ancestor:MONDO_0005027	11
MONDO_0030038	hereditary glaucoma, primary closed-angle	DOID:1686	ancestor:MONDO_0005041	6
MONDO_0030054	developmental and epileptic encephalopathy, 86	DOID:1826	ancestor:MONDO_0005027	9
MONDO_0030059	developmental and epileptic encephalopathy, 87	DOID:1826	ancestor:MONDO_0005027	9
MONDO_0030072	developmental and epileptic encephalopathy, 88	DOID:1826	ancestor:MONDO_0005027	9
MONDO_0030300	cardiomyopathy, dilated, 2D	DOID:12930	ancestor:MONDO_0005021	6
MONDO_0030366	cardiomyopathy, dilated, 2E	DOID:12930	ancestor:MONDO_0005021	6
MONDO_0030453	developmental and epileptic encephalopathy 97	DOID:1826	ancestor:MONDO_0005027	9
MONDO_0030472	developmental and epileptic encephalopathy 98	DOID:1826	ancestor:MONDO_0005027	9
MONDO_0030473	developmental and epileptic encephalopathy 99	DOID:1826	ancestor:MONDO_0005027	10
MONDO_0030680	cardiomyopathy, dilated, 2F	DOID:12930	ancestor:MONDO_0005021	6
MONDO_0030695	developmental and epileptic encephalopathy 100	DOID:1826	ancestor:MONDO_0005027	9
MONDO_0030697	myopia 28, autosomal recessive	DOID:9835	ancestor:MONDO_0004892	4
MONDO_0030702	autoimmune atherosclerosis	DOID:1936	ancestor:MONDO_0005311	8
MONDO_0030711	Anemia, congenital dyserythropoietic, type IIIb, autosomal recessive	DOID:2355	ancestor:MONDO_0002280	8
MONDO_0030727	developmental and epileptic encephalopathy 101	DOID:1826	ancestor:MONDO_0005027	11
MONDO_0030801	monosomy 7 myelodysplasia and leukemia syndrome 2	DOID:2531	ancestor:MONDO_0002334	10
MONDO_0030856	developmental and epileptic encephalopathy 89	DOID:1826	ancestor:MONDO_0005027	9
MONDO_0030881	developmental and epileptic encephalopathy 102	DOID:1826	ancestor:MONDO_0005027	9
MONDO_0030885	amyotrophic lateral sclerosis 26 with or without frontotemporal dementia	DOID:332	ancestor:MONDO_0004976	13
MONDO_0030887	cardiomyopathy, dilated, 2G	DOID:12930	ancestor:MONDO_0005021	6
MONDO_0030936	epilepsy, progressive myoclonic, 12	DOID:1826	ancestor:MONDO_0005027	11
MONDO_0030957	developmental and epileptic encephalopathy 103	DOID:1826	ancestor:MONDO_0005027	9
MONDO_0031021	developmental and epileptic encephalopathy 104	DOID:1826	ancestor:MONDO_0005027	9
MONDO_0031028	developmental and epileptic encephalopathy 105 with hypopituitarism	DOID:1826	ancestor:MONDO_0005027	9
MONDO_0031052	developmental and epileptic encephalopathy 106	DOID:1826	ancestor:MONDO_0005027	9
MONDO_0031071	Diamond-Blackfan anemia 21	DOID:2355	ancestor:MONDO_0002280	22
MONDO_0031240	familial panic disorder	DOID:594	ancestor:MONDO_0005383	4
MONDO_0032592	cardiomyopathy, dilated, 2c	DOID:12930	ancestor:MONDO_0005021	6
MONDO_0032767	pheochromocytoma/paraganglioma syndrome 6	DOID:1192	ancestor:MONDO_0001406	15
MONDO_0032771	pheochromocytoma/paraganglioma syndrome 7	DOID:1192	ancestor:MONDO_0001406	15
MONDO_0032819	hypothyroidism, congenital, nongoitrous, 7	DOID:1459	ancestor:MONDO_0005420	8
MONDO_0032891	aneurysm, intracranial berry, 12	DOID:10941	ancestor:MONDO_0005291	6
MONDO_0032895	developmental and epileptic encephalopathy, 83	DOID:1826	ancestor:MONDO_0005027	9
MONDO_0032918	developmental and epileptic encephalopathy, 84	DOID:1826	ancestor:MONDO_0005027	9
MONDO_0032941	myopia 27	DOID:9835	ancestor:MONDO_0004892	4
MONDO_0033312	schizophrenia 19	DOID:5419	ancestor:MONDO_0005090	4
MONDO_0033361	developmental and epileptic encephalopathy, 52	DOID:1826	ancestor:MONDO_0005027	9
MONDO_0033363	developmental and epileptic encephalopathy, 54	DOID:1826	ancestor:MONDO_0005027	9
MONDO_0033364	developmental and epileptic encephalopathy, 55	DOID:1826	ancestor:MONDO_0005027	15
MONDO_0033368	developmental and epileptic encephalopathy, 59	DOID:1826	ancestor:MONDO_0005027	9
MONDO_0033370	developmental and epileptic encephalopathy, 61	DOID:1826	ancestor:MONDO_0005027	9
MONDO_0033371	developmental and epileptic encephalopathy, 62	DOID:1826	ancestor:MONDO_0005027	9
MONDO_0033374	developmental and epileptic encephalopathy, 65	DOID:1826	ancestor:MONDO_0005027	9
MONDO_0033683	congenital progressive bone marrow failure-B-cell immunodeficiency-skeletal dysplasia syndrome	DOID:2531	ancestor:MONDO_0002334	30
MONDO_0033925	pediatric-onset Graves disease	DOID:12361	ancestor:MONDO_0005364	1
MONDO_0034976	iatrogenic Creutzfeldt-Jakob disease	DOID:11949	ancestor:MONDO_0005357	3
MONDO_0035605	B-lymphoblastic leukemia/lymphoma with recurrent genetic abnormality	DOID:2531	ancestor:MONDO_0002334	4
MONDO_0035642	mixed phenotype acute leukemia with t(v;11q23.3)	DOID:184	ancestor:MONDO_0002129	24
MONDO_0035941	B-lymphoblastic leukemia/lymphoma with t(v;11q23.3)	DOID:2531	ancestor:MONDO_0002334	5
MONDO_0035944	B-lymphoblastic leukemia/lymphoma with hypodiploidy	DOID:2531	ancestor:MONDO_0002334	5
MONDO_0036511	childhood malignant kidney neoplasm	DOID:263	ancestor:MONDO_0002367	4
MONDO_0036696	spleen neoplasm	DOID:2531	ancestor:MONDO_0002334	5
MONDO_0036870	lymphatic vessel neoplasm	DOID:2531	ancestor:MONDO_0002334	8
MONDO_0037105	lung germ cell tumor	DOID:2994	ancestor:MONDO_0005040	13
MONDO_0037735	sebaceous gland cancer	DOID:4159	ancestor:MONDO_0002898	6
MONDO_0037738	cauda equina cancer	DOID:1192	ancestor:MONDO_0001406	6
MONDO_0037739	benign neoplasm of cauda equina	DOID:1192	ancestor:MONDO_0001406	9
MONDO_0037743	mediastinal soft tissue cancer	DOID:5559	ancestor:MONDO_0005843	5
MONDO_0037746	malignant vaginal mixed epithelial and mesenchymal neoplasm	DOID:119	ancestor:MONDO_0001402	5
MONDO_0040673	malignant peritoneal germ cell tumor	DOID:1725	ancestor:MONDO_0002087	5
MONDO_0040676	great vessel cancer	DOID:175	ancestor:EFO_0003967	1
MONDO_0041448	metastasis from malignant tumor of colon	DOID:219	ancestor:MONDO_0021063	5
MONDO_0042487	uterine cervix carcinoma in situ	DOID:4362	ancestor:MONDO_0002974	9
MONDO_0042493	gastric non-hodgkin lymphoma	DOID:10534	ancestor:MONDO_0001056	10
MONDO_0042494	childhood malignant melanoma	DOID:1909	ancestor:MONDO_0005105	4
MONDO_0044144	panic disorder with agoraphobia	DOID:594	ancestor:MONDO_0005383	3
MONDO_0044306	neurodevelopmental disorder with epilepsy, cataracts, feeding difficulties, and delayed brain myelination	DOID:1826	ancestor:MONDO_0005027	9
MONDO_0044319	intellectual developmental disorder with dysmorphic facies, seizures, and distal limb anomalies	DOID:1826	ancestor:MONDO_0005027	18
MONDO_0044325	Fanconi anemia, complementation group W	DOID:2355	ancestor:MONDO_0002280	23
MONDO_0044339	lumbar disk degenerative disorder	DOID:90	ancestor:MONDO_0011385	1
MONDO_0044343	cervical disk degenerative disorder	DOID:90	ancestor:MONDO_0011385	1
MONDO_0044638	hypopharynx squamous cell carcinoma	DOID:0060119	ancestor:MONDO_0005517	13
MONDO_0044645	familial monosomy 7 syndrome	DOID:2531	ancestor:MONDO_0002334	9
MONDO_0044704	oropharynx squamous cell carcinoma	DOID:0060119	ancestor:MONDO_0005517	13
MONDO_0044705	paranasal sinus squamous cell carcinoma	DOID:184	ancestor:MONDO_0002129	27
MONDO_0044710	lip and oral cavity squamous cell carcinoma	DOID:11934	ancestor:MONDO_0005627	8
MONDO_0044727	pancreatic carcinoma with mixed differentiation	DOID:1793	ancestor:MONDO_0009831	8
MONDO_0044740	salivary gland squamous cell carcinoma	DOID:8850	ancestor:MONDO_0004669	14
MONDO_0044743	major salivary gland cancer	DOID:8850	ancestor:MONDO_0004669	2
MONDO_0044767	childhood adrenal gland pheochromocytoma	DOID:1192	ancestor:MONDO_0001406	20
MONDO_0044785	desmoplastic melanoma	DOID:4159	ancestor:MONDO_0002898	8
MONDO_0044787	nasal cavity and paranasal sinus squamous cell carcinoma	DOID:11934	ancestor:MONDO_0005627	9
MONDO_0044791	combined hepatocellular carcinoma and cholangiocarcinoma	DOID:4606	ancestor:MONDO_0003059	15
MONDO_0044878	adult germ cell tumor	DOID:2994	ancestor:MONDO_0005040	1
MONDO_0044881	hematopoietic and lymphoid cell neoplasm	DOID:2531	ancestor:MONDO_0002334	1
MONDO_0044884	tonsillar lymphoma	DOID:0060119	ancestor:MONDO_0005517	32
MONDO_0044887	central nervous system non-hodgkin lymphoma	DOID:2531	ancestor:MONDO_0002334	29
MONDO_0044889	high grade B-cell lymphoma	DOID:2531	ancestor:MONDO_0002334	13
MONDO_0044903	myelofibrosis	DOID:184	ancestor:MONDO_0002129	19
MONDO_0044912	metastatic malignant neoplasm in the spinal cord	DOID:5612	ancestor:MONDO_0003544	5
MONDO_0044913	metastatic malignant neoplasm in the eye	DOID:2174	ancestor:MONDO_0002236	5
MONDO_0044915	salivary duct carcinoma	DOID:8850	ancestor:MONDO_0004669	9
MONDO_0044916	extrarenal rhabdoid tumor	DOID:1115	ancestor:MONDO_0005089	9
MONDO_0044917	T-lymphoblastic lymphoma	DOID:2531	ancestor:MONDO_0002334	11
MONDO_0044919	malignant renal pelvis neoplasm	DOID:263	ancestor:MONDO_0002367	2
MONDO_0044923	acute myeloid leukemia with mutated NPM1	DOID:184	ancestor:MONDO_0002129	20
MONDO_0044925	oral cavity carcinoma	DOID:11934	ancestor:MONDO_0005627	13
MONDO_0044926	oropharyngeal carcinoma	DOID:0060119	ancestor:MONDO_0005517	8
MONDO_0044937	rectal carcinoma	DOID:1993	ancestor:MONDO_0006519	6
MONDO_0044956	paranasal sinus mucoepidermoid carcinoma	DOID:184	ancestor:MONDO_0002129	30
MONDO_0044964	oral cavity mucoepidermoid carcinoma	DOID:11934	ancestor:MONDO_0005627	21
MONDO_0045048	toxemia of pregnancy	DOID:10763	ancestor:MONDO_0005044	5
MONDO_0045056	grade II meningioma	DOID:3565	ancestor:MONDO_0016642	1
MONDO_0045059	cribriform carcinoma of breast	DOID:1612	ancestor:MONDO_0007254	5
MONDO_0045060	intraductal cribriform breast adenocarcinoma	DOID:1612	ancestor:MONDO_0007254	20
MONDO_0045063	major salivary gland adenoid cystic carcinoma	DOID:8850	ancestor:MONDO_0004669	15
MONDO_0045068	minor salivary gland adenoid cystic carcinoma	DOID:8850	ancestor:MONDO_0004669	18
MONDO_0045069	minor salivary gland carcinoma	DOID:8850	ancestor:MONDO_0004669	12
MONDO_0045070	digestive system melanoma	DOID:1909	ancestor:MONDO_0005105	7
MONDO_0049221	myopia 26, X-linked, female-limited	DOID:9835	ancestor:MONDO_0004892	4
MONDO_0054748	Fanconi anemia, complementation group S	DOID:2355	ancestor:MONDO_0002280	23
MONDO_0054845	developmental and epileptic encephalopathy, 66	DOID:1826	ancestor:MONDO_0005027	9
MONDO_0054846	epilepsy, familial adult myoclonic, 6	DOID:1826	ancestor:MONDO_0005027	7
MONDO_0054847	epilepsy, familial adult myoclonic, 7	DOID:1826	ancestor:MONDO_0005027	7
MONDO_0056804	benign neoplasm of peripheral nervous system	DOID:1192	ancestor:MONDO_0001406	6
MONDO_0056805	benign peripheral nerve granular cell tumor	DOID:1192	ancestor:MONDO_0001406	12
MONDO_0056806	non-small cell squamous lung carcinoma	DOID:1324	ancestor:MONDO_0008903	8
MONDO_0056815	liver adenosquamous carcinoma	DOID:3571	ancestor:MONDO_0002691	9
MONDO_0056816	vulvar neuroendocrine carcinoma	DOID:1245	ancestor:MONDO_0001528	9
MONDO_0056817	rectal adenosquamous carcinoma	DOID:1993	ancestor:MONDO_0006519	13
MONDO_0056818	skin adenosquamous carcinoma	DOID:4159	ancestor:MONDO_0002898	9
MONDO_0056819	nasal cavity and paranasal sinus carcinoma	DOID:11934	ancestor:MONDO_0005627	5
MONDO_0100022	neonatal/infantile epilepsy syndrome	DOID:1826	ancestor:MONDO_0005027	2
MONDO_0100024	self-limited familial infantile epilepsy	DOID:1826	ancestor:MONDO_0005027	5
MONDO_0100033	metabolic epilepsy	DOID:1826	ancestor:MONDO_0005027	1
MONDO_0100035	structural epilepsy	DOID:1826	ancestor:MONDO_0005027	1
MONDO_0100062	genetic developmental and epileptic encephalopathy	DOID:1826	ancestor:MONDO_0005027	8
MONDO_0100087	familial Alzheimer disease	DOID:10652	ancestor:MONDO_0004975	7
MONDO_0100114	dry age related macular degeneration	DOID:10871	ancestor:MONDO_0005150	1
MONDO_0100132	intrahepatic bile duct adenosquamous carcinoma	DOID:4606	ancestor:MONDO_0003059	14
MONDO_0100135	Dravet syndrome	DOID:1826	ancestor:MONDO_0005027	12
MONDO_0100157	Imerslund-Grasbeck syndrome type 2	DOID:2355	ancestor:MONDO_0002280	37
MONDO_0100159	pulmonary hypertension, neonatal	DOID:10763	ancestor:MONDO_0005044	2
MONDO_0100194	pregnancy associated osteoporosis	DOID:11476	ancestor:MONDO_0005298	4
MONDO_0100207	infantile-onset epilepsy	DOID:1826	ancestor:MONDO_0005027	1
MONDO_0100244	paroxysmal nocturnal hemoglobinuria	DOID:2355	ancestor:MONDO_0002280	13
MONDO_0100280	Waldenstrom macroglobulinemia	DOID:2531	ancestor:MONDO_0002334	17
MONDO_0100281	macroglobulinemia, Waldenstrom, 1	DOID:2531	ancestor:MONDO_0002334	18
MONDO_0100291	early T cell progenitor acute lymphoblastic leukemia	DOID:2531	ancestor:MONDO_0002334	16
MONDO_0100313	focal segmental glomerulosclerosis	DOID:1312	direct	0
MONDO_0100342	malignant glioma	DOID:3070	direct	0
MONDO_0100370	acute hepatitis B virus infection	DOID:2043	ancestor:MONDO_0005344	1
MONDO_0100373	acute myeloid leukemia, inv(16)(p13.1;q22)	DOID:184	ancestor:MONDO_0002129	20
MONDO_0100374	acute myeloid leukemia, t(16;16)(p13.1;q22)	DOID:184	ancestor:MONDO_0002129	20
MONDO_0100375	acute myeloid leukemia, t(15;17)(q24;q21)	DOID:184	ancestor:MONDO_0002129	20
MONDO_0100376	acute myeloid leukemia, t(9;11)(p21.3;q23.3)	DOID:184	ancestor:MONDO_0002129	20
MONDO_0100377	acute myeloid leukemia, t(10;11)(p12;q23)	DOID:184	ancestor:MONDO_0002129	20
MONDO_0100378	acute myeloid leukemia, t(10;11)(p11.2;q23)	DOID:184	ancestor:MONDO_0002129	20
MONDO_0100379	acute myeloid leukemia, t(1;11)(q21;q23)	DOID:184	ancestor:MONDO_0002129	20
MONDO_0100380	acute myeloid leukemia, t(4;11)(q21;q23)	DOID:184	ancestor:MONDO_0002129	20
MONDO_0100381	acute myeloid leukemia, t(6;11)(q27;q23)	DOID:184	ancestor:MONDO_0002129	20
MONDO_0100382	acute myeloid leukemia, t(6;9)(p23;q34.1)	DOID:184	ancestor:MONDO_0002129	20
MONDO_0100383	acute myeloid leukemia, t(11;19)(q23;p13)	DOID:184	ancestor:MONDO_0002129	20
MONDO_0100384	acute myeloid leukemia, t(11;19)(q23;p13.1)	DOID:184	ancestor:MONDO_0002129	20
MONDO_0100385	acute myeloid leukemia, t(11;19)(q23.3;p13.3)	DOID:184	ancestor:MONDO_0002129	20
MONDO_0100386	acute myeloid leukemia, t(v;11q23.3)	DOID:184	ancestor:MONDO_0002129	20
MONDO_0100387	acute myeloid leukemia, Monosomy 7	DOID:184	ancestor:MONDO_0002129	20
MONDO_0100388	acute myeloid leukemia, Monosomy 5	DOID:184	ancestor:MONDO_0002129	20
MONDO_0100389	acute myeloid leukemia, Trisomy 8	DOID:184	ancestor:MONDO_0002129	20
MONDO_0100390	acute myeloid leukemia, der12p	DOID:184	ancestor:MONDO_0002129	20
MONDO_0100391	acute myeloid leukemia, t(2;12)	DOID:184	ancestor:MONDO_0002129	20
MONDO_0100392	acute myeloid leukemia, t(11;17)	DOID:184	ancestor:MONDO_0002129	20
MONDO_0100393	acute myeloid leukemia, t(8;16)	DOID:184	ancestor:MONDO_0002129	20
MONDO_0100394	acute myeloid leukemia, t(1;22)	DOID:184	ancestor:MONDO_0002129	20
MONDO_0100395	acute myeloid leukemia, t(5;11)(q35;p15)	DOID:184	ancestor:MONDO_0002129	20
MONDO_0100396	acute myeloid leukemia, t(7;12)(q36;p13)	DOID:184	ancestor:MONDO_0002129	20
MONDO_0100397	acute myeloid leukemia, t(9;22)(q34.1;q11.2)	DOID:184	ancestor:MONDO_0002129	20
MONDO_0100398	acute myeloid leukemia, inv(3)(q21.3;q26.2)	DOID:184	ancestor:MONDO_0002129	20
MONDO_0100399	acute myeloid leukemia, t(3;3)(q21.3;q26.2)	DOID:184	ancestor:MONDO_0002129	20
MONDO_0100400	acute myeloid leukemia, t(3;12)(q23;p12.3)	DOID:184	ancestor:MONDO_0002129	20
MONDO_0100401	acute myeloid leukemia, del(5q31-q32)	DOID:184	ancestor:MONDO_0002129	20
MONDO_0100402	acute myeloid leukemia, del(13q14-q21)	DOID:184	ancestor:MONDO_0002129	20
MONDO_0100403	acute myeloid leukemia, loss of chromosome 17p	DOID:184	ancestor:MONDO_0002129	20
MONDO_0100404	acute myeloid leukemia, MLL gene rearrangement	DOID:184	ancestor:MONDO_0002129	20
MONDO_0100405	acute myeloid leukemia, Non-KMT2A MLLT10 rearrangement positive	DOID:184	ancestor:MONDO_0002129	20
MONDO_0100406	acute myeloid leukemia, inv(16)(p13.3;q24.3)	DOID:184	ancestor:MONDO_0002129	20
MONDO_0100407	acute myeloid leukemia, t(11;15)(p15;q35)	DOID:184	ancestor:MONDO_0002129	20
MONDO_0100408	acute myeloid leukemia, t(16;21)(q24;q22)	DOID:184	ancestor:MONDO_0002129	20
MONDO_0100409	acute myeloid leukemia, t(3;5)(q25;q34)	DOID:184	ancestor:MONDO_0002129	20
MONDO_0100410	acute myeloid leukemia, t(16;21)(p11;q22)	DOID:184	ancestor:MONDO_0002129	20
MONDO_0100412	acute myeloid leukemia, monoallelic CEBPA gene mutation	DOID:184	ancestor:MONDO_0002129	20
MONDO_0100413	acute myeloid leukemia, biallelic CEBPA gene mutation	DOID:184	ancestor:MONDO_0002129	20
MONDO_0100414	acute myeloid leukemia, CEBPA gene mutation	DOID:184	ancestor:MONDO_0002129	20
MONDO_0100415	acute myeloid leukemia, FLT3 internal tandem duplication	DOID:184	ancestor:MONDO_0002129	20
MONDO_0100416	acute myeloid leukemia, FLT3 tyrosine kinase domain point mutation	DOID:184	ancestor:MONDO_0002129	20
MONDO_0100417	acute myeloid leukemia, WT1 gene mutation	DOID:184	ancestor:MONDO_0002129	20
MONDO_0100418	acute myeloid leukemia, KIT exon 17 mutation	DOID:184	ancestor:MONDO_0002129	20
MONDO_0100419	acute myeloid leukemia, KIT exon 8 mutation	DOID:184	ancestor:MONDO_0002129	20
MONDO_0100420	acute myeloid leukemia, KIT gene mutation	DOID:184	ancestor:MONDO_0002129	20
MONDO_0100421	acute myeloid leukemia, GATA1 gene mutation	DOID:184	ancestor:MONDO_0002129	20
MONDO_0100422	acute myeloid leukemia, RUNX1 gene mutation	DOID:184	ancestor:MONDO_0002129	20
MONDO_0100423	acute myeloid leukemia, PTPN11 gene mutation	DOID:184	ancestor:MONDO_0002129	20
MONDO_0100424	acute myeloid leukemia, NRAS gene mutation	DOID:184	ancestor:MONDO_0002129	20
MONDO_0100425	acute myeloid leukemia, KRAS gene mutation	DOID:184	ancestor:MONDO_0002129	20
MONDO_0100431	migraine without aura	DOID:6364	ancestor:MONDO_0005277	1
MONDO_0100455	neonatal-onset developmental and epileptic encephalopathy	DOID:1826	ancestor:MONDO_0005027	9
MONDO_0100467	preeclampsia/eclampsia 1	DOID:10763	ancestor:MONDO_0005044	9
MONDO_0100491	generalized pustular psoriasis	DOID:8893	ancestor:MONDO_0005083	2
MONDO_0100514	familial ovarian carcinoma	DOID:2394	ancestor:MONDO_0008170	9
MONDO_0100534	SMARCB1-deficient kidney medullary carcinoma	DOID:263	ancestor:MONDO_0002367	8
MONDO_0100539	hemiplegic migraine-developmental and epileptic encephalopathy spectrum	DOID:6364	ancestor:MONDO_0005277	13
MONDO_0100554	hereditary narcolepsy	DOID:8986	ancestor:MONDO_0021107	3
MONDO_0100573	combined generalized and focal epilepsy	DOID:1826	ancestor:MONDO_0005027	3
MONDO_0100574	generalized epilepsy	DOID:1826	ancestor:MONDO_0005027	1
MONDO_0100575	genetic generalized epilepsy	DOID:1826	ancestor:MONDO_0005027	2
MONDO_0100576	hereditary generalized epilepsy	DOID:1826	ancestor:MONDO_0005027	6
MONDO_0100577	myoclonic epilepsy	DOID:1826	ancestor:MONDO_0005027	2
MONDO_0100619	variable age epilepsy syndrome	DOID:1826	ancestor:MONDO_0005027	2
MONDO_0100620	developmental and epileptic encephalopathy	DOID:1826	ancestor:MONDO_0005027	3
MONDO_0100621	acquired developmental and epileptic encephalopathy	DOID:1826	ancestor:MONDO_0005027	4
MONDO_0100631	sleep-related hypermotor epilepsy	DOID:1826	ancestor:MONDO_0005027	6
MONDO_0200000	uterine ligament adenosarcoma	DOID:4362	ancestor:MONDO_0002974	14
MONDO_0600030	B-cell acute lymphoblastic leukemia with t(1;19)(q23;p13.3); E2A-PBX1 (TCF3-PBX1)	DOID:2531	ancestor:MONDO_0002334	17
MONDO_0700060	leukemia, acute, X-linked	DOID:2531	ancestor:MONDO_0002334	7
MONDO_0700275	prostate cancer, hereditary	DOID:10283	ancestor:MONDO_0008315	3
MONDO_0700297	homocystinuria-megaloblastic anemia cblD type	DOID:2355	ancestor:MONDO_0002280	36
MONDO_0700323	systemic lupus erythematosus related to C4A	DOID:9074	ancestor:MONDO_0007915	1
MONDO_0700335	familial isolated dilated cardiomyopathy	DOID:12930	ancestor:MONDO_0005021	5
MONDO_0700339	DNM1-encephalopathy and neurodevelopmental disorder	DOID:1826	ancestor:MONDO_0005027	9
MONDO_0800046	thyroid hormone metabolism, abnormal 1	DOID:1459	ancestor:MONDO_0005420	8
MONDO_0800183	PAX6-related ocular dysgenesis	DOID:2174	ancestor:MONDO_0002236	27
MONDO_0800183	PAX6-related ocular dysgenesis	DOID:263	ancestor:MONDO_0002367	27
MONDO_0800305	myelofibrosis with myeloid metaplasia	DOID:184	ancestor:MONDO_0002129	25
MONDO_0800306	myoclonic epilepsy of Lafora 2	DOID:1826	ancestor:MONDO_0005027	24
MONDO_0800367	cardiomyopathy, dilated, 1LL	DOID:12930	ancestor:MONDO_0005021	5
MONDO_0800368	cardiomyopathy, dilated, 1MM	DOID:12930	ancestor:MONDO_0005021	5
MONDO_0800369	Parkinson disease 19B, early-onset	DOID:14330	ancestor:MONDO_0005180	10
MONDO_0800453	juvenile absence epilepsy	DOID:1826	ancestor:MONDO_0005027	11
MONDO_0800472	CYP1B1-related glaucoma with or without anterior segment dysgenesis	DOID:1686	ancestor:MONDO_0005041	10
MONDO_0800487	variable-age onset idiopathic generalized epilepsy syndrome	DOID:1826	ancestor:MONDO_0005027	10
MONDO_0800488	neonatal/infantile-onset self-limited epilepsy syndrome	DOID:1826	ancestor:MONDO_0005027	3
MONDO_0800490	neonatal/infantile-onset epilepsy syndrome with developmental and epileptic encephalopathy	DOID:1826	ancestor:MONDO_0005027	3
MONDO_0800492	variable-age onset focal epilepsy syndrome	DOID:1826	ancestor:MONDO_0005027	4
MONDO_0800493	familial mesial temporal lobe epilepsy	DOID:1826	ancestor:MONDO_0005027	11
MONDO_0800495	variable-age epilepsy syndrome with developmental and/or epileptic encephalopathy or progressive neurological deterioration	DOID:1826	ancestor:MONDO_0005027	3
MONDO_0800496	epilepsy with auditory features	DOID:1826	ancestor:MONDO_0005027	5
MONDO_0800498	childhood-onset genetic generalized epilepsy syndrome	DOID:1826	ancestor:MONDO_0005027	5
MONDO_0800499	childhood-onset idiopathic generalized epilepsy syndrome	DOID:1826	ancestor:MONDO_0005027	10
MONDO_0800500	childhood-onset epilepsy syndrome with developmental and/or epileptic encephalopathy	DOID:1826	ancestor:MONDO_0005027	3
MONDO_0800501	developmental and/or epileptic encephalopathy with spike-wave activation in sleep	DOID:1826	ancestor:MONDO_0005027	4
MONDO_0800502	childhood-onset self-limited focal epilepsy syndrome	DOID:1826	ancestor:MONDO_0005027	4
MONDO_0850101	spitzoid melanoma	DOID:4159	ancestor:MONDO_0002898	5
MONDO_0850282	chronic asthma	DOID:2841	ancestor:MONDO_0004979	1
MONDO_0850302	intracranial meningioma	DOID:3565	ancestor:MONDO_0016642	1
MONDO_0850332	IDH-mutant anaplastic astrocytoma	DOID:3070	ancestor:MONDO_0100342	6
MONDO_0850335	IDH-wildtype glioblastoma	DOID:3070	ancestor:MONDO_0100342	4
MONDO_0850339	posterior fossa ependymoma	DOID:3070	ancestor:MONDO_0100342	5
MONDO_0850340	supratentorial ependymoma	DOID:3070	ancestor:MONDO_0100342	5
MONDO_0858921	EWSR1-negative small round cell tumor	DOID:1115	ancestor:MONDO_0005089	2
MONDO_0858939	diffuse pediatric-type high-grade glioma, H3-wildtype and IDH-wildtype	DOID:3070	ancestor:MONDO_0100342	4
MONDO_0858958	high-grade astrocytoma with piloid features	DOID:3070	ancestor:MONDO_0100342	6
MONDO_0858967	primary intracranial sarcoma, DICER1-mutant	DOID:1319	ancestor:MONDO_0001657	8
MONDO_0859046	rhabdomyosarcoma, embryonal, 2	DOID:1115	ancestor:MONDO_0005089	8
MONDO_0859083	systemic lupus erythematosus 17	DOID:9074	ancestor:MONDO_0007915	1
MONDO_0859172	hemolytic disease of fetus and newborn, RH-induced	DOID:2355	ancestor:MONDO_0002280	7
MONDO_0859314	developmental and epileptic encephalopathy 108	DOID:1826	ancestor:MONDO_0005027	9
MONDO_0859325	developmental and epileptic encephalopathy 109	DOID:1826	ancestor:MONDO_0005027	9
MONDO_0859327	developmental and epileptic encephalopathy 110	DOID:1826	ancestor:MONDO_0005027	9
MONDO_0859358	cardiomyopathy, dilated, 2H	DOID:12930	ancestor:MONDO_0005021	6
MONDO_0859381	cardiomyopathy, dilated, 100	DOID:12930	ancestor:MONDO_0005021	5
MONDO_0859390	epilepsy, X-linked, with or without impaired intellectual development and dysmorphic features	DOID:1826	ancestor:MONDO_0005027	7
MONDO_0859529	amyotrophic lateral sclerosis 27, juvenile	DOID:332	ancestor:MONDO_0004976	13
MONDO_0859564	epilepsy, X-linked 2, with or without impaired intellectual development and dysmorphic features	DOID:1826	ancestor:MONDO_0005027	8
MONDO_0859592	IDH-mutant and 1p/19q-codeleted oligodendroglioma	DOID:3070	ancestor:MONDO_0100342	5
MONDO_0859597	cns neuroblastoma with FOXR2 activation	DOID:1319	ancestor:MONDO_0001657	12
MONDO_0956975	T2-high asthma	DOID:2841	ancestor:MONDO_0004979	2
MONDO_0956989	CIC-rearranged sarcoma	DOID:1115	ancestor:MONDO_0005089	3
MONDO_0956990	supratentorial ependymoma, ZFTA fusion–positive	DOID:3070	ancestor:MONDO_0100342	6
MONDO_0956992	posterior fossa group A ependymoma	DOID:3070	ancestor:MONDO_0100342	6
MONDO_0956993	posterior fossa group B ependymoma	DOID:3070	ancestor:MONDO_0100342	6
MONDO_0956995	astrocytoma, IDH-mutant, grade 3	DOID:3070	ancestor:MONDO_0100342	7
MONDO_0957196	diffuse midline glioma, H3 K27M-mutant	DOID:3070	ancestor:MONDO_0100342	17
MONDO_0957248	developmental and epileptic encephalopathy, 31B	DOID:1826	ancestor:MONDO_0005027	10
MONDO_0957318	nephrolithiasis, calcium oxalate	DOID:585	ancestor:MONDO_0008171	4
MONDO_0957538	amyotrophic lateral sclerosis 28	DOID:332	ancestor:MONDO_0004976	13
MONDO_0957545	cardiomyopathy, dilated, 2I	DOID:12930	ancestor:MONDO_0005021	5
MONDO_0957576	Parkinson disease 25, autosomal recessive early-onset, with impaired intellectual development	DOID:14330	ancestor:MONDO_0005180	1
MONDO_0957780	developmental and epileptic encephalopathy 111	DOID:1826	ancestor:MONDO_0005027	9
MONDO_0957812	developmental and epileptic encephalopathy 112	DOID:1826	ancestor:MONDO_0005027	9
MONDO_0957928	otosclerosis 11	DOID:12185	ancestor:MONDO_0005349	1
MONDO_0957984	cardiomyopathy, dilated, 2j	DOID:12930	ancestor:MONDO_0005021	5
MONDO_0958191	nephrolithiasis, calcium oxalate, 2, with or without nephrocalcinosis	DOID:585	ancestor:MONDO_0008171	5
MONDO_0958199	myoclonic epilepsy of Lafora 1	DOID:1826	ancestor:MONDO_0005027	24
MONDO_0958231	neurodevelopmental disorder with motor abnormalities, seizures, and facial dysmorphism	DOID:1826	ancestor:MONDO_0005027	39
MONDO_0958324	generalized epilepsy with febrile seizures plus, type 12	DOID:1826	ancestor:MONDO_0005027	13
MONDO_0958330	developmental and epileptic encephalopathy 113	DOID:1826	ancestor:MONDO_0005027	9
MONDO_0958331	developmental and epileptic encephalopathy 114	DOID:1826	ancestor:MONDO_0005027	9
MONDO_0958334	pulmonary hypertension, primary, 6	DOID:10763	ancestor:MONDO_0005044	6
MONDO_0968946	developmental and epileptic encephalopathy 115	DOID:1826	ancestor:MONDO_0005027	9
MONDO_0968980	otosclerosis 12	DOID:12185	ancestor:MONDO_0005349	1
MONDO_0970945	developmental and epileptic encephalopathy 116	DOID:1826	ancestor:MONDO_0005027	9
MONDO_0971175	cardiomyopathy, dilated, 2K	DOID:12930	ancestor:MONDO_0005021	5
MONDO_0975798	methylmalonic aciduria and homocystinuria, cb1L type	DOID:2355	ancestor:MONDO_0002280	40
MONDO_0975829	anemia, congenital dyserythropoietic, type IVb	DOID:2355	ancestor:MONDO_0002280	8
MONDO_0979236	cardiomyopathy, dilated, 2l	DOID:12930	ancestor:MONDO_0005021	5
MONDO_0979237	pulmonary hypertension, primary, 7	DOID:10763	ancestor:MONDO_0005044	6
MONDO_0979238	developmental and epileptic encephalopathy 118	DOID:1826	ancestor:MONDO_0005027	9
MONDO_0979239	cardiomyopathy, dilated, 1QQ	DOID:12930	ancestor:MONDO_0005021	5
MONDO_0979241	fanconi anemia, complementation group 10	DOID:2355	ancestor:MONDO_0002280	23
MONDO_0979243	cardiomyopathy, dilated, 2M	DOID:12930	ancestor:MONDO_0005021	5
MONDO_0979339	infantile neuronal ceroid lipofuscinosis 1	DOID:1826	ancestor:MONDO_0005027	30
MONDO_0979340	late infantile neuronal ceroid lipofuscinosis 1	DOID:1826	ancestor:MONDO_0005027	28
MONDO_0979341	juvenile neuronal ceroid lipofuscinosis 1	DOID:1826	ancestor:MONDO_0005027	30
MONDO_0979342	adult neuronal ceroid lipofuscinosis 1	DOID:1826	ancestor:MONDO_0005027	30
MONDO_0979343	infantile neuronal ceroid lipofuscinosis 2	DOID:1826	ancestor:MONDO_0005027	30
MONDO_0979344	late infantile neuronal ceroid lipofuscinosis 2	DOID:1826	ancestor:MONDO_0005027	28
MONDO_0979345	juvenile neuronal ceroid lipofuscinosis 2	DOID:1826	ancestor:MONDO_0005027	30
MONDO_0979348	late infantile neuronal ceroid lipofuscinosis 5	DOID:1826	ancestor:MONDO_0005027	29
MONDO_0979349	juvenile neuronal ceroid lipofuscinosis 5	DOID:1826	ancestor:MONDO_0005027	31
MONDO_0979350	adult neuronal ceroid lipofuscinosis 5	DOID:1826	ancestor:MONDO_0005027	31
MONDO_0979368	juvenile neuronal ceroid lipofuscinosis 6	DOID:1826	ancestor:MONDO_0005027	31
MONDO_0979370	late infantile neuronal ceroid lipofuscinosis 8	DOID:1826	ancestor:MONDO_0005027	28
MONDO_0979371	congenital neuronal ceroid lipofuscinosis 10	DOID:1826	ancestor:MONDO_0005027	30
MONDO_0979372	late infantile neuronal ceroid lipofuscinosis 10	DOID:1826	ancestor:MONDO_0005027	29
MONDO_0979373	juvenile neuronal ceroid lipofuscinosis 10	DOID:1826	ancestor:MONDO_0005027	31
MONDO_0980757	periodontitis, aggressive	DOID:824	ancestor:MONDO_0005076	4
MONDO_0980999	fibromuscular dysplasia of the coronary arteries	DOID:3393	ancestor:MONDO_0005010	5
MONDO_1010030	pediatric high-grade glioma	DOID:3070	ancestor:MONDO_0100342	3
MONDO_1040026	metastatic malignant neoplasm in the brain	DOID:1319	ancestor:MONDO_0001657	5
MONDO_1060171	diffuse midline glioma, H3 K27-altered	DOID:3070	ancestor:MONDO_0100342	16
MONDO_1060174	systemic lupus erythematosus related to C1QA	DOID:9074	ancestor:MONDO_0007915	1
MONDO_1060176	systemic lupus erythematosus related to C1S	DOID:9074	ancestor:MONDO_0007915	1
MONDO_1060177	developmental and epileptic encephalopathy 119	DOID:1826	ancestor:MONDO_0005027	9
MONDO_1060185	systemic lupus erythematosus 18	DOID:9074	ancestor:MONDO_0007915	1
MONDO_1060227	systemic lupus erythematosus related to C1QC	DOID:9074	ancestor:MONDO_0007915	1
MONDO_1060228	systemic lupus erythematosus related to C1QB	DOID:9074	ancestor:MONDO_0007915	1
MONDO_1060244	THG1L-related epileptic encephalopathy	DOID:1826	ancestor:MONDO_0005027	12
EFO_0000195	metabolic syndrome	DOID:14221	direct	0
EFO_0000397	dermal neurofibroma	DOID:1192	ancestor:MONDO_0001406	7
EFO_0000658	plexiform neurofibroma	DOID:1192	ancestor:MONDO_0001406	7
EFO_0000768	idiopathic pulmonary fibrosis	DOID:0050156	direct	0
EFO_0003826	salivary gland neoplasm	DOID:8850	direct	0
EFO_0003959	cleft lip	DOID:9296	direct	0
EFO_0003967	vascular sarcoma	DOID:175	direct	0
EFO_0004207	pathological myopia	DOID:9835	ancestor:MONDO_0004892	6
EFO_0004251	myeloproliferative disorder	DOID:184	ancestor:MONDO_0002129	15
EFO_0004272	anemia (phenotype)	DOID:2355	direct	0
EFO_0004281	testicular neoplasm	DOID:2998	direct	0
EFO_0004996	type 1 diabetes nephropathy	DOID:784	ancestor:MONDO_0005300	6
EFO_0004997	type 2 diabetes nephropathy	DOID:784	ancestor:MONDO_0005300	4
EFO_0005288	non-small cell lung adenocarcinoma	DOID:1324	ancestor:MONDO_0008903	8
EFO_0006471	pancreatic tubular adenocarcinoma	DOID:1793	ancestor:MONDO_0009831	11
EFO_0006926	acquired aplastic anemia	DOID:2355	ancestor:MONDO_0002280	4
EFO_0006927	severe aplastic anemia	DOID:2355	ancestor:MONDO_0002280	4
EFO_0008502	gastric non-cardia carcinoma	DOID:10534	ancestor:MONDO_0001056	5
EFO_0008503	hepatitis B virus induced hepatocellular carcinoma	DOID:3571	ancestor:MONDO_0002691	9
EFO_0008504	hepatitis C virus induced hepatocellular carcinoma	DOID:3571	ancestor:MONDO_0002691	9
EFO_0008505	hepatitis virus-related hepatocellular carcinoma	DOID:3571	ancestor:MONDO_0002691	8
EFO_0008512	micropapillary urothelial carcinoma	DOID:11054	ancestor:MONDO_0001187	9
EFO_0008526	status epilepticus	DOID:1826	ancestor:MONDO_0005027	1
EFO_0008536	anti-centromere-antibody-positive systemic scleroderma	DOID:418	ancestor:MONDO_0005100	1
EFO_0008537	anti-topoisomerase-I-antibody-positive systemic scleroderma	DOID:418	ancestor:MONDO_0005100	1
EFO_0008614	Iodine Deficiency Hypothyroidism	DOID:1459	ancestor:MONDO_0005420	1
EFO_0009044	Fanconi anemia complementation group A	DOID:2355	ancestor:MONDO_0002280	23
EFO_0009045	Fanconi anemia complementation group F	DOID:2355	ancestor:MONDO_0002280	23
EFO_0009046	Fanconi anemia complementation group G	DOID:2355	ancestor:MONDO_0002280	23
EFO_0009054	Pulmonary arterial hypertension associated with congenital heart disease	DOID:10763	ancestor:MONDO_0005044	4
EFO_0009093	choroidal melanoma	DOID:2174	ancestor:MONDO_0002236	12
EFO_0009094	idiopathic dilated cardiomyopathy	DOID:12930	ancestor:MONDO_0005021	1
EFO_0009142	autosomal dominant dilated cardiomyopathy	DOID:12930	ancestor:MONDO_0005021	1
EFO_0009144	Lethal neonatal spasticity-epileptic encephalopathy syndrome	DOID:1826	ancestor:MONDO_0005027	12
EFO_0009157	susceptibility to malaria	DOID:12365	ancestor:MONDO_0005136	4
EFO_0009193	Pulmonary arterial hypertension associated with another disease	DOID:10763	ancestor:MONDO_0005044	3
EFO_0009194	Pulmonary arterial hypertension associated with HIV infection	DOID:10763	ancestor:MONDO_0005044	4
EFO_0009195	Pulmonary arterial hypertension associated with chronic hemolytic anemia	DOID:10763	ancestor:MONDO_0005044	4
EFO_0009196	Pulmonary arterial hypertension associated with connective tissue disease	DOID:10763	ancestor:MONDO_0005044	4
EFO_0009197	Pulmonary arterial hypertension associated with portal hypertension	DOID:10763	ancestor:MONDO_0005044	4
EFO_0009198	Pulmonary arterial hypertension associated with schistosomiasis	DOID:10763	ancestor:MONDO_0005044	4
EFO_0009260	non-melanoma skin carcinoma	DOID:4159	ancestor:MONDO_0002898	5
EFO_0009361	colorectal mucinous adenocarcinoma	DOID:219	ancestor:MONDO_0021063	11
EFO_0009382	metabolically healthy obesity	DOID:9970	ancestor:MONDO_0011122	1
EFO_0009443	BRCAX breast cancer	DOID:1612	ancestor:MONDO_0007254	4
EFO_0009459	ACPA-positive rheumatoid arthritis	DOID:7148	ancestor:MONDO_0008383	1
EFO_0009460	ACPA-negative rheumatoid arthritis	DOID:7148	ancestor:MONDO_0008383	1
EFO_0009649	susceptibility to breast cancer	DOID:1612	ancestor:MONDO_0007254	4
EFO_0009706	latent autoimmune diabetes in adults	DOID:9744	ancestor:MONDO_0005147	1
EFO_0009756	autoimmune type 1 diabetes	DOID:9744	ancestor:MONDO_0005147	1
EFO_0009757	idiopathic type 1 diabetes	DOID:9744	ancestor:MONDO_0005147	1
EFO_0009758	fulminant type 1 diabetes	DOID:9744	ancestor:MONDO_0005147	2
EFO_0009759	Chronic Obstructive Asthma	DOID:2841	ancestor:MONDO_0004979	1
EFO_0009782	progesterone-receptor positive breast cancer	DOID:1612	ancestor:MONDO_0007254	4
EFO_0009783	carotid atherosclerosis	DOID:1936	ancestor:MONDO_0005311	7
EFO_0009854	treatment resistant depression	DOID:1595	ancestor:MONDO_0002009	1
EFO_0009909	stage 5 chronic kidney disease	DOID:784	ancestor:MONDO_0005300	1
EFO_0009963	bipolar I disorder	DOID:3312	ancestor:MONDO_0004985	1
EFO_0009964	bipolar II disorder	DOID:3312	ancestor:MONDO_0004985	1
EFO_0010163	dilatation of the sinus of Valsalva	DOID:14004	ancestor:MONDO_0005396	1
EFO_0010176	keratinocyte carcinoma	DOID:4159	ancestor:MONDO_0002898	6
EFO_0010638	atopic asthma	DOID:2841	ancestor:MONDO_0004979	1
EFO_0010820	spontaneous coronary artery dissection	DOID:3393	ancestor:MONDO_0005010	1
EFO_0010831	testicular mixed germ cell tumor	DOID:2994	ancestor:MONDO_0005040	4
EFO_0010832	primary central chondrosarcoma	DOID:184	ancestor:MONDO_0002129	7
EFO_0010833	uterine corpus undifferentiated sarcoma	DOID:363	ancestor:MONDO_0002715	5
EFO_0010953	autosomal recessive dilated cardiomyopathy	DOID:12930	ancestor:MONDO_0005021	1
EFO_0010970	severe malarial anemia	DOID:12365	ancestor:MONDO_0005136	6
EFO_0020000	developmental and epileptic encephalopathy 94	DOID:1826	ancestor:MONDO_0005027	9
EFO_0020983	diffuse midline glioma	DOID:3070	ancestor:MONDO_0100342	1
EFO_0021425	pigmentary glaucoma	DOID:1686	ancestor:MONDO_0005041	1
EFO_0021433	congenital chronic kidney disease	DOID:784	ancestor:MONDO_0005300	1
EFO_0021505	diffuse hemispheric glioma, H3 G34-mutant	DOID:3070	ancestor:MONDO_0100342	1
EFO_0021516	central nervous system Burkitt lymphoma	DOID:2531	ancestor:MONDO_0002334	34
EFO_0021520	histiocytic neoplasm	DOID:2531	ancestor:MONDO_0002334	4
EFO_0021524	non-alcoholic pancreatitis	DOID:4989	ancestor:MONDO_0004982	1
EFO_0021525	renal overload-type gout	DOID:13189	ancestor:MONDO_0005393	1
EFO_0021799	ankrd1-related dilated cardiomyopathy	DOID:12930	ancestor:MONDO_0005021	1
EFO_0022194	EGFR-related lung cancer	DOID:1324	ancestor:MONDO_0008903	8
EFO_0022485	paragangliomas with sensorineural hearing loss	DOID:1192	ancestor:MONDO_0001406	31
EFO_0022517	NK-92	DOID:2531	ancestor:MONDO_0002334	7
EFO_0022534	VACO 481	DOID:219	ancestor:MONDO_0021063	7
EFO_0022550	NKL	DOID:2531	ancestor:MONDO_0002334	12
EFO_0022578	G-292	DOID:1115	ancestor:MONDO_0005089	2
EFO_0022609	Parkinson disease, dominant	DOID:14330	ancestor:MONDO_0005180	1
EFO_0022910	ebv-positive nodal t- and nk-cell lymphoma	DOID:2531	ancestor:MONDO_0002334	7
EFO_0022918	amyotrophic lateral sclerosis, dominant	DOID:332	ancestor:MONDO_0004976	13
EFO_0022921	early infantile epileptic encephalopathy, autosomal recessive	DOID:1826	ancestor:MONDO_0005027	9
EFO_0022925	melanoma in situ of ear and external auricular canal	DOID:11934	ancestor:MONDO_0005627	12
EFO_0022954	chronic thromboembolic pulmonary hypertension	DOID:10763	ancestor:MONDO_0005044	2
EFO_0022957	early-onset Alzheimers disease	DOID:10652	ancestor:MONDO_0004975	1
EFO_0022959	hand eczema	DOID:3310	ancestor:MONDO_0004980	2
EFO_0022984	bilateral breast cancer	DOID:1612	ancestor:MONDO_0007254	1
EFO_0022988	Parkinson disease 6	DOID:14330	ancestor:MONDO_0005180	1
EFO_0600095	primary dental caries	DOID:216	ancestor:MONDO_0005276	1
EFO_0600096	permanent dental caries	DOID:216	ancestor:MONDO_0005276	1
EFO_0700021	autosomal recessive Emery-Dreifuss muscular dystrophy	DOID:12930	ancestor:MONDO_0005021	20
EFO_0700024	familial mesial temporal lobe epilepsy with febrile seizures	DOID:1826	ancestor:MONDO_0005027	9
EFO_0700037	benign familial mesial temporal lobe epilepsy	DOID:1826	ancestor:MONDO_0005027	8
EFO_0700053	primary congenital hypothyroidism	DOID:1459	ancestor:MONDO_0005420	4
EFO_0700058	oligoastrocytic tumor	DOID:3070	ancestor:MONDO_0100342	6
EFO_0700060	Duchenne and Becker muscular dystrophy	DOID:12930	ancestor:MONDO_0005021	17
EFO_0700066	sickle cell disease and related diseases	DOID:2355	ancestor:MONDO_0002280	6
EFO_0700087	hereditary isolated aplastic anemia	DOID:2355	ancestor:MONDO_0002280	7
EFO_0700105	myoclonic epilepsy of infancy	DOID:1826	ancestor:MONDO_0005027	7
EFO_0700122	secondary dysgenetic glaucoma	DOID:1686	ancestor:MONDO_0005041	4
EFO_0800001	intracranial germ cell tumor	DOID:2994	ancestor:MONDO_0005040	7
EFO_0803536	multiple sclerosis symptom measurement	DOID:2377	direct	0
EFO_0920035	neutrophilic bronchiectasis	DOID:3083	ancestor:MONDO_0005002	8
EFO_0920036	eosinophilic bronchiectasis	DOID:3083	ancestor:MONDO_0005002	8
EFO_0920037	mixed granulocytic bronchiectasis	DOID:3083	ancestor:MONDO_0005002	8
EFO_0920038	paucigranulocytic bronchiectasis	DOID:3083	ancestor:MONDO_0005002	8
EFO_0920039	CFTR dysfunction bronchiectasis	DOID:3083	ancestor:MONDO_0005002	8
EFO_0920040	ciliary dysfunction bronchiectasis	DOID:3083	ancestor:MONDO_0005002	8
EFO_0920041	heritable connective tissue disorder-associated bronchiectasis	DOID:3083	ancestor:MONDO_0005002	8
EFO_0920042	immune deficient-predominant bronchiectasis	DOID:3083	ancestor:MONDO_0005002	8
EFO_1000016	anaplastic lung carcinoma	DOID:1324	ancestor:MONDO_0008903	6
EFO_1000082	Anaplastic (Malignant) Meningioma	DOID:3565	ancestor:MONDO_0016642	8
EFO_1000090	Appendix Goblet Cell Carcinoid	DOID:11239	ancestor:MONDO_0001235	23
EFO_1000119	Benign Salivary Gland Myoepithelioma	DOID:8850	ancestor:EFO_0003826	1
EFO_1000128	Bladder Paraganglioma	DOID:1192	ancestor:MONDO_0001406	16
EFO_1000141	Brain Stem Glioblastoma	DOID:3070	ancestor:MONDO_0100342	13
EFO_1000178	Chronic Eosinophilic Leukemia, Not Otherwise Specified	DOID:184	ancestor:MONDO_0002129	17
EFO_1000245	Epithelioid Malignant Peripheral Nerve Sheath Tumor	DOID:3070	ancestor:MONDO_0100342	13
EFO_1000349	Malignant Bladder Paraganglioma	DOID:1192	ancestor:MONDO_0001406	16
EFO_1000361	Malignant Peripheral Nerve Sheath Tumor with Mesenchymal Differentiation	DOID:3070	ancestor:MONDO_0100342	13
EFO_1000462	Parotid Gland Pleomorphic Adenoma	DOID:8850	ancestor:EFO_0003826	1
EFO_1000488	Polar Spongioblastoma	DOID:3070	ancestor:MONDO_0100342	4
EFO_1000518	Salivary Gland Pleomorphic Adenoma	DOID:8850	ancestor:EFO_0003826	1
EFO_1000568	Testicular Large Cell Calcifying Sertoli Cell Tumor	DOID:2998	ancestor:EFO_0004281	4
EFO_1000571	Testicular Sclerosing Sertoli Cell Tumor	DOID:2998	ancestor:EFO_0004281	4
EFO_1000572	Testicular Sertoli Cell Tumor	DOID:2998	ancestor:EFO_0004281	13
EFO_1000603	Unclassified Renal Cell Carcinoma	DOID:263	ancestor:MONDO_0002367	8
EFO_1000621	Vagus Nerve Paraganglioma	DOID:1192	ancestor:MONDO_0001406	12
EFO_1000643	infantile epileptic encephalopathy	DOID:1826	ancestor:MONDO_0005027	7
EFO_1000651	recalcitrant atopic dermatitis	DOID:3310	ancestor:MONDO_0004980	1
EFO_1000656	sporadic Creutzfeld Jacob disease	DOID:11949	ancestor:MONDO_0005357	1
EFO_1000856	central neurocytoma	DOID:1319	ancestor:MONDO_0001657	2
EFO_1000924	epilepsia partialis continua	DOID:1826	ancestor:MONDO_0005027	1
EFO_1000925	epithelioid and spindle cell nevus	DOID:4159	ancestor:MONDO_0002898	9
EFO_1000968	hydrophthalmos	DOID:1686	ancestor:MONDO_0005041	8
EFO_1001005	Klatskin's tumor	DOID:4606	ancestor:MONDO_0003059	18
EFO_1001017	limited scleroderma	DOID:418	ancestor:MONDO_0005100	1
EFO_1001077	orbital plasma cell granuloma	DOID:184	ancestor:MONDO_0002129	9
EFO_1001257	acute erythroblastic leukemia	DOID:184	ancestor:MONDO_0002129	22
EFO_1001343	Hemangioma, Cavernous, Central Nervous System	DOID:2531	ancestor:MONDO_0002334	23
EFO_1001350	Immunoblastic Lymphadenopathy	DOID:2531	ancestor:MONDO_0002334	10
EFO_1001358	Leprosy, Paucibacillary	DOID:1024	ancestor:MONDO_0005124	1
EFO_1001365	Lymphoma, AIDS-Related	DOID:2531	ancestor:MONDO_0002334	6
EFO_1001466	Graves ophthalmopathy	DOID:12361	ancestor:MONDO_0005364	3
EFO_1001483	non-obstructive coronary artery disease	DOID:3393	ancestor:MONDO_0005010	1
EFO_1001492	atrophic macular degeneration	DOID:10871	ancestor:MONDO_0005150	1
EFO_1001494	psoriasis vulgaris	DOID:8893	ancestor:MONDO_0005083	1
EFO_1001503	type II diabetes mellitus with acanthosis nigricans	DOID:9352	ancestor:MONDO_0005148	1
EFO_1001507	asparaginase-induced acute pancreatitis	DOID:4989	ancestor:MONDO_0004982	2
EFO_1001514	endometrial endometrioid carcinoma	DOID:363	ancestor:MONDO_0002715	12
EFO_1001515	ovarian endometrioid carcinoma	DOID:2394	ancestor:MONDO_0008170	10
EFO_1001516	ovarian serous carcinoma	DOID:2394	ancestor:MONDO_0008170	6
EFO_1001770	Carcinoma, Lewis Lung	DOID:1324	ancestor:MONDO_0008903	4
EFO_1001844	skin mastocytoma	DOID:2531	ancestor:MONDO_0002334	4
EFO_1001858	Tarlov Cysts	DOID:1192	ancestor:MONDO_0001406	1
EFO_1001870	late-onset Alzheimers disease	DOID:10652	ancestor:MONDO_0004975	1
EFO_1001907	panic disorder without agoraphobia	DOID:594	ancestor:MONDO_0005383	1
EFO_1001932	adult acute megakaryoblastic leukemia	DOID:184	ancestor:MONDO_0002129	23
EFO_1001934	adult acute myeloid leukemia	DOID:184	ancestor:MONDO_0002129	21
EFO_1001941	bronchioloalveolar carcinoma	DOID:1324	ancestor:MONDO_0008903	8
EFO_1001943	childhood acute megakaryoblastic leukemia	DOID:184	ancestor:MONDO_0002129	23
EFO_1001944	childhood acute monocytic leukemia	DOID:184	ancestor:MONDO_0002129	29
EFO_1001945	childhood acute myeloid leukemia with maturation	DOID:184	ancestor:MONDO_0002129	23
EFO_1001954	Epstein-Barr virus-related Burkitts lymphoma	DOID:2531	ancestor:MONDO_0002334	22
EFO_1001955	erythroleukemia	DOID:184	ancestor:MONDO_0002129	24
EFO_1001957	hereditary thyroid gland medullary carcinoma	DOID:1781	ancestor:MONDO_0002108	4
EFO_1001958	high grade ovarian serous adenocarcinoma	DOID:2394	ancestor:MONDO_0008170	14
EFO_1001971	thyroid gland sarcoma	DOID:1781	ancestor:MONDO_0002108	6
EFO_1001973	ureter urothelial carcinoma	DOID:11819	ancestor:MONDO_0008627	11
EFO_1002001	core binding factor acute myeloid leukemia	DOID:184	ancestor:MONDO_0002129	20
EFO_1002006	treatment-resistant hypertension	DOID:10763	ancestor:MONDO_0005044	1
EFO_1002010	TP53 Positive Breast Carcinoma	DOID:1612	ancestor:MONDO_0007254	4
EFO_1002011	adult onset asthma	DOID:2841	ancestor:MONDO_0004979	1
EFO_1002015	HPV-associated cervical carcinoma	DOID:4362	ancestor:MONDO_0002974	5
EFO_1002040	Corneal astigmatism	DOID:9835	ancestor:HP_0000483	4
Orphanet_113	Bazex-Dupré-Christol syndrome	DOID:11934	ancestor:MONDO_0005627	8
Orphanet_1331	Familial prostate cancer	DOID:10283	ancestor:MONDO_0008315	12
Orphanet_168486	Congenital neuronal ceroid lipofuscinosis	DOID:1826	ancestor:MONDO_0005027	24
Orphanet_179490	Obesity due to congenital leptin resistance	DOID:9970	ancestor:MONDO_0011122	7
Orphanet_181396	Rare hypothyroidism	DOID:1459	ancestor:MONDO_0005420	5
Orphanet_182083	Channelopathy with epilepsy	DOID:1826	ancestor:MONDO_0005027	6
Orphanet_217031	Obesity due to MC3R deficiency	DOID:9970	ancestor:MONDO_0011122	7
Orphanet_240371	Syndromic obesity	DOID:9970	ancestor:MONDO_0011122	7
Orphanet_26106	Familial gastric cancer	DOID:10534	ancestor:MONDO_0001056	14
Orphanet_665	Albright hereditary osteodystrophy	DOID:9970	ancestor:MONDO_0011122	42
Orphanet_95711	Congenital hypothyroidism due to developmental anomaly	DOID:1459	ancestor:MONDO_0005420	6
Orphanet_95714	Primary congenital hypothyroidism without thyroid developmental anomaly	DOID:1459	ancestor:MONDO_0005420	6
Orphanet_98360	Constitutional anemia due to iron metabolism disorder	DOID:2355	ancestor:MONDO_0002280	7
Orphanet_98370	Hemolytic anemia due to hexose monophosphate shunt and glutathione metabolism anomalies	DOID:2355	ancestor:MONDO_0002280	8
Orphanet_98374	Hemolytic anemia due to an erythrocyte nucleotide metabolism disorder	DOID:2355	ancestor:MONDO_0002280	8
Orphanet_98396	Constitutional megaloblastic anemia due to vitamin B12 metabolism disorder	DOID:2355	ancestor:MONDO_0002280	7
Orphanet_98408	Constitutional megaloblastic anemia due to folate metabolism disorder	DOID:2355	ancestor:MONDO_0002280	7
