task	pseed	policy	w_neg	model	seed	AP	AUROC	n	n_pos	macroAP_disease	MRR	Hits@10	negated	masked	test_pos_negated	test_pos_masked
compound	42	sci=ignore,other=ignore	10.0	degree	0	0.07447608049323015	0.7278685832415619	5913	162	0.03583575918098666	0.18546076528472166	0.43209876543209874	0	0	0	0
compound	42	sci=ignore,other=ignore	10.0	disease_degree	0	0.07447608049323015	0.7278685832415619	5913	162	0.03583575918098666	0.18546076528472166	0.43209876543209874	0	0	0	0
compound	42	sci=ignore,other=ignore	10.0	mf	1	0.06976441298837578	0.7009054785963149	5913	162	0.08219854986985155	0.16567238543526142	0.46296296296296297	0	0	0	0
compound	42	sci=ignore,other=ignore	10.0	mf	2	0.07807563665751734	0.7028364363900212	5913	162	0.12734580675111196	0.16590729723144224	0.4382716049382716	0	0	0	0
compound	42	sci=ignore,other=ignore	10.0	mf	3	0.06967951700069822	0.7014040499666188	5913	162	0.08253206698592079	0.16428928656354988	0.41975308641975306	0	0	0	0
compound	42	sci=ignore,other=ignore	10.0	graph	1	0.24448283292444623	0.8391659206879746	5913	162	0.315781582296105	0.43434893020762844	0.6296296296296297	0	0	0	0
compound	42	sci=ignore,other=ignore	10.0	graph	2	0.24448283292444623	0.8391659206879746	5913	162	0.315781582296105	0.43434893020762844	0.6296296296296297	0	0	0	0
compound	42	sci=ignore,other=ignore	10.0	graph	3	0.24448283292444623	0.8391659206879746	5913	162	0.315781582296105	0.43434893020762844	0.6296296296296297	0	0	0	0
compound	42	sci=ignore,other=ignore	10.0	hybrid	1	0.24449593779201004	0.839169140739882	5913	162	0.315781582296105	0.43434893020762844	0.6296296296296297	0	0	0	0
compound	42	sci=ignore,other=ignore	10.0	hybrid	2	0.24454770881218177	0.8391712874411534	5913	162	0.315781582296105	0.43420195783843374	0.6296296296296297	0	0	0	0
compound	42	sci=ignore,other=ignore	10.0	hybrid	3	0.24449644879878113	0.8391712874411533	5913	162	0.315781582296105	0.43420195783843374	0.6296296296296297	0	0	0	0
compound	42	sci=ignore,other=negate	10.0	degree	0	0.07447608049323015	0.7278685832415619	5913	162	0.03583575918098666	0.18546076528472166	0.43209876543209874	1393	0	54	0
compound	42	sci=ignore,other=negate	10.0	mf	1	0.03442687291017945	0.34165126408504376	5913	162	0.0495291243992716	0.09771714614804815	0.2345679012345679	1393	0	54	0
compound	42	sci=ignore,other=negate	10.0	mf	2	0.028623293398280836	0.33892656349620354	5913	162	0.07154580753590281	0.09979648591089685	0.18518518518518517	1393	0	54	0
compound	42	sci=ignore,other=negate	10.0	mf	3	0.028775379335278444	0.3402661050896141	5913	162	0.04375057509397552	0.09927799739233101	0.20987654320987653	1393	0	54	0
compound	42	sci=ignore,other=negate	10.0	graph	1	0.197627439732181	0.7947045173034855	5913	162	0.2703479044844143	0.3646166348526004	0.5432098765432098	1393	0	54	0
compound	42	sci=ignore,other=negate	10.0	graph	2	0.197627439732181	0.7947045173034855	5913	162	0.2703479044844143	0.3646166348526004	0.5432098765432098	1393	0	54	0
compound	42	sci=ignore,other=negate	10.0	graph	3	0.197627439732181	0.7947045173034855	5913	162	0.2703479044844143	0.3646166348526004	0.5432098765432098	1393	0	54	0
compound	42	sci=ignore,other=negate	10.0	hybrid	1	0.19762764741605074	0.7947002239009426	5913	162	0.2703479044844143	0.3646166348526004	0.5432098765432098	1393	0	54	0
compound	42	sci=ignore,other=negate	10.0	hybrid	2	0.19763366080804504	0.794690563745221	5913	162	0.2703479044844143	0.3646166348526004	0.5432098765432098	1393	0	54	0
compound	42	sci=ignore,other=negate	10.0	hybrid	3	0.1976291600084437	0.7946873436933135	5913	162	0.2703479044844143	0.3646166348526004	0.5432098765432098	1393	0	54	0
compound	42	sci=ignore,other=mask	10.0	degree	0	0.07447608049323015	0.7278685832415619	5913	162	0.03583575918098666	0.18546076528472166	0.43209876543209874	0	1393	0	54
compound	42	sci=ignore,other=mask	10.0	mf	1	0.07012254676918368	0.7007557461826285	5913	162	0.08091175086120456	0.16657214142770105	0.42592592592592593	0	1393	0	54
compound	42	sci=ignore,other=mask	10.0	mf	2	0.07900286694418346	0.7024430533820205	5913	162	0.13054875602939592	0.1661530159015689	0.4444444444444444	0	1393	0	54
compound	42	sci=ignore,other=mask	10.0	mf	3	0.0701877490920071	0.7030763302571104	5913	162	0.08369068955562911	0.1651646918172839	0.4444444444444444	0	1393	0	54
compound	42	sci=ignore,other=mask	10.0	graph	1	0.2448759117838104	0.8410721914170589	5913	162	0.3268981525443115	0.4364894859328	0.6358024691358025	0	1393	0	54
compound	42	sci=ignore,other=mask	10.0	graph	2	0.2448759117838104	0.8410721914170589	5913	162	0.3268981525443115	0.4364894859328	0.6358024691358025	0	1393	0	54
compound	42	sci=ignore,other=mask	10.0	graph	3	0.2448759117838104	0.8410721914170589	5913	162	0.3268981525443115	0.4364894859328	0.6358024691358025	0	1393	0	54
compound	42	sci=ignore,other=mask	10.0	hybrid	1	0.24489136114267956	0.8410775581702377	5913	162	0.3268981525443115	0.4364894859328	0.6358024691358025	0	1393	0	54
compound	42	sci=ignore,other=mask	10.0	hybrid	2	0.2448635325046111	0.8410700447157875	5913	162	0.3268981525443115	0.4364859012408685	0.6358024691358025	0	1393	0	54
compound	42	sci=ignore,other=mask	10.0	hybrid	3	0.2448798695509522	0.8410732647676948	5913	162	0.3268981525443115	0.4364894859328	0.6358024691358025	0	1393	0	54
compound	42	sci=negate,other=ignore	10.0	degree	0	0.07447608049323015	0.7278685832415619	5913	162	0.03583575918098666	0.18546076528472166	0.43209876543209874	387	0	34	0
compound	42	sci=negate,other=ignore	10.0	mf	1	0.04210183675663552	0.4311311398339741	5913	162	0.04769191059728445	0.11372653655466994	0.30864197530864196	387	0	34	0
compound	42	sci=negate,other=ignore	10.0	mf	2	0.04003275924472119	0.42561948431942054	5913	162	0.06527817602936109	0.10939012869410819	0.2839506172839506	387	0	34	0
compound	42	sci=negate,other=ignore	10.0	mf	3	0.05143490782230492	0.42545043159429063	5913	162	0.06802629796544352	0.14417303247100266	0.2839506172839506	387	0	34	0
compound	42	sci=negate,other=ignore	10.0	graph	1	0.17331694809770454	0.800309554323349	5913	162	0.28138445752750396	0.37271752997451424	0.6111111111111112	387	0	34	0
compound	42	sci=negate,other=ignore	10.0	graph	2	0.17331694809770454	0.800309554323349	5913	162	0.28138445752750396	0.37271752997451424	0.6111111111111112	387	0	34	0
compound	42	sci=negate,other=ignore	10.0	graph	3	0.17331694809770454	0.800309554323349	5913	162	0.28138445752750396	0.37271752997451424	0.6111111111111112	387	0	34	0
compound	42	sci=negate,other=ignore	10.0	hybrid	1	0.09834322455541734	0.8009524913541607	5913	162	0.18313899891129448	0.2956477835882983	0.5493827160493827	387	0	34	0
compound	42	sci=negate,other=ignore	10.0	hybrid	2	0.18140990995259346	0.8151368200055386	5913	162	0.28715882373053503	0.3916318242613979	0.6296296296296297	387	0	34	0
compound	42	sci=negate,other=ignore	10.0	hybrid	3	0.17971105015351227	0.8121668587964305	5913	162	0.2850443910707909	0.387970896053931	0.5864197530864198	387	0	34	0
compound	42	sci=negate,other=negate	10.0	degree	0	0.07447608049323015	0.7278685832415619	5913	162	0.03583575918098666	0.18546076528472166	0.43209876543209874	1780	0	88	0
compound	42	sci=negate,other=negate	10.0	mf	1	0.032930906891704595	0.30169578666941443	5913	162	0.04663703333801056	0.07851611426206268	0.16049382716049382	1780	0	88	0
compound	42	sci=negate,other=negate	10.0	mf	2	0.02634576355065465	0.2989388855615019	5913	162	0.06853819638135354	0.074963129545608	0.1419753086419753	1780	0	88	0
compound	42	sci=negate,other=negate	10.0	mf	3	0.031548238821391184	0.29785104469217377	5913	162	0.04330552922321692	0.0904584288503965	0.13580246913580246	1780	0	88	0
compound	42	sci=negate,other=negate	10.0	graph	1	0.14066943579187594	0.7707033237375787	5913	162	0.2362638157326829	0.31753880905470977	0.5555555555555556	1780	0	88	0
compound	42	sci=negate,other=negate	10.0	graph	2	0.14066943579187594	0.7707033237375787	5913	162	0.2362638157326829	0.31753880905470977	0.5555555555555556	1780	0	88	0
compound	42	sci=negate,other=negate	10.0	graph	3	0.14066943579187594	0.7707033237375787	5913	162	0.2362638157326829	0.31753880905470977	0.5555555555555556	1780	0	88	0
compound	42	sci=negate,other=negate	10.0	hybrid	1	0.1395221644735425	0.7715212169220168	5913	162	0.24025227015111944	0.31602568695449257	0.5617283950617284	1780	0	88	0
compound	42	sci=negate,other=negate	10.0	hybrid	2	0.13457395971989328	0.7686779110879267	5913	162	0.23229763267894557	0.31065303321260124	0.5617283950617284	1780	0	88	0
compound	42	sci=negate,other=negate	10.0	hybrid	3	0.138221602114029	0.77060457547909	5913	162	0.24013449001679674	0.3134766435324666	0.5555555555555556	1780	0	88	0
compound	42	sci=negate,other=mask	10.0	degree	0	0.07447608049323015	0.7278685832415619	5913	162	0.03583575918098666	0.18546076528472166	0.43209876543209874	387	1393	34	54
compound	42	sci=negate,other=mask	10.0	mf	1	0.04222984797590759	0.43016083085926016	5913	162	0.047783467470296895	0.11375469391619303	0.30864197530864196	387	1393	34	54
compound	42	sci=negate,other=mask	10.0	mf	2	0.03982545668514429	0.424575650826158	5913	162	0.06546486471838026	0.10917717781287938	0.2777777777777778	387	1393	34	54
compound	42	sci=negate,other=mask	10.0	mf	3	0.05047530855782097	0.42455203711217154	5913	162	0.06830599062199857	0.14398844093833668	0.2777777777777778	387	1393	34	54
compound	42	sci=negate,other=mask	10.0	graph	1	0.1795089333390748	0.8133550579502008	5913	162	0.2892530443494924	0.3892528029920495	0.5925925925925926	387	1393	34	54
compound	42	sci=negate,other=mask	10.0	graph	2	0.1795089333390748	0.8133550579502008	5913	162	0.2892530443494924	0.3892528029920495	0.5925925925925926	387	1393	34	54
compound	42	sci=negate,other=mask	10.0	graph	3	0.1795089333390748	0.8133550579502008	5913	162	0.2892530443494924	0.3892528029920495	0.5925925925925926	387	1393	34	54
compound	42	sci=negate,other=mask	10.0	hybrid	1	0.17954156483160175	0.8133733049110085	5913	162	0.2892530443494924	0.3892528029920495	0.5925925925925926	387	1393	34	54
compound	42	sci=negate,other=mask	10.0	hybrid	2	0.17954175102314163	0.8133786716641872	5913	162	0.2892530443494924	0.3892528029920495	0.5925925925925926	387	1393	34	54
compound	42	sci=negate,other=mask	10.0	hybrid	3	0.1795142525200973	0.8133539845995652	5913	162	0.2892530443494924	0.3892528029920495	0.5925925925925926	387	1393	34	54
compound	42	sci=mask,other=ignore	10.0	degree	0	0.07447608049323015	0.7278685832415619	5913	162	0.03583575918098666	0.18546076528472166	0.43209876543209874	0	387	0	34
compound	42	sci=mask,other=ignore	10.0	mf	1	0.07013012052657032	0.7013085217600374	5913	162	0.08241544685335266	0.16591079050821544	0.46296296296296297	0	387	0	34
compound	42	sci=mask,other=ignore	10.0	mf	2	0.07855201320982207	0.7023614787337038	5913	162	0.1279096482760052	0.16589695258600634	0.4382716049382716	0	387	0	34
compound	42	sci=mask,other=ignore	10.0	mf	3	0.06971762163869699	0.7015704193151593	5913	162	0.0826952309669992	0.16436001741878012	0.41975308641975306	0	387	0	34
compound	42	sci=mask,other=ignore	10.0	graph	1	0.2517719707292966	0.8417022482402416	5913	162	0.32410109876298604	0.43894992242009884	0.6296296296296297	0	387	0	34
compound	42	sci=mask,other=ignore	10.0	graph	2	0.2517719707292966	0.8417022482402416	5913	162	0.32410109876298604	0.43894992242009884	0.6296296296296297	0	387	0	34
compound	42	sci=mask,other=ignore	10.0	graph	3	0.2517719707292966	0.8417022482402416	5913	162	0.32410109876298604	0.43894992242009884	0.6296296296296297	0	387	0	34
compound	42	sci=mask,other=ignore	10.0	hybrid	1	0.2518408221543739	0.8417054682921488	5913	162	0.32410109876298604	0.43894992242009884	0.6296296296296297	0	387	0	34
compound	42	sci=mask,other=ignore	10.0	hybrid	2	0.251852621503752	0.8417054682921488	5913	162	0.32410109876298604	0.43894992242009884	0.6296296296296297	0	387	0	34
compound	42	sci=mask,other=ignore	10.0	hybrid	3	0.2518452030450729	0.8417033215908774	5913	162	0.32410109876298604	0.43894992242009884	0.6296296296296297	0	387	0	34
compound	42	sci=mask,other=negate	10.0	degree	0	0.07447608049323015	0.7278685832415619	5913	162	0.03583575918098666	0.18546076528472166	0.43209876543209874	1393	387	54	34
compound	42	sci=mask,other=negate	10.0	mf	1	0.03442804266962752	0.3415605659563232	5913	162	0.05010601720240489	0.09778406668686455	0.2345679012345679	1393	387	54	34
compound	42	sci=mask,other=negate	10.0	mf	2	0.028740727344624538	0.33889704635372053	5913	162	0.0716737196460486	0.09977103050730977	0.19135802469135801	1393	387	54	34
compound	42	sci=mask,other=negate	10.0	mf	3	0.02877966084686444	0.3403047457125009	5913	162	0.0439939621744605	0.09886739388262229	0.21604938271604937	1393	387	54	34
compound	42	sci=mask,other=negate	10.0	graph	1	0.20018881771119754	0.7960934330261403	5913	162	0.2691427205062545	0.3621620509768988	0.5679012345679012	1393	387	54	34
compound	42	sci=mask,other=negate	10.0	graph	2	0.20018881771119754	0.7960934330261403	5913	162	0.2691427205062545	0.3621620509768988	0.5679012345679012	1393	387	54	34
compound	42	sci=mask,other=negate	10.0	graph	3	0.20018881771119754	0.7960934330261403	5913	162	0.2691427205062545	0.3621620509768988	0.5679012345679012	1393	387	54	34
compound	42	sci=mask,other=negate	10.0	hybrid	1	0.20019032218970212	0.7960987997793192	5913	162	0.2691578267028164	0.3621620509768988	0.5679012345679012	1393	387	54	34
compound	42	sci=mask,other=negate	10.0	hybrid	2	0.2001755659289186	0.7960859195716903	5913	162	0.2691578267028164	0.3621620509768988	0.5679012345679012	1393	387	54	34
compound	42	sci=mask,other=negate	10.0	hybrid	3	0.20019918254567037	0.7960891396235974	5913	162	0.2691256346669981	0.3621620509768988	0.5679012345679012	1393	387	54	34
compound	42	sci=mask,other=mask	10.0	degree	0	0.07447608049323015	0.7278685832415619	5913	162	0.03583575918098666	0.18546076528472166	0.43209876543209874	0	1780	0	88
compound	42	sci=mask,other=mask	10.0	mf	1	0.07011756664776837	0.7004315942906334	5913	162	0.08173190130022465	0.16647922495210624	0.42592592592592593	0	1780	0	88
compound	42	sci=mask,other=mask	10.0	mf	2	0.07844519184769753	0.7017791860138118	5913	162	0.13151469661150417	0.1662689003108522	0.4444444444444444	0	1780	0	88
compound	42	sci=mask,other=mask	10.0	mf	3	0.06998217104189557	0.7028294596108889	5913	162	0.08368021934024715	0.16519715604808044	0.41358024691358025	0	1780	0	88
compound	42	sci=mask,other=mask	10.0	graph	1	0.2454862561487913	0.8441902750138999	5913	162	0.33074482229056823	0.4333157087422184	0.6419753086419753	0	1780	0	88
compound	42	sci=mask,other=mask	10.0	graph	2	0.2454862561487913	0.8441902750138999	5913	162	0.33074482229056823	0.4333157087422184	0.6419753086419753	0	1780	0	88
compound	42	sci=mask,other=mask	10.0	graph	3	0.2454862561487913	0.8441902750138999	5913	162	0.33074482229056823	0.4333157087422184	0.6419753086419753	0	1780	0	88
compound	42	sci=mask,other=mask	10.0	hybrid	1	0.24550314864030912	0.8441967151177144	5913	162	0.33074482229056823	0.4333157087422184	0.6419753086419753	0	1780	0	88
compound	42	sci=mask,other=mask	10.0	hybrid	2	0.24552797410994207	0.8441956417670785	5913	162	0.33074482229056823	0.43331154353337487	0.6419753086419753	0	1780	0	88
compound	42	sci=mask,other=mask	10.0	hybrid	3	0.24551831695467075	0.844193495065807	5913	162	0.33074482229056823	0.4333157087422184	0.6419753086419753	0	1780	0	88
compound	42	typed_scoped	10.0	degree	0	0.07447608049323015	0.7278685832415619	5913	162	0.03583575918098666	0.18546076528472166	0.43209876543209874	211	1569	23	65
compound	42	typed_scoped	10.0	mf	1	0.05117061497594186	0.5028229121720108	5913	162	0.05563645493742672	0.13848854771370633	0.3333333333333333	211	1569	23	65
compound	42	typed_scoped	10.0	mf	2	0.051710215230657844	0.4984667186168374	5913	162	0.11116261691977865	0.13463569442016687	0.32098765432098764	211	1569	23	65
compound	42	typed_scoped	10.0	mf	3	0.0493182574654346	0.49801859472641363	5913	162	0.06985192944500095	0.13256620436582267	0.3148148148148148	211	1569	23	65
compound	42	typed_scoped	10.0	graph	1	0.20945984205973064	0.8291569260096472	5913	162	0.29931934841592217	0.3997997646344313	0.6234567901234568	211	1569	23	65
compound	42	typed_scoped	10.0	graph	2	0.20945984205973064	0.8291569260096472	5913	162	0.29931934841592217	0.3997997646344313	0.6234567901234568	211	1569	23	65
compound	42	typed_scoped	10.0	graph	3	0.20945984205973064	0.8291569260096472	5913	162	0.29931934841592217	0.3997997646344313	0.6234567901234568	211	1569	23	65
compound	42	typed_scoped	10.0	hybrid	1	0.20945299776746742	0.82915370595774	5913	162	0.29931934841592217	0.3997997646344313	0.6234567901234568	211	1569	23	65
compound	42	typed_scoped	10.0	hybrid	2	0.20946731870482402	0.8291644394640975	5913	162	0.29931934841592217	0.3997997646344313	0.6234567901234568	211	1569	23	65
compound	42	typed_scoped	10.0	hybrid	3	0.20946212237931294	0.8291612194121902	5913	162	0.29931934841592217	0.3997997646344313	0.6234567901234568	211	1569	23	65
compound	42	sci=negate,other=negate	3.0	degree	0	0.07447608049323015	0.7278685832415619	5913	162	0.03583575918098666	0.18546076528472166	0.43209876543209874	1780	0	88	0
compound	42	sci=negate,other=negate	3.0	mf	1	0.030691673043013307	0.3456172946841236	5913	162	0.0469870653781342	0.07977380851175342	0.1728395061728395	1780	0	88	0
compound	42	sci=negate,other=negate	3.0	mf	2	0.027323396578031622	0.34142639712685496	5913	162	0.0687281289462279	0.07691423841454949	0.16049382716049382	1780	0	88	0
compound	42	sci=negate,other=negate	3.0	mf	3	0.03322486723507055	0.3400578750662794	5913	162	0.0455462696062574	0.10029101385149722	0.15432098765432098	1780	0	88	0
compound	42	sci=negate,other=negate	3.0	graph	1	0.11967125959582228	0.7536263151228665	5913	162	0.2225121644149799	0.3135421444244636	0.5555555555555556	1780	0	88	0
compound	42	sci=negate,other=negate	3.0	graph	2	0.11967125959582228	0.7536263151228665	5913	162	0.2225121644149799	0.3135421444244636	0.5555555555555556	1780	0	88	0
compound	42	sci=negate,other=negate	3.0	graph	3	0.11967125959582228	0.7536263151228665	5913	162	0.2225121644149799	0.3135421444244636	0.5555555555555556	1780	0	88	0
compound	42	sci=negate,other=negate	3.0	hybrid	1	0.16277647320690394	0.7990430005731692	5913	162	0.25956940572453324	0.3515286456468379	0.5925925925925926	1780	0	88	0
compound	42	sci=negate,other=negate	3.0	hybrid	2	0.19052304539131654	0.7833420274734829	5913	162	0.2665061044837004	0.34834607872316264	0.5555555555555556	1780	0	88	0
compound	42	sci=negate,other=negate	3.0	hybrid	3	0.12646396888608494	0.7864407907588804	5913	162	0.19453495953212618	0.3073192739953047	0.5370370370370371	1780	0	88	0
compound	42	sci=negate,other=negate	30.0	degree	0	0.07447608049323015	0.7278685832415619	5913	162	0.03583575918098666	0.18546076528472166	0.43209876543209874	1780	0	88	0
compound	42	sci=negate,other=negate	30.0	mf	1	0.02809673269432326	0.28202878297064815	5913	162	0.046225167630405205	0.07628901670552361	0.16049382716049382	1780	0	88	0
compound	42	sci=negate,other=negate	30.0	mf	2	0.025954979289983634	0.27737634464000893	5913	162	0.06093549850067115	0.07005882438508222	0.1419753086419753	1780	0	88	0
compound	42	sci=negate,other=negate	30.0	mf	3	0.030846675825627695	0.27861767465024867	5913	162	0.041376786866244436	0.0904907283794937	0.12345679012345678	1780	0	88	0
compound	42	sci=negate,other=negate	30.0	graph	1	0.1286234181552969	0.7335396313255236	5913	162	0.233524532919624	0.2671194059020003	0.5123456790123457	1780	0	88	0
compound	42	sci=negate,other=negate	30.0	graph	2	0.1286234181552969	0.7335396313255236	5913	162	0.233524532919624	0.2671194059020003	0.5123456790123457	1780	0	88	0
compound	42	sci=negate,other=negate	30.0	graph	3	0.1286234181552969	0.7335396313255236	5913	162	0.233524532919624	0.2671194059020003	0.5123456790123457	1780	0	88	0
compound	42	sci=negate,other=negate	30.0	hybrid	1	0.13027608176690073	0.7377879531418047	5913	162	0.23524991002839576	0.2743386922208883	0.5185185185185185	1780	0	88	0
compound	42	sci=negate,other=negate	30.0	hybrid	2	0.13040403721185723	0.7331843522650918	5913	162	0.2548732418498321	0.27020182630968764	0.49382716049382713	1780	0	88	0
compound	42	sci=negate,other=negate	30.0	hybrid	3	0.1352219489541117	0.737157896318622	5913	162	0.23299119838396412	0.26255967450612144	0.4876543209876543	1780	0	88	0
compound	42	sci=negate,other=mask	3.0	degree	0	0.07447608049323015	0.7278685832415619	5913	162	0.03583575918098666	0.18546076528472166	0.43209876543209874	387	1393	34	54
compound	42	sci=negate,other=mask	3.0	mf	1	0.04278035288760097	0.4784127720138849	5913	162	0.04712235148661897	0.11795820186566004	0.32098765432098764	387	1393	34	54
compound	42	sci=negate,other=mask	3.0	mf	2	0.041034730688945795	0.46983938381086704	5913	162	0.06521093614852373	0.11339164266673415	0.29012345679012347	387	1393	34	54
compound	42	sci=negate,other=mask	3.0	mf	3	0.053781464701052835	0.46756549048904	5913	162	0.06848242869758564	0.14758675060940496	0.2962962962962963	387	1393	34	54
compound	42	sci=negate,other=mask	3.0	graph	1	0.194520348292758	0.8235143217175328	5913	162	0.3008783803298661	0.4029135791622318	0.6358024691358025	387	1393	34	54
compound	42	sci=negate,other=mask	3.0	graph	2	0.194520348292758	0.8235143217175328	5913	162	0.3008783803298661	0.4029135791622318	0.6358024691358025	387	1393	34	54
compound	42	sci=negate,other=mask	3.0	graph	3	0.194520348292758	0.8235143217175328	5913	162	0.3008783803298661	0.4029135791622318	0.6358024691358025	387	1393	34	54
compound	42	sci=negate,other=mask	3.0	hybrid	1	0.19452822810846251	0.82351754176944	5913	162	0.3008783803298661	0.4029135791622318	0.6358024691358025	387	1393	34	54
compound	42	sci=negate,other=mask	3.0	hybrid	2	0.19454977453886158	0.8235175417694399	5913	162	0.3008783803298661	0.4029135791622318	0.6358024691358025	387	1393	34	54
compound	42	sci=negate,other=mask	3.0	hybrid	3	0.19452285571118094	0.8235143217175328	5913	162	0.3008783803298661	0.4029135791622318	0.6358024691358025	387	1393	34	54
compound	42	sci=negate,other=mask	30.0	degree	0	0.07447608049323015	0.7278685832415619	5913	162	0.03583575918098666	0.18546076528472166	0.43209876543209874	387	1393	34	54
compound	42	sci=negate,other=mask	30.0	mf	1	0.04236808962136197	0.4131836438536723	5913	162	0.048573195933883956	0.11222569157071514	0.30246913580246915	387	1393	34	54
compound	42	sci=negate,other=mask	30.0	mf	2	0.04028922241921444	0.40953264166618364	5913	162	0.06509762709267117	0.11122670130960619	0.2777777777777778	387	1393	34	54
compound	42	sci=negate,other=mask	30.0	mf	3	0.05385907589772027	0.4102142193198821	5913	162	0.06805251941539407	0.14472726247980497	0.25308641975308643	387	1393	34	54
compound	42	sci=negate,other=mask	30.0	graph	1	0.173620835146336	0.8044033136480828	5913	162	0.2706015777303563	0.3631131943267951	0.5740740740740741	387	1393	34	54
compound	42	sci=negate,other=mask	30.0	graph	2	0.173620835146336	0.8044033136480828	5913	162	0.2706015777303563	0.3631131943267951	0.5740740740740741	387	1393	34	54
compound	42	sci=negate,other=mask	30.0	graph	3	0.173620835146336	0.8044033136480828	5913	162	0.2706015777303563	0.3631131943267951	0.5740740740740741	387	1393	34	54
compound	42	sci=negate,other=mask	30.0	hybrid	1	0.1736313974650235	0.8044097537518972	5913	162	0.2706015777303563	0.3631190398187517	0.5740740740740741	387	1393	34	54
compound	42	sci=negate,other=mask	30.0	hybrid	2	0.17362734992690357	0.8043958001936324	5913	162	0.2706015777303563	0.3631131943267951	0.5740740740740741	387	1393	34	54
compound	42	sci=negate,other=mask	30.0	hybrid	3	0.17362096014516712	0.8044172672063474	5913	162	0.2706015777303563	0.3631131943267951	0.5740740740740741	387	1393	34	54
compound	1	sci=ignore,other=ignore	10.0	degree	0	0.08242159788624111	0.7548392297357815	5920	145	0.037731146046935525	0.21184782625586263	0.47586206896551725	0	0	0	0
compound	1	sci=ignore,other=ignore	10.0	disease_degree	0	0.08242159788624111	0.7548392297357815	5920	145	0.037731146046935525	0.21184782625586263	0.47586206896551725	0	0	0	0
compound	1	sci=ignore,other=ignore	10.0	mf	1	0.093156280324302	0.7264373787132408	5920	145	0.09510449048377169	0.22571943497520486	0.4689655172413793	0	0	0	0
compound	1	sci=ignore,other=ignore	10.0	mf	2	0.07712574139047892	0.7068231079265562	5920	145	0.09306523794725967	0.20748314750538205	0.35172413793103446	0	0	0	0
compound	1	sci=ignore,other=ignore	10.0	mf	3	0.07020068628071344	0.7112822809374533	5920	145	0.07694807736768076	0.18422858669108577	0.4068965517241379	0	0	0	0
compound	1	sci=ignore,other=ignore	10.0	graph	1	0.31421433865366444	0.8792703388565457	5920	145	0.44115173129606716	0.5070713419426476	0.7655172413793103	0	0	0	0
compound	1	sci=ignore,other=ignore	10.0	graph	2	0.31421433865366444	0.8792703388565457	5920	145	0.44115173129606716	0.5070713419426476	0.7655172413793103	0	0	0	0
compound	1	sci=ignore,other=ignore	10.0	graph	3	0.31421433865366444	0.8792703388565457	5920	145	0.44115173129606716	0.5070713419426476	0.7655172413793103	0	0	0	0
compound	1	sci=ignore,other=ignore	10.0	hybrid	1	0.31421652117733057	0.8792763098969996	5920	145	0.44115173129606716	0.5070713419426476	0.7655172413793103	0	0	0	0
compound	1	sci=ignore,other=ignore	10.0	hybrid	2	0.31421608296471726	0.8792715330646365	5920	145	0.44115173129606716	0.5070713419426476	0.7655172413793103	0	0	0	0
compound	1	sci=ignore,other=ignore	10.0	hybrid	3	0.31421449537486407	0.8792667562322735	5920	145	0.44115173129606716	0.5070713419426476	0.7655172413793103	0	0	0	0
compound	1	sci=ignore,other=negate	10.0	degree	0	0.08242159788624111	0.7548392297357815	5920	145	0.037731146046935525	0.21184782625586263	0.47586206896551725	1382	0	50	0
compound	1	sci=ignore,other=negate	10.0	mf	1	0.031410445631687836	0.41275473951336017	5920	145	0.09662202617164464	0.10871101001561932	0.25517241379310346	1382	0	50	0
compound	1	sci=ignore,other=negate	10.0	mf	2	0.039315469377954514	0.41470249290938943	5920	145	0.06727016291444671	0.11088106706336245	0.2413793103448276	1382	0	50	0
compound	1	sci=ignore,other=negate	10.0	mf	3	0.03053544287873483	0.4013870726974176	5920	145	0.06909274853243322	0.07942285063618372	0.20689655172413793	1382	0	50	0
compound	1	sci=ignore,other=negate	10.0	graph	1	0.22436231334205461	0.85862486938349	5920	145	0.37472267502374196	0.3945794511137921	0.6896551724137931	1382	0	50	0
compound	1	sci=ignore,other=negate	10.0	graph	2	0.22436231334205461	0.85862486938349	5920	145	0.37472267502374196	0.3945794511137921	0.6896551724137931	1382	0	50	0
compound	1	sci=ignore,other=negate	10.0	graph	3	0.22436231334205461	0.85862486938349	5920	145	0.37472267502374196	0.3945794511137921	0.6896551724137931	1382	0	50	0
compound	1	sci=ignore,other=negate	10.0	hybrid	1	0.22435414049759406	0.8586296462158531	5920	145	0.37472267502374196	0.3945794511137921	0.6896551724137931	1382	0	50	0
compound	1	sci=ignore,other=negate	10.0	hybrid	2	0.22437460252952426	0.8586284520077623	5920	145	0.37472267502374196	0.3945794511137921	0.6896551724137931	1382	0	50	0
compound	1	sci=ignore,other=negate	10.0	hybrid	3	0.22436305165678389	0.8586236751753995	5920	145	0.37472267502374196	0.3945794511137921	0.6896551724137931	1382	0	50	0
compound	1	sci=ignore,other=mask	10.0	degree	0	0.08242159788624111	0.7548392297357815	5920	145	0.037731146046935525	0.21184782625586263	0.47586206896551725	0	1382	0	50
compound	1	sci=ignore,other=mask	10.0	mf	1	0.092114082307857	0.7259859680549335	5920	145	0.09251613774137724	0.22474091806550753	0.4689655172413793	0	1382	0	50
compound	1	sci=ignore,other=mask	10.0	mf	2	0.07655492648402516	0.7076232273473653	5920	145	0.09042448273989172	0.20724715986599676	0.3586206896551724	0	1382	0	50
compound	1	sci=ignore,other=mask	10.0	mf	3	0.06997541701399693	0.7106929392446635	5920	145	0.07564772831864378	0.18405127919177428	0.4	0	1382	0	50
compound	1	sci=ignore,other=mask	10.0	graph	1	0.30805628092321186	0.8803343782654128	5920	145	0.43655647362610867	0.5125622034455453	0.7655172413793103	0	1382	0	50
compound	1	sci=ignore,other=mask	10.0	graph	2	0.30805628092321186	0.8803343782654128	5920	145	0.43655647362610867	0.5125622034455453	0.7655172413793103	0	1382	0	50
compound	1	sci=ignore,other=mask	10.0	graph	3	0.30805628092321186	0.8803343782654128	5920	145	0.43655647362610867	0.5125622034455453	0.7655172413793103	0	1382	0	50
compound	1	sci=ignore,other=mask	10.0	hybrid	1	0.30805266322864167	0.8803296014330497	5920	145	0.43655647362610867	0.5125622034455453	0.7655172413793103	0	1382	0	50
compound	1	sci=ignore,other=mask	10.0	hybrid	2	0.3080535248212712	0.8803343782654126	5920	145	0.43655647362610867	0.5125622034455453	0.7655172413793103	0	1382	0	50
compound	1	sci=ignore,other=mask	10.0	hybrid	3	0.3080500106337693	0.8803272130168682	5920	145	0.43655647362610867	0.5125622034455453	0.7655172413793103	0	1382	0	50
compound	1	sci=negate,other=ignore	10.0	degree	0	0.08242159788624111	0.7548392297357815	5920	145	0.037731146046935525	0.21184782625586263	0.47586206896551725	362	0	12	0
compound	1	sci=negate,other=ignore	10.0	mf	1	0.052110625445716055	0.5847296611434543	5920	145	0.09163732501046719	0.15440050736515318	0.3793103448275862	362	0	12	0
compound	1	sci=negate,other=ignore	10.0	mf	2	0.04952430332972169	0.5746350201522614	5920	145	0.07039030908995855	0.1491930357436923	0.3724137931034483	362	0	12	0
compound	1	sci=negate,other=ignore	10.0	mf	3	0.04933613527569999	0.571226750261233	5920	145	0.07005934877727821	0.13799704176014665	0.32413793103448274	362	0	12	0
compound	1	sci=negate,other=ignore	10.0	graph	1	0.29715350835057697	0.8701298701298701	5920	145	0.43758535247408664	0.46776472096574917	0.7172413793103448	362	0	12	0
compound	1	sci=negate,other=ignore	10.0	graph	2	0.29715350835057697	0.8701298701298701	5920	145	0.43758535247408664	0.46776472096574917	0.7172413793103448	362	0	12	0
compound	1	sci=negate,other=ignore	10.0	graph	3	0.29715350835057697	0.8701298701298701	5920	145	0.43758535247408664	0.46776472096574917	0.7172413793103448	362	0	12	0
compound	1	sci=negate,other=ignore	10.0	hybrid	1	0.29716616710186194	0.8701298701298701	5920	145	0.43758535247408664	0.46776472096574917	0.7172413793103448	362	0	12	0
compound	1	sci=negate,other=ignore	10.0	hybrid	2	0.29716627501061793	0.8701370353784148	5920	145	0.43758535247408664	0.46776472096574917	0.7172413793103448	362	0	12	0
compound	1	sci=negate,other=ignore	10.0	hybrid	3	0.2971183103529399	0.870126287505598	5920	145	0.43741868580742	0.46776472096574917	0.7172413793103448	362	0	12	0
compound	1	sci=negate,other=negate	10.0	degree	0	0.08242159788624111	0.7548392297357815	5920	145	0.037731146046935525	0.21184782625586263	0.47586206896551725	1744	0	62	0
compound	1	sci=negate,other=negate	10.0	mf	1	0.029992166145734873	0.3926998059411852	5920	145	0.11048053126146229	0.08292058753089183	0.19310344827586207	1744	0	62	0
compound	1	sci=negate,other=negate	10.0	mf	2	0.037126848184263816	0.39429287953425884	5920	145	0.06841806390637724	0.09496447893797424	0.1793103448275862	1744	0	62	0
compound	1	sci=negate,other=negate	10.0	mf	3	0.030267895832691544	0.3860815047021944	5920	145	0.06902416846081383	0.07191802955626261	0.1724137931034483	1744	0	62	0
compound	1	sci=negate,other=negate	10.0	graph	1	0.1423185932607882	0.8240441856993581	5920	145	0.2939618381008128	0.357220902643632	0.6413793103448275	1744	0	62	0
compound	1	sci=negate,other=negate	10.0	graph	2	0.1423185932607882	0.8240441856993581	5920	145	0.2939618381008128	0.357220902643632	0.6413793103448275	1744	0	62	0
compound	1	sci=negate,other=negate	10.0	graph	3	0.1423185932607882	0.8240441856993581	5920	145	0.2939618381008128	0.357220902643632	0.6413793103448275	1744	0	62	0
compound	1	sci=negate,other=negate	10.0	hybrid	1	0.1422452243840387	0.8204269293924467	5920	145	0.27953391715209186	0.3716015993312602	0.6275862068965518	1744	0	62	0
compound	1	sci=negate,other=negate	10.0	hybrid	2	0.14668018990996198	0.8184397671294222	5920	145	0.2934399726423176	0.3828961647750866	0.6137931034482759	1744	0	62	0
compound	1	sci=negate,other=negate	10.0	hybrid	3	0.13451766874557497	0.8219889535751606	5920	145	0.27376684490255454	0.3607482556068824	0.6344827586206897	1744	0	62	0
compound	1	sci=negate,other=mask	10.0	degree	0	0.08242159788624111	0.7548392297357815	5920	145	0.037731146046935525	0.21184782625586263	0.47586206896551725	362	1382	12	50
compound	1	sci=negate,other=mask	10.0	mf	1	0.05187586284644971	0.5851834602179429	5920	145	0.09724494409567454	0.15327263347000578	0.36551724137931035	362	1382	12	50
compound	1	sci=negate,other=mask	10.0	mf	2	0.049157793321463514	0.5737316017316016	5920	145	0.06850676596170768	0.14754398633162086	0.36551724137931035	362	1382	12	50
compound	1	sci=negate,other=mask	10.0	mf	3	0.04919112603320756	0.5690753843857292	5920	145	0.06978090648955676	0.1369636232045695	0.31724137931034485	362	1382	12	50
compound	1	sci=negate,other=mask	10.0	graph	1	0.28888141439962994	0.8706087475742649	5920	145	0.44070324833343955	0.47478888450809636	0.7172413793103448	362	1382	12	50
compound	1	sci=negate,other=mask	10.0	graph	2	0.28888141439962994	0.8706087475742649	5920	145	0.44070324833343955	0.47478888450809636	0.7172413793103448	362	1382	12	50
compound	1	sci=negate,other=mask	10.0	graph	3	0.28888141439962994	0.8706087475742649	5920	145	0.44070324833343955	0.47478888450809636	0.7172413793103448	362	1382	12	50
compound	1	sci=negate,other=mask	10.0	hybrid	1	0.28884804221071686	0.8706171070309	5920	145	0.44136991500010625	0.47478888450809636	0.7172413793103448	362	1382	12	50
compound	1	sci=negate,other=mask	10.0	hybrid	2	0.2888469804522153	0.8706218838632631	5920	145	0.441374304815734	0.47478888450809636	0.7172413793103448	362	1382	12	50
compound	1	sci=negate,other=mask	10.0	hybrid	3	0.2888564263062288	0.8706027765338111	5920	145	0.44070324833343955	0.47478888450809636	0.7172413793103448	362	1382	12	50
compound	1	sci=mask,other=ignore	10.0	degree	0	0.08242159788624111	0.7548392297357815	5920	145	0.037731146046935525	0.21184782625586263	0.47586206896551725	0	362	0	12
compound	1	sci=mask,other=ignore	10.0	mf	1	0.09357775558619076	0.7261442006269593	5920	145	0.09550694749871055	0.22493420215810384	0.4689655172413793	0	362	0	12
compound	1	sci=mask,other=ignore	10.0	mf	2	0.07715100210575705	0.7068947604120017	5920	145	0.09240861481745967	0.20741495168029972	0.35172413793103446	0	362	0	12
compound	1	sci=mask,other=ignore	10.0	mf	3	0.07018885437961264	0.711646514405135	5920	145	0.07617190393812769	0.18431115627857914	0.4068965517241379	0	362	0	12
compound	1	sci=mask,other=ignore	10.0	graph	1	0.3151668006524211	0.8794291685326169	5920	145	0.4444503437654849	0.5053173812283983	0.7724137931034483	0	362	0	12
compound	1	sci=mask,other=ignore	10.0	graph	2	0.3151668006524211	0.8794291685326169	5920	145	0.4444503437654849	0.5053173812283983	0.7724137931034483	0	362	0	12
compound	1	sci=mask,other=ignore	10.0	graph	3	0.3151668006524211	0.8794291685326169	5920	145	0.4444503437654849	0.5053173812283983	0.7724137931034483	0	362	0	12
compound	1	sci=mask,other=ignore	10.0	hybrid	1	0.3152072453968196	0.879443499029706	5920	145	0.4444503437654849	0.5053173812283983	0.7724137931034483	0	362	0	12
compound	1	sci=mask,other=ignore	10.0	hybrid	2	0.3152113396283777	0.8794458874458874	5920	145	0.4444503437654849	0.5053173812283983	0.7724137931034483	0	362	0	12
compound	1	sci=mask,other=ignore	10.0	hybrid	3	0.31516607774198296	0.8794315569487983	5920	145	0.4444503437654849	0.5053173812283983	0.7724137931034483	0	362	0	12
compound	1	sci=mask,other=negate	10.0	degree	0	0.08242159788624111	0.7548392297357815	5920	145	0.037731146046935525	0.21184782625586263	0.47586206896551725	1382	362	50	12
compound	1	sci=mask,other=negate	10.0	mf	1	0.03136627126556593	0.4128693834900731	5920	145	0.09611028273464037	0.10890393753192311	0.2482758620689655	1382	362	50	12
compound	1	sci=mask,other=negate	10.0	mf	2	0.03957997436843095	0.4146756232273474	5920	145	0.06765472362335896	0.11135876702847661	0.2413793103448276	1382	362	50	12
compound	1	sci=mask,other=negate	10.0	mf	3	0.03056589520418348	0.40101925660546356	5920	145	0.06858966868749096	0.07987314208775756	0.20689655172413793	1382	362	50	12
compound	1	sci=mask,other=negate	10.0	graph	1	0.22548355769443085	0.8587717569786537	5920	145	0.3749069462031544	0.3913058084966896	0.6827586206896552	1382	362	50	12
compound	1	sci=mask,other=negate	10.0	graph	2	0.22548355769443085	0.8587717569786537	5920	145	0.3749069462031544	0.3913058084966896	0.6827586206896552	1382	362	50	12
compound	1	sci=mask,other=negate	10.0	graph	3	0.22548355769443085	0.8587717569786537	5920	145	0.3749069462031544	0.3913058084966896	0.6827586206896552	1382	362	50	12
compound	1	sci=mask,other=negate	10.0	hybrid	1	0.22528271325532187	0.8587633975220182	5920	145	0.3749069462031544	0.3913058084966896	0.6827586206896552	1382	362	50	12
compound	1	sci=mask,other=negate	10.0	hybrid	2	0.22545696311980556	0.8587777280191075	5920	145	0.3749069462031544	0.3913058084966896	0.6827586206896552	1382	362	50	12
compound	1	sci=mask,other=negate	10.0	hybrid	3	0.2252663247510823	0.858759814897746	5920	145	0.3749069462031544	0.3913058084966896	0.6827586206896552	1382	362	50	12
compound	1	sci=mask,other=mask	10.0	degree	0	0.08242159788624111	0.7548392297357815	5920	145	0.037731146046935525	0.21184782625586263	0.47586206896551725	0	1744	0	62
compound	1	sci=mask,other=mask	10.0	mf	1	0.09227931644913946	0.7256509926854755	5920	145	0.0926349528488397	0.22439526708824065	0.46206896551724136	0	1744	0	62
compound	1	sci=mask,other=mask	10.0	mf	2	0.0764501021026835	0.7068004179728318	5920	145	0.09050845564278594	0.2069278383001309	0.3586206896551724	0	1744	0	62
compound	1	sci=mask,other=mask	10.0	mf	3	0.0698653798800669	0.7103925959098374	5920	145	0.07529188388083964	0.18403620638455198	0.4	0	1744	0	62
compound	1	sci=mask,other=mask	10.0	graph	1	0.30926555865007205	0.8801516644275263	5920	145	0.4376102051025971	0.5102997118487355	0.7517241379310344	0	1744	0	62
compound	1	sci=mask,other=mask	10.0	graph	2	0.30926555865007205	0.8801516644275263	5920	145	0.4376102051025971	0.5102997118487355	0.7517241379310344	0	1744	0	62
compound	1	sci=mask,other=mask	10.0	graph	3	0.30926555865007205	0.8801516644275263	5920	145	0.4376102051025971	0.5102997118487355	0.7517241379310344	0	1744	0	62
compound	1	sci=mask,other=mask	10.0	hybrid	1	0.3092794377961348	0.8801659949246157	5920	145	0.4376102051025971	0.5102997118487355	0.7517241379310344	0	1744	0	62
compound	1	sci=mask,other=mask	10.0	hybrid	2	0.30926829966084207	0.8801600238841618	5920	145	0.4376102051025971	0.5102997118487355	0.7517241379310344	0	1744	0	62
compound	1	sci=mask,other=mask	10.0	hybrid	3	0.3092660282116195	0.8801528586356172	5920	145	0.4376102051025971	0.5102997118487355	0.7517241379310344	0	1744	0	62
compound	1	typed_scoped	10.0	degree	0	0.08242159788624111	0.7548392297357815	5920	145	0.037731146046935525	0.21184782625586263	0.47586206896551725	192	1552	6	56
compound	1	typed_scoped	10.0	mf	1	0.06597177084284472	0.6488562472010748	5920	145	0.0850303399962907	0.19569903016047294	0.4206896551724138	192	1552	6	56
compound	1	typed_scoped	10.0	mf	2	0.059842052246320124	0.6331076280041797	5920	145	0.06917246390708043	0.18418198617039272	0.3793103448275862	192	1552	6	56
compound	1	typed_scoped	10.0	mf	3	0.05708339176303896	0.6335321689804448	5920	145	0.07698259332303534	0.16363948631973133	0.3586206896551724	192	1552	6	56
compound	1	typed_scoped	10.0	graph	1	0.3191582499789307	0.875967159277504	5920	145	0.4293149977772377	0.4954481950686643	0.7655172413793103	192	1552	6	56
compound	1	typed_scoped	10.0	graph	2	0.3191582499789307	0.875967159277504	5920	145	0.4293149977772377	0.4954481950686643	0.7655172413793103	192	1552	6	56
compound	1	typed_scoped	10.0	graph	3	0.3191582499789307	0.875967159277504	5920	145	0.4293149977772377	0.4954481950686643	0.7655172413793103	192	1552	6	56
compound	1	typed_scoped	10.0	hybrid	1	0.3191581150454543	0.8759731303179579	5920	145	0.4293149977772377	0.4954481950686643	0.7655172413793103	192	1552	6	56
compound	1	typed_scoped	10.0	hybrid	2	0.3191600152022428	0.8759707419017764	5920	145	0.4293149977772377	0.4954481950686643	0.7655172413793103	192	1552	6	56
compound	1	typed_scoped	10.0	hybrid	3	0.31910768442486265	0.8759599940289597	5920	145	0.4293149977772377	0.4954481950686643	0.7655172413793103	192	1552	6	56
compound	1	sci=negate,other=negate	3.0	degree	0	0.08242159788624111	0.7548392297357815	5920	145	0.037731146046935525	0.21184782625586263	0.47586206896551725	1744	0	62	0
compound	1	sci=negate,other=negate	3.0	mf	1	0.03288317868533028	0.45279892521271836	5920	145	0.08882766061452398	0.09299000584761055	0.23448275862068965	1744	0	62	0
compound	1	sci=negate,other=negate	3.0	mf	2	0.03714670107689178	0.44516793551276307	5920	145	0.06704774852947513	0.09550078707547208	0.1724137931034483	1744	0	62	0
compound	1	sci=negate,other=negate	3.0	mf	3	0.03329422870332795	0.42766681594267797	5920	145	0.06636054245248826	0.08350909842372993	0.18620689655172415	1744	0	62	0
compound	1	sci=negate,other=negate	3.0	graph	1	0.24569991913704894	0.8661256904015523	5920	145	0.40028548887258325	0.42186529023329106	0.7103448275862069	1744	0	62	0
compound	1	sci=negate,other=negate	3.0	graph	2	0.24569991913704894	0.8661256904015523	5920	145	0.40028548887258325	0.42186529023329106	0.7103448275862069	1744	0	62	0
compound	1	sci=negate,other=negate	3.0	graph	3	0.24569991913704894	0.8661256904015523	5920	145	0.40028548887258325	0.42186529023329106	0.7103448275862069	1744	0	62	0
compound	1	sci=negate,other=negate	3.0	hybrid	1	0.2456804924459502	0.8661197193610987	5920	145	0.40028548887258325	0.42186529023329106	0.7103448275862069	1744	0	62	0
compound	1	sci=negate,other=negate	3.0	hybrid	2	0.2457027206002048	0.8661316614420062	5920	145	0.40028548887258325	0.42186529023329106	0.7103448275862069	1744	0	62	0
compound	1	sci=negate,other=negate	3.0	hybrid	3	0.24564791393264654	0.8661209135691894	5920	145	0.40028548887258325	0.42186529023329106	0.7103448275862069	1744	0	62	0
compound	1	sci=negate,other=negate	30.0	degree	0	0.08242159788624111	0.7548392297357815	5920	145	0.037731146046935525	0.21184782625586263	0.47586206896551725	1744	0	62	0
compound	1	sci=negate,other=negate	30.0	mf	1	0.02916757571680195	0.37527929541722643	5920	145	0.10814592510066463	0.07600698780455055	0.1724137931034483	1744	0	62	0
compound	1	sci=negate,other=negate	30.0	mf	2	0.03843764826289719	0.3773315420211972	5920	145	0.06911134109936277	0.0910568424152797	0.19310344827586207	1744	0	62	0
compound	1	sci=negate,other=negate	30.0	mf	3	0.02947283671151984	0.3729667114494701	5920	145	0.06757780136368466	0.06834073335930399	0.15172413793103448	1744	0	62	0
compound	1	sci=negate,other=negate	30.0	graph	1	0.12900792331743716	0.8118262427227946	5920	145	0.29075492180591433	0.3090749907704187	0.5793103448275863	1744	0	62	0
compound	1	sci=negate,other=negate	30.0	graph	2	0.12900792331743716	0.8118262427227946	5920	145	0.29075492180591433	0.3090749907704187	0.5793103448275863	1744	0	62	0
compound	1	sci=negate,other=negate	30.0	graph	3	0.12900792331743716	0.8118262427227946	5920	145	0.29075492180591433	0.3090749907704187	0.5793103448275863	1744	0	62	0
compound	1	sci=negate,other=negate	30.0	hybrid	1	0.13593975604420405	0.8188720704582774	5920	145	0.29717573402432296	0.3197094953169435	0.6206896551724138	1744	0	62	0
compound	1	sci=negate,other=negate	30.0	hybrid	2	0.12390641201558185	0.8079390953873712	5920	145	0.28009268603491316	0.31095414152694406	0.5655172413793104	1744	0	62	0
compound	1	sci=negate,other=negate	30.0	hybrid	3	0.1410372916821314	0.8230613524406627	5920	145	0.3148792958573182	0.3146107464843854	0.6275862068965518	1744	0	62	0
compound	1	sci=negate,other=mask	3.0	degree	0	0.08242159788624111	0.7548392297357815	5920	145	0.037731146046935525	0.21184782625586263	0.47586206896551725	362	1382	12	50
compound	1	sci=negate,other=mask	3.0	mf	1	0.05491292666643496	0.6249547693685624	5920	145	0.09500247029849575	0.1550249560592088	0.38620689655172413	362	1382	12	50
compound	1	sci=negate,other=mask	3.0	mf	2	0.0502846638645366	0.6068081803254217	5920	145	0.06812853291716511	0.15138831439101424	0.3586206896551724	362	1382	12	50
compound	1	sci=negate,other=mask	3.0	mf	3	0.05083974505635132	0.5999062546648753	5920	145	0.07013458014685621	0.1400946856660679	0.32413793103448274	362	1382	12	50
compound	1	sci=negate,other=mask	3.0	graph	1	0.2975537885786825	0.873815196297955	5920	145	0.4465156167706501	0.48353417328755766	0.7586206896551724	362	1382	12	50
compound	1	sci=negate,other=mask	3.0	graph	2	0.2975537885786825	0.873815196297955	5920	145	0.4465156167706501	0.48353417328755766	0.7586206896551724	362	1382	12	50
compound	1	sci=negate,other=mask	3.0	graph	3	0.2975537885786825	0.873815196297955	5920	145	0.4465156167706501	0.48353417328755766	0.7586206896551724	362	1382	12	50
compound	1	sci=negate,other=mask	3.0	hybrid	1	0.2975534778610107	0.873815196297955	5920	145	0.4465156167706501	0.48353417328755766	0.7586206896551724	362	1382	12	50
compound	1	sci=negate,other=mask	3.0	hybrid	2	0.29754933126998206	0.8738175847141364	5920	145	0.4465156167706501	0.48353417328755766	0.7586206896551724	362	1382	12	50
compound	1	sci=negate,other=mask	3.0	hybrid	3	0.29753390449256245	0.8738104194655919	5920	145	0.4465156167706501	0.48353417328755766	0.7586206896551724	362	1382	12	50
compound	1	sci=negate,other=mask	30.0	degree	0	0.08242159788624111	0.7548392297357815	5920	145	0.037731146046935525	0.21184782625586263	0.47586206896551725	362	1382	12	50
compound	1	sci=negate,other=mask	30.0	mf	1	0.04790780728547163	0.5630559785042544	5920	145	0.08366675133749632	0.14454780990297145	0.35172413793103446	362	1382	12	50
compound	1	sci=negate,other=mask	30.0	mf	2	0.04982873824099016	0.5542719808926706	5920	145	0.06987345744278868	0.14991263884585854	0.3586206896551724	362	1382	12	50
compound	1	sci=negate,other=mask	30.0	mf	3	0.04830656976719764	0.5509891028511718	5920	145	0.0719572319654031	0.13604257201571862	0.3310344827586207	362	1382	12	50
compound	1	sci=negate,other=mask	30.0	graph	1	0.2860950519241856	0.866904314076728	5920	145	0.4286747615266135	0.4742930350036005	0.7034482758620689	362	1382	12	50
compound	1	sci=negate,other=mask	30.0	graph	2	0.2860950519241856	0.866904314076728	5920	145	0.4286747615266135	0.4742930350036005	0.7034482758620689	362	1382	12	50
compound	1	sci=negate,other=mask	30.0	graph	3	0.2860950519241856	0.866904314076728	5920	145	0.4286747615266135	0.4742930350036005	0.7034482758620689	362	1382	12	50
compound	1	sci=negate,other=mask	30.0	hybrid	1	0.28613377088189373	0.866904314076728	5920	145	0.4286747615266135	0.47428785741221596	0.7034482758620689	362	1382	12	50
compound	1	sci=negate,other=mask	30.0	hybrid	2	0.28616156374838164	0.8669055082848187	5920	145	0.4286747615266135	0.4742930350036005	0.7034482758620689	362	1382	12	50
compound	1	sci=negate,other=mask	30.0	hybrid	3	0.2860623909352331	0.8668995372443649	5920	145	0.4286747615266135	0.4742930350036005	0.7034482758620689	362	1382	12	50
compound	2	sci=ignore,other=ignore	10.0	degree	0	0.07124645948873963	0.7170188416917518	5913	159	0.03569724000758484	0.179799095268536	0.389937106918239	0	0	0	0
compound	2	sci=ignore,other=ignore	10.0	disease_degree	0	0.07124645948873963	0.7170188416917518	5913	159	0.03569724000758484	0.179799095268536	0.389937106918239	0	0	0	0
compound	2	sci=ignore,other=ignore	10.0	mf	1	0.06629000726109195	0.6771133234085995	5913	159	0.09850612246131757	0.16359064459061368	0.3584905660377358	0	0	0	0
compound	2	sci=ignore,other=ignore	10.0	mf	2	0.06702490216273414	0.6829151391539492	5913	159	0.08188924336141121	0.16175148235342376	0.4088050314465409	0	0	0	0
compound	2	sci=ignore,other=ignore	10.0	mf	3	0.06278704091338476	0.6754032742877254	5913	159	0.06593308849598588	0.14519367872159314	0.39622641509433965	0	0	0	0
compound	2	sci=ignore,other=ignore	10.0	graph	1	0.29089503333364675	0.86155870786087	5913	159	0.38597031940569854	0.5066776398682346	0.6792452830188679	0	0	0	0
compound	2	sci=ignore,other=ignore	10.0	graph	2	0.29089503333364675	0.86155870786087	5913	159	0.38597031940569854	0.5066776398682346	0.6792452830188679	0	0	0	0
compound	2	sci=ignore,other=ignore	10.0	graph	3	0.29089503333364675	0.86155870786087	5913	159	0.38597031940569854	0.5066776398682346	0.6792452830188679	0	0	0	0
compound	2	sci=ignore,other=ignore	10.0	hybrid	1	0.29081409596331204	0.8615488705696668	5913	159	0.38597031940569854	0.5066776398682346	0.6792452830188679	0	0	0	0
compound	2	sci=ignore,other=ignore	10.0	hybrid	2	0.2908424974292689	0.8615521496667344	5913	159	0.38597031940569854	0.5066776398682346	0.6792452830188679	0	0	0	0
compound	2	sci=ignore,other=ignore	10.0	hybrid	3	0.2908640562849235	0.8615565217961582	5913	159	0.38597031940569854	0.5066776398682346	0.6792452830188679	0	0	0	0
compound	2	sci=ignore,other=negate	10.0	degree	0	0.07124645948873963	0.7170188416917518	5913	159	0.03569724000758484	0.179799095268536	0.389937106918239	1387	0	52	0
compound	2	sci=ignore,other=negate	10.0	mf	1	0.027479700720210477	0.3367184545396913	5913	159	0.055724998331455514	0.08128045923942137	0.15723270440251572	1387	0	52	0
compound	2	sci=ignore,other=negate	10.0	mf	2	0.02733435402309329	0.34002760999731113	5913	159	0.06515744218018533	0.07906987028587337	0.18238993710691823	1387	0	52	0
compound	2	sci=ignore,other=negate	10.0	mf	3	0.02731952138920406	0.33525379118272663	5913	159	0.05305596586050788	0.0732074264553103	0.15723270440251572	1387	0	52	0
compound	2	sci=ignore,other=negate	10.0	graph	1	0.18448857097227955	0.8190703541206227	5913	159	0.30576074716636037	0.39725548126971266	0.6666666666666666	1387	0	52	0
compound	2	sci=ignore,other=negate	10.0	graph	2	0.18448857097227955	0.8190703541206227	5913	159	0.30576074716636037	0.39725548126971266	0.6666666666666666	1387	0	52	0
compound	2	sci=ignore,other=negate	10.0	graph	3	0.18448857097227955	0.8190703541206227	5913	159	0.30576074716636037	0.39725548126971266	0.6666666666666666	1387	0	52	0
compound	2	sci=ignore,other=negate	10.0	hybrid	1	0.18401963247299943	0.8183697203804627	5913	159	0.30530371019374486	0.397063094249273	0.6666666666666666	1387	0	52	0
compound	2	sci=ignore,other=negate	10.0	hybrid	2	0.18448527760182082	0.8190583307647074	5913	159	0.30576074716636037	0.39725548126971266	0.6666666666666666	1387	0	52	0
compound	2	sci=ignore,other=negate	10.0	hybrid	3	0.18452883388777883	0.8191479594178946	5913	159	0.3058062217808006	0.39725548126971266	0.6666666666666666	1387	0	52	0
compound	2	sci=ignore,other=mask	10.0	degree	0	0.07124645948873963	0.7170188416917518	5913	159	0.03569724000758484	0.179799095268536	0.389937106918239	0	1387	0	52
compound	2	sci=ignore,other=mask	10.0	mf	1	0.06691343162364494	0.67772760759264	5913	159	0.09973277913488393	0.164748971611748	0.3584905660377358	0	1387	0	52
compound	2	sci=ignore,other=mask	10.0	mf	2	0.06688141268074001	0.6831501411104771	5913	159	0.08217068654759281	0.16174050160908124	0.42138364779874216	0	1387	0	52
compound	2	sci=ignore,other=mask	10.0	mf	3	0.06325047207230428	0.675684730119381	5913	159	0.06461673205744758	0.14555279184223072	0.4025157232704403	0	1387	0	52
compound	2	sci=ignore,other=mask	10.0	graph	1	0.2891786437566365	0.8650804581117211	5913	159	0.3968074894977408	0.5035911287060928	0.6918238993710691	0	1387	0	52
compound	2	sci=ignore,other=mask	10.0	graph	2	0.2891786437566365	0.8650804581117211	5913	159	0.3968074894977408	0.5035911287060928	0.6918238993710691	0	1387	0	52
compound	2	sci=ignore,other=mask	10.0	graph	3	0.2891786437566365	0.8650804581117211	5913	159	0.3968074894977408	0.5035911287060928	0.6918238993710691	0	1387	0	52
compound	2	sci=ignore,other=mask	10.0	hybrid	1	0.2891466306562784	0.8650717138528734	5913	159	0.3968074894977408	0.5035911287060928	0.6918238993710691	0	1387	0	52
compound	2	sci=ignore,other=mask	10.0	hybrid	2	0.2892255502441022	0.8650859232735008	5913	159	0.3968074894977408	0.5035434824320315	0.6918238993710691	0	1387	0	52
compound	2	sci=ignore,other=mask	10.0	hybrid	3	0.28915241479659387	0.8650695277881615	5913	159	0.3968074894977408	0.5035434824320315	0.6918238993710691	0	1387	0	52
compound	2	sci=negate,other=ignore	10.0	degree	0	0.07124645948873963	0.7170188416917518	5913	159	0.03569724000758484	0.179799095268536	0.389937106918239	373	0	27	0
compound	2	sci=negate,other=ignore	10.0	mf	1	0.04674560730599467	0.4818911864429011	5913	159	0.09244745647741252	0.12100886797357005	0.2830188679245283	373	0	27	0
compound	2	sci=negate,other=ignore	10.0	mf	2	0.046358221899894206	0.4858118935036715	5913	159	0.07402664181708712	0.12097326231557032	0.3081761006289308	373	0	27	0
compound	2	sci=negate,other=ignore	10.0	mf	3	0.044268999055707546	0.4798286343872352	5913	159	0.059338473847735676	0.10697668311580036	0.29559748427672955	373	0	27	0
compound	2	sci=negate,other=ignore	10.0	graph	1	0.16787396583277703	0.8014933008046904	5913	159	0.2845369584905028	0.4284180428837331	0.6226415094339622	373	0	27	0
compound	2	sci=negate,other=ignore	10.0	graph	2	0.16787396583277703	0.8014933008046904	5913	159	0.2845369584905028	0.4284180428837331	0.6226415094339622	373	0	27	0
compound	2	sci=negate,other=ignore	10.0	graph	3	0.16787396583277703	0.8014933008046904	5913	159	0.2845369584905028	0.4284180428837331	0.6226415094339622	373	0	27	0
compound	2	sci=negate,other=ignore	10.0	hybrid	1	0.169797585202724	0.7896218763867848	5913	159	0.2872406960229807	0.41002345077667424	0.6415094339622641	373	0	27	0
compound	2	sci=negate,other=ignore	10.0	hybrid	2	0.16903172058415844	0.799379376228295	5913	159	0.2945495838951867	0.42832178799725135	0.6289308176100629	373	0	27	0
compound	2	sci=negate,other=ignore	10.0	hybrid	3	0.17281503723557753	0.7932824417468405	5913	159	0.2897630355021538	0.42324488280579725	0.660377358490566	373	0	27	0
compound	2	sci=negate,other=negate	10.0	degree	0	0.07124645948873963	0.7170188416917518	5913	159	0.03569724000758484	0.179799095268536	0.389937106918239	1760	0	79	0
compound	2	sci=negate,other=negate	10.0	mf	1	0.027540823791510766	0.3119547134834285	5913	159	0.057444585996894656	0.07329136358574982	0.12578616352201258	1760	0	79	0
compound	2	sci=negate,other=negate	10.0	mf	2	0.027107922660369023	0.3150518206639953	5913	159	0.06422402169260696	0.07194162151054394	0.15723270440251572	1760	0	79	0
compound	2	sci=negate,other=negate	10.0	mf	3	0.026693094340078917	0.31054524826043906	5913	159	0.05356401473746638	0.06543594491719701	0.13836477987421383	1760	0	79	0
compound	2	sci=negate,other=negate	10.0	graph	1	0.13017112497487243	0.7950280144192827	5913	159	0.23788161753724635	0.38534477061306605	0.6226415094339622	1760	0	79	0
compound	2	sci=negate,other=negate	10.0	graph	2	0.13017112497487243	0.7950280144192827	5913	159	0.23788161753724635	0.38534477061306605	0.6226415094339622	1760	0	79	0
compound	2	sci=negate,other=negate	10.0	graph	3	0.13017112497487243	0.7950280144192827	5913	159	0.23788161753724635	0.38534477061306605	0.6226415094339622	1760	0	79	0
compound	2	sci=negate,other=negate	10.0	hybrid	1	0.13054766952349536	0.7957275551270869	5913	159	0.23779485780150308	0.3865499170834832	0.6226415094339622	1760	0	79	0
compound	2	sci=negate,other=negate	10.0	hybrid	2	0.13020604743696315	0.7957395784830024	5913	159	0.23830781520803213	0.38228062027945686	0.6289308176100629	1760	0	79	0
compound	2	sci=negate,other=negate	10.0	hybrid	3	0.12966984130167536	0.7946301506417195	5913	159	0.2377239620826108	0.38607445397988965	0.6163522012578616	1760	0	79	0
compound	2	sci=negate,other=mask	10.0	degree	0	0.07124645948873963	0.7170188416917518	5913	159	0.03569724000758484	0.179799095268536	0.389937106918239	373	1387	27	52
compound	2	sci=negate,other=mask	10.0	mf	1	0.046647046629733735	0.4806828391734052	5913	159	0.09227961888366701	0.12053778647975956	0.2830188679245283	373	1387	27	52
compound	2	sci=negate,other=mask	10.0	mf	2	0.04597071914909535	0.48469208185500706	5913	159	0.07131974074298558	0.11976596453099732	0.3081761006289308	373	1387	27	52
compound	2	sci=negate,other=mask	10.0	mf	3	0.04433790068753783	0.48009861337915327	5913	159	0.059197589978612006	0.10692438168631543	0.3018867924528302	373	1387	27	52
compound	2	sci=negate,other=mask	10.0	graph	1	0.17209353318654252	0.794072704140188	5913	159	0.28659667743842215	0.414337416896871	0.6666666666666666	373	1387	27	52
compound	2	sci=negate,other=mask	10.0	graph	2	0.17209353318654252	0.794072704140188	5913	159	0.28659667743842215	0.414337416896871	0.6666666666666666	373	1387	27	52
compound	2	sci=negate,other=mask	10.0	graph	3	0.17209353318654252	0.794072704140188	5913	159	0.28659667743842215	0.414337416896871	0.6666666666666666	373	1387	27	52
compound	2	sci=negate,other=mask	10.0	hybrid	1	0.19189603359019913	0.7959964410866489	5913	159	0.28085793440732243	0.39912556925258325	0.6289308176100629	373	1387	27	52
compound	2	sci=negate,other=mask	10.0	hybrid	2	0.16669512899429173	0.7854432136900117	5913	159	0.2630232577952285	0.4116168748756522	0.6477987421383647	373	1387	27	52
compound	2	sci=negate,other=mask	10.0	hybrid	3	0.16463196644922024	0.7921544323555066	5913	159	0.2799314753516248	0.4118005504510057	0.6415094339622641	373	1387	27	52
compound	2	sci=mask,other=ignore	10.0	degree	0	0.07124645948873963	0.7170188416917518	5913	159	0.03569724000758484	0.179799095268536	0.389937106918239	0	373	0	27
compound	2	sci=mask,other=ignore	10.0	mf	1	0.06634170629506167	0.6775603736421806	5913	159	0.09912037565344547	0.16376430998909092	0.3584905660377358	0	373	0	27
compound	2	sci=mask,other=ignore	10.0	mf	2	0.06712865576322666	0.6822243427049928	5913	159	0.08255071885806417	0.16171115674767936	0.4088050314465409	0	373	0	27
compound	2	sci=mask,other=ignore	10.0	mf	3	0.06261863149330314	0.674672582157777	5913	159	0.06773911043742598	0.1449967625945817	0.39622641509433965	0	373	0	27
compound	2	sci=mask,other=ignore	10.0	graph	1	0.29573801061451505	0.8637480516698255	5913	159	0.3890975272058505	0.5144528341036652	0.6918238993710691	0	373	0	27
compound	2	sci=mask,other=ignore	10.0	graph	2	0.29573801061451505	0.8637480516698255	5913	159	0.3890975272058505	0.5144528341036652	0.6918238993710691	0	373	0	27
compound	2	sci=mask,other=ignore	10.0	graph	3	0.29573801061451505	0.8637480516698255	5913	159	0.3890975272058505	0.5144528341036652	0.6918238993710691	0	373	0	27
compound	2	sci=mask,other=ignore	10.0	hybrid	1	0.295738464001566	0.8637447725727576	5913	159	0.3890975272058505	0.5144528341036652	0.6918238993710691	0	373	0	27
compound	2	sci=mask,other=ignore	10.0	hybrid	2	0.29573002783687424	0.8637447725727577	5913	159	0.3890975272058505	0.5144528341036652	0.6918238993710691	0	373	0	27
compound	2	sci=mask,other=ignore	10.0	hybrid	3	0.2957279789458873	0.8637414934756898	5913	159	0.3890975272058505	0.5144528341036652	0.6918238993710691	0	373	0	27
compound	2	sci=mask,other=negate	10.0	degree	0	0.07124645948873963	0.7170188416917518	5913	159	0.03569724000758484	0.179799095268536	0.389937106918239	1387	373	52	27
compound	2	sci=mask,other=negate	10.0	mf	1	0.027483400101046142	0.3368348624855993	5913	159	0.05576230241863013	0.08048174448040443	0.15723270440251572	1387	373	52	27
compound	2	sci=mask,other=negate	10.0	mf	2	0.02733518531709759	0.34012325032845625	5913	159	0.06728666227471457	0.07935743450970606	0.18238993710691823	1387	373	52	27
compound	2	sci=mask,other=negate	10.0	mf	3	0.027235577263222937	0.33520569775906506	5913	159	0.053030007277781226	0.07328577700422718	0.1509433962264151	1387	373	52	27
compound	2	sci=mask,other=negate	10.0	graph	1	0.18657790983906608	0.8213930478770033	5913	159	0.3075804949101107	0.39750768070126574	0.660377358490566	1387	373	52	27
compound	2	sci=mask,other=negate	10.0	graph	2	0.18657790983906608	0.8213930478770033	5913	159	0.3075804949101107	0.39750768070126574	0.660377358490566	1387	373	52	27
compound	2	sci=mask,other=negate	10.0	graph	3	0.18657790983906608	0.8213930478770033	5913	159	0.3075804949101107	0.39750768070126574	0.660377358490566	1387	373	52	27
compound	2	sci=mask,other=negate	10.0	hybrid	1	0.18657347155007853	0.8213996060711388	5913	159	0.3075804949101107	0.39750768070126574	0.660377358490566	1387	373	52	27
compound	2	sci=mask,other=negate	10.0	hybrid	2	0.18658965167060004	0.8213985130387831	5913	159	0.3075855333026619	0.39750768070126574	0.660377358490566	1387	373	52	27
compound	2	sci=mask,other=negate	10.0	hybrid	3	0.18661759589798302	0.821399606071139	5913	159	0.3075804949101107	0.39735793526850144	0.660377358490566	1387	373	52	27
compound	2	sci=mask,other=mask	10.0	degree	0	0.07124645948873963	0.7170188416917518	5913	159	0.03569724000758484	0.179799095268536	0.389937106918239	0	1760	0	79
compound	2	sci=mask,other=mask	10.0	mf	1	0.06720865256506524	0.6778358177958783	5913	159	0.10074217375632753	0.16479939384981596	0.3584905660377358	0	1760	0	79
compound	2	sci=mask,other=mask	10.0	mf	2	0.067651459125978	0.6832966074461736	5913	159	0.0824608875263662	0.16564236720903944	0.4025157232704403	0	1760	0	79
compound	2	sci=mask,other=mask	10.0	mf	3	0.06310721649952833	0.6755000076512265	5913	159	0.06546376549492293	0.14552479666415044	0.4025157232704403	0	1760	0	79
compound	2	sci=mask,other=mask	10.0	graph	1	0.29292177513638123	0.8677857131926819	5913	159	0.39847181652454006	0.5093172619538456	0.6981132075471698	0	1760	0	79
compound	2	sci=mask,other=mask	10.0	graph	2	0.29292177513638123	0.8677857131926819	5913	159	0.39847181652454006	0.5093172619538456	0.6981132075471698	0	1760	0	79
compound	2	sci=mask,other=mask	10.0	graph	3	0.29292177513638123	0.8677857131926819	5913	159	0.39847181652454006	0.5093172619538456	0.6981132075471698	0	1760	0	79
compound	2	sci=mask,other=mask	10.0	hybrid	1	0.2929465327082392	0.8677889922897497	5913	159	0.39847181652454006	0.5093172619538456	0.6981132075471698	0	1760	0	79
compound	2	sci=mask,other=mask	10.0	hybrid	2	0.29299560605844227	0.8677944574515295	5913	159	0.39847181652454006	0.5093172619538456	0.6981132075471698	0	1760	0	79
compound	2	sci=mask,other=mask	10.0	hybrid	3	0.29293586113342884	0.86778352712797	5913	159	0.39847181652454006	0.5093172619538456	0.6981132075471698	0	1760	0	79
compound	2	typed_scoped	10.0	degree	0	0.07124645948873963	0.7170188416917518	5913	159	0.03569724000758484	0.179799095268536	0.389937106918239	203	1557	16	63
compound	2	typed_scoped	10.0	mf	1	0.048239566794805844	0.500097826395857	5913	159	0.09249905295894066	0.12831198439354172	0.2893081761006289	203	1557	16	63
compound	2	typed_scoped	10.0	mf	2	0.04777212462544062	0.506571310523934	5913	159	0.07464298549135603	0.12847642995458539	0.29559748427672955	203	1557	16	63
compound	2	typed_scoped	10.0	mf	3	0.04484191137646526	0.5007033663210498	5913	159	0.05797014640353972	0.11034121652693417	0.3018867924528302	203	1557	16	63
compound	2	typed_scoped	10.0	graph	1	0.24306939132100985	0.8516569277483751	5913	159	0.33371204571478214	0.4647440559308051	0.660377358490566	203	1557	16	63
compound	2	typed_scoped	10.0	graph	2	0.24306939132100985	0.8516569277483751	5913	159	0.33371204571478214	0.4647440559308051	0.660377358490566	203	1557	16	63
compound	2	typed_scoped	10.0	graph	3	0.24306939132100985	0.8516569277483751	5913	159	0.33371204571478214	0.4647440559308051	0.660377358490566	203	1557	16	63
compound	2	typed_scoped	10.0	hybrid	1	0.24309562271106852	0.8516591138130871	5913	159	0.33371204571478214	0.46489380136356945	0.660377358490566	203	1557	16	63
compound	2	typed_scoped	10.0	hybrid	2	0.2430881817942162	0.8516580207807312	5913	159	0.33371204571478214	0.4648874613351661	0.660377358490566	203	1557	16	63
compound	2	typed_scoped	10.0	hybrid	3	0.24308718171124807	0.8516569277483752	5913	159	0.33371204571478214	0.4647440559308051	0.660377358490566	203	1557	16	63
compound	2	sci=negate,other=negate	3.0	degree	0	0.07124645948873963	0.7170188416917518	5913	159	0.03569724000758484	0.179799095268536	0.389937106918239	1760	0	79	0
compound	2	sci=negate,other=negate	3.0	mf	1	0.028223872668893632	0.35130005268415954	5913	159	0.057137637767241164	0.07802146522418037	0.12578616352201258	1760	0	79	0
compound	2	sci=negate,other=negate	3.0	mf	2	0.027366754300330677	0.35917480429255666	5913	159	0.06491968018395831	0.07429680790771699	0.16981132075471697	1760	0	79	0
compound	2	sci=negate,other=negate	3.0	mf	3	0.027497374416579654	0.3473695083321856	5913	159	0.05284657739354324	0.06806453529973579	0.14465408805031446	1760	0	79	0
compound	2	sci=negate,other=negate	3.0	graph	1	0.14479671637928035	0.7844736939902897	5913	159	0.25581966342536694	0.3819101321063332	0.6415094339622641	1760	0	79	0
compound	2	sci=negate,other=negate	3.0	graph	2	0.14479671637928035	0.7844736939902897	5913	159	0.25581966342536694	0.3819101321063332	0.6415094339622641	1760	0	79	0
compound	2	sci=negate,other=negate	3.0	graph	3	0.14479671637928035	0.7844736939902897	5913	159	0.25581966342536694	0.3819101321063332	0.6415094339622641	1760	0	79	0
compound	2	sci=negate,other=negate	3.0	hybrid	1	0.14895590263466404	0.7831686133572926	5913	159	0.25804185183144035	0.4105192700552815	0.6477987421383647	1760	0	79	0
compound	2	sci=negate,other=negate	3.0	hybrid	2	0.1501919105831124	0.7902230441825538	5913	159	0.2655452680954959	0.38574107180875533	0.6415094339622641	1760	0	79	0
compound	2	sci=negate,other=negate	3.0	hybrid	3	0.1461789513297253	0.77718972637028	5913	159	0.26163769133754844	0.3996449333918986	0.6226415094339622	1760	0	79	0
compound	2	sci=negate,other=negate	30.0	degree	0	0.07124645948873963	0.7170188416917518	5913	159	0.03569724000758484	0.179799095268536	0.389937106918239	1760	0	79	0
compound	2	sci=negate,other=negate	30.0	mf	1	0.02927287207126857	0.30014723145834565	5913	159	0.0481342067831205	0.08132778912066303	0.1509433962264151	1760	0	79	0
compound	2	sci=negate,other=negate	30.0	mf	2	0.02670124121894198	0.3009795755973968	5913	159	0.05830731001954946	0.07322975114529522	0.15723270440251572	1760	0	79	0
compound	2	sci=negate,other=negate	30.0	mf	3	0.031196305610187196	0.2975228607717245	5913	159	0.053597710782301446	0.08249321645308083	0.14465408805031446	1760	0	79	0
compound	2	sci=negate,other=negate	30.0	graph	1	0.10440381904343363	0.7624228592414793	5913	159	0.2050869191976364	0.3426377412403075	0.5849056603773585	1760	0	79	0
compound	2	sci=negate,other=negate	30.0	graph	2	0.10440381904343363	0.7624228592414793	5913	159	0.2050869191976364	0.3426377412403075	0.5849056603773585	1760	0	79	0
compound	2	sci=negate,other=negate	30.0	graph	3	0.10440381904343363	0.7624228592414793	5913	159	0.2050869191976364	0.3426377412403075	0.5849056603773585	1760	0	79	0
compound	2	sci=negate,other=negate	30.0	hybrid	1	0.10369347113444138	0.7612095933263817	5913	159	0.20530649995843686	0.34069509316198765	0.5723270440251572	1760	0	79	0
compound	2	sci=negate,other=negate	30.0	hybrid	2	0.10522103065937868	0.7614981538683506	5913	159	0.20385083826030606	0.3430576294250798	0.5974842767295597	1760	0	79	0
compound	2	sci=negate,other=negate	30.0	hybrid	3	0.11124230853168289	0.7666222895530154	5913	159	0.20338727767293188	0.33632840483468285	0.6037735849056604	1760	0	79	0
compound	2	sci=negate,other=mask	3.0	degree	0	0.07124645948873963	0.7170188416917518	5913	159	0.03569724000758484	0.179799095268536	0.389937106918239	373	1387	27	52
compound	2	sci=negate,other=mask	3.0	mf	1	0.046375660633816145	0.49550818353324894	5913	159	0.09238215713438477	0.1220830683065436	0.2830188679245283	373	1387	27	52
compound	2	sci=negate,other=mask	3.0	mf	2	0.046224672897373593	0.5009542172467389	5913	159	0.07450827830523526	0.12174617669599282	0.29559748427672955	373	1387	27	52
compound	2	sci=negate,other=mask	3.0	mf	3	0.04464841586365854	0.49509173820563435	5913	159	0.0584537503495277	0.10840250524655298	0.29559748427672955	373	1387	27	52
compound	2	sci=negate,other=mask	3.0	graph	1	0.20399152141675228	0.8433258351313715	5913	159	0.30023874317050064	0.45044223150819185	0.6729559748427673	373	1387	27	52
compound	2	sci=negate,other=mask	3.0	graph	2	0.20399152141675228	0.8433258351313715	5913	159	0.30023874317050064	0.45044223150819185	0.6729559748427673	373	1387	27	52
compound	2	sci=negate,other=mask	3.0	graph	3	0.20399152141675228	0.8433258351313715	5913	159	0.30023874317050064	0.45044223150819185	0.6729559748427673	373	1387	27	52
compound	2	sci=negate,other=mask	3.0	hybrid	1	0.2039905182593221	0.8433159978401681	5913	159	0.30023874317050064	0.4504305292261749	0.6729559748427673	373	1387	27	52
compound	2	sci=negate,other=mask	3.0	hybrid	2	0.20402128905679848	0.8433411375843547	5913	159	0.30023874317050064	0.45043775831603244	0.6729559748427673	373	1387	27	52
compound	2	sci=negate,other=mask	3.0	hybrid	3	0.20399063675541876	0.8433203699695918	5913	159	0.30023874317050064	0.45044223150819185	0.6729559748427673	373	1387	27	52
compound	2	sci=negate,other=mask	30.0	degree	0	0.07124645948873963	0.7170188416917518	5913	159	0.03569724000758484	0.179799095268536	0.389937106918239	373	1387	27	52
compound	2	sci=negate,other=mask	30.0	mf	1	0.045583045071644825	0.47250531760241166	5913	159	0.092349969247847	0.11977919468174704	0.27044025157232704	373	1387	27	52
compound	2	sci=negate,other=mask	30.0	mf	2	0.04670961843550397	0.47659763074306527	5913	159	0.06790479131916323	0.12238960754585629	0.3081761006289308	373	1387	27	52
compound	2	sci=negate,other=mask	30.0	mf	3	0.056025867942649535	0.47482855787497025	5913	159	0.06334078314342884	0.14037298441646454	0.29559748427672955	373	1387	27	52
compound	2	sci=negate,other=mask	30.0	graph	1	0.1577483999716479	0.7863373141571738	5913	159	0.268783853894402	0.4040235937921233	0.6289308176100629	373	1387	27	52
compound	2	sci=negate,other=mask	30.0	graph	2	0.1577483999716479	0.7863373141571738	5913	159	0.268783853894402	0.4040235937921233	0.6289308176100629	373	1387	27	52
compound	2	sci=negate,other=mask	30.0	graph	3	0.1577483999716479	0.7863373141571738	5913	159	0.268783853894402	0.4040235937921233	0.6289308176100629	373	1387	27	52
compound	2	sci=negate,other=mask	30.0	hybrid	1	0.15970719206536843	0.7955023904617625	5913	159	0.2740686230352195	0.4154577934983993	0.6352201257861635	373	1387	27	52
compound	2	sci=negate,other=mask	30.0	hybrid	2	0.15894031999011765	0.7961352561958539	5913	159	0.28033415688799945	0.4171378426607725	0.6226415094339622	373	1387	27	52
compound	2	sci=negate,other=mask	30.0	hybrid	3	0.15943878120516425	0.7966107252706895	5913	159	0.27300276541727053	0.4130366257467019	0.6163522012578616	373	1387	27	52
compound	3	sci=ignore,other=ignore	10.0	degree	0	0.09468129550661689	0.7564209068881966	5918	140	0.035037856879962144	0.23696259579660403	0.4642857142857143	0	0	0	0
compound	3	sci=ignore,other=ignore	10.0	disease_degree	0	0.09468129550661689	0.7564209068881966	5918	140	0.035037856879962144	0.23696259579660403	0.4642857142857143	0	0	0	0
compound	3	sci=ignore,other=ignore	10.0	mf	1	0.07216169084173152	0.7008072491717352	5918	140	0.08700148512939163	0.18032395709333424	0.39285714285714285	0	0	0	0
compound	3	sci=ignore,other=ignore	10.0	mf	2	0.08410930302492904	0.7083345695495228	5918	140	0.08883063080670882	0.18473599217037548	0.42857142857142855	0	0	0	0
compound	3	sci=ignore,other=ignore	10.0	mf	3	0.07026046257149705	0.6976994016713643	5918	140	0.0638305529517865	0.1759721192440367	0.40714285714285714	0	0	0	0
compound	3	sci=ignore,other=ignore	10.0	graph	1	0.25444393154845724	0.8241025070464322	5918	140	0.25757653535315295	0.4377624767532348	0.6571428571428571	0	0	0	0
compound	3	sci=ignore,other=ignore	10.0	graph	2	0.25444393154845724	0.8241025070464322	5918	140	0.25757653535315295	0.4377624767532348	0.6571428571428571	0	0	0	0
compound	3	sci=ignore,other=ignore	10.0	graph	3	0.25444393154845724	0.8241025070464322	5918	140	0.25757653535315295	0.4377624767532348	0.6571428571428571	0	0	0	0
compound	3	sci=ignore,other=ignore	10.0	hybrid	1	0.25445825944301537	0.8241111605597587	5918	140	0.25757653535315295	0.4377624767532348	0.6571428571428571	0	0	0	0
compound	3	sci=ignore,other=ignore	10.0	hybrid	2	0.25442782902446126	0.8241086881273796	5918	140	0.25757653535315295	0.4377624767532348	0.6571428571428571	0	0	0	0
compound	3	sci=ignore,other=ignore	10.0	hybrid	3	0.2544431779224333	0.8240975621816743	5918	140	0.25757653535315295	0.4377922386579967	0.6571428571428571	0	0	0	0
compound	3	sci=ignore,other=negate	10.0	degree	0	0.09468129550661689	0.7564209068881966	5918	140	0.035037856879962144	0.23696259579660403	0.4642857142857143	1392	0	47	0
compound	3	sci=ignore,other=negate	10.0	mf	1	0.0315831935568431	0.416559733966276	5918	140	0.06073291717838576	0.08917551313813392	0.16428571428571428	1392	0	47	0
compound	3	sci=ignore,other=negate	10.0	mf	2	0.03552006059994275	0.4228533105869554	5918	140	0.05395866166926307	0.09926613936209375	0.2357142857142857	1392	0	47	0
compound	3	sci=ignore,other=negate	10.0	mf	3	0.03010341883215726	0.418739183108342	5918	140	0.04914620081027077	0.09179613819832136	0.18571428571428572	1392	0	47	0
compound	3	sci=ignore,other=negate	10.0	graph	1	0.12371660790163505	0.8005513524205112	5918	140	0.2195760131450958	0.3584230347534171	0.5928571428571429	1392	0	47	0
compound	3	sci=ignore,other=negate	10.0	graph	2	0.12371660790163505	0.8005513524205112	5918	140	0.2195760131450958	0.3584230347534171	0.5928571428571429	1392	0	47	0
compound	3	sci=ignore,other=negate	10.0	graph	3	0.12371660790163505	0.8005513524205112	5918	140	0.2195760131450958	0.3584230347534171	0.5928571428571429	1392	0	47	0
compound	3	sci=ignore,other=negate	10.0	hybrid	1	0.12378591148163388	0.8005550610690797	5918	140	0.21953938310846574	0.3584230347534171	0.5928571428571429	1392	0	47	0
compound	3	sci=ignore,other=negate	10.0	hybrid	2	0.12377508195268315	0.8005525886367008	5918	140	0.2195760131450958	0.35855058577382526	0.5928571428571429	1392	0	47	0
compound	3	sci=ignore,other=negate	10.0	hybrid	3	0.12376448021285814	0.8005464075557533	5918	140	0.21946653928562193	0.3584230347534171	0.5928571428571429	1392	0	47	0
compound	3	sci=ignore,other=mask	10.0	degree	0	0.09468129550661689	0.7564209068881966	5918	140	0.035037856879962144	0.23696259579660403	0.4642857142857143	0	1392	0	47
compound	3	sci=ignore,other=mask	10.0	mf	1	0.07221047438586387	0.7016027542896701	5918	140	0.08508420954356305	0.18024239465351566	0.39285714285714285	0	1392	0	47
compound	3	sci=ignore,other=mask	10.0	mf	2	0.08370013165244496	0.7090849527765415	5918	140	0.08820400708211158	0.1849289960385908	0.42857142857142855	0	1392	0	47
compound	3	sci=ignore,other=mask	10.0	mf	3	0.06957429912734603	0.6980393611234732	5918	140	0.0637026746409653	0.17496080389782037	0.42142857142857143	0	1392	0	47
compound	3	sci=ignore,other=mask	10.0	graph	1	0.26386221567940665	0.829648172872472	5918	140	0.26827124396559776	0.4408382080370723	0.6714285714285714	0	1392	0	47
compound	3	sci=ignore,other=mask	10.0	graph	2	0.26386221567940665	0.829648172872472	5918	140	0.26827124396559776	0.4408382080370723	0.6714285714285714	0	1392	0	47
compound	3	sci=ignore,other=mask	10.0	graph	3	0.26386221567940665	0.829648172872472	5918	140	0.26827124396559776	0.4408382080370723	0.6714285714285714	0	1392	0	47
compound	3	sci=ignore,other=mask	10.0	hybrid	1	0.26386402494394046	0.8296518815210404	5918	140	0.26828650648086033	0.4408382080370723	0.6714285714285714	0	1392	0	47
compound	3	sci=ignore,other=mask	10.0	hybrid	2	0.26386657257469726	0.8296531177372298	5918	140	0.26828650648086033	0.4408382080370723	0.6714285714285714	0	1392	0	47
compound	3	sci=ignore,other=mask	10.0	hybrid	3	0.26386525151639223	0.8296457004400929	5918	140	0.26828650648086033	0.4408382080370723	0.6714285714285714	0	1392	0	47
compound	3	sci=negate,other=ignore	10.0	degree	0	0.09468129550661689	0.7564209068881966	5918	140	0.035037856879962144	0.23696259579660403	0.4642857142857143	383	0	21	0
compound	3	sci=negate,other=ignore	10.0	mf	1	0.051554994771593865	0.5324463482173762	5918	140	0.06280795211713838	0.14329624589644024	0.29285714285714287	383	0	21	0
compound	3	sci=negate,other=ignore	10.0	mf	2	0.058196622652223896	0.5362798546209762	5918	140	0.05583759811747035	0.14570764472241438	0.34285714285714286	383	0	21	0
compound	3	sci=negate,other=ignore	10.0	mf	3	0.048424139871495	0.5331231765811205	5918	140	0.04853707469314196	0.12877561852452293	0.29285714285714287	383	0	21	0
compound	3	sci=negate,other=ignore	10.0	graph	1	0.15511763131730646	0.8059486723038124	5918	140	0.21621476004179774	0.3598255046060822	0.6285714285714286	383	0	21	0
compound	3	sci=negate,other=ignore	10.0	graph	2	0.15511763131730646	0.8059486723038124	5918	140	0.21621476004179774	0.3598255046060822	0.6285714285714286	383	0	21	0
compound	3	sci=negate,other=ignore	10.0	graph	3	0.15511763131730646	0.8059486723038124	5918	140	0.21621476004179774	0.3598255046060822	0.6285714285714286	383	0	21	0
compound	3	sci=negate,other=ignore	10.0	hybrid	1	0.15512012858476779	0.8059548533847599	5918	140	0.21621476004179774	0.3598255046060822	0.6285714285714286	383	0	21	0
compound	3	sci=negate,other=ignore	10.0	hybrid	2	0.15512658756360723	0.8059610344657074	5918	140	0.21618736578363423	0.3598255046060822	0.6285714285714286	383	0	21	0
compound	3	sci=negate,other=ignore	10.0	hybrid	3	0.15511442039349901	0.8059523809523811	5918	140	0.21621476004179774	0.3598255046060822	0.6285714285714286	383	0	21	0
compound	3	sci=negate,other=negate	10.0	degree	0	0.09468129550661689	0.7564209068881966	5918	140	0.035037856879962144	0.23696259579660403	0.4642857142857143	1775	0	68	0
compound	3	sci=negate,other=negate	10.0	mf	1	0.028700169889700637	0.37361049300301635	5918	140	0.06258950958889921	0.07473027335039747	0.12142857142857143	1775	0	68	0
compound	3	sci=negate,other=negate	10.0	mf	2	0.03793987740058698	0.37727278346437226	5918	140	0.05582438357354895	0.07765601631116169	0.17142857142857143	1775	0	68	0
compound	3	sci=negate,other=negate	10.0	mf	3	0.026806985652300278	0.3763944518617416	5918	140	0.04839686300720604	0.0684705639001681	0.12142857142857143	1775	0	68	0
compound	3	sci=negate,other=negate	10.0	graph	1	0.08908077654827655	0.7376291845918014	5918	140	0.17118140486131286	0.28525621211439633	0.5928571428571429	1775	0	68	0
compound	3	sci=negate,other=negate	10.0	graph	2	0.08908077654827655	0.7376291845918014	5918	140	0.17118140486131286	0.28525621211439633	0.5928571428571429	1775	0	68	0
compound	3	sci=negate,other=negate	10.0	graph	3	0.08908077654827655	0.7376291845918014	5918	140	0.17118140486131286	0.28525621211439633	0.5928571428571429	1775	0	68	0
compound	3	sci=negate,other=negate	10.0	hybrid	1	0.08973763857629453	0.7477451416703753	5918	140	0.16147414541362615	0.26284100218994055	0.5428571428571428	1775	0	68	0
compound	3	sci=negate,other=negate	10.0	hybrid	2	0.08925815691475762	0.7548991247589378	5918	140	0.17582211198804149	0.27983974331848877	0.5714285714285714	1775	0	68	0
compound	3	sci=negate,other=negate	10.0	hybrid	3	0.08599793001416045	0.729067151263413	5918	140	0.17605840057658734	0.28575773971139606	0.5714285714285714	1775	0	68	0
compound	3	sci=negate,other=mask	10.0	degree	0	0.09468129550661689	0.7564209068881966	5918	140	0.035037856879962144	0.23696259579660403	0.4642857142857143	383	1392	21	47
compound	3	sci=negate,other=mask	10.0	mf	1	0.051699449239539695	0.5316687682341887	5918	140	0.06286222422652983	0.14320305251148543	0.29285714285714287	383	1392	21	47
compound	3	sci=negate,other=mask	10.0	mf	2	0.05844107731750581	0.537253992978292	5918	140	0.055956693088314455	0.1458563160800098	0.34285714285714286	383	1392	21	47
compound	3	sci=negate,other=mask	10.0	mf	3	0.04806371503625999	0.53240122632646	5918	140	0.05324673492237574	0.1271932717128588	0.29285714285714287	383	1392	21	47
compound	3	sci=negate,other=mask	10.0	graph	1	0.16029910655886173	0.8085447263017356	5918	140	0.219020502976573	0.3774404564318911	0.6214285714285714	383	1392	21	47
compound	3	sci=negate,other=mask	10.0	graph	2	0.16029910655886173	0.8085447263017356	5918	140	0.219020502976573	0.3774404564318911	0.6214285714285714	383	1392	21	47
compound	3	sci=negate,other=mask	10.0	graph	3	0.16029910655886173	0.8085447263017356	5918	140	0.219020502976573	0.3774404564318911	0.6214285714285714	383	1392	21	47
compound	3	sci=negate,other=mask	10.0	hybrid	1	0.1603209744723928	0.8085521435988726	5918	140	0.21899760920367925	0.3774404564318911	0.6214285714285714	383	1392	21	47
compound	3	sci=negate,other=mask	10.0	hybrid	2	0.1603189034395156	0.8085496711664937	5918	140	0.219020502976573	0.3774404564318911	0.6214285714285714	383	1392	21	47
compound	3	sci=negate,other=mask	10.0	hybrid	3	0.16030961284373488	0.8085459625179251	5918	140	0.219020502976573	0.3774404564318911	0.6214285714285714	383	1392	21	47
compound	3	sci=mask,other=ignore	10.0	degree	0	0.09468129550661689	0.7564209068881966	5918	140	0.035037856879962144	0.23696259579660403	0.4642857142857143	0	383	0	21
compound	3	sci=mask,other=ignore	10.0	mf	1	0.07230762487404983	0.7010136972753795	5918	140	0.08721721017870153	0.18032903825226698	0.39285714285714285	0	383	0	21
compound	3	sci=mask,other=ignore	10.0	mf	2	0.08377434894124948	0.7081417198239628	5918	140	0.08850958298717693	0.18473771582614432	0.42857142857142855	0	383	0	21
compound	3	sci=mask,other=ignore	10.0	mf	3	0.07027245320865394	0.6970231914157148	5918	140	0.05877934798225301	0.17597910322321633	0.40714285714285714	0	383	0	21
compound	3	sci=mask,other=ignore	10.0	graph	1	0.25791099735021233	0.825294219453098	5918	140	0.258550534905479	0.44541522910108783	0.6642857142857143	0	383	0	21
compound	3	sci=mask,other=ignore	10.0	graph	2	0.25791099735021233	0.825294219453098	5918	140	0.258550534905479	0.44541522910108783	0.6642857142857143	0	383	0	21
compound	3	sci=mask,other=ignore	10.0	graph	3	0.25791099735021233	0.825294219453098	5918	140	0.258550534905479	0.44541522910108783	0.6642857142857143	0	383	0	21
compound	3	sci=mask,other=ignore	10.0	hybrid	1	0.2578733530298976	0.8252818572912032	5918	140	0.258550534905479	0.44541522910108783	0.6642857142857143	0	383	0	21
compound	3	sci=mask,other=ignore	10.0	hybrid	2	0.25787457115076834	0.8252868021559611	5918	140	0.258550534905479	0.44541522910108783	0.6642857142857143	0	383	0	21
compound	3	sci=mask,other=ignore	10.0	hybrid	3	0.25786794142054614	0.825263314048361	5918	140	0.2583757097306539	0.44541522910108783	0.6642857142857143	0	383	0	21
compound	3	sci=mask,other=negate	10.0	degree	0	0.09468129550661689	0.7564209068881966	5918	140	0.035037856879962144	0.23696259579660403	0.4642857142857143	1392	383	47	21
compound	3	sci=mask,other=negate	10.0	mf	1	0.03169920182671694	0.4163013647826732	5918	140	0.06078022028883002	0.08940695903982127	0.16428571428571428	1392	383	47	21
compound	3	sci=mask,other=negate	10.0	mf	2	0.03556526028765975	0.42274328734609107	5918	140	0.05393907576680005	0.09928093698725535	0.2357142857142857	1392	383	47	21
compound	3	sci=mask,other=negate	10.0	mf	3	0.030431444965903585	0.4184264204124017	5918	140	0.049254776601970036	0.09297864559783943	0.18571428571428572	1392	383	47	21
compound	3	sci=mask,other=negate	10.0	graph	1	0.12695059667773	0.8008369183602827	5918	140	0.22717461035623002	0.3577597809532618	0.5928571428571429	1392	383	47	21
compound	3	sci=mask,other=negate	10.0	graph	2	0.12695059667773	0.8008369183602827	5918	140	0.22717461035623002	0.3577597809532618	0.5928571428571429	1392	383	47	21
compound	3	sci=mask,other=negate	10.0	graph	3	0.12695059667773	0.8008369183602827	5918	140	0.22717461035623002	0.3577597809532618	0.5928571428571429	1392	383	47	21
compound	3	sci=mask,other=negate	10.0	hybrid	1	0.12696075109230034	0.8008381545764723	5918	140	0.22717461035623002	0.3577597809532618	0.5928571428571429	1392	383	47	21
compound	3	sci=mask,other=negate	10.0	hybrid	2	0.12695515473463675	0.8008332097117141	5918	140	0.22717461035623002	0.3577597809532618	0.5928571428571429	1392	383	47	21
compound	3	sci=mask,other=negate	10.0	hybrid	3	0.12692883096984792	0.8008183751174406	5918	140	0.22710176653338618	0.3577597809532618	0.5928571428571429	1392	383	47	21
compound	3	sci=mask,other=mask	10.0	degree	0	0.09468129550661689	0.7564209068881966	5918	140	0.035037856879962144	0.23696259579660403	0.4642857142857143	0	1775	0	68
compound	3	sci=mask,other=mask	10.0	mf	1	0.07249789267814968	0.7022845275181724	5918	140	0.08455244217874208	0.1807172443172201	0.42142857142857143	0	1775	0	68
compound	3	sci=mask,other=mask	10.0	mf	2	0.08367743917799109	0.7092722395292489	5918	140	0.08779580188209955	0.18519152439622907	0.42857142857142855	0	1775	0	68
compound	3	sci=mask,other=mask	10.0	mf	3	0.06962798313097737	0.6978322949117342	5918	140	0.06024233193207726	0.17495389960923466	0.42142857142857143	0	1775	0	68
compound	3	sci=mask,other=mask	10.0	graph	1	0.2642794105790551	0.8324247144340603	5918	140	0.2629415502169097	0.43750243155723334	0.6785714285714286	0	1775	0	68
compound	3	sci=mask,other=mask	10.0	graph	2	0.2642794105790551	0.8324247144340603	5918	140	0.2629415502169097	0.43750243155723334	0.6785714285714286	0	1775	0	68
compound	3	sci=mask,other=mask	10.0	graph	3	0.2642794105790551	0.8324247144340603	5918	140	0.2629415502169097	0.43750243155723334	0.6785714285714286	0	1775	0	68
compound	3	sci=mask,other=mask	10.0	hybrid	1	0.26429377811916305	0.8324247144340603	5918	140	0.2629415502169097	0.43750243155723334	0.6785714285714286	0	1775	0	68
compound	3	sci=mask,other=mask	10.0	hybrid	2	0.26441208168316876	0.8324271868664394	5918	140	0.2629415502169097	0.4375087977400701	0.6785714285714286	0	1775	0	68
compound	3	sci=mask,other=mask	10.0	hybrid	3	0.26428394478013506	0.8324210057854918	5918	140	0.2629221643608303	0.43750243155723334	0.6785714285714286	0	1775	0	68
compound	3	typed_scoped	10.0	degree	0	0.09468129550661689	0.7564209068881966	5918	140	0.035037856879962144	0.23696259579660403	0.4642857142857143	209	1566	15	53
compound	3	typed_scoped	10.0	mf	1	0.061912206081368194	0.601492112940711	5918	140	0.07054741428788612	0.1630876033983033	0.32142857142857145	209	1566	15	53
compound	3	typed_scoped	10.0	mf	2	0.0775646000279475	0.6082084754981951	5918	140	0.09042842192423864	0.16672707395918823	0.37857142857142856	209	1566	15	53
compound	3	typed_scoped	10.0	mf	3	0.052094211618168046	0.5976338822133215	5918	140	0.05713755516751954	0.13099722042078235	0.32857142857142857	209	1566	15	53
compound	3	typed_scoped	10.0	graph	1	0.19590041648045894	0.8207165109034268	5918	140	0.23409214287723554	0.3944614525129609	0.6428571428571429	209	1566	15	53
compound	3	typed_scoped	10.0	graph	2	0.19590041648045894	0.8207165109034268	5918	140	0.23409214287723554	0.3944614525129609	0.6428571428571429	209	1566	15	53
compound	3	typed_scoped	10.0	graph	3	0.19590041648045894	0.8207165109034268	5918	140	0.23409214287723554	0.3944614525129609	0.6428571428571429	209	1566	15	53
compound	3	typed_scoped	10.0	hybrid	1	0.19590468206868564	0.8207239282005638	5918	140	0.23409214287723554	0.3944426555204797	0.6428571428571429	209	1566	15	53
compound	3	typed_scoped	10.0	hybrid	2	0.19591510271480037	0.8207362903624584	5918	140	0.23415377995810338	0.3944614525129609	0.6428571428571429	209	1566	15	53
compound	3	typed_scoped	10.0	hybrid	3	0.1958797896988127	0.8207090936062897	5918	140	0.23409214287723554	0.3944426555204797	0.6428571428571429	209	1566	15	53
compound	3	sci=negate,other=negate	3.0	degree	0	0.09468129550661689	0.7564209068881966	5918	140	0.035037856879962144	0.23696259579660403	0.4642857142857143	1775	0	68	0
compound	3	sci=negate,other=negate	3.0	mf	1	0.029470103716029098	0.4350226227562676	5918	140	0.06151980789043612	0.07959841168224313	0.12142857142857143	1775	0	68	0
compound	3	sci=negate,other=negate	3.0	mf	2	0.03912189943025169	0.4337227414330218	5918	140	0.05555222287127491	0.08242435526683413	0.17857142857142858	1775	0	68	0
compound	3	sci=negate,other=negate	3.0	mf	3	0.028892763551437245	0.4300938288087821	5918	140	0.049336429709638585	0.07434816749345668	0.11428571428571428	1775	0	68	0
compound	3	sci=negate,other=negate	3.0	graph	1	0.1250222837628236	0.8041215447757504	5918	140	0.2084413569984543	0.36142892771011637	0.6428571428571429	1775	0	68	0
compound	3	sci=negate,other=negate	3.0	graph	2	0.1250222837628236	0.8041215447757504	5918	140	0.2084413569984543	0.36142892771011637	0.6428571428571429	1775	0	68	0
compound	3	sci=negate,other=negate	3.0	graph	3	0.1250222837628236	0.8041215447757504	5918	140	0.2084413569984543	0.36142892771011637	0.6428571428571429	1775	0	68	0
compound	3	sci=negate,other=negate	3.0	hybrid	1	0.1250386734094645	0.8041264896405085	5918	140	0.20847176137668477	0.3649833494788238	0.6428571428571429	1775	0	68	0
compound	3	sci=negate,other=negate	3.0	hybrid	2	0.12503878430186338	0.8041314345052661	5918	140	0.20847176137668477	0.3650003562815449	0.6428571428571429	1775	0	68	0
compound	3	sci=negate,other=negate	3.0	hybrid	3	0.12502135507269993	0.804120308559561	5918	140	0.2084413569984543	0.36142892771011637	0.6428571428571429	1775	0	68	0
compound	3	sci=negate,other=negate	30.0	degree	0	0.09468129550661689	0.7564209068881966	5918	140	0.035037856879962144	0.23696259579660403	0.4642857142857143	1775	0	68	0
compound	3	sci=negate,other=negate	30.0	mf	1	0.02879009839373066	0.34978489838302923	5918	140	0.06202182175000295	0.07433139054550116	0.12857142857142856	1775	0	68	0
compound	3	sci=negate,other=negate	30.0	mf	2	0.031106276519845346	0.3576942095633684	5918	140	0.0570422051891896	0.07624725590815015	0.16428571428571428	1775	0	68	0
compound	3	sci=negate,other=negate	30.0	mf	3	0.027491665419737615	0.35498318745982294	5918	140	0.04933408354910676	0.06918363472202006	0.1357142857142857	1775	0	68	0
compound	3	sci=negate,other=negate	30.0	graph	1	0.07267869677544812	0.765373584532463	5918	140	0.1657730146200525	0.26502982592107865	0.5	1775	0	68	0
compound	3	sci=negate,other=negate	30.0	graph	2	0.07267869677544812	0.765373584532463	5918	140	0.1657730146200525	0.26502982592107865	0.5	1775	0	68	0
compound	3	sci=negate,other=negate	30.0	graph	3	0.07267869677544812	0.765373584532463	5918	140	0.1657730146200525	0.26502982592107865	0.5	1775	0	68	0
compound	3	sci=negate,other=negate	30.0	hybrid	1	0.0726903027454586	0.765373584532463	5918	140	0.1657730146200525	0.2650417306829834	0.5	1775	0	68	0
compound	3	sci=negate,other=negate	30.0	hybrid	2	0.07269268221100356	0.7653723483162737	5918	140	0.16574933140671413	0.268613159254412	0.5	1775	0	68	0
compound	3	sci=negate,other=negate	30.0	hybrid	3	0.07267761872860314	0.7653772931810314	5918	140	0.1657730146200525	0.268613159254412	0.5	1775	0	68	0
compound	3	sci=negate,other=mask	3.0	degree	0	0.09468129550661689	0.7564209068881966	5918	140	0.035037856879962144	0.23696259579660403	0.4642857142857143	383	1392	21	47
compound	3	sci=negate,other=mask	3.0	mf	1	0.05288755910436245	0.5688584779706275	5918	140	0.059100817679517165	0.14054148085560117	0.2714285714285714	383	1392	21	47
compound	3	sci=negate,other=mask	3.0	mf	2	0.06225721896196211	0.5689264698610492	5918	140	0.056892868832080494	0.14079792120489162	0.35	383	1392	21	47
compound	3	sci=negate,other=mask	3.0	mf	3	0.05008494539163415	0.5647004648172873	5918	140	0.05340305823277248	0.13001350693058847	0.29285714285714287	383	1392	21	47
compound	3	sci=negate,other=mask	3.0	graph	1	0.2004669563874693	0.8158297483063839	5918	140	0.22580195841286077	0.4029571501034524	0.6357142857142857	383	1392	21	47
compound	3	sci=negate,other=mask	3.0	graph	2	0.2004669563874693	0.8158297483063839	5918	140	0.22580195841286077	0.4029571501034524	0.6357142857142857	383	1392	21	47
compound	3	sci=negate,other=mask	3.0	graph	3	0.2004669563874693	0.8158297483063839	5918	140	0.22580195841286077	0.4029571501034524	0.6357142857142857	383	1392	21	47
compound	3	sci=negate,other=mask	3.0	hybrid	1	0.2009645088690727	0.8158371656035208	5918	140	0.22580195841286077	0.4029571501034524	0.6357142857142857	383	1392	21	47
compound	3	sci=negate,other=mask	3.0	hybrid	2	0.20046879771527526	0.8158322207387629	5918	140	0.22580195841286077	0.4029571501034524	0.6357142857142857	383	1392	21	47
compound	3	sci=negate,other=mask	3.0	hybrid	3	0.20046284802416356	0.8158297483063838	5918	140	0.22580195841286077	0.4029571501034524	0.6357142857142857	383	1392	21	47
compound	3	sci=negate,other=mask	30.0	degree	0	0.09468129550661689	0.7564209068881966	5918	140	0.035037856879962144	0.23696259579660403	0.4642857142857143	383	1392	21	47
compound	3	sci=negate,other=mask	30.0	mf	1	0.05175004606320891	0.5190704890471245	5918	140	0.06257060572252231	0.14438396403645812	0.2857142857142857	383	1392	21	47
compound	3	sci=negate,other=mask	30.0	mf	2	0.05809159934508554	0.5259945359244425	5918	140	0.05510833175962205	0.1466904026375002	0.34285714285714286	383	1392	21	47
compound	3	sci=negate,other=mask	30.0	mf	3	0.047932905657323804	0.519780695247985	5918	140	0.05389224380815223	0.12872844124712737	0.3	383	1392	21	47
compound	3	sci=negate,other=mask	30.0	graph	1	0.13921272107136376	0.7980579043663155	5918	140	0.21256830108074948	0.34092376741726316	0.6	383	1392	21	47
compound	3	sci=negate,other=mask	30.0	graph	2	0.13921272107136376	0.7980579043663155	5918	140	0.21256830108074948	0.34092376741726316	0.6	383	1392	21	47
compound	3	sci=negate,other=mask	30.0	graph	3	0.13921272107136376	0.7980579043663155	5918	140	0.21256830108074948	0.34092376741726316	0.6	383	1392	21	47
compound	3	sci=negate,other=mask	30.0	hybrid	1	0.13922398402105898	0.7980653216634525	5918	140	0.21256830108074948	0.34092376741726316	0.6	383	1392	21	47
compound	3	sci=negate,other=mask	30.0	hybrid	2	0.1392069362391554	0.7980628492310734	5918	140	0.21256830108074948	0.34092693357734416	0.6	383	1392	21	47
compound	3	sci=negate,other=mask	30.0	hybrid	3	0.13920704729589348	0.7980480146367998	5918	140	0.21254762283426482	0.34092376741726316	0.6	383	1392	21	47
compound	4	sci=ignore,other=ignore	10.0	degree	0	0.07900845561564725	0.7508573419315505	5924	143	0.03644154950656498	0.20607278272338223	0.44755244755244755	0	0	0	0
compound	4	sci=ignore,other=ignore	10.0	disease_degree	0	0.07900845561564725	0.7508573419315505	5924	143	0.03644154950656498	0.20607278272338223	0.44755244755244755	0	0	0	0
compound	4	sci=ignore,other=ignore	10.0	mf	1	0.07943130101413035	0.7417226433832558	5924	143	0.11334892605229052	0.2028173877782659	0.4125874125874126	0	0	0	0
compound	4	sci=ignore,other=ignore	10.0	mf	2	0.09110842160861612	0.7482850137235192	5924	143	0.06672445941497072	0.2123743513321247	0.40559440559440557	0	0	0	0
compound	4	sci=ignore,other=ignore	10.0	mf	3	0.07581347950475116	0.7479057873453306	5924	143	0.06819300516402908	0.18267436531449593	0.4825174825174825	0	0	0	0
compound	4	sci=ignore,other=ignore	10.0	graph	1	0.274560672678891	0.8519045389828992	5924	143	0.4119915978287384	0.5084635068399769	0.7202797202797203	0	0	0	0
compound	4	sci=ignore,other=ignore	10.0	graph	2	0.274560672678891	0.8519045389828992	5924	143	0.4119915978287384	0.5084635068399769	0.7202797202797203	0	0	0	0
compound	4	sci=ignore,other=ignore	10.0	graph	3	0.274560672678891	0.8519045389828992	5924	143	0.4119915978287384	0.5084635068399769	0.7202797202797203	0	0	0	0
compound	4	sci=ignore,other=ignore	10.0	hybrid	1	0.27419744762200426	0.8519045389828991	5924	143	0.4119915978287384	0.5084682254681774	0.7202797202797203	0	0	0	0
compound	4	sci=ignore,other=ignore	10.0	hybrid	2	0.2745638784674636	0.8519057486364181	5924	143	0.4119915978287384	0.5084635068399769	0.7202797202797203	0	0	0	0
compound	4	sci=ignore,other=ignore	10.0	hybrid	3	0.2742038013853878	0.8519033293293802	5924	143	0.4119915978287384	0.5084635068399769	0.7202797202797203	0	0	0	0
compound	4	sci=ignore,other=negate	10.0	degree	0	0.07900845561564725	0.7508573419315505	5924	143	0.03644154950656498	0.20607278272338223	0.44755244755244755	1376	0	53	0
compound	4	sci=ignore,other=negate	10.0	mf	1	0.02464907058604619	0.35113943313216794	5924	143	0.052203944444845614	0.08464673756431551	0.1888111888111888	1376	0	53	0
compound	4	sci=ignore,other=negate	10.0	mf	2	0.027814072669391877	0.3556828917493163	5924	143	0.06229521297794862	0.093164666771044	0.20279720279720279	1376	0	53	0
compound	4	sci=ignore,other=negate	10.0	mf	3	0.02672717845035564	0.3482652963711604	5924	143	0.047112810251494136	0.0846324386480846	0.24475524475524477	1376	0	53	0
compound	4	sci=ignore,other=negate	10.0	graph	1	0.19956857492053984	0.8240558956698033	5924	143	0.3349515196898825	0.3875005294832005	0.6573426573426573	1376	0	53	0
compound	4	sci=ignore,other=negate	10.0	graph	2	0.19956857492053984	0.8240558956698033	5924	143	0.3349515196898825	0.3875005294832005	0.6573426573426573	1376	0	53	0
compound	4	sci=ignore,other=negate	10.0	graph	3	0.19956857492053984	0.8240558956698033	5924	143	0.3349515196898825	0.3875005294832005	0.6573426573426573	1376	0	53	0
compound	4	sci=ignore,other=negate	10.0	hybrid	1	0.19954932762521657	0.8240522667092465	5924	143	0.3349515196898825	0.3875005294832005	0.6573426573426573	1376	0	53	0
compound	4	sci=ignore,other=negate	10.0	hybrid	2	0.19957573837627743	0.8240571053233222	5924	143	0.33500491795550674	0.3875005294832005	0.6573426573426573	1376	0	53	0
compound	4	sci=ignore,other=negate	10.0	hybrid	3	0.19956033670597295	0.8240534763627655	5924	143	0.3349515196898825	0.3875005294832005	0.6573426573426573	1376	0	53	0
compound	4	sci=ignore,other=mask	10.0	degree	0	0.07900845561564725	0.7508573419315505	5924	143	0.03644154950656498	0.20607278272338223	0.44755244755244755	0	1376	0	53
compound	4	sci=ignore,other=mask	10.0	mf	1	0.0789028673163594	0.7425464174296557	5924	143	0.12357654592484711	0.20291978421683854	0.4125874125874126	0	1376	0	53
compound	4	sci=ignore,other=mask	10.0	mf	2	0.0908803898105876	0.7480660664365906	5924	143	0.06627688736780793	0.21271833192042192	0.4125874125874126	0	1376	0	53
compound	4	sci=ignore,other=mask	10.0	mf	3	0.07563924636732716	0.7486521435665182	5924	143	0.0678106181148249	0.1822618698848348	0.46853146853146854	0	1376	0	53
compound	4	sci=ignore,other=mask	10.0	graph	1	0.26005967781577	0.8539331279341658	5924	143	0.4037863714197255	0.4954199873838784	0.7272727272727273	0	1376	0	53
compound	4	sci=ignore,other=mask	10.0	graph	2	0.26005967781577	0.8539331279341658	5924	143	0.4037863714197255	0.4954199873838784	0.7272727272727273	0	1376	0	53
compound	4	sci=ignore,other=mask	10.0	graph	3	0.26005967781577	0.8539331279341658	5924	143	0.4037863714197255	0.4954199873838784	0.7272727272727273	0	1376	0	53
compound	4	sci=ignore,other=mask	10.0	hybrid	1	0.2600847415463161	0.8539440148158364	5924	143	0.4037786820694756	0.49540833237222337	0.7272727272727273	0	1376	0	53
compound	4	sci=ignore,other=mask	10.0	hybrid	2	0.2600629916126376	0.8539403858552793	5924	143	0.4037863714197255	0.4954199873838784	0.7272727272727273	0	1376	0	53
compound	4	sci=ignore,other=mask	10.0	hybrid	3	0.26006643476061625	0.8539379665482416	5924	143	0.4037786820694756	0.49540833237222337	0.7272727272727273	0	1376	0	53
compound	4	sci=negate,other=ignore	10.0	degree	0	0.07900845561564725	0.7508573419315505	5924	143	0.03644154950656498	0.20607278272338223	0.44755244755244755	379	0	27	0
compound	4	sci=negate,other=ignore	10.0	mf	1	0.04694729261473603	0.540968545379547	5924	143	0.10982822176828537	0.12918152685590567	0.3076923076923077	379	0	27	0
compound	4	sci=negate,other=ignore	10.0	mf	2	0.0513804567627543	0.5430310046293441	5924	143	0.05630077485560587	0.13171118928546022	0.2937062937062937	379	0	27	0
compound	4	sci=negate,other=ignore	10.0	mf	3	0.050039131822378125	0.5454043448335093	5924	143	0.051791840263549604	0.12078836155113735	0.3916083916083916	379	0	27	0
compound	4	sci=negate,other=ignore	10.0	graph	1	0.16704435854573838	0.8311577714795151	5924	143	0.2981428241322048	0.3804521794684866	0.6433566433566433	379	0	27	0
compound	4	sci=negate,other=ignore	10.0	graph	2	0.16704435854573838	0.8311577714795151	5924	143	0.2981428241322048	0.3804521794684866	0.6433566433566433	379	0	27	0
compound	4	sci=negate,other=ignore	10.0	graph	3	0.16704435854573838	0.8311577714795151	5924	143	0.2981428241322048	0.3804521794684866	0.6433566433566433	379	0	27	0
compound	4	sci=negate,other=ignore	10.0	hybrid	1	0.1673021803555951	0.8323891987617986	5924	143	0.29995200812027195	0.3820550422309339	0.6433566433566433	379	0	27	0
compound	4	sci=negate,other=ignore	10.0	hybrid	2	0.16716867405104496	0.8318629994810586	5924	143	0.2989962110370919	0.37940649313223623	0.6433566433566433	379	0	27	0
compound	4	sci=negate,other=ignore	10.0	hybrid	3	0.16673355579720534	0.8314722813944403	5924	143	0.29803236584426923	0.3803698486504269	0.6433566433566433	379	0	27	0
compound	4	sci=negate,other=negate	10.0	degree	0	0.07900845561564725	0.7508573419315505	5924	143	0.03644154950656498	0.20607278272338223	0.44755244755244755	1755	0	80	0
compound	4	sci=negate,other=negate	10.0	mf	1	0.023957982253462008	0.3150294611114538	5924	143	0.04657880783268434	0.07430627845666356	0.13986013986013987	1755	0	80	0
compound	4	sci=negate,other=negate	10.0	mf	2	0.027847999281437847	0.3185035860178569	5924	143	0.061021570265677456	0.07842536534553854	0.13986013986013987	1755	0	80	0
compound	4	sci=negate,other=negate	10.0	mf	3	0.030255935060005745	0.31418088916791564	5924	143	0.04846080101420832	0.09874326141378668	0.16783216783216784	1755	0	80	0
compound	4	sci=negate,other=negate	10.0	graph	1	0.12966083877532897	0.8087259566242442	5924	143	0.2515830102923365	0.30618606218248073	0.6083916083916084	1755	0	80	0
compound	4	sci=negate,other=negate	10.0	graph	2	0.12966083877532897	0.8087259566242442	5924	143	0.2515830102923365	0.30618606218248073	0.6083916083916084	1755	0	80	0
compound	4	sci=negate,other=negate	10.0	graph	3	0.12966083877532897	0.8087259566242442	5924	143	0.2515830102923365	0.30618606218248073	0.6083916083916084	1755	0	80	0
compound	4	sci=negate,other=negate	10.0	hybrid	1	0.1308424142043725	0.8090791754517753	5924	143	0.2523757103636726	0.3107091913490547	0.6083916083916084	1755	0	80	0
compound	4	sci=negate,other=negate	10.0	hybrid	2	0.1371184256992333	0.7571366533483814	5924	143	0.29639046633059063	0.3469461254902001	0.5874125874125874	1755	0	80	0
compound	4	sci=negate,other=negate	10.0	hybrid	3	0.13090974079780565	0.8090936912940027	5924	143	0.2515512993140382	0.3107301665369483	0.6153846153846154	1755	0	80	0
compound	4	sci=negate,other=mask	10.0	degree	0	0.07900845561564725	0.7508573419315505	5924	143	0.03644154950656498	0.20607278272338223	0.44755244755244755	379	1376	27	53
compound	4	sci=negate,other=mask	10.0	mf	1	0.0467273757090195	0.5392097091630045	5924	143	0.09844781183132206	0.1283458602718714	0.3076923076923077	379	1376	27	53
compound	4	sci=negate,other=mask	10.0	mf	2	0.05142545780880349	0.5418068352681742	5924	143	0.05611394906654599	0.1319517990256873	0.3076923076923077	379	1376	27	53
compound	4	sci=negate,other=mask	10.0	mf	3	0.04992422924031579	0.5449349992681596	5924	143	0.05087904113432633	0.12023247764778061	0.3916083916083916	379	1376	27	53
compound	4	sci=negate,other=mask	10.0	graph	1	0.16360726381802262	0.8332105535011607	5924	143	0.2849877136579722	0.3834004914209645	0.6433566433566433	379	1376	27	53
compound	4	sci=negate,other=mask	10.0	graph	2	0.16360726381802262	0.8332105535011607	5924	143	0.2849877136579722	0.3834004914209645	0.6433566433566433	379	1376	27	53
compound	4	sci=negate,other=mask	10.0	graph	3	0.16360726381802262	0.8332105535011607	5924	143	0.2849877136579722	0.3834004914209645	0.6433566433566433	379	1376	27	53
compound	4	sci=negate,other=mask	10.0	hybrid	1	0.16482843399669062	0.8351677728948097	5924	143	0.2938767936358892	0.38468808890246314	0.6503496503496503	379	1376	27	53
compound	4	sci=negate,other=mask	10.0	hybrid	2	0.16217708868589759	0.833983522099765	5924	143	0.28270431840422733	0.3846824534851146	0.6433566433566433	379	1376	27	53
compound	4	sci=negate,other=mask	10.0	hybrid	3	0.16302196921181275	0.8333920015290021	5924	143	0.28367668301116916	0.3859834156895687	0.6433566433566433	379	1376	27	53
compound	4	sci=mask,other=ignore	10.0	degree	0	0.07900845561564725	0.7508573419315505	5924	143	0.03644154950656498	0.20607278272338223	0.44755244755244755	0	379	0	27
compound	4	sci=mask,other=ignore	10.0	mf	1	0.07920725375772228	0.7421036842417226	5924	143	0.12987829185935826	0.20283871705285164	0.4125874125874126	0	379	0	27
compound	4	sci=mask,other=ignore	10.0	mf	2	0.09126224339937407	0.747907601825609	5924	143	0.06637665343651744	0.21246664051176367	0.40559440559440557	0	379	0	27
compound	4	sci=mask,other=ignore	10.0	mf	3	0.07584016254426744	0.7489146383801287	5924	143	0.06747532138120961	0.18274115068252014	0.4825174825174825	0	379	0	27
compound	4	sci=mask,other=ignore	10.0	graph	1	0.27620705323910016	0.8518827652195582	5924	143	0.41419157709536775	0.5130679954182362	0.7202797202797203	0	379	0	27
compound	4	sci=mask,other=ignore	10.0	graph	2	0.27620705323910016	0.8518827652195582	5924	143	0.41419157709536775	0.5130679954182362	0.7202797202797203	0	379	0	27
compound	4	sci=mask,other=ignore	10.0	graph	3	0.27620705323910016	0.8518827652195582	5924	143	0.41419157709536775	0.5130679954182362	0.7202797202797203	0	379	0	27
compound	4	sci=mask,other=ignore	10.0	hybrid	1	0.2762004939858879	0.8518839748730771	5924	143	0.41419157709536775	0.5130679954182362	0.7202797202797203	0	379	0	27
compound	4	sci=mask,other=ignore	10.0	hybrid	2	0.27620678341963695	0.8518839748730772	5924	143	0.4142173599265804	0.5130150180925316	0.7202797202797203	0	379	0	27
compound	4	sci=mask,other=ignore	10.0	hybrid	3	0.2762081329440797	0.851886394180115	5924	143	0.41419157709536775	0.5130755147805943	0.7202797202797203	0	379	0	27
compound	4	sci=mask,other=negate	10.0	degree	0	0.07900845561564725	0.7508573419315505	5924	143	0.03644154950656498	0.20607278272338223	0.44755244755244755	1376	379	53	27
compound	4	sci=mask,other=negate	10.0	mf	1	0.02474309801219724	0.35086786591716534	5924	143	0.05210140979000524	0.08517769512134526	0.18181818181818182	1376	379	53	27
compound	4	sci=mask,other=negate	10.0	mf	2	0.027760154581055872	0.35554257194111893	5924	143	0.06264655840364801	0.09354378010310245	0.20279720279720279	1376	379	53	27
compound	4	sci=mask,other=negate	10.0	mf	3	0.026592061958658736	0.34808868695739476	5924	143	0.047004279222025096	0.08471353724748165	0.23776223776223776	1376	379	53	27
compound	4	sci=mask,other=negate	10.0	graph	1	0.20185381846917874	0.824207102359671	5924	143	0.3381681280834126	0.38541955376508913	0.6643356643356644	1376	379	53	27
compound	4	sci=mask,other=negate	10.0	graph	2	0.20185381846917874	0.824207102359671	5924	143	0.3381681280834126	0.38541955376508913	0.6643356643356644	1376	379	53	27
compound	4	sci=mask,other=negate	10.0	graph	3	0.20185381846917874	0.824207102359671	5924	143	0.3381681280834126	0.38541955376508913	0.6643356643356644	1376	379	53	27
compound	4	sci=mask,other=negate	10.0	hybrid	1	0.20185490120597346	0.8242095216667089	5924	143	0.33826149876501865	0.38541955376508913	0.6643356643356644	1376	379	53	27
compound	4	sci=mask,other=negate	10.0	hybrid	2	0.2018790953929632	0.824211940973747	5924	143	0.3382902422885718	0.38541955376508913	0.6643356643356644	1376	379	53	27
compound	4	sci=mask,other=negate	10.0	hybrid	3	0.2018577828193236	0.8242143602807848	5924	143	0.33826149876501865	0.38541955376508913	0.6643356643356644	1376	379	53	27
compound	4	sci=mask,other=mask	10.0	degree	0	0.07900845561564725	0.7508573419315505	5924	143	0.03644154950656498	0.20607278272338223	0.44755244755244755	0	1755	0	80
compound	4	sci=mask,other=mask	10.0	mf	1	0.07909980566418529	0.7431173738905965	5924	143	0.1287631707200859	0.20301363674252618	0.4125874125874126	0	1755	0	80
compound	4	sci=mask,other=mask	10.0	mf	2	0.09106443276440142	0.7480606229957554	5924	143	0.06560852204046394	0.2127076487510513	0.4125874125874126	0	1755	0	80
compound	4	sci=mask,other=mask	10.0	mf	3	0.07586024999859484	0.7492267289880159	5924	143	0.06869175484425874	0.1822695614997427	0.46853146853146854	0	1755	0	80
compound	4	sci=mask,other=mask	10.0	graph	1	0.26291389217934424	0.8536041021770134	5924	143	0.4050820440328759	0.5077025004747331	0.7202797202797203	0	1755	0	80
compound	4	sci=mask,other=mask	10.0	graph	2	0.26291389217934424	0.8536041021770134	5924	143	0.4050820440328759	0.5077025004747331	0.7202797202797203	0	1755	0	80
compound	4	sci=mask,other=mask	10.0	graph	3	0.26291389217934424	0.8536041021770134	5924	143	0.4050820440328759	0.5077025004747331	0.7202797202797203	0	1755	0	80
compound	4	sci=mask,other=mask	10.0	hybrid	1	0.2629031172705568	0.853610150444608	5924	143	0.4050820440328759	0.5077025004747331	0.7202797202797203	0	1755	0	80
compound	4	sci=mask,other=mask	10.0	hybrid	2	0.2628984905412709	0.8536137794051649	5924	143	0.4050820440328759	0.5077025004747331	0.7202797202797203	0	1755	0	80
compound	4	sci=mask,other=mask	10.0	hybrid	3	0.2628741229020111	0.8536065214840514	5924	143	0.4050891586348851	0.5077025004747331	0.7202797202797203	0	1755	0	80
compound	4	typed_scoped	10.0	degree	0	0.07900845561564725	0.7508573419315505	5924	143	0.03644154950656498	0.20607278272338223	0.44755244755244755	199	1556	10	70
compound	4	typed_scoped	10.0	mf	1	0.058439833289778795	0.5836009691743994	5924	143	0.10748062014422245	0.1618594136250797	0.35664335664335667	199	1556	10	70
compound	4	typed_scoped	10.0	mf	2	0.06623991919431504	0.5833511757227378	5924	143	0.057859837163801255	0.16871590738909517	0.34965034965034963	199	1556	10	70
compound	4	typed_scoped	10.0	mf	3	0.0764165849087554	0.5891938022192303	5924	143	0.05354092419190387	0.18447357975398343	0.40559440559440557	199	1556	10	70
compound	4	typed_scoped	10.0	graph	1	0.22801291179993724	0.8496618413587795	5924	143	0.37549794734785497	0.4732858685431097	0.6783216783216783	199	1556	10	70
compound	4	typed_scoped	10.0	graph	2	0.22801291179993724	0.8496618413587795	5924	143	0.37549794734785497	0.4732858685431097	0.6783216783216783	199	1556	10	70
compound	4	typed_scoped	10.0	graph	3	0.22801291179993724	0.8496618413587795	5924	143	0.37549794734785497	0.4732858685431097	0.6783216783216783	199	1556	10	70
compound	4	typed_scoped	10.0	hybrid	1	0.2280154954860586	0.8496606317052606	5924	143	0.37549794734785497	0.4732858685431097	0.6783216783216783	199	1556	10	70
compound	4	typed_scoped	10.0	hybrid	2	0.22802304744532942	0.849676357201007	5924	143	0.37549794734785497	0.4732858685431097	0.6783216783216783	199	1556	10	70
compound	4	typed_scoped	10.0	hybrid	3	0.22801707186733497	0.8496654703193365	5924	143	0.37549794734785497	0.4732858685431097	0.6783216783216783	199	1556	10	70
compound	4	sci=negate,other=negate	3.0	degree	0	0.07900845561564725	0.7508573419315505	5924	143	0.03644154950656498	0.20607278272338223	0.44755244755244755	1755	0	80	0
compound	4	sci=negate,other=negate	3.0	mf	1	0.025112001160277803	0.36853787969511886	5924	143	0.04580119388608258	0.07812265878158296	0.13286713286713286	1755	0	80	0
compound	4	sci=negate,other=negate	3.0	mf	2	0.029035286219670213	0.3730970638080135	5924	143	0.061448793471974204	0.08314530290935782	0.13286713286713286	1755	0	80	0
compound	4	sci=negate,other=negate	3.0	mf	3	0.0281781819983471	0.3595332189001105	5924	143	0.046413273500863404	0.07563481668163312	0.18181818181818182	1755	0	80	0
compound	4	sci=negate,other=negate	3.0	graph	1	0.2207993387176573	0.8043627363814182	5924	143	0.3746949266780449	0.4080789231836953	0.6503496503496503	1755	0	80	0
compound	4	sci=negate,other=negate	3.0	graph	2	0.2207993387176573	0.8043627363814182	5924	143	0.3746949266780449	0.4080789231836953	0.6503496503496503	1755	0	80	0
compound	4	sci=negate,other=negate	3.0	graph	3	0.2207993387176573	0.8043627363814182	5924	143	0.3746949266780449	0.4080789231836953	0.6503496503496503	1755	0	80	0
compound	4	sci=negate,other=negate	3.0	hybrid	1	0.230620689344936	0.8035196078787153	5924	143	0.3682487638092264	0.44579213667537826	0.6293706293706294	1755	0	80	0
compound	4	sci=negate,other=negate	3.0	hybrid	2	0.22154404572262973	0.7860074538849837	5924	143	0.3626857107009825	0.3909334041712172	0.6223776223776224	1755	0	80	0
compound	4	sci=negate,other=negate	3.0	hybrid	3	0.2163947974047975	0.7930802980102409	5924	143	0.3338023172046236	0.43022844596219745	0.5874125874125874	1755	0	80	0
compound	4	sci=negate,other=negate	30.0	degree	0	0.07900845561564725	0.7508573419315505	5924	143	0.03644154950656498	0.20607278272338223	0.44755244755244755	1755	0	80	0
compound	4	sci=negate,other=negate	30.0	mf	1	0.02266012652723218	0.29784451839459625	5924	143	0.0464800290839505	0.0719934025464379	0.13986013986013987	1755	0	80	0
compound	4	sci=negate,other=negate	30.0	mf	2	0.028152944736427894	0.3011420338872337	5924	143	0.062337205311286135	0.07974838375598903	0.14685314685314685	1755	0	80	0
compound	4	sci=negate,other=negate	30.0	mf	3	0.027791450481920044	0.2981729393249891	5924	143	0.05000620608582811	0.07776399297579464	0.15384615384615385	1755	0	80	0
compound	4	sci=negate,other=negate	30.0	graph	1	0.11991619898864496	0.7914545236807822	5924	143	0.22451684854624052	0.27494909030650205	0.5804195804195804	1755	0	80	0
compound	4	sci=negate,other=negate	30.0	graph	2	0.11991619898864496	0.7914545236807822	5924	143	0.22451684854624052	0.27494909030650205	0.5804195804195804	1755	0	80	0
compound	4	sci=negate,other=negate	30.0	graph	3	0.11991619898864496	0.7914545236807822	5924	143	0.22451684854624052	0.27494909030650205	0.5804195804195804	1755	0	80	0
compound	4	sci=negate,other=negate	30.0	hybrid	1	0.0982266539521551	0.7245764095790042	5924	143	0.20530771409125373	0.28402242675274414	0.5104895104895105	1755	0	80	0
compound	4	sci=negate,other=negate	30.0	hybrid	2	0.11832893883215416	0.7901456785732863	5924	143	0.22503439550270493	0.2751827275996066	0.5664335664335665	1755	0	80	0
compound	4	sci=negate,other=negate	30.0	hybrid	3	0.11832320030735884	0.7904674464093249	5924	143	0.22412966153742298	0.27510095409329816	0.5734265734265734	1755	0	80	0
compound	4	sci=negate,other=mask	3.0	degree	0	0.07900845561564725	0.7508573419315505	5924	143	0.03644154950656498	0.20607278272338223	0.44755244755244755	379	1376	27	53
compound	4	sci=negate,other=mask	3.0	mf	1	0.04730395691646283	0.562557231732115	5924	143	0.1006760097423157	0.1301400498427698	0.3006993006993007	379	1376	27	53
compound	4	sci=negate,other=mask	3.0	mf	2	0.05159392721035193	0.5629558125666065	5924	143	0.05525755864019048	0.13406977047072377	0.2867132867132867	379	1376	27	53
compound	4	sci=negate,other=mask	3.0	mf	3	0.05040152932564701	0.5646825929648971	5924	143	0.04944023916458649	0.12120224641103493	0.38461538461538464	379	1376	27	53
compound	4	sci=negate,other=mask	3.0	graph	1	0.18591049034312032	0.8458973996078304	5924	143	0.33769832184120735	0.4150377093882177	0.6853146853146853	379	1376	27	53
compound	4	sci=negate,other=mask	3.0	graph	2	0.18591049034312032	0.8458973996078304	5924	143	0.33769832184120735	0.4150377093882177	0.6853146853146853	379	1376	27	53
compound	4	sci=negate,other=mask	3.0	graph	3	0.18591049034312032	0.8458973996078304	5924	143	0.33769832184120735	0.4150377093882177	0.6853146853146853	379	1376	27	53
compound	4	sci=negate,other=mask	3.0	hybrid	1	0.18593627922063716	0.8459034478754252	5924	143	0.3378435651237055	0.4150377093882177	0.6853146853146853	379	1376	27	53
compound	4	sci=negate,other=mask	3.0	hybrid	2	0.18589965983523188	0.8458901416867168	5924	143	0.3378435651237055	0.4150377093882177	0.6853146853146853	379	1376	27	53
compound	4	sci=negate,other=mask	3.0	hybrid	3	0.18590964764980417	0.8458973996078304	5924	143	0.3378435651237055	0.4150377093882177	0.6853146853146853	379	1376	27	53
compound	4	sci=negate,other=mask	30.0	degree	0	0.07900845561564725	0.7508573419315505	5924	143	0.03644154950656498	0.20607278272338223	0.44755244755244755	379	1376	27	53
compound	4	sci=negate,other=mask	30.0	mf	1	0.04744061426252858	0.5331590222612537	5924	143	0.09695467760070318	0.1288520515779919	0.3076923076923077	379	1376	27	53
compound	4	sci=negate,other=mask	30.0	mf	2	0.05210019966157216	0.535996869416693	5924	143	0.05699492912747279	0.13305166918468128	0.3006993006993007	379	1376	27	53
compound	4	sci=negate,other=mask	30.0	mf	3	0.06065714786670431	0.5405155301367028	5924	143	0.05140807062924071	0.15881173961526787	0.3776223776223776	379	1376	27	53
compound	4	sci=negate,other=mask	30.0	graph	1	0.1543910981877167	0.8255498177656974	5924	143	0.27197129684793175	0.37304572979229744	0.6363636363636364	379	1376	27	53
compound	4	sci=negate,other=mask	30.0	graph	2	0.1543910981877167	0.8255498177656974	5924	143	0.27197129684793175	0.37304572979229744	0.6363636363636364	379	1376	27	53
compound	4	sci=negate,other=mask	30.0	graph	3	0.1543910981877167	0.8255498177656974	5924	143	0.27197129684793175	0.37304572979229744	0.6363636363636364	379	1376	27	53
compound	4	sci=negate,other=mask	30.0	hybrid	1	0.15427715960315078	0.8255619143008869	5924	143	0.27186628742242214	0.374732211412104	0.6363636363636364	379	1376	27	53
compound	4	sci=negate,other=mask	30.0	hybrid	2	0.14595456297509685	0.7800583778788241	5924	143	0.28030606308495143	0.348943781068171	0.6083916083916084	379	1376	27	53
compound	4	sci=negate,other=mask	30.0	hybrid	3	0.14945471047161854	0.8245603211872023	5924	143	0.27126374535776626	0.3732988193154612	0.6293706293706294	379	1376	27	53
