task	pseed	policy	w_neg	model	seed	AP	AUROC	n	n_pos	macroAP_disease	MRR	Hits@10	negated	masked	test_pos_negated	test_pos_masked
random	42	sci=ignore,other=ignore	10.0	degree	0	0.04858745345585884	0.6812530345108854	8676	151	0.14736216088212917	0.21041825360951621	0.4503311258278146	0	0	0	0
random	42	sci=ignore,other=ignore	10.0	disease_degree	0	0.057899519453522445	0.7291817987609486	8676	151	0.02526047243373251	0.21041825360951621	0.4503311258278146	0	0	0	0
random	42	sci=ignore,other=ignore	10.0	mf	1	0.1710494709603612	0.8429434270066614	8676	151	0.2965119997887938	0.38300808769484224	0.6754966887417219	0	0	0	0
random	42	sci=ignore,other=ignore	10.0	mf	2	0.17082565567626448	0.8433151424520791	8676	151	0.2966647770699021	0.38227173653567464	0.6688741721854304	0	0	0	0
random	42	sci=ignore,other=ignore	10.0	mf	3	0.1711139348894508	0.8436177196014838	8676	151	0.29779855671102873	0.3836416515516924	0.6754966887417219	0	0	0	0
random	42	sci=ignore,other=ignore	10.0	graph	1	0.24874022308221927	0.831018236196617	8676	151	0.32455396803022657	0.4279121750997007	0.6490066225165563	0	0	0	0
random	42	sci=ignore,other=ignore	10.0	graph	2	0.24874022308221927	0.831018236196617	8676	151	0.32455396803022657	0.4279121750997007	0.6490066225165563	0	0	0	0
random	42	sci=ignore,other=ignore	10.0	graph	3	0.24874022308221927	0.831018236196617	8676	151	0.32455396803022657	0.4279121750997007	0.6490066225165563	0	0	0	0
random	42	sci=ignore,other=ignore	10.0	hybrid	1	0.24370925615237723	0.8330007185721776	8676	151	0.33901343326431815	0.4319378404739522	0.6688741721854304	0	0	0	0
random	42	sci=ignore,other=ignore	10.0	hybrid	2	0.24369392198322712	0.8330543201724573	8676	151	0.33899313810921905	0.431936499708453	0.6688741721854304	0	0	0	0
random	42	sci=ignore,other=ignore	10.0	hybrid	3	0.24376100062602887	0.8330659726942572	8676	151	0.33887342077136445	0.43187629501248664	0.6622516556291391	0	0	0	0
random	42	sci=ignore,other=negate	10.0	degree	0	0.049041957645343304	0.6851193412441009	8676	151	0.14736216088212917	0.21041825360951621	0.4503311258278146	1383	0	49	0
random	42	sci=ignore,other=negate	10.0	mf	1	0.12929689380060727	0.8194224233361169	8676	151	0.23592604389559432	0.3102480367712089	0.5894039735099338	1383	0	49	0
random	42	sci=ignore,other=negate	10.0	mf	2	0.12949449353005435	0.8197226699811617	8676	151	0.23648902855549347	0.311183086591448	0.5827814569536424	1383	0	49	0
random	42	sci=ignore,other=negate	10.0	mf	3	0.12989913170286607	0.8199479520692937	8676	151	0.23617627488360232	0.31121853244193387	0.5894039735099338	1383	0	49	0
random	42	sci=ignore,other=negate	10.0	graph	1	0.1614523673652199	0.825377638810666	8676	151	0.254196093571032	0.3560986778828168	0.6291390728476821	1383	0	49	0
random	42	sci=ignore,other=negate	10.0	graph	2	0.1614523673652199	0.825377638810666	8676	151	0.254196093571032	0.3560986778828168	0.6291390728476821	1383	0	49	0
random	42	sci=ignore,other=negate	10.0	graph	3	0.1614523673652199	0.825377638810666	8676	151	0.254196093571032	0.3560986778828168	0.6291390728476821	1383	0	49	0
random	42	sci=ignore,other=negate	10.0	hybrid	1	0.15875745562480018	0.8250024276087083	8676	151	0.2685989351276994	0.3541434324902578	0.6490066225165563	1383	0	49	0
random	42	sci=ignore,other=negate	10.0	hybrid	2	0.15893156536414768	0.8250770037482278	8676	151	0.26881939368149127	0.3541422098022955	0.6490066225165563	1383	0	49	0
random	42	sci=ignore,other=negate	10.0	hybrid	3	0.15886484251395655	0.8250591365481346	8676	151	0.26912803565679994	0.354084062151486	0.6490066225165563	1383	0	49	0
random	42	sci=ignore,other=mask	10.0	degree	0	0.04858248231721087	0.6812281757977122	8676	151	0.14736216088212917	0.21041825360951621	0.4503311258278146	0	1383	0	49
random	42	sci=ignore,other=mask	10.0	mf	1	0.17646095523273347	0.8455104775591851	8676	151	0.3063217983258752	0.39283764679117217	0.6821192052980133	0	1383	0	49
random	42	sci=ignore,other=mask	10.0	mf	2	0.17595464234648822	0.8455489308811248	8676	151	0.3042650163731265	0.3920171363399932	0.6887417218543046	0	1383	0	49
random	42	sci=ignore,other=mask	10.0	mf	3	0.17665517487005397	0.845748577421297	8676	151	0.3030205749896119	0.39339233037791366	0.6754966887417219	0	1383	0	49
random	42	sci=ignore,other=mask	10.0	graph	1	0.21929351052034515	0.8307113864558855	8676	151	0.3372202791089033	0.43623246529071247	0.6754966887417219	0	1383	0	49
random	42	sci=ignore,other=mask	10.0	graph	2	0.21929351052034515	0.8307113864558855	8676	151	0.3372202791089033	0.43623246529071247	0.6754966887417219	0	1383	0	49
random	42	sci=ignore,other=mask	10.0	graph	3	0.21929351052034515	0.8307113864558855	8676	151	0.3372202791089033	0.43623246529071247	0.6754966887417219	0	1383	0	49
random	42	sci=ignore,other=mask	10.0	hybrid	1	0.22408939300272693	0.8348612378862325	8676	151	0.35740915977244825	0.443685844431855	0.6754966887417219	0	1383	0	49
random	42	sci=ignore,other=mask	10.0	hybrid	2	0.2241992174645468	0.8349094016430056	8676	151	0.35739553147252456	0.4436879945995681	0.6754966887417219	0	1383	0	49
random	42	sci=ignore,other=mask	10.0	hybrid	3	0.22429441813430148	0.8349117321473657	8676	151	0.35740915977244825	0.4436879945995681	0.6754966887417219	0	1383	0	49
random	42	sci=negate,other=ignore	10.0	degree	0	0.04877969913159213	0.6821790215765862	8676	151	0.14736216088212917	0.21041825360951621	0.4503311258278146	370	0	23	0
random	42	sci=negate,other=ignore	10.0	mf	1	0.14520193595409858	0.8317573944961256	8676	151	0.27219921750522824	0.3600645726086545	0.6225165562913907	370	0	23	0
random	42	sci=negate,other=ignore	10.0	mf	2	0.14497126740301214	0.8306457439164125	8676	151	0.2710565306073459	0.36012564186976415	0.6225165562913907	370	0	23	0
random	42	sci=negate,other=ignore	10.0	mf	3	0.145210533665807	0.830672156299159	8676	151	0.2711927114953976	0.35674656097418667	0.6225165562913907	370	0	23	0
random	42	sci=negate,other=ignore	10.0	graph	1	0.22124776753760586	0.8263750946767396	8676	151	0.2948289331609601	0.40210643897112525	0.6423841059602649	370	0	23	0
random	42	sci=negate,other=ignore	10.0	graph	2	0.22124776753760586	0.8263750946767396	8676	151	0.2948289331609601	0.40210643897112525	0.6423841059602649	370	0	23	0
random	42	sci=negate,other=ignore	10.0	graph	3	0.22124776753760586	0.8263750946767396	8676	151	0.2948289331609601	0.40210643897112525	0.6423841059602649	370	0	23	0
random	42	sci=negate,other=ignore	10.0	hybrid	1	0.21985531309031292	0.8284352605309666	8676	151	0.30656104166856285	0.40925754913039014	0.6291390728476821	370	0	23	0
random	42	sci=negate,other=ignore	10.0	hybrid	2	0.21977210468401748	0.8285028451574061	8676	151	0.30721656610778525	0.4092715725625679	0.6291390728476821	370	0	23	0
random	42	sci=negate,other=ignore	10.0	hybrid	3	0.22001209195644414	0.8284981841486863	8676	151	0.30676879165795656	0.40928028640014197	0.6291390728476821	370	0	23	0
random	42	sci=negate,other=negate	10.0	degree	0	0.04926365610954922	0.6853912334194325	8676	151	0.14736216088212917	0.21041825360951621	0.4503311258278146	1753	0	72	0
random	42	sci=negate,other=negate	10.0	mf	1	0.1080813056467728	0.8037657066283428	8676	151	0.22148856548847087	0.28462104200604177	0.5562913907284768	1753	0	72	0
random	42	sci=negate,other=negate	10.0	mf	2	0.10841754380379838	0.8048062768250763	8676	151	0.22328929718176121	0.28479034041409773	0.5562913907284768	1753	0	72	0
random	42	sci=negate,other=negate	10.0	mf	3	0.10839052610038306	0.8048155988425162	8676	151	0.22243231715992506	0.2844788657874919	0.5562913907284768	1753	0	72	0
random	42	sci=negate,other=negate	10.0	graph	1	0.1365340875952797	0.8231714280165465	8676	151	0.21250017734596027	0.3437148234425541	0.6158940397350994	1753	0	72	0
random	42	sci=negate,other=negate	10.0	graph	2	0.1365340875952797	0.8231714280165465	8676	151	0.21250017734596027	0.3437148234425541	0.6158940397350994	1753	0	72	0
random	42	sci=negate,other=negate	10.0	graph	3	0.1365340875952797	0.8231714280165465	8676	151	0.21250017734596027	0.3437148234425541	0.6158940397350994	1753	0	72	0
random	42	sci=negate,other=negate	10.0	hybrid	1	0.1331475979228691	0.8221763026548329	8676	151	0.23187980440490905	0.3350052879351805	0.6291390728476821	1753	0	72	0
random	42	sci=negate,other=negate	10.0	hybrid	2	0.13310449179825076	0.8222252432463926	8676	151	0.23211646387032095	0.3348853862217357	0.6291390728476821	1753	0	72	0
random	42	sci=negate,other=negate	10.0	hybrid	3	0.13321566805480917	0.822263308150939	8676	151	0.23192289535633895	0.3350052879351805	0.6291390728476821	1753	0	72	0
random	42	sci=negate,other=mask	10.0	degree	0	0.048835022735446355	0.6820205472801072	8676	151	0.14736216088212917	0.21041825360951621	0.4503311258278146	370	1383	23	49
random	42	sci=negate,other=mask	10.0	mf	1	0.15328784247834543	0.834336874405236	8676	151	0.27397327458260645	0.361431895045405	0.6291390728476821	370	1383	23	49
random	42	sci=negate,other=mask	10.0	mf	2	0.1533663248844397	0.8340704200734109	8676	151	0.27329747020836975	0.3616577445533364	0.6291390728476821	370	1383	23	49
random	42	sci=negate,other=mask	10.0	mf	3	0.15354758790495687	0.8337713386805461	8676	151	0.27378323476284183	0.3614118369366155	0.6291390728476821	370	1383	23	49
random	42	sci=negate,other=mask	10.0	graph	1	0.19893849141661188	0.8265475519993785	8676	151	0.308743904436322	0.41983213527243096	0.6357615894039735	370	1383	23	49
random	42	sci=negate,other=mask	10.0	graph	2	0.19893849141661188	0.8265475519993785	8676	151	0.308743904436322	0.41983213527243096	0.6357615894039735	370	1383	23	49
random	42	sci=negate,other=mask	10.0	graph	3	0.19893849141661188	0.8265475519993785	8676	151	0.308743904436322	0.41983213527243096	0.6357615894039735	370	1383	23	49
random	42	sci=negate,other=mask	10.0	hybrid	1	0.2033732395110323	0.8302227573750752	8676	151	0.3197512933370057	0.4195656133533813	0.6291390728476821	370	1383	23	49
random	42	sci=negate,other=mask	10.0	hybrid	2	0.20347972841703432	0.8302724748014216	8676	151	0.31901933783785885	0.41944598300772157	0.6291390728476821	370	1383	23	49
random	42	sci=negate,other=mask	10.0	hybrid	3	0.20341058271270215	0.8302841273232214	8676	151	0.31977420453536	0.4195656133533813	0.6291390728476821	370	1383	23	49
random	42	sci=mask,other=ignore	10.0	degree	0	0.04858406227947119	0.6812367209803655	8676	151	0.14736216088212917	0.21041825360951621	0.4503311258278146	0	370	0	23
random	42	sci=mask,other=ignore	10.0	mf	1	0.1832053792287587	0.8445891515022044	8676	151	0.3067966704054302	0.39918567851216175	0.6688741721854304	0	370	0	23
random	42	sci=mask,other=ignore	10.0	mf	2	0.18229174868262574	0.8448412343904761	8676	151	0.3063362700597971	0.3992100701363478	0.6688741721854304	0	370	0	23
random	42	sci=mask,other=ignore	10.0	mf	3	0.18325883669465534	0.8449391155735955	8676	151	0.306339365451256	0.3992229398015283	0.6688741721854304	0	370	0	23
random	42	sci=mask,other=ignore	10.0	graph	1	0.26600460937213766	0.8329440096327514	8676	151	0.3384420524554377	0.4352891718771997	0.6754966887417219	0	370	0	23
random	42	sci=mask,other=ignore	10.0	graph	2	0.26600460937213766	0.8329440096327514	8676	151	0.3384420524554377	0.4352891718771997	0.6754966887417219	0	370	0	23
random	42	sci=mask,other=ignore	10.0	graph	3	0.26600460937213766	0.8329440096327514	8676	151	0.3384420524554377	0.4352891718771997	0.6754966887417219	0	370	0	23
random	42	sci=mask,other=ignore	10.0	hybrid	1	0.2631477695359065	0.8350717601134179	8676	151	0.35027552230207387	0.44952411967743944	0.6754966887417219	0	370	0	23
random	42	sci=mask,other=ignore	10.0	hybrid	2	0.2632770089519389	0.8351393447398574	8676	151	0.3501955234656847	0.4484314044456514	0.6754966887417219	0	370	0	23
random	42	sci=mask,other=ignore	10.0	hybrid	3	0.26307498186013656	0.8351548814355908	8676	151	0.3502949462735599	0.4484314044456514	0.6754966887417219	0	370	0	23
random	42	sci=mask,other=negate	10.0	degree	0	0.04893650579017945	0.684404653240372	8676	151	0.14736216088212917	0.21041825360951621	0.4503311258278146	1383	370	49	23
random	42	sci=mask,other=negate	10.0	mf	1	0.14259140064123793	0.8212421588238722	8676	151	0.24479795050483943	0.3154489151798544	0.5827814569536424	1383	370	49	23
random	42	sci=mask,other=negate	10.0	mf	2	0.1434098202018224	0.8216239731215162	8676	151	0.2454346462297676	0.3160912593397235	0.5827814569536424	1383	370	49	23
random	42	sci=mask,other=negate	10.0	mf	3	0.1432551367801697	0.8216511623390496	8676	151	0.2360119494748195	0.31611402908698066	0.5827814569536424	1383	370	49	23
random	42	sci=mask,other=negate	10.0	graph	1	0.18023478979481614	0.8263774251810996	8676	151	0.27213281163648934	0.37277203505643525	0.6357615894039735	1383	370	49	23
random	42	sci=mask,other=negate	10.0	graph	2	0.18023478979481614	0.8263774251810996	8676	151	0.27213281163648934	0.37277203505643525	0.6357615894039735	1383	370	49	23
random	42	sci=mask,other=negate	10.0	graph	3	0.18023478979481614	0.8263774251810996	8676	151	0.27213281163648934	0.37277203505643525	0.6357615894039735	1383	370	49	23
random	42	sci=mask,other=negate	10.0	hybrid	1	0.1757845659418494	0.8262849818414868	8676	151	0.2796584213784945	0.3730363254324403	0.6622516556291391	1383	370	49	23
random	42	sci=mask,other=negate	10.0	hybrid	2	0.17704745687381734	0.8263447981200598	8676	151	0.2788852480284511	0.37303680712771564	0.6622516556291391	1383	370	49	23
random	42	sci=mask,other=negate	10.0	hybrid	3	0.17672431414543333	0.8263378066069799	8676	151	0.2797751470479242	0.37319631834515093	0.6622516556291391	1383	370	49	23
random	42	sci=mask,other=mask	10.0	degree	0	0.04854618299333935	0.6812149696063389	8676	151	0.14736216088212917	0.21041825360951621	0.4503311258278146	0	1753	0	72
random	42	sci=mask,other=mask	10.0	mf	1	0.18600660514093414	0.847051717775922	8676	151	0.31139750395562327	0.40987346224774196	0.6556291390728477	0	1753	0	72
random	42	sci=mask,other=mask	10.0	mf	2	0.18506046871883297	0.8468823677924298	8676	151	0.3117079853828058	0.40679559954437594	0.6556291390728477	0	1753	0	72
random	42	sci=mask,other=mask	10.0	mf	3	0.18578670457922086	0.8470742459847351	8676	151	0.31154512735341316	0.4099374570776188	0.6556291390728477	0	1753	0	72
random	42	sci=mask,other=mask	10.0	graph	1	0.22992556967504757	0.8337239517585597	8676	151	0.3355084278145364	0.4509042233324787	0.6622516556291391	0	1753	0	72
random	42	sci=mask,other=mask	10.0	graph	2	0.22992556967504757	0.8337239517585597	8676	151	0.3355084278145364	0.4509042233324787	0.6622516556291391	0	1753	0	72
random	42	sci=mask,other=mask	10.0	graph	3	0.22992556967504757	0.8337239517585597	8676	151	0.3355084278145364	0.4509042233324787	0.6622516556291391	0	1753	0	72
random	42	sci=mask,other=mask	10.0	hybrid	1	0.23536814497679953	0.8380167407896525	8676	151	0.3475078647393787	0.4625586399992092	0.6754966887417219	0	1753	0	72
random	42	sci=mask,other=mask	10.0	hybrid	2	0.23559785279726134	0.8380874327552388	8676	151	0.3475708184427721	0.46249843530324286	0.6688741721854304	0	1753	0	72
random	42	sci=mask,other=mask	10.0	hybrid	3	0.23542424176354962	0.8380843254160921	8676	151	0.34756890971070464	0.46249843530324286	0.6688741721854304	0	1753	0	72
random	42	typed_scoped	10.0	degree	0	0.04859014932896341	0.6813547998679381	8676	151	0.14736216088212917	0.21041825360951621	0.4503311258278146	198	1555	12	60
random	42	typed_scoped	10.0	mf	1	0.17176152273342962	0.8369555844710725	8676	151	0.277021276583998	0.3867260447714446	0.6291390728476821	198	1555	12	60
random	42	typed_scoped	10.0	mf	2	0.17185367144104988	0.8368491581052999	8676	151	0.2771099909649867	0.3867660480864568	0.6291390728476821	198	1555	12	60
random	42	typed_scoped	10.0	mf	3	0.17184812792945675	0.837006467149599	8676	151	0.27646292203308254	0.38651874231972533	0.6291390728476821	198	1555	12	60
random	42	typed_scoped	10.0	graph	1	0.20750113707110013	0.8281330717989552	8676	151	0.301555733489153	0.4329450608792828	0.6423841059602649	198	1555	12	60
random	42	typed_scoped	10.0	graph	2	0.20750113707110013	0.8281330717989552	8676	151	0.301555733489153	0.4329450608792828	0.6423841059602649	198	1555	12	60
random	42	typed_scoped	10.0	graph	3	0.20750113707110013	0.8281330717989552	8676	151	0.301555733489153	0.4329450608792828	0.6423841059602649	198	1555	12	60
random	42	typed_scoped	10.0	hybrid	1	0.2118524108222497	0.8317469072265057	8676	151	0.33156297506953103	0.43369548517372875	0.6556291390728477	198	1555	12	60
random	42	typed_scoped	10.0	hybrid	2	0.21189934379900813	0.8318253675399583	8676	151	0.33171354648626594	0.43369548517372875	0.6556291390728477	198	1555	12	60
random	42	typed_scoped	10.0	hybrid	3	0.21206868598247433	0.8318377968965449	8676	151	0.3316797262277531	0.4336762459078098	0.6556291390728477	198	1555	12	60
random	42	sci=negate,other=negate	3.0	degree	0	0.04878274991284083	0.6821805752461595	8676	151	0.14736216088212917	0.21041825360951621	0.4503311258278146	1753	0	72	0
random	42	sci=negate,other=negate	3.0	mf	1	0.14799756678355172	0.8356446757685809	8676	151	0.26677237971489	0.3600819796574127	0.6357615894039735	1753	0	72	0
random	42	sci=negate,other=negate	3.0	mf	2	0.14787776940733133	0.8359950282573654	8676	151	0.26679049449896847	0.3589237247108964	0.6423841059602649	1753	0	72	0
random	42	sci=negate,other=negate	3.0	mf	3	0.1475480797739748	0.8361445689537977	8676	151	0.26674844795239927	0.35892518205445945	0.6357615894039735	1753	0	72	0
random	42	sci=negate,other=negate	3.0	graph	1	0.18929964162623536	0.8286791866539783	8676	151	0.2697076954138122	0.3785961809097427	0.6357615894039735	1753	0	72	0
random	42	sci=negate,other=negate	3.0	graph	2	0.18929964162623536	0.8286791866539783	8676	151	0.2697076954138122	0.3785961809097427	0.6357615894039735	1753	0	72	0
random	42	sci=negate,other=negate	3.0	graph	3	0.18929964162623536	0.8286791866539783	8676	151	0.2697076954138122	0.3785961809097427	0.6357615894039735	1753	0	72	0
random	42	sci=negate,other=negate	3.0	hybrid	1	0.1959681990257732	0.8292431687090949	8676	151	0.2842291483654372	0.3825101984671703	0.6556291390728477	1753	0	72	0
random	42	sci=negate,other=negate	3.0	hybrid	2	0.19620782812586535	0.8293247363616942	8676	151	0.2842486799032592	0.38256597914909996	0.6556291390728477	1753	0	72	0
random	42	sci=negate,other=negate	3.0	hybrid	3	0.19608320014093492	0.8293146375094677	8676	151	0.28421138462356704	0.3825814036431966	0.6556291390728477	1753	0	72	0
random	42	sci=negate,other=negate	30.0	degree	0	0.05085012855534123	0.6928954574585849	8676	151	0.14736216088212917	0.21041825360951621	0.4503311258278146	1753	0	72	0
random	42	sci=negate,other=negate	30.0	mf	1	0.07797960511461616	0.7427853411275757	8676	151	0.1792021147002026	0.22263796833669716	0.4304635761589404	1753	0	72	0
random	42	sci=negate,other=negate	30.0	mf	2	0.07836346754047935	0.7429107999456216	8676	151	0.17887471463119642	0.22201194267115423	0.4304635761589404	1753	0	72	0
random	42	sci=negate,other=negate	30.0	mf	3	0.07816817547102999	0.7428820570585152	8676	151	0.17902326839829075	0.22181884440870916	0.4304635761589404	1753	0	72	0
random	42	sci=negate,other=negate	30.0	graph	1	0.11579485829696781	0.816560563982055	8676	151	0.19457636959237273	0.32322926925178797	0.5827814569536424	1753	0	72	0
random	42	sci=negate,other=negate	30.0	graph	2	0.11579485829696781	0.816560563982055	8676	151	0.19457636959237273	0.32322926925178797	0.5827814569536424	1753	0	72	0
random	42	sci=negate,other=negate	30.0	graph	3	0.11579485829696781	0.816560563982055	8676	151	0.19457636959237273	0.32322926925178797	0.5827814569536424	1753	0	72	0
random	42	sci=negate,other=negate	30.0	hybrid	1	0.11179363765282567	0.8128919617020449	8676	151	0.20024669220453897	0.31572970926761407	0.5960264900662252	1753	0	72	0
random	42	sci=negate,other=negate	30.0	hybrid	2	0.11186688834129471	0.8129684799285312	8676	151	0.20037437050000137	0.3162206262485973	0.5894039735099338	1753	0	72	0
random	42	sci=negate,other=negate	30.0	hybrid	3	0.11185693602652007	0.8129816861199044	8676	151	0.20025453149127348	0.3163441021005499	0.5894039735099338	1753	0	72	0
random	42	sci=negate,other=mask	3.0	degree	0	0.04858001518226325	0.6812165232759123	8676	151	0.14736216088212917	0.21041825360951621	0.4503311258278146	370	1383	23	49
random	42	sci=negate,other=mask	3.0	mf	1	0.17145546644317247	0.843370297721932	8676	151	0.2931537387792219	0.3811983395424783	0.6821192052980133	370	1383	23	49
random	42	sci=negate,other=mask	3.0	mf	2	0.17139955863112427	0.8433695208871452	8676	151	0.29353131689202183	0.381098489810436	0.6821192052980133	370	1383	23	49
random	42	sci=negate,other=mask	3.0	mf	3	0.17147966923963437	0.8435606222446641	8676	151	0.29338822401053166	0.38158563553109387	0.6821192052980133	370	1383	23	49
random	42	sci=negate,other=mask	3.0	graph	1	0.20762609710889698	0.8291499485346953	8676	151	0.31898546144736983	0.4213010409219333	0.6490066225165563	370	1383	23	49
random	42	sci=negate,other=mask	3.0	graph	2	0.20762609710889698	0.8291499485346953	8676	151	0.31898546144736983	0.4213010409219333	0.6490066225165563	370	1383	23	49
random	42	sci=negate,other=mask	3.0	graph	3	0.20762609710889698	0.8291499485346953	8676	151	0.31898546144736983	0.4213010409219333	0.6490066225165563	370	1383	23	49
random	42	sci=negate,other=mask	3.0	hybrid	1	0.21165993715183176	0.8333409722087357	8676	151	0.3380573993938004	0.42933821722451887	0.6556291390728477	370	1383	23	49
random	42	sci=negate,other=mask	3.0	hybrid	2	0.21189745365597135	0.8333471868870287	8676	151	0.3380651862725512	0.42933767937768885	0.6556291390728477	370	1383	23	49
random	42	sci=negate,other=mask	3.0	hybrid	3	0.21202606656517548	0.8333565089044687	8676	151	0.33810482641635803	0.4294467481445715	0.6556291390728477	370	1383	23	49
random	42	sci=negate,other=mask	30.0	degree	0	0.048928763080194206	0.6835221689227243	8676	151	0.14736216088212917	0.21041825360951621	0.4503311258278146	370	1383	23	49
random	42	sci=negate,other=mask	30.0	mf	1	0.14322859006680683	0.8188036744285409	8676	151	0.28552668593562075	0.34076861930395835	0.5827814569536424	370	1383	23	49
random	42	sci=negate,other=mask	30.0	mf	2	0.14326076144815197	0.8188060049329009	8676	151	0.28648218507770384	0.3408077513543314	0.5827814569536424	370	1383	23	49
random	42	sci=negate,other=mask	30.0	mf	3	0.14324590792234707	0.8187524033326212	8676	151	0.28512333131595924	0.34087576961096755	0.5827814569536424	370	1383	23	49
random	42	sci=negate,other=mask	30.0	graph	1	0.19504775735154456	0.8237276417237964	8676	151	0.30534728455323074	0.4114239548801902	0.6225165562913907	370	1383	23	49
random	42	sci=negate,other=mask	30.0	graph	2	0.19504775735154456	0.8237276417237964	8676	151	0.30534728455323074	0.4114239548801902	0.6225165562913907	370	1383	23	49
random	42	sci=negate,other=mask	30.0	graph	3	0.19504775735154456	0.8237276417237964	8676	151	0.30534728455323074	0.4114239548801902	0.6225165562913907	370	1383	23	49
random	42	sci=negate,other=mask	30.0	hybrid	1	0.19845753715349723	0.8267363228525373	8676	151	0.31143559150226735	0.412809783677374	0.6291390728476821	370	1383	23	49
random	42	sci=negate,other=mask	30.0	hybrid	2	0.19854546061748957	0.8268303198617234	8676	151	0.311416731301182	0.412809783677374	0.6291390728476821	370	1383	23	49
random	42	sci=negate,other=mask	30.0	hybrid	3	0.19858571552978083	0.8268008001398303	8676	151	0.31130751408754126	0.412809783677374	0.6291390728476821	370	1383	23	49
random	1	sci=ignore,other=ignore	10.0	degree	0	0.044338211129890295	0.6895572506930777	8304	151	0.12759962903277255	0.178527256590753	0.41721854304635764	0	0	0	0
random	1	sci=ignore,other=ignore	10.0	disease_degree	0	0.05036590265382888	0.7175272905678891	8304	151	0.027451053222194283	0.178527256590753	0.41721854304635764	0	0	0	0
random	1	sci=ignore,other=ignore	10.0	mf	1	0.16450492190926194	0.8563901639424158	8304	151	0.3307955418442355	0.3400631793724634	0.7152317880794702	0	0	0	0
random	1	sci=ignore,other=ignore	10.0	mf	2	0.16491012314545225	0.8562610114669528	8304	151	0.3298814653620281	0.3397536185002643	0.7152317880794702	0	0	0	0
random	1	sci=ignore,other=ignore	10.0	mf	3	0.16442862071418618	0.8565477462080752	8304	151	0.32956191504634363	0.3403080920635429	0.7218543046357616	0	0	0	0
random	1	sci=ignore,other=ignore	10.0	graph	1	0.23758303237056633	0.847613075429107	8304	151	0.3424379714705876	0.43771684598126853	0.6688741721854304	0	0	0	0
random	1	sci=ignore,other=ignore	10.0	graph	2	0.23758303237056633	0.847613075429107	8304	151	0.3424379714705876	0.43771684598126853	0.6688741721854304	0	0	0	0
random	1	sci=ignore,other=ignore	10.0	graph	3	0.23758303237056633	0.847613075429107	8304	151	0.3424379714705876	0.43771684598126853	0.6688741721854304	0	0	0	0
random	1	sci=ignore,other=ignore	10.0	hybrid	1	0.23173494319015822	0.8483059500301761	8304	151	0.3378440646864519	0.4286271934346783	0.7019867549668874	0	0	0	0
random	1	sci=ignore,other=ignore	10.0	hybrid	2	0.23189876679561086	0.84835306225393	8304	151	0.33786738223735513	0.42861229567386955	0.7019867549668874	0	0	0	0
random	1	sci=ignore,other=ignore	10.0	hybrid	3	0.23169004240998284	0.848306762309896	8304	151	0.33787742552135747	0.42860374179295696	0.7019867549668874	0	0	0	0
random	1	sci=ignore,other=negate	10.0	degree	0	0.04455603714098288	0.6956988976551922	8304	151	0.12759962903277255	0.178527256590753	0.41721854304635764	1380	0	50	0
random	1	sci=ignore,other=negate	10.0	mf	1	0.14699233665869	0.8167017706885613	8304	151	0.2842585708515416	0.2888251799360599	0.6357615894039735	1380	0	50	0
random	1	sci=ignore,other=negate	10.0	mf	2	0.14644089226992377	0.8173349427302183	8304	151	0.2796870046276369	0.28748386225134703	0.6423841059602649	1380	0	50	0
random	1	sci=ignore,other=negate	10.0	mf	3	0.14791334302059325	0.8171663946883405	8304	151	0.27971839250308383	0.28526175830133843	0.6357615894039735	1380	0	50	0
random	1	sci=ignore,other=negate	10.0	graph	1	0.1905263196349405	0.838792529950784	8304	151	0.3099534869893026	0.40738301886090234	0.6622516556291391	1380	0	50	0
random	1	sci=ignore,other=negate	10.0	graph	2	0.1905263196349405	0.838792529950784	8304	151	0.3099534869893026	0.40738301886090234	0.6622516556291391	1380	0	50	0
random	1	sci=ignore,other=negate	10.0	graph	3	0.1905263196349405	0.838792529950784	8304	151	0.3099534869893026	0.40738301886090234	0.6622516556291391	1380	0	50	0
random	1	sci=ignore,other=negate	10.0	hybrid	1	0.180131692032531	0.8377909890561555	8304	151	0.29357322230207344	0.4029238158163129	0.6622516556291391	1380	0	50	0
random	1	sci=ignore,other=negate	10.0	hybrid	2	0.18018083336295707	0.8378490670561277	8304	151	0.29354857543251595	0.4027573492087291	0.6556291390728477	1380	0	50	0
random	1	sci=ignore,other=negate	10.0	hybrid	3	0.18025643695552712	0.837794238175035	8304	151	0.2936435354654306	0.40276613685068696	0.6622516556291391	1380	0	50	0
random	1	sci=ignore,other=mask	10.0	degree	0	0.04430593010248284	0.6894402824134129	8304	151	0.12759962903277255	0.178527256590753	0.41721854304635764	0	1380	0	50
random	1	sci=ignore,other=mask	10.0	mf	1	0.1644211618602255	0.860804091940317	8304	151	0.34441116879406475	0.36035713058402674	0.7350993377483444	0	1380	0	50
random	1	sci=ignore,other=mask	10.0	mf	2	0.1647546625141463	0.860795969143118	8304	151	0.3465795383881831	0.3611983569276509	0.7350993377483444	0	1380	0	50
random	1	sci=ignore,other=mask	10.0	mf	3	0.16476103168338152	0.8606688473669546	8304	151	0.3417214895677038	0.363019548980631	0.7350993377483444	0	1380	0	50
random	1	sci=ignore,other=mask	10.0	graph	1	0.20892350020029726	0.8464994399331333	8304	151	0.331239805491457	0.4396617409344646	0.695364238410596	0	1380	0	50
random	1	sci=ignore,other=mask	10.0	graph	2	0.20892350020029726	0.8464994399331333	8304	151	0.331239805491457	0.4396617409344646	0.695364238410596	0	1380	0	50
random	1	sci=ignore,other=mask	10.0	graph	3	0.20892350020029726	0.8464994399331333	8304	151	0.331239805491457	0.4396617409344646	0.695364238410596	0	1380	0	50
random	1	sci=ignore,other=mask	10.0	hybrid	1	0.21430571815894686	0.8512130991476748	8304	151	0.33203405007978526	0.43341155806137543	0.7086092715231788	0	1380	0	50
random	1	sci=ignore,other=mask	10.0	hybrid	2	0.21445233764279747	0.8512561499728292	8304	151	0.33254991346997165	0.43329203884542156	0.7086092715231788	0	1380	0	50
random	1	sci=ignore,other=mask	10.0	hybrid	3	0.21449518079151592	0.8512667096091879	8304	151	0.33203175304571564	0.4335161432289553	0.7086092715231788	0	1380	0	50
random	1	sci=negate,other=ignore	10.0	degree	0	0.044592202518005226	0.6915928236711306	8304	151	0.12759962903277255	0.178527256590753	0.41721854304635764	371	0	27	0
random	1	sci=negate,other=ignore	10.0	mf	1	0.12589614000862018	0.829102032892455	8304	151	0.29027802962848753	0.299616458480693	0.6754966887417219	371	0	27	0
random	1	sci=negate,other=ignore	10.0	mf	2	0.12623002425908517	0.8290918793959563	8304	151	0.28907413715329866	0.2986903252798538	0.6754966887417219	371	0	27	0
random	1	sci=negate,other=ignore	10.0	mf	3	0.12570117172073922	0.8291653907106067	8304	151	0.2898108479875579	0.2995742730661767	0.6754966887417219	371	0	27	0
random	1	sci=negate,other=ignore	10.0	graph	1	0.21046788972220837	0.837869780188985	8304	151	0.3069795123496918	0.4163229713850515	0.6556291390728477	371	0	27	0
random	1	sci=negate,other=ignore	10.0	graph	2	0.21046788972220837	0.837869780188985	8304	151	0.3069795123496918	0.4163229713850515	0.6556291390728477	371	0	27	0
random	1	sci=negate,other=ignore	10.0	graph	3	0.21046788972220837	0.837869780188985	8304	151	0.3069795123496918	0.4163229713850515	0.6556291390728477	371	0	27	0
random	1	sci=negate,other=ignore	10.0	hybrid	1	0.20381693962406314	0.8381410816154294	8304	151	0.2965466750880338	0.4002950292911005	0.6821192052980133	371	0	27	0
random	1	sci=negate,other=ignore	10.0	hybrid	2	0.20387812248265447	0.8381946920769424	8304	151	0.2966241565839709	0.39970676545780354	0.6821192052980133	371	0	27	0
random	1	sci=negate,other=ignore	10.0	hybrid	3	0.20384366660392433	0.8381118395455133	8304	151	0.29677921040985483	0.39961298016534275	0.6821192052980133	371	0	27	0
random	1	sci=negate,other=negate	10.0	degree	0	0.044500859881127765	0.695768753711103	8304	151	0.12759962903277255	0.178527256590753	0.41721854304635764	1751	0	77	0
random	1	sci=negate,other=negate	10.0	mf	1	0.11056041999191601	0.7914662704907713	8304	151	0.24641226397087912	0.23968095167802883	0.5695364238410596	1751	0	77	0
random	1	sci=negate,other=negate	10.0	mf	2	0.11060117909777586	0.7917440701549747	8304	151	0.24691011648369368	0.2428406123223572	0.5695364238410596	1751	0	77	0
random	1	sci=negate,other=negate	10.0	mf	3	0.1102308733687889	0.7918988094416146	8304	151	0.2467445131807706	0.2400599930132171	0.5629139072847682	1751	0	77	0
random	1	sci=negate,other=negate	10.0	graph	1	0.16707933575280037	0.8302440981786251	8304	151	0.27320649193615526	0.3806221600138231	0.6490066225165563	1751	0	77	0
random	1	sci=negate,other=negate	10.0	graph	2	0.16707933575280037	0.8302440981786251	8304	151	0.27320649193615526	0.3806221600138231	0.6490066225165563	1751	0	77	0
random	1	sci=negate,other=negate	10.0	graph	3	0.16707933575280037	0.8302440981786251	8304	151	0.27320649193615526	0.3806221600138231	0.6490066225165563	1751	0	77	0
random	1	sci=negate,other=negate	10.0	hybrid	1	0.15563921411715992	0.8292311853679181	8304	151	0.261924476343864	0.37069048887276795	0.6291390728476821	1751	0	77	0
random	1	sci=negate,other=negate	10.0	hybrid	2	0.1564982237367232	0.829277485311952	8304	151	0.2619458434888665	0.3705988156273048	0.6291390728476821	1751	0	77	0
random	1	sci=negate,other=negate	10.0	hybrid	3	0.15563979457187085	0.8292263116895987	8304	151	0.26191304986184927	0.37445224097889096	0.6291390728476821	1751	0	77	0
random	1	sci=negate,other=mask	10.0	degree	0	0.044565306128371264	0.6907959772659151	8304	151	0.12759962903277255	0.178527256590753	0.41721854304635764	371	1380	27	50
random	1	sci=negate,other=mask	10.0	mf	1	0.12694542999053707	0.8337787333797417	8304	151	0.304675083099282	0.31222602627588925	0.6887417218543046	371	1380	27	50
random	1	sci=negate,other=mask	10.0	mf	2	0.12698666978209702	0.8337787333797415	8304	151	0.3057318265964412	0.3120818913145973	0.6887417218543046	371	1380	27	50
random	1	sci=negate,other=mask	10.0	mf	3	0.12712847703148655	0.8341503513515928	8304	151	0.3064665644088994	0.31253401372687223	0.6887417218543046	371	1380	27	50
random	1	sci=negate,other=mask	10.0	graph	1	0.18082282313302084	0.8353703954908728	8304	151	0.3151150736110516	0.41539770463830916	0.6688741721854304	371	1380	27	50
random	1	sci=negate,other=mask	10.0	graph	2	0.18082282313302084	0.8353703954908728	8304	151	0.3151150736110516	0.41539770463830916	0.6688741721854304	371	1380	27	50
random	1	sci=negate,other=mask	10.0	graph	3	0.18082282313302084	0.8353703954908728	8304	151	0.3151150736110516	0.41539770463830916	0.6688741721854304	371	1380	27	50
random	1	sci=negate,other=mask	10.0	hybrid	1	0.18038543328921067	0.8401238564116894	8304	151	0.31304824836780587	0.399481908173776	0.6821192052980133	371	1380	27	50
random	1	sci=negate,other=mask	10.0	hybrid	2	0.1799923857990366	0.8401100476564511	8304	151	0.3130240560359212	0.39926784583588804	0.6821192052980133	371	1380	27	50
random	1	sci=negate,other=mask	10.0	hybrid	3	0.1799219717675759	0.8400938020620534	8304	151	0.3130182838384273	0.3997823693020517	0.6821192052980133	371	1380	27	50
random	1	sci=mask,other=ignore	10.0	degree	0	0.04432251192768549	0.6895288209028814	8304	151	0.12759962903277255	0.178527256590753	0.41721854304635764	0	371	0	27
random	1	sci=mask,other=ignore	10.0	mf	1	0.18184470912474882	0.8590930247103614	8304	151	0.34126386615309073	0.36651145628952836	0.7152317880794702	0	371	0	27
random	1	sci=mask,other=ignore	10.0	mf	2	0.18143337062980516	0.8591421676334149	8304	151	0.341159514262927	0.3665988776137834	0.7152317880794702	0	371	0	27
random	1	sci=mask,other=ignore	10.0	mf	3	0.18228635793521505	0.8591604439271123	8304	151	0.3393645905340726	0.36704552972574533	0.7152317880794702	0	371	0	27
random	1	sci=mask,other=ignore	10.0	graph	1	0.2596927021027926	0.8523381065597273	8304	151	0.3548384583811354	0.4486911858184013	0.7086092715231788	0	371	0	27
random	1	sci=mask,other=ignore	10.0	graph	2	0.2596927021027926	0.8523381065597273	8304	151	0.3548384583811354	0.4486911858184013	0.7086092715231788	0	371	0	27
random	1	sci=mask,other=ignore	10.0	graph	3	0.2596927021027926	0.8523381065597273	8304	151	0.3548384583811354	0.4486911858184013	0.7086092715231788	0	371	0	27
random	1	sci=mask,other=ignore	10.0	hybrid	1	0.24812173600878282	0.8516257372453808	8304	151	0.3530122017071368	0.45346336430028544	0.695364238410596	0	371	0	27
random	1	sci=mask,other=ignore	10.0	hybrid	2	0.2480608225578378	0.8516663512313755	8304	151	0.3541005113589545	0.4534130283227972	0.695364238410596	0	371	0	27
random	1	sci=mask,other=ignore	10.0	hybrid	3	0.24802035218623658	0.8516021811335038	8304	151	0.3527631779903712	0.45346336430028544	0.695364238410596	0	371	0	27
random	1	sci=mask,other=negate	10.0	degree	0	0.04457034830522664	0.6956599082286373	8304	151	0.12759962903277255	0.178527256590753	0.41721854304635764	1380	371	50	27
random	1	sci=mask,other=negate	10.0	mf	1	0.1630216653924807	0.8222260850635569	8304	151	0.287952437952679	0.2955573599451246	0.6556291390728477	1380	371	50	27
random	1	sci=mask,other=negate	10.0	mf	2	0.16444067247485192	0.8230428323219097	8304	151	0.28814071512354916	0.29783668118955	0.6490066225165563	1380	371	50	27
random	1	sci=mask,other=negate	10.0	mf	3	0.1645321673300106	0.8233129153287743	8304	151	0.28890901631671667	0.29747493741239733	0.6556291390728477	1380	371	50	27
random	1	sci=mask,other=negate	10.0	graph	1	0.21139180797497337	0.8415965195438561	8304	151	0.31828749332575484	0.41481383191250204	0.6423841059602649	1380	371	50	27
random	1	sci=mask,other=negate	10.0	graph	2	0.21139180797497337	0.8415965195438561	8304	151	0.31828749332575484	0.41481383191250204	0.6423841059602649	1380	371	50	27
random	1	sci=mask,other=negate	10.0	graph	3	0.21139180797497337	0.8415965195438561	8304	151	0.31828749332575484	0.41481383191250204	0.6423841059602649	1380	371	50	27
random	1	sci=mask,other=negate	10.0	hybrid	1	0.20122864596117127	0.8401108599361711	8304	151	0.30465166727743415	0.41292672576574535	0.6556291390728477	1380	371	50	27
random	1	sci=mask,other=negate	10.0	hybrid	2	0.20129216564550112	0.8401595967193646	8304	151	0.3042873496884797	0.41287384231383295	0.6556291390728477	1380	371	50	27
random	1	sci=mask,other=negate	10.0	hybrid	3	0.20116421283914504	0.8400921775026134	8304	151	0.30436338188403617	0.4130481123613618	0.6556291390728477	1380	371	50	27
random	1	sci=mask,other=mask	10.0	degree	0	0.04433080242444196	0.6886840499941923	8304	151	0.12759962903277255	0.178527256590753	0.41721854304635764	0	1751	0	77
random	1	sci=mask,other=mask	10.0	mf	1	0.17563862300973562	0.862052972009653	8304	151	0.35064818094702743	0.3787159189370491	0.7218543046357616	0	1751	0	77
random	1	sci=mask,other=mask	10.0	mf	2	0.17594431477511066	0.8622316735480297	8304	151	0.35141663941469165	0.37856008326361146	0.7284768211920529	0	1751	0	77
random	1	sci=mask,other=mask	10.0	mf	3	0.17570823642247616	0.8621102377299056	8304	151	0.3501558446957175	0.3754067306126566	0.7218543046357616	0	1751	0	77
random	1	sci=mask,other=mask	10.0	graph	1	0.24032077695382698	0.8529123883216921	8304	151	0.36508376456573544	0.4528496417860474	0.7350993377483444	0	1751	0	77
random	1	sci=mask,other=mask	10.0	graph	2	0.24032077695382698	0.8529123883216921	8304	151	0.36508376456573544	0.4528496417860474	0.7350993377483444	0	1751	0	77
random	1	sci=mask,other=mask	10.0	graph	3	0.24032077695382698	0.8529123883216921	8304	151	0.36508376456573544	0.4528496417860474	0.7350993377483444	0	1751	0	77
random	1	sci=mask,other=mask	10.0	hybrid	1	0.2387445009181647	0.855779735732916	8304	151	0.3455277846773621	0.4575042648666171	0.6821192052980133	0	1751	0	77
random	1	sci=mask,other=mask	10.0	hybrid	2	0.23909052955714816	0.8558130392014316	8304	151	0.3455428165350807	0.4578137484834634	0.6821192052980133	0	1751	0	77
random	1	sci=mask,other=mask	10.0	hybrid	3	0.23871520668160348	0.8558032918447929	8304	151	0.34549573339531087	0.45747594673170094	0.6821192052980133	0	1751	0	77
random	1	typed_scoped	10.0	degree	0	0.04436947833742365	0.6898342380775613	8304	151	0.12759962903277255	0.178527256590753	0.41721854304635764	200	1551	14	63
random	1	typed_scoped	10.0	mf	1	0.14668300033528534	0.8480456143799503	8304	151	0.3264632413027741	0.3356763612398185	0.6887417218543046	200	1551	14	63
random	1	typed_scoped	10.0	mf	2	0.1461705293222346	0.848391645540625	8304	151	0.3281300431523305	0.33565418046448514	0.6887417218543046	200	1551	14	63
random	1	typed_scoped	10.0	mf	3	0.1463546284303525	0.8483185403658345	8304	151	0.3284084188221679	0.3352904381828869	0.6887417218543046	200	1551	14	63
random	1	typed_scoped	10.0	graph	1	0.2072056432466631	0.8490857385612738	8304	151	0.3445812961962594	0.4271480068870157	0.6887417218543046	200	1551	14	63
random	1	typed_scoped	10.0	graph	2	0.2072056432466631	0.8490857385612738	8304	151	0.3445812961962594	0.4271480068870157	0.6887417218543046	200	1551	14	63
random	1	typed_scoped	10.0	graph	3	0.2072056432466631	0.8490857385612738	8304	151	0.3445812961962594	0.4271480068870157	0.6887417218543046	200	1551	14	63
random	1	typed_scoped	10.0	hybrid	1	0.21009963685758284	0.8524721327135096	8304	151	0.3305821780364352	0.4233221860559792	0.7019867549668874	200	1551	14	63
random	1	typed_scoped	10.0	hybrid	2	0.21025036937906905	0.852523712475723	8304	151	0.33053504379812454	0.42332897838065237	0.7019867549668874	200	1551	14	63
random	1	typed_scoped	10.0	hybrid	3	0.2101919855590871	0.8524900028673474	8304	151	0.3305821780364352	0.4233198447622472	0.7086092715231788	200	1551	14	63
random	1	sci=negate,other=negate	3.0	degree	0	0.044568651605642884	0.6915920113914108	8304	151	0.12759962903277255	0.178527256590753	0.41721854304635764	1751	0	77	0
random	1	sci=negate,other=negate	3.0	mf	1	0.14444509795367041	0.8363690934064818	8304	151	0.29140770758240725	0.3181661606223553	0.6556291390728477	1751	0	77	0
random	1	sci=negate,other=negate	3.0	mf	2	0.14395585107356748	0.8368556489586981	8304	151	0.29084863137638456	0.31489890544823973	0.6556291390728477	1751	0	77	0
random	1	sci=negate,other=negate	3.0	mf	3	0.1438159416200183	0.8367671104692296	8304	151	0.29111960144316834	0.3180289482809941	0.6490066225165563	1751	0	77	0
random	1	sci=negate,other=negate	3.0	graph	1	0.20382693001013044	0.8410319851385302	8304	151	0.2984976273717165	0.43341737946910625	0.6622516556291391	1751	0	77	0
random	1	sci=negate,other=negate	3.0	graph	2	0.20382693001013044	0.8410319851385302	8304	151	0.2984976273717165	0.43341737946910625	0.6622516556291391	1751	0	77	0
random	1	sci=negate,other=negate	3.0	graph	3	0.20382693001013044	0.8410319851385302	8304	151	0.2984976273717165	0.43341737946910625	0.6622516556291391	1751	0	77	0
random	1	sci=negate,other=negate	3.0	hybrid	1	0.1985517164369644	0.8407566223134862	8304	151	0.30233446011757453	0.41811176271110234	0.6821192052980133	1751	0	77	0
random	1	sci=negate,other=negate	3.0	hybrid	2	0.1989451526368929	0.840812669614159	8304	151	0.30243662368588037	0.41811176271110234	0.6821192052980133	1751	0	77	0
random	1	sci=negate,other=negate	3.0	hybrid	3	0.19869135913010583	0.8407371276002089	8304	151	0.30238539561143146	0.4180545802152861	0.6821192052980133	1751	0	77	0
random	1	sci=negate,other=negate	30.0	degree	0	0.04575446369578864	0.7016585939600505	8304	151	0.12759962903277255	0.178527256590753	0.41721854304635764	1751	0	77	0
random	1	sci=negate,other=negate	30.0	mf	1	0.08349807359011188	0.7223047137404426	8304	151	0.21390662666957955	0.19441833886982732	0.423841059602649	1751	0	77	0
random	1	sci=negate,other=negate	30.0	mf	2	0.08357481135589424	0.722491538076018	8304	151	0.2146780365514329	0.1939423570410985	0.41721854304635764	1751	0	77	0
random	1	sci=negate,other=negate	30.0	mf	3	0.08381278788059848	0.7223871601320115	8304	151	0.2153504417854924	0.1941435367029189	0.423841059602649	1751	0	77	0
random	1	sci=negate,other=negate	30.0	graph	1	0.14478700445018805	0.8192783219600633	8304	151	0.2505993027710853	0.3440791262399217	0.6357615894039735	1751	0	77	0
random	1	sci=negate,other=negate	30.0	graph	2	0.14478700445018805	0.8192783219600633	8304	151	0.2505993027710853	0.3440791262399217	0.6357615894039735	1751	0	77	0
random	1	sci=negate,other=negate	30.0	graph	3	0.14478700445018805	0.8192783219600633	8304	151	0.2505993027710853	0.3440791262399217	0.6357615894039735	1751	0	77	0
random	1	sci=negate,other=negate	30.0	hybrid	1	0.13199116400646563	0.8168228003668255	8304	151	0.23846760262881533	0.33260524635660743	0.609271523178808	1751	0	77	0
random	1	sci=negate,other=negate	30.0	hybrid	2	0.13200916472107432	0.8168447319192627	8304	151	0.23844483115171697	0.3324642909176388	0.609271523178808	1751	0	77	0
random	1	sci=negate,other=negate	30.0	hybrid	3	0.13202875905747924	0.8168439196395428	8304	151	0.23844286278694818	0.3328425797042015	0.609271523178808	1751	0	77	0
random	1	sci=negate,other=mask	3.0	degree	0	0.044338211129890295	0.6895572506930777	8304	151	0.12759962903277255	0.178527256590753	0.41721854304635764	371	1380	27	50
random	1	sci=negate,other=mask	3.0	mf	1	0.1468729306422565	0.8556712963903101	8304	151	0.32314553360642856	0.3441419195895801	0.7284768211920529	371	1380	27	50
random	1	sci=negate,other=mask	3.0	mf	2	0.14706568985548793	0.8558646189636449	8304	151	0.3242110995188836	0.3444187326752536	0.7284768211920529	371	1380	27	50
random	1	sci=negate,other=mask	3.0	mf	3	0.1469238865576944	0.8558877689356619	8304	151	0.32322896763221515	0.34383639935851806	0.7284768211920529	371	1380	27	50
random	1	sci=negate,other=mask	3.0	graph	1	0.19367424237323191	0.8406973258939341	8304	151	0.32843554345077475	0.43283962382862967	0.6754966887417219	371	1380	27	50
random	1	sci=negate,other=mask	3.0	graph	2	0.19367424237323191	0.8406973258939341	8304	151	0.32843554345077475	0.43283962382862967	0.6754966887417219	371	1380	27	50
random	1	sci=negate,other=mask	3.0	graph	3	0.19367424237323191	0.8406973258939341	8304	151	0.32843554345077475	0.43283962382862967	0.6754966887417219	371	1380	27	50
random	1	sci=negate,other=mask	3.0	hybrid	1	0.1963513108198081	0.8457984425348652	8304	151	0.3209321504148566	0.419373583310494	0.695364238410596	371	1380	27	50
random	1	sci=negate,other=mask	3.0	hybrid	2	0.1964878524322067	0.8458447424788991	8304	151	0.32106059675250087	0.4193583065163828	0.695364238410596	371	1380	27	50
random	1	sci=negate,other=mask	3.0	hybrid	3	0.19633174471890705	0.8458130635698231	8304	151	0.32104693853571764	0.419373583310494	0.695364238410596	371	1380	27	50
random	1	sci=negate,other=mask	30.0	degree	0	0.044561978203520695	0.6957021467740718	8304	151	0.12759962903277255	0.178527256590753	0.41721854304635764	371	1380	27	50
random	1	sci=negate,other=mask	30.0	mf	1	0.11524672318231077	0.8075526580635414	8304	151	0.28425674774550497	0.2915183260811435	0.6158940397350994	371	1380	27	50
random	1	sci=negate,other=mask	30.0	mf	2	0.11527030754191583	0.807119712972838	8304	151	0.2843517460222857	0.2901809614465463	0.6158940397350994	371	1380	27	50
random	1	sci=negate,other=mask	30.0	mf	3	0.1150699798026558	0.8073865468608232	8304	151	0.28402877098292145	0.2911604663296364	0.6158940397350994	371	1380	27	50
random	1	sci=negate,other=mask	30.0	graph	1	0.17176008548693109	0.8289460751862354	8304	151	0.3117404939217677	0.39088713514044826	0.6423841059602649	371	1380	27	50
random	1	sci=negate,other=mask	30.0	graph	2	0.17176008548693109	0.8289460751862354	8304	151	0.3117404939217677	0.39088713514044826	0.6423841059602649	371	1380	27	50
random	1	sci=negate,other=mask	30.0	graph	3	0.17176008548693109	0.8289460751862354	8304	151	0.3117404939217677	0.39088713514044826	0.6423841059602649	371	1380	27	50
random	1	sci=negate,other=mask	30.0	hybrid	1	0.1715843513068412	0.8334176750442489	8304	151	0.30924669269100286	0.3773176403225392	0.6556291390728477	371	1380	27	50
random	1	sci=negate,other=mask	30.0	hybrid	2	0.17159378577150775	0.8334493539533249	8304	151	0.30976815120664736	0.37841843761743804	0.6556291390728477	371	1380	27	50
random	1	sci=negate,other=mask	30.0	hybrid	3	0.17158590673655985	0.8334111768064898	8304	151	0.3092320567892702	0.37730268754545415	0.6556291390728477	371	1380	27	50
random	2	sci=ignore,other=ignore	10.0	degree	0	0.04297514201318183	0.6957626868254552	7996	151	0.15062808424815735	0.1873458964204331	0.36423841059602646	0	0	0	0
random	2	sci=ignore,other=ignore	10.0	disease_degree	0	0.055105469688527225	0.726332628451074	7996	151	0.029148227177654026	0.1873458964204331	0.36423841059602646	0	0	0	0
random	2	sci=ignore,other=ignore	10.0	mf	1	0.19956046376293987	0.8536630662800366	7996	151	0.32399482643459315	0.41108430907165333	0.7086092715231788	0	0	0	0
random	2	sci=ignore,other=ignore	10.0	mf	2	0.19890983079531754	0.852499799509537	7996	151	0.32307387031724516	0.4109788681248829	0.7086092715231788	0	0	0	0
random	2	sci=ignore,other=ignore	10.0	mf	3	0.1997357755158022	0.8532713712281413	7996	151	0.32272697681289486	0.41099243331880936	0.7086092715231788	0	0	0	0
random	2	sci=ignore,other=ignore	10.0	graph	1	0.23298354935256838	0.8279395067512526	7996	151	0.33700792915299943	0.382013193866241	0.6357615894039735	0	0	0	0
random	2	sci=ignore,other=ignore	10.0	graph	2	0.23298354935256838	0.8279395067512526	7996	151	0.33700792915299943	0.382013193866241	0.6357615894039735	0	0	0	0
random	2	sci=ignore,other=ignore	10.0	graph	3	0.23298354935256838	0.8279395067512526	7996	151	0.33700792915299943	0.382013193866241	0.6357615894039735	0	0	0	0
random	2	sci=ignore,other=ignore	10.0	hybrid	1	0.22821151869945216	0.8308645570849109	7996	151	0.3230257649476263	0.3935990274952511	0.6622516556291391	0	0	0	0
random	2	sci=ignore,other=ignore	10.0	hybrid	2	0.22838892735847746	0.8309379999071413	7996	151	0.32304674966343633	0.39360614848079545	0.6622516556291391	0	0	0	0
random	2	sci=ignore,other=ignore	10.0	hybrid	3	0.2283240176998412	0.8309109864552864	7996	151	0.32304420343835083	0.3936100650228449	0.6622516556291391	0	0	0	0
random	2	sci=ignore,other=negate	10.0	degree	0	0.043268239664483274	0.7000924366555658	7996	151	0.15062808424815735	0.1873458964204331	0.36423841059602646	1379	0	50	0
random	2	sci=ignore,other=negate	10.0	mf	1	0.14148623588259676	0.8187785698909754	7996	151	0.25886917273489546	0.32636680342767055	0.6158940397350994	1379	0	50	0
random	2	sci=ignore,other=negate	10.0	mf	2	0.1413464632439251	0.8177453053575274	7996	151	0.25889747152152354	0.32628717309130006	0.6158940397350994	1379	0	50	0
random	2	sci=ignore,other=negate	10.0	mf	3	0.1411429039719821	0.8179297565834736	7996	151	0.2584798011215132	0.3260431521393985	0.6158940397350994	1379	0	50	0
random	2	sci=ignore,other=negate	10.0	graph	1	0.16294185864154745	0.8184231741650101	7996	151	0.2759703242693738	0.36278274201625516	0.6225165562913907	1379	0	50	0
random	2	sci=ignore,other=negate	10.0	graph	2	0.16294185864154745	0.8184231741650101	7996	151	0.2759703242693738	0.36278274201625516	0.6225165562913907	1379	0	50	0
random	2	sci=ignore,other=negate	10.0	graph	3	0.16294185864154745	0.8184231741650101	7996	151	0.2759703242693738	0.36278274201625516	0.6225165562913907	1379	0	50	0
random	2	sci=ignore,other=negate	10.0	hybrid	1	0.15874713998842266	0.8219830406172574	7996	151	0.27604357047671996	0.3715484286339933	0.6291390728476821	1379	0	50	0
random	2	sci=ignore,other=negate	10.0	hybrid	2	0.15874440608865772	0.8219872614691096	7996	151	0.27616705195337526	0.372724923775988	0.6291390728476821	1379	0	50	0
random	2	sci=ignore,other=negate	10.0	hybrid	3	0.15893156956307083	0.8219855731283686	7996	151	0.2763212799341604	0.3682436163512977	0.6291390728476821	1379	0	50	0
random	2	sci=ignore,other=mask	10.0	degree	0	0.04303961605196967	0.6957348292032298	7996	151	0.15062808424815735	0.1873458964204331	0.36423841059602646	0	1379	0	50
random	2	sci=ignore,other=mask	10.0	mf	1	0.21059614409610203	0.8582730806731416	7996	151	0.33651419630009	0.4125067111088809	0.7483443708609272	0	1379	0	50
random	2	sci=ignore,other=mask	10.0	mf	2	0.20928267141477147	0.8574479041360128	7996	151	0.3359057744863968	0.4126080004224393	0.7483443708609272	0	1379	0	50
random	2	sci=ignore,other=mask	10.0	mf	3	0.20983724891450672	0.8577053760990043	7996	151	0.3355112089936167	0.4125914155209093	0.7483443708609272	0	1379	0	50
random	2	sci=ignore,other=mask	10.0	graph	1	0.23602609199310634	0.8333616130407439	7996	151	0.3389361227851618	0.3975783349439691	0.6688741721854304	0	1379	0	50
random	2	sci=ignore,other=mask	10.0	graph	2	0.23602609199310634	0.8333616130407439	7996	151	0.3389361227851618	0.3975783349439691	0.6688741721854304	0	1379	0	50
random	2	sci=ignore,other=mask	10.0	graph	3	0.23602609199310634	0.8333616130407439	7996	151	0.3389361227851618	0.3975783349439691	0.6688741721854304	0	1379	0	50
random	2	sci=ignore,other=mask	10.0	hybrid	1	0.22991996232373188	0.8339314280408072	7996	151	0.34464724090426985	0.3865554818363032	0.6688741721854304	0	1379	0	50
random	2	sci=ignore,other=mask	10.0	hybrid	2	0.22996477526335815	0.8339896757963694	7996	151	0.34475210336207346	0.3861969335796841	0.6688741721854304	0	1379	0	50
random	2	sci=ignore,other=mask	10.0	hybrid	3	0.22988825036488067	0.8339770132408122	7996	151	0.3435104030960712	0.38687661291046144	0.6688741721854304	0	1379	0	50
random	2	sci=negate,other=ignore	10.0	degree	0	0.04314152217975271	0.69735394797378	7996	151	0.15062808424815735	0.1873458964204331	0.36423841059602646	378	0	27	0
random	2	sci=negate,other=ignore	10.0	mf	1	0.17273866373312322	0.8398465298266495	7996	151	0.2925469942581023	0.3666737006403863	0.6688741721854304	378	0	27	0
random	2	sci=negate,other=ignore	10.0	mf	2	0.17270079061877167	0.8392733381451044	7996	151	0.29100054867977776	0.3667648929670935	0.6688741721854304	378	0	27	0
random	2	sci=negate,other=ignore	10.0	mf	3	0.17315402131648566	0.8396316884673665	7996	151	0.29158343161018313	0.365951206581467	0.6688741721854304	378	0	27	0
random	2	sci=negate,other=ignore	10.0	graph	1	0.19821978800669368	0.8234611829359402	7996	151	0.2931861761831636	0.35301183941016284	0.6026490066225165	378	0	27	0
random	2	sci=negate,other=ignore	10.0	graph	2	0.19821978800669368	0.8234611829359402	7996	151	0.2931861761831636	0.35301183941016284	0.6026490066225165	378	0	27	0
random	2	sci=negate,other=ignore	10.0	graph	3	0.19821978800669368	0.8234611829359402	7996	151	0.2931861761831636	0.35301183941016284	0.6026490066225165	378	0	27	0
random	2	sci=negate,other=ignore	10.0	hybrid	1	0.18796486616790462	0.8244269138397511	7996	151	0.27590876946085363	0.353002075310867	0.6357615894039735	378	0	27	0
random	2	sci=negate,other=ignore	10.0	hybrid	2	0.18832833656808387	0.8244716548693858	7996	151	0.2789849462721012	0.3531112723462251	0.6357615894039735	378	0	27	0
random	2	sci=negate,other=ignore	10.0	hybrid	3	0.188100367451701	0.8244649015064219	7996	151	0.27572749019083337	0.3530977216601712	0.6357615894039735	378	0	27	0
random	2	sci=negate,other=negate	10.0	degree	0	0.04329525565030036	0.7013021327964409	7996	151	0.15062808424815735	0.1873458964204331	0.36423841059602646	1757	0	77	0
random	2	sci=negate,other=negate	10.0	mf	1	0.11895204773982042	0.8013481400816314	7996	151	0.23863646022607857	0.2939475286839487	0.6026490066225165	1757	0	77	0
random	2	sci=negate,other=negate	10.0	mf	2	0.11880993314853767	0.8000278576222253	7996	151	0.23863273317131628	0.29761051808768624	0.5960264900662252	1757	0	77	0
random	2	sci=negate,other=negate	10.0	mf	3	0.11885147169049995	0.8010011860593704	7996	151	0.23852317811236848	0.29374464207127715	0.5960264900662252	1757	0	77	0
random	2	sci=negate,other=negate	10.0	graph	1	0.13017463361262088	0.8140360207497077	7996	151	0.23243406880394388	0.31527947383623367	0.5695364238410596	1757	0	77	0
random	2	sci=negate,other=negate	10.0	graph	2	0.13017463361262088	0.8140360207497077	7996	151	0.23243406880394388	0.31527947383623367	0.5695364238410596	1757	0	77	0
random	2	sci=negate,other=negate	10.0	graph	3	0.13017463361262088	0.8140360207497077	7996	151	0.23243406880394388	0.31527947383623367	0.5695364238410596	1757	0	77	0
random	2	sci=negate,other=negate	10.0	hybrid	1	0.12121168863821748	0.8159387807647339	7996	151	0.2269207129491341	0.3006110687231676	0.5827814569536424	1757	0	77	0
random	2	sci=negate,other=negate	10.0	hybrid	2	0.12099769782864299	0.8160164444388166	7996	151	0.22718686371970598	0.30077991556393646	0.5827814569536424	1757	0	77	0
random	2	sci=negate,other=negate	10.0	hybrid	3	0.12089714416322661	0.8159691708980708	7996	151	0.2268811408907633	0.30067156426307573	0.5827814569536424	1757	0	77	0
random	2	sci=negate,other=mask	10.0	degree	0	0.0431392096216992	0.6971960881145033	7996	151	0.15062808424815735	0.1873458964204331	0.36423841059602646	378	1379	27	50
random	2	sci=negate,other=mask	10.0	mf	1	0.18409745197155727	0.8459317319421404	7996	151	0.3093674380765789	0.37047693696302936	0.695364238410596	378	1379	27	50
random	2	sci=negate,other=mask	10.0	mf	2	0.18397383539725984	0.8453315268087406	7996	151	0.3111400921625469	0.369016420359376	0.695364238410596	378	1379	27	50
random	2	sci=negate,other=mask	10.0	mf	3	0.1840547837162627	0.8459304656865849	7996	151	0.3088755801381433	0.37006966091914906	0.695364238410596	378	1379	27	50
random	2	sci=negate,other=mask	10.0	graph	1	0.20136212152252844	0.8278897006993952	7996	151	0.29797566759573324	0.35690865309428477	0.6291390728476821	378	1379	27	50
random	2	sci=negate,other=mask	10.0	graph	2	0.20136212152252844	0.8278897006993952	7996	151	0.29797566759573324	0.35690865309428477	0.6291390728476821	378	1379	27	50
random	2	sci=negate,other=mask	10.0	graph	3	0.20136212152252844	0.8278897006993952	7996	151	0.29797566759573324	0.35690865309428477	0.6291390728476821	378	1379	27	50
random	2	sci=negate,other=mask	10.0	hybrid	1	0.1907605246636367	0.8268496828029833	7996	151	0.29295050826648145	0.3485301711779249	0.6357615894039735	378	1379	27	50
random	2	sci=negate,other=mask	10.0	hybrid	2	0.19098994606988481	0.8268859821289134	7996	151	0.29398893833493406	0.34908260821366216	0.6357615894039735	378	1379	27	50
random	2	sci=negate,other=mask	10.0	hybrid	3	0.19091040066866968	0.8268885146400246	7996	151	0.2932374377921652	0.3485025407461774	0.6357615894039735	378	1379	27	50
random	2	sci=mask,other=ignore	10.0	degree	0	0.04297884650881074	0.6957432709069344	7996	151	0.15062808424815735	0.1873458964204331	0.36423841059602646	0	378	0	27
random	2	sci=mask,other=ignore	10.0	mf	1	0.20796641926316278	0.8542290825134328	7996	151	0.33082297077021866	0.4144918235265401	0.7152317880794702	0	378	0	27
random	2	sci=mask,other=ignore	10.0	mf	2	0.20790737415621274	0.8540560275874878	7996	151	0.3334715846681363	0.4145460951339931	0.7152317880794702	0	378	0	27
random	2	sci=mask,other=ignore	10.0	mf	3	0.20819318842794401	0.8542544076245467	7996	151	0.33103750209086685	0.4145394020294373	0.7152317880794702	0	378	0	27
random	2	sci=mask,other=ignore	10.0	graph	1	0.2777076003188213	0.8305007196552409	7996	151	0.34045196072525924	0.42533839232759163	0.6622516556291391	0	378	0	27
random	2	sci=mask,other=ignore	10.0	graph	2	0.2777076003188213	0.8305007196552409	7996	151	0.34045196072525924	0.42533839232759163	0.6622516556291391	0	378	0	27
random	2	sci=mask,other=ignore	10.0	graph	3	0.2777076003188213	0.8305007196552409	7996	151	0.34045196072525924	0.42533839232759163	0.6622516556291391	0	378	0	27
random	2	sci=mask,other=ignore	10.0	hybrid	1	0.2621019327566868	0.834486047974202	7996	151	0.34831564511937013	0.42067635016424754	0.6688741721854304	0	378	0	27
random	2	sci=mask,other=ignore	10.0	hybrid	2	0.2620148456720974	0.8345307890038367	7996	151	0.34827765206667116	0.42066114422626266	0.6688741721854304	0	378	0	27
random	2	sci=mask,other=ignore	10.0	hybrid	3	0.26195571836151654	0.8345130614260571	7996	151	0.34845452370993696	0.42066307950287185	0.6688741721854304	0	378	0	27
random	2	sci=mask,other=negate	10.0	degree	0	0.043272289825880564	0.700098345848159	7996	151	0.15062808424815735	0.1873458964204331	0.36423841059602646	1379	378	50	27
random	2	sci=mask,other=negate	10.0	mf	1	0.14448347717301227	0.8201798927059459	7996	151	0.26937332248407875	0.3298629148169374	0.6225165562913907	1379	378	50	27
random	2	sci=mask,other=negate	10.0	mf	2	0.14450866058611028	0.8194969588762404	7996	151	0.2680063818413512	0.3306908716892883	0.6225165562913907	1379	378	50	27
random	2	sci=mask,other=negate	10.0	mf	3	0.1443896135504399	0.819443354057716	7996	151	0.2695231367722654	0.32932578279130825	0.6225165562913907	1379	378	50	27
random	2	sci=mask,other=negate	10.0	graph	1	0.20719489235262104	0.8205639902245071	7996	151	0.3045501181906022	0.3925314231570879	0.6291390728476821	1379	378	50	27
random	2	sci=mask,other=negate	10.0	graph	2	0.20719489235262104	0.8205639902245071	7996	151	0.3045501181906022	0.3925314231570879	0.6291390728476821	1379	378	50	27
random	2	sci=mask,other=negate	10.0	graph	3	0.20719489235262104	0.8205639902245071	7996	151	0.3045501181906022	0.3925314231570879	0.6291390728476821	1379	378	50	27
random	2	sci=mask,other=negate	10.0	hybrid	1	0.202292734464499	0.8248945842249882	7996	151	0.301400653224883	0.40954214036957	0.6423841059602649	1379	378	50	27
random	2	sci=mask,other=negate	10.0	hybrid	2	0.20221976412868192	0.8249443902768457	7996	151	0.30198931293118975	0.4095400837768267	0.6423841059602649	1379	378	50	27
random	2	sci=mask,other=negate	10.0	hybrid	3	0.20222718960374997	0.8249038700990633	7996	151	0.30117076328911074	0.4128430275918892	0.6423841059602649	1379	378	50	27
random	2	sci=mask,other=mask	10.0	degree	0	0.04300629415840398	0.695400537736526	7996	151	0.15062808424815735	0.1873458964204331	0.36423841059602646	0	1757	0	77
random	2	sci=mask,other=mask	10.0	mf	1	0.2150031768820686	0.8586318530805888	7996	151	0.3388616730232974	0.4202761610589966	0.7549668874172185	0	1757	0	77
random	2	sci=mask,other=mask	10.0	mf	2	0.21433142270241692	0.8583735369472267	7996	151	0.33970228512389267	0.4202762850600341	0.7549668874172185	0	1757	0	77
random	2	sci=mask,other=mask	10.0	mf	3	0.21448627526039052	0.8585242213583546	7996	151	0.3400435746323843	0.41972132348671776	0.7549668874172185	0	1757	0	77
random	2	sci=mask,other=mask	10.0	graph	1	0.2666301934022336	0.8367560221003804	7996	151	0.35274818331724594	0.4273404122987278	0.6754966887417219	0	1757	0	77
random	2	sci=mask,other=mask	10.0	graph	2	0.2666301934022336	0.8367560221003804	7996	151	0.35274818331724594	0.4273404122987278	0.6754966887417219	0	1757	0	77
random	2	sci=mask,other=mask	10.0	graph	3	0.2666301934022336	0.8367560221003804	7996	151	0.35274818331724594	0.4273404122987278	0.6754966887417219	0	1757	0	77
random	2	sci=mask,other=mask	10.0	hybrid	1	0.262027691246245	0.8388132652932013	7996	151	0.36125074400137597	0.42511722593295265	0.6754966887417219	0	1757	0	77
random	2	sci=mask,other=mask	10.0	hybrid	2	0.25994347031624115	0.8388672921969111	7996	151	0.36125074400137597	0.42479720014959116	0.6754966887417219	0	1757	0	77
random	2	sci=mask,other=mask	10.0	hybrid	3	0.26198819486854513	0.8388309928709812	7996	151	0.36125074400137597	0.42506153478478664	0.6754966887417219	0	1757	0	77
random	2	typed_scoped	10.0	degree	0	0.04299305602101426	0.6958656756106517	7996	151	0.15062808424815735	0.1873458964204331	0.36423841059602646	206	1551	16	61
random	2	typed_scoped	10.0	mf	1	0.20029536823313385	0.8496887121758913	7996	151	0.31691769482281146	0.39875525030380055	0.7284768211920529	206	1551	16	61
random	2	typed_scoped	10.0	mf	2	0.199884076332486	0.8495397161055045	7996	151	0.3180948916419726	0.3940602363596301	0.7284768211920529	206	1551	16	61
random	2	typed_scoped	10.0	mf	3	0.20031125024215204	0.8497667979351593	7996	151	0.3186355923876114	0.3952319204084963	0.7284768211920529	206	1551	16	61
random	2	typed_scoped	10.0	graph	1	0.22291525821093222	0.8314233978701582	7996	151	0.33742396033563365	0.37915400871132715	0.6490066225165563	206	1551	16	61
random	2	typed_scoped	10.0	graph	2	0.22291525821093222	0.8314233978701582	7996	151	0.33742396033563365	0.37915400871132715	0.6490066225165563	206	1551	16	61
random	2	typed_scoped	10.0	graph	3	0.22291525821093222	0.8314233978701582	7996	151	0.33742396033563365	0.37915400871132715	0.6490066225165563	206	1551	16	61
random	2	typed_scoped	10.0	hybrid	1	0.2129906488439187	0.8324667924480518	7996	151	0.32866292177839507	0.374027423298568	0.6423841059602649	206	1551	16	61
random	2	typed_scoped	10.0	hybrid	2	0.21315663768542797	0.8325165984999092	7996	151	0.32869702197652756	0.37292373696752285	0.6423841059602649	206	1551	16	61
random	2	typed_scoped	10.0	hybrid	3	0.21296753608976882	0.832521663522132	7996	151	0.3286913516922195	0.3740758576935534	0.6490066225165563	206	1551	16	61
random	2	sci=negate,other=negate	3.0	degree	0	0.04314152217975271	0.69735394797378	7996	151	0.15062808424815735	0.1873458964204331	0.36423841059602646	1757	0	77	0
random	2	sci=negate,other=negate	3.0	mf	1	0.16816350100320368	0.8359055204521377	7996	151	0.2828980934438927	0.37094442254845067	0.6754966887417219	1757	0	77	0
random	2	sci=negate,other=negate	3.0	mf	2	0.16813284089951683	0.8353234649817026	7996	151	0.2829566287713545	0.3707767396006214	0.6754966887417219	1757	0	77	0
random	2	sci=negate,other=negate	3.0	mf	3	0.16817772959950522	0.8354885002891284	7996	151	0.28300081398643606	0.3706907578493171	0.6688741721854304	1757	0	77	0
random	2	sci=negate,other=negate	3.0	graph	1	0.18101928175552454	0.8232476078322126	7996	151	0.27280609438444325	0.3566472830056183	0.6158940397350994	1757	0	77	0
random	2	sci=negate,other=negate	3.0	graph	2	0.18101928175552454	0.8232476078322126	7996	151	0.27280609438444325	0.3566472830056183	0.6158940397350994	1757	0	77	0
random	2	sci=negate,other=negate	3.0	graph	3	0.18101928175552454	0.8232476078322126	7996	151	0.27280609438444325	0.3566472830056183	0.6158940397350994	1757	0	77	0
random	2	sci=negate,other=negate	3.0	hybrid	1	0.17418824974934638	0.8255521929435798	7996	151	0.2750339097918632	0.3615115262480431	0.6291390728476821	1757	0	77	0
random	2	sci=negate,other=negate	3.0	hybrid	2	0.1743469843181198	0.8255834272472871	7996	151	0.2749916912300117	0.36141308921617354	0.6291390728476821	1757	0	77	0
random	2	sci=negate,other=negate	3.0	hybrid	3	0.17421420999106957	0.825563167158396	7996	151	0.27473224641747584	0.3618435949015021	0.6291390728476821	1757	0	77	0
random	2	sci=negate,other=negate	30.0	degree	0	0.044072949279496045	0.7089840831676648	7996	151	0.15062808424815735	0.1873458964204331	0.36423841059602646	1757	0	77	0
random	2	sci=negate,other=negate	30.0	mf	1	0.08657426454879326	0.7391146341154572	7996	151	0.20230020522965922	0.243559009572089	0.5165562913907285	1757	0	77	0
random	2	sci=negate,other=negate	30.0	mf	2	0.08652013624104878	0.7383856930005613	7996	151	0.20719050206334638	0.2443015072142243	0.5099337748344371	1757	0	77	0
random	2	sci=negate,other=negate	30.0	mf	3	0.08644693345683047	0.7391889211080581	7996	151	0.20217743897007662	0.24439172347767082	0.5099337748344371	1757	0	77	0
random	2	sci=negate,other=negate	30.0	graph	1	0.10977175732861877	0.8040207834745207	7996	151	0.20692022452825093	0.2740146178557637	0.5364238410596026	1757	0	77	0
random	2	sci=negate,other=negate	30.0	graph	2	0.10977175732861877	0.8040207834745207	7996	151	0.20692022452825093	0.2740146178557637	0.5364238410596026	1757	0	77	0
random	2	sci=negate,other=negate	30.0	graph	3	0.10977175732861877	0.8040207834745207	7996	151	0.20692022452825093	0.2740146178557637	0.5364238410596026	1757	0	77	0
random	2	sci=negate,other=negate	30.0	hybrid	1	0.10067137796119234	0.8052254145931731	7996	151	0.20178987630478934	0.2667832724700174	0.543046357615894	1757	0	77	0
random	2	sci=negate,other=negate	30.0	hybrid	2	0.10086930379405389	0.8053081432894786	7996	151	0.20197874716937775	0.2663834917995867	0.5496688741721855	1757	0	77	0
random	2	sci=negate,other=negate	30.0	hybrid	3	0.10083266198937174	0.8053098316302196	7996	151	0.2018904464876905	0.2664553174961751	0.543046357615894	1757	0	77	0
random	2	sci=negate,other=mask	3.0	degree	0	0.04297884650881074	0.6957432709069344	7996	151	0.15062808424815735	0.1873458964204331	0.36423841059602646	378	1379	27	50
random	2	sci=negate,other=mask	3.0	mf	1	0.2025943063257647	0.8569667270248482	7996	151	0.31843870514041095	0.39726151983151636	0.7350993377483444	378	1379	27	50
random	2	sci=negate,other=mask	3.0	mf	2	0.202280958344003	0.8565362001359114	7996	151	0.3187639277460075	0.3972995842748357	0.7417218543046358	378	1379	27	50
random	2	sci=negate,other=mask	3.0	mf	3	0.20251277147820268	0.8568764007952085	7996	151	0.3189154449006559	0.3973000188957036	0.7350993377483444	378	1379	27	50
random	2	sci=negate,other=mask	3.0	graph	1	0.2165834170503073	0.831322941596073	7996	151	0.31041850300266866	0.3753954713287881	0.6357615894039735	378	1379	27	50
random	2	sci=negate,other=mask	3.0	graph	2	0.2165834170503073	0.831322941596073	7996	151	0.31041850300266866	0.3753954713287881	0.6357615894039735	378	1379	27	50
random	2	sci=negate,other=mask	3.0	graph	3	0.2165834170503073	0.831322941596073	7996	151	0.31041850300266866	0.3753954713287881	0.6357615894039735	378	1379	27	50
random	2	sci=negate,other=mask	3.0	hybrid	1	0.21026469589544172	0.831188718507169	7996	151	0.31625735666206706	0.3665343192820251	0.6423841059602649	378	1379	27	50
random	2	sci=negate,other=mask	3.0	hybrid	2	0.21025471824611947	0.8312444337516198	7996	151	0.3153839254295104	0.36648529655659223	0.6423841059602649	378	1379	27	50
random	2	sci=negate,other=mask	3.0	hybrid	3	0.21024697429284764	0.8312410570701381	7996	151	0.3153219450081757	0.36655289481171227	0.6423841059602649	378	1379	27	50
random	2	sci=negate,other=mask	30.0	degree	0	0.043180958044589435	0.6997961328555329	7996	151	0.15062808424815735	0.1873458964204331	0.36423841059602646	378	1379	27	50
random	2	sci=negate,other=mask	30.0	mf	1	0.16340173371618757	0.8229014979803224	7996	151	0.2862437092770216	0.33920316238838866	0.6357615894039735	378	1379	27	50
random	2	sci=negate,other=mask	30.0	mf	2	0.16396084322462726	0.8228525360988356	7996	151	0.2862522703108251	0.33906982367889094	0.6357615894039735	378	1379	27	50
random	2	sci=negate,other=mask	30.0	mf	3	0.16346142775956934	0.822659221083999	7996	151	0.2865684133116323	0.33902140217686155	0.6357615894039735	378	1379	27	50
random	2	sci=negate,other=mask	30.0	graph	1	0.18907476679480514	0.8229715641210709	7996	151	0.2882665740657827	0.34051112261741034	0.6026490066225165	378	1379	27	50
random	2	sci=negate,other=mask	30.0	graph	2	0.18907476679480514	0.8229715641210709	7996	151	0.2882665740657827	0.34051112261741034	0.6026490066225165	378	1379	27	50
random	2	sci=negate,other=mask	30.0	graph	3	0.18907476679480514	0.8229715641210709	7996	151	0.2882665740657827	0.34051112261741034	0.6026490066225165	378	1379	27	50
random	2	sci=negate,other=mask	30.0	hybrid	1	0.18127980659141252	0.8216352424246262	7996	151	0.28487075387568583	0.34512808738182504	0.6026490066225165	378	1379	27	50
random	2	sci=negate,other=mask	30.0	hybrid	2	0.181466700955762	0.8216377749357375	7996	151	0.28476196634473216	0.3448786322269795	0.6026490066225165	378	1379	27	50
random	2	sci=negate,other=mask	30.0	hybrid	3	0.18125657996849012	0.8216453724690719	7996	151	0.28476602593958456	0.3451004935628405	0.6026490066225165	378	1379	27	50
random	3	sci=ignore,other=ignore	10.0	degree	0	0.03166316165714953	0.6774040062983584	9038	151	0.10813796302519517	0.19519251557510411	0.37748344370860926	0	0	0	0
random	3	sci=ignore,other=ignore	10.0	disease_degree	0	0.04999987646594497	0.7208956158150495	9038	151	0.024660877050056	0.19519251557510411	0.37748344370860926	0	0	0	0
random	3	sci=ignore,other=ignore	10.0	mf	1	0.15800499134542267	0.8541958378075871	9038	151	0.32520188011805434	0.40585541229350497	0.695364238410596	0	0	0	0
random	3	sci=ignore,other=ignore	10.0	mf	2	0.15681755435913297	0.8533709108549805	9038	151	0.32280088308650734	0.4018699098353852	0.6821192052980133	0	0	0	0
random	3	sci=ignore,other=ignore	10.0	mf	3	0.15747868103581283	0.8547700078319623	9038	151	0.33795184388790284	0.4055709229803821	0.6887417218543046	0	0	0	0
random	3	sci=ignore,other=ignore	10.0	graph	1	0.26998696322111826	0.8546638180480901	9038	151	0.31323685649613503	0.4463038505590237	0.6622516556291391	0	0	0	0
random	3	sci=ignore,other=ignore	10.0	graph	2	0.26998696322111826	0.8546638180480901	9038	151	0.31323685649613503	0.4463038505590237	0.6622516556291391	0	0	0	0
random	3	sci=ignore,other=ignore	10.0	graph	3	0.26998696322111826	0.8546638180480901	9038	151	0.31323685649613503	0.4463038505590237	0.6622516556291391	0	0	0	0
random	3	sci=ignore,other=ignore	10.0	hybrid	1	0.27029706027928435	0.8570886710777034	9038	151	0.31183309151058214	0.46050096961193593	0.6622516556291391	0	0	0	0
random	3	sci=ignore,other=ignore	10.0	hybrid	2	0.27043067557332046	0.8571192239278	9038	151	0.3118172910642054	0.4604922096694013	0.6622516556291391	0	0	0	0
random	3	sci=ignore,other=ignore	10.0	hybrid	3	0.2702961850383636	0.8570566278446754	9038	151	0.3117280546379488	0.460467862182062	0.6622516556291391	0	0	0	0
random	3	sci=ignore,other=negate	10.0	degree	0	0.03203398281574584	0.6812283289006862	9038	151	0.10813796302519517	0.19519251557510411	0.37748344370860926	1379	0	46	0
random	3	sci=ignore,other=negate	10.0	mf	1	0.1129887634755023	0.8334377843371187	9038	151	0.27615251511545685	0.3141706654452318	0.6423841059602649	1379	0	46	0
random	3	sci=ignore,other=negate	10.0	mf	2	0.1133053788167979	0.8337280364130357	9038	151	0.2770649823025749	0.31344409586193067	0.6423841059602649	1379	0	46	0
random	3	sci=ignore,other=negate	10.0	mf	3	0.11317524593742828	0.8339426515551772	9038	151	0.275574331176616	0.3152857849101667	0.6423841059602649	1379	0	46	0
random	3	sci=ignore,other=negate	10.0	graph	1	0.17257777251834355	0.8456142128877884	9038	151	0.24548750121520604	0.394672586676302	0.6754966887417219	1379	0	46	0
random	3	sci=ignore,other=negate	10.0	graph	2	0.17257777251834355	0.8456142128877884	9038	151	0.24548750121520604	0.394672586676302	0.6754966887417219	1379	0	46	0
random	3	sci=ignore,other=negate	10.0	graph	3	0.17257777251834355	0.8456142128877884	9038	151	0.24548750121520604	0.394672586676302	0.6754966887417219	1379	0	46	0
random	3	sci=ignore,other=negate	10.0	hybrid	1	0.16234764388409054	0.8462789236752545	9038	151	0.2404646548380947	0.39825584225881505	0.6556291390728477	1379	0	46	0
random	3	sci=ignore,other=negate	10.0	hybrid	2	0.16245423490774677	0.8463646206938179	9038	151	0.24048367423753128	0.39853968251302824	0.6556291390728477	1379	0	46	0
random	3	sci=ignore,other=negate	10.0	hybrid	3	0.16230859448380486	0.8463005342277619	9038	151	0.24046806227831832	0.39840384168612886	0.6556291390728477	1379	0	46	0
random	3	sci=ignore,other=mask	10.0	degree	0	0.03148562232771264	0.6751512924973379	9038	151	0.10813796302519517	0.19519251557510411	0.37748344370860926	0	1379	0	46
random	3	sci=ignore,other=mask	10.0	mf	1	0.16481276319445523	0.8563691887175031	9038	151	0.34181646164183255	0.40790719734642106	0.7019867549668874	0	1379	0	46
random	3	sci=ignore,other=mask	10.0	mf	2	0.16373859385017184	0.855526377169718	9038	151	0.34077052149934484	0.40689348106415013	0.695364238410596	0	1379	0	46
random	3	sci=ignore,other=mask	10.0	mf	3	0.16466218022933193	0.8572146084354183	9038	151	0.34143804181126913	0.40833828563090047	0.7019867549668874	0	1379	0	46
random	3	sci=ignore,other=mask	10.0	graph	1	0.27078205949718576	0.8596394614650316	9038	151	0.32813146494823775	0.4518250184232814	0.6688741721854304	0	1379	0	46
random	3	sci=ignore,other=mask	10.0	graph	2	0.27078205949718576	0.8596394614650316	9038	151	0.32813146494823775	0.4518250184232814	0.6688741721854304	0	1379	0	46
random	3	sci=ignore,other=mask	10.0	graph	3	0.27078205949718576	0.8596394614650316	9038	151	0.32813146494823775	0.4518250184232814	0.6688741721854304	0	1379	0	46
random	3	sci=ignore,other=mask	10.0	hybrid	1	0.2675929732582465	0.8607043400696157	9038	151	0.32705397019954957	0.45690573940823515	0.6490066225165563	0	1379	0	46
random	3	sci=ignore,other=mask	10.0	hybrid	2	0.26760371493183	0.8607177535159996	9038	151	0.32733303573071615	0.4569082365864237	0.6490066225165563	0	1379	0	46
random	3	sci=ignore,other=mask	10.0	hybrid	3	0.2675385215208082	0.8606983785378896	9038	151	0.32717064356399367	0.45689758359966826	0.6490066225165563	0	1379	0	46
random	3	sci=negate,other=ignore	10.0	degree	0	0.03165464213089236	0.6775888137818692	9038	151	0.10813796302519517	0.19519251557510411	0.37748344370860926	368	0	17	0
random	3	sci=negate,other=ignore	10.0	mf	1	0.15711417271359876	0.8421036158925493	9038	151	0.3049163825433302	0.3752430943002586	0.6754966887417219	368	0	17	0
random	3	sci=negate,other=ignore	10.0	mf	2	0.1568019093057373	0.8412958283436555	9038	151	0.3039174998860239	0.375319041700835	0.6754966887417219	368	0	17	0
random	3	sci=negate,other=ignore	10.0	mf	3	0.15733962091098522	0.8424836635400917	9038	151	0.30614291742139976	0.3755314023030822	0.6821192052980133	368	0	17	0
random	3	sci=negate,other=ignore	10.0	graph	1	0.27143611061687567	0.8512635093897851	9038	151	0.29547239120185326	0.43362666437257846	0.6423841059602649	368	0	17	0
random	3	sci=negate,other=ignore	10.0	graph	2	0.27143611061687567	0.8512635093897851	9038	151	0.29547239120185326	0.43362666437257846	0.6423841059602649	368	0	17	0
random	3	sci=negate,other=ignore	10.0	graph	3	0.27143611061687567	0.8512635093897851	9038	151	0.29547239120185326	0.43362666437257846	0.6423841059602649	368	0	17	0
random	3	sci=negate,other=ignore	10.0	hybrid	1	0.26646796450148796	0.8531287236286055	9038	151	0.2971896094961713	0.4340028030164616	0.6291390728476821	368	0	17	0
random	3	sci=negate,other=ignore	10.0	hybrid	2	0.2664127588308113	0.8532151658386347	9038	151	0.29713038226118366	0.43389882630724447	0.6291390728476821	368	0	17	0
random	3	sci=negate,other=ignore	10.0	hybrid	3	0.26647178420566847	0.8531235072883452	9038	151	0.2970652817221073	0.4337674791056411	0.6291390728476821	368	0	17	0
random	3	sci=negate,other=negate	10.0	degree	0	0.03205328153386029	0.6823751785665052	9038	151	0.10813796302519517	0.19519251557510411	0.37748344370860926	1747	0	63	0
random	3	sci=negate,other=negate	10.0	mf	1	0.11275189513881499	0.822973060583321	9038	151	0.27535281301806097	0.3085480377447156	0.6490066225165563	1747	0	63	0
random	3	sci=negate,other=negate	10.0	mf	2	0.11276251661888641	0.823069562878138	9038	151	0.2762641739624494	0.30873686990365456	0.6556291390728477	1747	0	63	0
random	3	sci=negate,other=negate	10.0	mf	3	0.11303331003821986	0.8237346462613371	9038	151	0.2753961293118332	0.3091772806298435	0.6688741721854304	1747	0	63	0
random	3	sci=negate,other=negate	10.0	graph	1	0.17762127652615003	0.8429263072707586	9038	151	0.23808032478332702	0.38640693146729	0.6556291390728477	1747	0	63	0
random	3	sci=negate,other=negate	10.0	graph	2	0.17762127652615003	0.8429263072707586	9038	151	0.23808032478332702	0.38640693146729	0.6556291390728477	1747	0	63	0
random	3	sci=negate,other=negate	10.0	graph	3	0.17762127652615003	0.8429263072707586	9038	151	0.23808032478332702	0.38640693146729	0.6556291390728477	1747	0	63	0
random	3	sci=negate,other=negate	10.0	hybrid	1	0.16362296203198926	0.8428838313572098	9038	151	0.22696766808162194	0.3820783040003987	0.6291390728476821	1747	0	63	0
random	3	sci=negate,other=negate	10.0	hybrid	2	0.16368580543242897	0.8429449370574028	9038	151	0.2269304649503055	0.38209263845181923	0.6291390728476821	1747	0	63	0
random	3	sci=negate,other=negate	10.0	hybrid	3	0.1635603037213057	0.8428890476974701	9038	151	0.22691548444004198	0.38196594719735233	0.6291390728476821	1747	0	63	0
random	3	sci=negate,other=mask	10.0	degree	0	0.03165633390291509	0.6775172754011554	9038	151	0.10813796302519517	0.19519251557510411	0.37748344370860926	368	1379	17	46
random	3	sci=negate,other=mask	10.0	mf	1	0.1660319176055303	0.8439270994092867	9038	151	0.3139938312571055	0.40015970191461003	0.695364238410596	368	1379	17	46
random	3	sci=negate,other=mask	10.0	mf	2	0.16588519463327112	0.8426401537479031	9038	151	0.31398094508526597	0.40026881088944255	0.7019867549668874	368	1379	17	46
random	3	sci=negate,other=mask	10.0	mf	3	0.1662763619679339	0.8447918941053119	9038	151	0.31403956169862235	0.4005220048312355	0.695364238410596	368	1379	17	46
random	3	sci=negate,other=mask	10.0	graph	1	0.2672569078857167	0.8553717499405709	9038	151	0.30965849779856364	0.4390731137484901	0.6556291390728477	368	1379	17	46
random	3	sci=negate,other=mask	10.0	graph	2	0.2672569078857167	0.8553717499405709	9038	151	0.30965849779856364	0.4390731137484901	0.6556291390728477	368	1379	17	46
random	3	sci=negate,other=mask	10.0	graph	3	0.2672569078857167	0.8553717499405709	9038	151	0.30965849779856364	0.4390731137484901	0.6556291390728477	368	1379	17	46
random	3	sci=negate,other=mask	10.0	hybrid	1	0.26057915085510375	0.8560811722159833	9038	151	0.31134354042558443	0.4405200298859088	0.6423841059602649	368	1379	17	46
random	3	sci=negate,other=mask	10.0	hybrid	2	0.26056285799564427	0.8561445134905736	9038	151	0.3113620965852901	0.44036235092028275	0.6423841059602649	368	1379	17	46
random	3	sci=negate,other=mask	10.0	hybrid	3	0.26042588743100503	0.8560670135781338	9038	151	0.311348372102226	0.44037977859543104	0.6423841059602649	368	1379	17	46
random	3	sci=mask,other=ignore	10.0	degree	0	0.03150308822469074	0.675386773000521	9038	151	0.10813796302519517	0.19519251557510411	0.37748344370860926	0	368	0	17
random	3	sci=mask,other=ignore	10.0	mf	1	0.16046163325616286	0.8555599107856777	9038	151	0.34222096931698653	0.41393215211213924	0.695364238410596	0	368	0	17
random	3	sci=mask,other=ignore	10.0	mf	2	0.15916845770033516	0.8543467390794053	9038	151	0.3284203374421986	0.4112118039136947	0.695364238410596	0	368	0	17
random	3	sci=mask,other=ignore	10.0	mf	3	0.16158681851077017	0.8561296096612583	9038	151	0.3327163675005982	0.4152355379380999	0.695364238410596	0	368	0	17
random	3	sci=mask,other=ignore	10.0	graph	1	0.26186962327579744	0.8581207612577937	9038	151	0.33360257277472444	0.460683725312049	0.6887417218543046	0	368	0	17
random	3	sci=mask,other=ignore	10.0	graph	2	0.26186962327579744	0.8581207612577937	9038	151	0.33360257277472444	0.460683725312049	0.6887417218543046	0	368	0	17
random	3	sci=mask,other=ignore	10.0	graph	3	0.26186962327579744	0.8581207612577937	9038	151	0.33360257277472444	0.460683725312049	0.6887417218543046	0	368	0	17
random	3	sci=mask,other=ignore	10.0	hybrid	1	0.2722263565425681	0.8598764323511462	9038	151	0.33555868257689375	0.4860356108071559	0.6887417218543046	0	368	0	17
random	3	sci=mask,other=ignore	10.0	hybrid	2	0.2724703538980423	0.8599010236695166	9038	151	0.33622785549664214	0.4859509112248541	0.6821192052980133	0	368	0	17
random	3	sci=mask,other=ignore	10.0	hybrid	3	0.2723215736118845	0.8598458795010495	9038	151	0.33557065427116395	0.4859666791214168	0.6821192052980133	0	368	0	17
random	3	sci=mask,other=negate	10.0	degree	0	0.032029634071290496	0.6812216221774943	9038	151	0.10813796302519517	0.19519251557510411	0.37748344370860926	1379	368	46	17
random	3	sci=mask,other=negate	10.0	mf	1	0.11434789175802407	0.8343729996266591	9038	151	0.28525726654085426	0.3243136334849895	0.6423841059602649	1379	368	46	17
random	3	sci=mask,other=negate	10.0	mf	2	0.1135201745832486	0.8343197184368566	9038	151	0.2819500565074378	0.32070618008191226	0.6423841059602649	1379	368	46	17
random	3	sci=mask,other=negate	10.0	mf	3	0.11475878727455804	0.8348830831849781	9038	151	0.28493743710367975	0.32438290749235654	0.6423841059602649	1379	368	46	17
random	3	sci=mask,other=negate	10.0	graph	1	0.18099759457623296	0.8478930083901107	9038	151	0.26001414264140504	0.41394786555582747	0.6821192052980133	1379	368	46	17
random	3	sci=mask,other=negate	10.0	graph	2	0.18099759457623296	0.8478930083901107	9038	151	0.26001414264140504	0.41394786555582747	0.6821192052980133	1379	368	46	17
random	3	sci=mask,other=negate	10.0	graph	3	0.18099759457623296	0.8478930083901107	9038	151	0.26001414264140504	0.41394786555582747	0.6821192052980133	1379	368	46	17
random	3	sci=mask,other=negate	10.0	hybrid	1	0.17326002092249418	0.8479481525585777	9038	151	0.2558868290630339	0.40787714742366554	0.6622516556291391	1379	368	46	17
random	3	sci=mask,other=negate	10.0	hybrid	2	0.173245292541525	0.8479526237073721	9038	151	0.25578991795299727	0.4078773238396344	0.6622516556291391	1379	368	46	17
random	3	sci=mask,other=negate	10.0	hybrid	3	0.1732887325301534	0.8479585852390984	9038	151	0.2559030346073276	0.4078597197485175	0.6622516556291391	1379	368	46	17
random	3	sci=mask,other=mask	10.0	degree	0	0.03147746130749937	0.6750909319886105	9038	151	0.10813796302519517	0.19519251557510411	0.37748344370860926	0	1747	0	63
random	3	sci=mask,other=mask	10.0	mf	1	0.16213871762693102	0.8569899332084889	9038	151	0.3446761780672279	0.4110964058944963	0.7086092715231788	0	1747	0	63
random	3	sci=mask,other=mask	10.0	mf	2	0.16106893944955722	0.8563326743356805	9038	151	0.3545372171027367	0.40547556739261587	0.7086092715231788	0	1747	0	63
random	3	sci=mask,other=mask	10.0	mf	3	0.16230763374268892	0.8583208451663527	9038	151	0.3542807835174232	0.4121370082094455	0.7019867549668874	0	1747	0	63
random	3	sci=mask,other=mask	10.0	graph	1	0.2525589125573377	0.8641888553635527	9038	151	0.3490204774596751	0.47722530206292446	0.695364238410596	0	1747	0	63
random	3	sci=mask,other=mask	10.0	graph	2	0.2525589125573377	0.8641888553635527	9038	151	0.3490204774596751	0.47722530206292446	0.695364238410596	0	1747	0	63
random	3	sci=mask,other=mask	10.0	graph	3	0.2525589125573377	0.8641888553635527	9038	151	0.3490204774596751	0.47722530206292446	0.695364238410596	0	1747	0	63
random	3	sci=mask,other=mask	10.0	hybrid	1	0.26194987453752083	0.864194816895279	9038	151	0.34595721477180574	0.48249397901580593	0.6887417218543046	0	1747	0	63
random	3	sci=mask,other=mask	10.0	hybrid	2	0.2617804705084531	0.864233566851499	9038	151	0.3468880246364152	0.4825512436078921	0.6887417218543046	0	1747	0	63
random	3	sci=mask,other=mask	10.0	hybrid	3	0.2619650631281566	0.8641672448110456	9038	151	0.34645596916206955	0.48279958797875316	0.6887417218543046	0	1747	0	63
random	3	typed_scoped	10.0	degree	0	0.031662024388465604	0.6774062418727557	9038	151	0.10813796302519517	0.19519251557510411	0.37748344370860926	200	1547	13	50
random	3	typed_scoped	10.0	mf	1	0.16061266882264885	0.8455206913588342	9038	151	0.3183183098267919	0.3852650230576388	0.6622516556291391	200	1547	13	50
random	3	typed_scoped	10.0	mf	2	0.1610889307072636	0.8462755703136585	9038	151	0.3177073422946621	0.3856036138401862	0.6688741721854304	200	1547	13	50
random	3	typed_scoped	10.0	mf	3	0.1608495145130274	0.847014055056236	9038	151	0.316286018508584	0.38558178654148667	0.6622516556291391	200	1547	13	50
random	3	typed_scoped	10.0	graph	1	0.23595806396766944	0.858222852488604	9038	151	0.31010267879201453	0.4504856384244535	0.6556291390728477	200	1547	13	50
random	3	typed_scoped	10.0	graph	2	0.23595806396766944	0.858222852488604	9038	151	0.31010267879201453	0.4504856384244535	0.6556291390728477	200	1547	13	50
random	3	typed_scoped	10.0	graph	3	0.23595806396766944	0.858222852488604	9038	151	0.31010267879201453	0.4504856384244535	0.6556291390728477	200	1547	13	50
random	3	typed_scoped	10.0	hybrid	1	0.24094608304434673	0.8579448960718722	9038	151	0.3139155700107419	0.45349307794959587	0.6490066225165563	200	1547	13	50
random	3	typed_scoped	10.0	hybrid	2	0.2409351336376406	0.8580127084952573	9038	151	0.314402397983495	0.45356460983480656	0.6490066225165563	200	1547	13	50
random	3	typed_scoped	10.0	hybrid	3	0.24087537246073645	0.8579434056889407	9038	151	0.3142305764578238	0.45351453929587154	0.6490066225165563	200	1547	13	50
random	3	sci=negate,other=negate	3.0	degree	0	0.03166749840894532	0.6776521550564595	9038	151	0.10813796302519517	0.19519251557510411	0.37748344370860926	1747	0	63	0
random	3	sci=negate,other=negate	3.0	mf	1	0.1415668922974373	0.8479257968146046	9038	151	0.30520732919345933	0.3616400329413627	0.6821192052980133	1747	0	63	0
random	3	sci=negate,other=negate	3.0	mf	2	0.14153018738764256	0.8476079726544539	9038	151	0.3060830146162384	0.3618839344584384	0.6887417218543046	1747	0	63	0
random	3	sci=negate,other=negate	3.0	mf	3	0.14184801242320927	0.8485647984965017	9038	151	0.3060379792056949	0.36186107734426315	0.6821192052980133	1747	0	63	0
random	3	sci=negate,other=negate	3.0	graph	1	0.23049078887743268	0.8495831026344755	9038	151	0.272375737916169	0.41633646811891606	0.6357615894039735	1747	0	63	0
random	3	sci=negate,other=negate	3.0	graph	2	0.23049078887743268	0.8495831026344755	9038	151	0.272375737916169	0.41633646811891606	0.6357615894039735	1747	0	63	0
random	3	sci=negate,other=negate	3.0	graph	3	0.23049078887743268	0.8495831026344755	9038	151	0.272375737916169	0.41633646811891606	0.6357615894039735	1747	0	63	0
random	3	sci=negate,other=negate	3.0	hybrid	1	0.22625458364255646	0.8507918031919534	9038	151	0.26502892874601003	0.42119718183263044	0.6423841059602649	1747	0	63	0
random	3	sci=negate,other=negate	3.0	hybrid	2	0.22715451201928505	0.8508223560420498	9038	151	0.26499321938422676	0.4211933937493722	0.6423841059602649	1747	0	63	0
random	3	sci=negate,other=negate	3.0	hybrid	3	0.22627568063161768	0.8507873320431586	9038	151	0.2650178207864893	0.42118842189009575	0.6423841059602649	1747	0	63	0
random	3	sci=negate,other=negate	30.0	degree	0	0.03286921982843408	0.6917631006522661	9038	151	0.10813796302519517	0.19519251557510411	0.37748344370860926	1747	0	63	0
random	3	sci=negate,other=negate	30.0	mf	1	0.08822392439971942	0.7717418925031503	9038	151	0.22643743777000036	0.26534037931765664	0.48344370860927155	1747	0	63	0
random	3	sci=negate,other=negate	30.0	mf	2	0.0882239504173408	0.7715511234879133	9038	151	0.2265307209207634	0.265090975794106	0.48344370860927155	1747	0	63	0
random	3	sci=negate,other=negate	30.0	mf	3	0.08838260618824838	0.7718249813515835	9038	151	0.22693853243262443	0.26541957501331576	0.4900662251655629	1747	0	63	0
random	3	sci=negate,other=negate	30.0	graph	1	0.15074298939436748	0.8370623956266203	9038	151	0.2178527429072755	0.35856454842564545	0.6423841059602649	1747	0	63	0
random	3	sci=negate,other=negate	30.0	graph	2	0.15074298939436748	0.8370623956266203	9038	151	0.2178527429072755	0.35856454842564545	0.6423841059602649	1747	0	63	0
random	3	sci=negate,other=negate	30.0	graph	3	0.15074298939436748	0.8370623956266203	9038	151	0.2178527429072755	0.35856454842564545	0.6423841059602649	1747	0	63	0
random	3	sci=negate,other=negate	30.0	hybrid	1	0.13284604828584767	0.834980330671261	9038	151	0.21080587949253227	0.36062080610356484	0.6158940397350994	1747	0	63	0
random	3	sci=negate,other=negate	30.0	hybrid	2	0.13243925350294028	0.834960955693151	9038	151	0.21129142143211174	0.36065918074363684	0.6158940397350994	1747	0	63	0
random	3	sci=negate,other=negate	30.0	hybrid	3	0.13238474588836766	0.8349691527992745	9038	151	0.2111688126620089	0.36062844347130996	0.6158940397350994	1747	0	63	0
random	3	sci=negate,other=mask	3.0	degree	0	0.03149862436686634	0.6753823018517264	9038	151	0.10813796302519517	0.19519251557510411	0.37748344370860926	368	1379	17	46
random	3	sci=negate,other=mask	3.0	mf	1	0.1670462325509723	0.8528705147857165	9038	151	0.32812543058966465	0.4050758308594237	0.695364238410596	368	1379	17	46
random	3	sci=negate,other=mask	3.0	mf	2	0.16672764048219466	0.8521089291077003	9038	151	0.3290370941934811	0.40138974361144897	0.695364238410596	368	1379	17	46
random	3	sci=negate,other=mask	3.0	mf	3	0.1669415065379882	0.8537938070118045	9038	151	0.32842331066536307	0.40438642281277465	0.695364238410596	368	1379	17	46
random	3	sci=negate,other=mask	3.0	graph	1	0.26872259892980543	0.857935953774283	9038	151	0.3140763461651325	0.4466583491030395	0.6622516556291391	368	1379	17	46
random	3	sci=negate,other=mask	3.0	graph	2	0.26872259892980543	0.857935953774283	9038	151	0.3140763461651325	0.4466583491030395	0.6622516556291391	368	1379	17	46
random	3	sci=negate,other=mask	3.0	graph	3	0.26872259892980543	0.857935953774283	9038	151	0.3140763461651325	0.4466583491030395	0.6622516556291391	368	1379	17	46
random	3	sci=negate,other=mask	3.0	hybrid	1	0.2671503173330151	0.8588540296601107	9038	151	0.3185338124015751	0.44508822191613634	0.6490066225165563	368	1379	17	46
random	3	sci=negate,other=mask	3.0	hybrid	2	0.26768320808626406	0.8588793661699468	9038	151	0.31868438401625854	0.44506156048171236	0.6490066225165563	368	1379	17	46
random	3	sci=negate,other=mask	3.0	hybrid	3	0.26721552582405317	0.8588391258307955	9038	151	0.31854198033427134	0.44508822191613634	0.6490066225165563	368	1379	17	46
random	3	sci=negate,other=mask	30.0	degree	0	0.031949262564080594	0.6802156136987059	9038	151	0.10813796302519517	0.19519251557510411	0.37748344370860926	368	1379	17	46
random	3	sci=negate,other=mask	30.0	mf	1	0.16580925242735314	0.8330223400949522	9038	151	0.30561985102387734	0.3932114736306641	0.6556291390728477	368	1379	17	46
random	3	sci=negate,other=mask	30.0	mf	2	0.16549389488234167	0.8323818480301235	9038	151	0.30521435909913913	0.39271885156083647	0.6556291390728477	368	1379	17	46
random	3	sci=negate,other=mask	30.0	mf	3	0.16618910724757935	0.8335380125892646	9038	151	0.30512324187044093	0.3934239920298364	0.6622516556291391	368	1379	17	46
random	3	sci=negate,other=mask	30.0	graph	1	0.2660180163043182	0.8527099260248434	9038	151	0.3078780900111309	0.43648645545451226	0.6556291390728477	368	1379	17	46
random	3	sci=negate,other=mask	30.0	graph	2	0.2660180163043182	0.8527099260248434	9038	151	0.3078780900111309	0.43648645545451226	0.6556291390728477	368	1379	17	46
random	3	sci=negate,other=mask	30.0	graph	3	0.2660180163043182	0.8527099260248434	9038	151	0.3078780900111309	0.43648645545451226	0.6556291390728477	368	1379	17	46
random	3	sci=negate,other=mask	30.0	hybrid	1	0.2578684694169117	0.8533008628571983	9038	151	0.30589691376763245	0.4364469182617903	0.6423841059602649	368	1379	17	46
random	3	sci=negate,other=mask	30.0	hybrid	2	0.25821762089983374	0.8533656945147201	9038	151	0.3059531401370973	0.436395032448315	0.6423841059602649	368	1379	17	46
random	3	sci=negate,other=mask	30.0	hybrid	3	0.25804167186497123	0.8532971368998694	9038	151	0.30571988282836826	0.4364044662325832	0.6423841059602649	368	1379	17	46
random	4	sci=ignore,other=ignore	10.0	degree	0	0.044677642772552525	0.6952164143803217	7991	151	0.12799726493036725	0.18220713557020735	0.4105960264900662	0	0	0	0
random	4	sci=ignore,other=ignore	10.0	disease_degree	0	0.054411843818573245	0.7331835383159886	7991	151	0.028115082282730748	0.18220713557020735	0.4105960264900662	0	0	0	0
random	4	sci=ignore,other=ignore	10.0	mf	1	0.19606780839195978	0.8489263751858359	7991	151	0.3077735398367423	0.39957161545290526	0.6622516556291391	0	0	0	0
random	4	sci=ignore,other=ignore	10.0	mf	2	0.19612724215801497	0.8498800513582916	7991	151	0.3092797200160249	0.40085320878847147	0.6622516556291391	0	0	0	0
random	4	sci=ignore,other=ignore	10.0	mf	3	0.19548665045434122	0.8435565616975268	7991	151	0.3049433942690409	0.3947363355843379	0.6688741721854304	0	0	0	0
random	4	sci=ignore,other=ignore	10.0	graph	1	0.29442187692263094	0.8717985538586296	7991	151	0.36411339642024676	0.4408752144537458	0.695364238410596	0	0	0	0
random	4	sci=ignore,other=ignore	10.0	graph	2	0.29442187692263094	0.8717985538586296	7991	151	0.36411339642024676	0.4408752144537458	0.695364238410596	0	0	0	0
random	4	sci=ignore,other=ignore	10.0	graph	3	0.29442187692263094	0.8717985538586296	7991	151	0.36411339642024676	0.4408752144537458	0.695364238410596	0	0	0	0
random	4	sci=ignore,other=ignore	10.0	hybrid	1	0.2924597802961303	0.8758616029193135	7991	151	0.3812234786151723	0.4719906155306254	0.7086092715231788	0	0	0	0
random	4	sci=ignore,other=ignore	10.0	hybrid	2	0.29244671535277245	0.8758599135018248	7991	151	0.3811789495008758	0.4719609297673861	0.7086092715231788	0	0	0	0
random	4	sci=ignore,other=ignore	10.0	hybrid	3	0.2925080876276412	0.8758117651033924	7991	151	0.3813581394729853	0.47198102782626267	0.7086092715231788	0	0	0	0
random	4	sci=ignore,other=negate	10.0	degree	0	0.04527711410160303	0.6997161778618733	7991	151	0.12799726493036725	0.18220713557020735	0.4105960264900662	1380	0	52	0
random	4	sci=ignore,other=negate	10.0	mf	1	0.1356756137811154	0.8089327949722935	7991	151	0.2538439906203527	0.2900418421871363	0.5827814569536424	1380	0	52	0
random	4	sci=ignore,other=negate	10.0	mf	2	0.13585061628124814	0.808091042708474	7991	151	0.25445886790488165	0.29022626681736263	0.5827814569536424	1380	0	52	0
random	4	sci=ignore,other=negate	10.0	mf	3	0.13543789027391195	0.8077696310312206	7991	151	0.25300268411445254	0.2900251453481698	0.5894039735099338	1380	0	52	0
random	4	sci=ignore,other=negate	10.0	graph	1	0.1931170158085464	0.8591701581294768	7991	151	0.2853684405744614	0.3705132974234908	0.6688741721854304	1380	0	52	0
random	4	sci=ignore,other=negate	10.0	graph	2	0.1931170158085464	0.8591701581294768	7991	151	0.2853684405744614	0.3705132974234908	0.6688741721854304	1380	0	52	0
random	4	sci=ignore,other=negate	10.0	graph	3	0.1931170158085464	0.8591701581294768	7991	151	0.2853684405744614	0.3705132974234908	0.6688741721854304	1380	0	52	0
random	4	sci=ignore,other=negate	10.0	hybrid	1	0.18629459271418652	0.8616519124205974	7991	151	0.2930390787241182	0.37700218280977876	0.6622516556291391	1380	0	52	0
random	4	sci=ignore,other=negate	10.0	hybrid	2	0.1866329589659957	0.8615986957696985	7991	151	0.2930141211519909	0.3770157091916339	0.6622516556291391	1380	0	52	0
random	4	sci=ignore,other=negate	10.0	hybrid	3	0.18625619042233116	0.8615986957696986	7991	151	0.29303234017964386	0.378116646255201	0.6622516556291391	1380	0	52	0
random	4	sci=ignore,other=mask	10.0	degree	0	0.044667860810538244	0.6951150493309907	7991	151	0.12799726493036725	0.18220713557020735	0.4105960264900662	0	1380	0	52
random	4	sci=ignore,other=mask	10.0	mf	1	0.21003090558132798	0.8611598695769699	7991	151	0.31697769996473457	0.405117288892587	0.6754966887417219	0	1380	0	52
random	4	sci=ignore,other=mask	10.0	mf	2	0.21141977395027653	0.8633949689147182	7991	151	0.3180606633369836	0.4083054637137449	0.6754966887417219	0	1380	0	52
random	4	sci=ignore,other=mask	10.0	mf	3	0.20871997776537402	0.8544685092580078	7991	151	0.31436303628097473	0.40645023641704264	0.6754966887417219	0	1380	0	52
random	4	sci=ignore,other=mask	10.0	graph	1	0.32158688883498426	0.8768338626841464	7991	151	0.3755531273367347	0.49989943078923926	0.7284768211920529	0	1380	0	52
random	4	sci=ignore,other=mask	10.0	graph	2	0.32158688883498426	0.8768338626841464	7991	151	0.3755531273367347	0.49989943078923926	0.7284768211920529	0	1380	0	52
random	4	sci=ignore,other=mask	10.0	graph	3	0.32158688883498426	0.8768338626841464	7991	151	0.3755531273367347	0.49989943078923926	0.7284768211920529	0	1380	0	52
random	4	sci=ignore,other=mask	10.0	hybrid	1	0.311454295785345	0.8808563657250981	7991	151	0.38495210470162317	0.4962258596460496	0.7019867549668874	0	1380	0	52
random	4	sci=ignore,other=mask	10.0	hybrid	2	0.31141919442873817	0.8808487633463982	7991	151	0.384911265038142	0.4962837503949314	0.7086092715231788	0	1380	0	52
random	4	sci=ignore,other=mask	10.0	hybrid	3	0.310737657799437	0.8807744289768888	7991	151	0.38499562235057927	0.4962368971736434	0.7019867549668874	0	1380	0	52
random	4	sci=negate,other=ignore	10.0	degree	0	0.045060624859900734	0.6956497499662117	7991	151	0.12799726493036725	0.18220713557020735	0.4105960264900662	374	0	24	0
random	4	sci=negate,other=ignore	10.0	mf	1	0.15795533047530033	0.8242211785376402	7991	151	0.2781980927212298	0.3538378440546702	0.6291390728476821	374	0	24	0
random	4	sci=negate,other=ignore	10.0	mf	2	0.15839924490797685	0.826789093120692	7991	151	0.28075224220158074	0.35179163198225755	0.6291390728476821	374	0	24	0
random	4	sci=negate,other=ignore	10.0	mf	3	0.15806823874280945	0.8241536018380862	7991	151	0.2806880206526164	0.3521884583186974	0.6291390728476821	374	0	24	0
random	4	sci=negate,other=ignore	10.0	graph	1	0.2587749834372209	0.865774091093391	7991	151	0.3308557246931181	0.4070583521509376	0.6887417218543046	374	0	24	0
random	4	sci=negate,other=ignore	10.0	graph	2	0.2587749834372209	0.865774091093391	7991	151	0.3308557246931181	0.4070583521509376	0.6887417218543046	374	0	24	0
random	4	sci=negate,other=ignore	10.0	graph	3	0.2587749834372209	0.865774091093391	7991	151	0.3308557246931181	0.4070583521509376	0.6887417218543046	374	0	24	0
random	4	sci=negate,other=ignore	10.0	hybrid	1	0.2538160770089084	0.8692150121638059	7991	151	0.34351035788424833	0.42469758924305373	0.695364238410596	374	0	24	0
random	4	sci=negate,other=ignore	10.0	hybrid	2	0.25375794026121956	0.8691571496148129	7991	151	0.34366186502798635	0.4246662361909185	0.695364238410596	374	0	24	0
random	4	sci=negate,other=ignore	10.0	hybrid	3	0.2537702020606345	0.8691326530612246	7991	151	0.3435695962937847	0.4249158426167415	0.695364238410596	374	0	24	0
random	4	sci=negate,other=negate	10.0	degree	0	0.0452930207833714	0.6997989593188269	7991	151	0.12799726493036725	0.18220713557020735	0.4105960264900662	1754	0	76	0
random	4	sci=negate,other=negate	10.0	mf	1	0.10755694317826701	0.7936629949993242	7991	151	0.22314330099738588	0.26072699457230913	0.543046357615894	1754	0	76	0
random	4	sci=negate,other=negate	10.0	mf	2	0.10796120247225283	0.7945963981619139	7991	151	0.22694129311054137	0.2607483199965683	0.543046357615894	1754	0	76	0
random	4	sci=negate,other=negate	10.0	mf	3	0.10772529024606442	0.7943265137180702	7991	151	0.2216267395137345	0.2605831194755954	0.543046357615894	1754	0	76	0
random	4	sci=negate,other=negate	10.0	graph	1	0.16042864436876259	0.8534176915799433	7991	151	0.25251132997299525	0.33184270334438787	0.6357615894039735	1754	0	76	0
random	4	sci=negate,other=negate	10.0	graph	2	0.16042864436876259	0.8534176915799433	7991	151	0.25251132997299525	0.33184270334438787	0.6357615894039735	1754	0	76	0
random	4	sci=negate,other=negate	10.0	graph	3	0.16042864436876259	0.8534176915799433	7991	151	0.25251132997299525	0.33184270334438787	0.6357615894039735	1754	0	76	0
random	4	sci=negate,other=negate	10.0	hybrid	1	0.15191857973558465	0.8549305649412082	7991	151	0.2566304259691579	0.3426567275912647	0.6423841059602649	1754	0	76	0
random	4	sci=negate,other=negate	10.0	hybrid	2	0.1523684175514093	0.8548697459116097	7991	151	0.25742539289558514	0.34282754647069286	0.6423841059602649	1754	0	76	0
random	4	sci=negate,other=negate	10.0	hybrid	3	0.15174931270243333	0.8548663670766319	7991	151	0.25650546500517646	0.3426062703222644	0.6423841059602649	1754	0	76	0
random	4	sci=negate,other=mask	10.0	degree	0	0.04460764845773659	0.6953946479253954	7991	151	0.12799726493036725	0.18220713557020735	0.4105960264900662	374	1380	24	52
random	4	sci=negate,other=mask	10.0	mf	1	0.1789937270596328	0.8408218171374511	7991	151	0.2939738624316588	0.36745854139771145	0.6357615894039735	374	1380	24	52
random	4	sci=negate,other=mask	10.0	mf	2	0.18029142845065962	0.8423955095283147	7991	151	0.2950656500392738	0.3686945521615662	0.6357615894039735	374	1380	24	52
random	4	sci=negate,other=mask	10.0	mf	3	0.17943242785893967	0.8375523719421544	7991	151	0.2924570575318375	0.368642825374894	0.6357615894039735	374	1380	24	52
random	4	sci=negate,other=mask	10.0	graph	1	0.28858655250886894	0.8706793147722665	7991	151	0.3591430696719445	0.4590096119907074	0.6821192052980133	374	1380	24	52
random	4	sci=negate,other=mask	10.0	graph	2	0.28858655250886894	0.8706793147722665	7991	151	0.3591430696719445	0.4590096119907074	0.6821192052980133	374	1380	24	52
random	4	sci=negate,other=mask	10.0	graph	3	0.28858655250886894	0.8706793147722665	7991	151	0.3591430696719445	0.4590096119907074	0.6821192052980133	374	1380	24	52
random	4	sci=negate,other=mask	10.0	hybrid	1	0.27638612308344956	0.8738022030004056	7991	151	0.3590303639841191	0.45103398480611323	0.695364238410596	374	1380	24	52
random	4	sci=negate,other=mask	10.0	hybrid	2	0.2765550069810631	0.8737591228544398	7991	151	0.35905899143081993	0.45100809261767727	0.695364238410596	374	1380	24	52
random	4	sci=negate,other=mask	10.0	hybrid	3	0.27634789491289213	0.8737261792134072	7991	151	0.35891877525286797	0.45066129685964185	0.695364238410596	374	1380	24	52
random	4	sci=mask,other=ignore	10.0	degree	0	0.044681801743947945	0.6951936072442222	7991	151	0.12799726493036725	0.18220713557020735	0.4105960264900662	0	374	0	24
random	4	sci=mask,other=ignore	10.0	mf	1	0.20365657286257108	0.850264393837005	7991	151	0.324505337488986	0.4025385144606721	0.6688741721854304	0	374	0	24
random	4	sci=mask,other=ignore	10.0	mf	2	0.20402326087685277	0.8513604034328963	7991	151	0.3254096640960419	0.4035536942850181	0.6688741721854304	0	374	0	24
random	4	sci=mask,other=ignore	10.0	mf	3	0.20316716042618707	0.8450588761994864	7991	151	0.3211068512604882	0.3997629204305095	0.6688741721854304	0	374	0	24
random	4	sci=mask,other=ignore	10.0	graph	1	0.3228357176974809	0.8727302676037303	7991	151	0.3754610396028959	0.4602896021576221	0.7086092715231788	0	374	0	24
random	4	sci=mask,other=ignore	10.0	graph	2	0.3228357176974809	0.8727302676037303	7991	151	0.3754610396028959	0.4602896021576221	0.7086092715231788	0	374	0	24
random	4	sci=mask,other=ignore	10.0	graph	3	0.3228357176974809	0.8727302676037303	7991	151	0.3754610396028959	0.4602896021576221	0.7086092715231788	0	374	0	24
random	4	sci=mask,other=ignore	10.0	hybrid	1	0.31729415316920057	0.8765931206919855	7991	151	0.3827824669560042	0.487492197289858	0.7152317880794702	0	374	0	24
random	4	sci=mask,other=ignore	10.0	hybrid	2	0.31731537337235804	0.8765475064197864	7991	151	0.3823310723501698	0.4875346493190649	0.7152317880794702	0	374	0	24
random	4	sci=mask,other=ignore	10.0	hybrid	3	0.3175240576436569	0.8765272334099202	7991	151	0.3825156122097516	0.4874640797120716	0.7152317880794702	0	374	0	24
random	4	sci=mask,other=negate	10.0	degree	0	0.045294909081418006	0.6997254696580619	7991	151	0.12799726493036725	0.18220713557020735	0.4105960264900662	1380	374	52	24
random	4	sci=mask,other=negate	10.0	mf	1	0.14711042779931624	0.8109229287741587	7991	151	0.25859787881406393	0.2960162044048959	0.5894039735099338	1380	374	52	24
random	4	sci=mask,other=negate	10.0	mf	2	0.14708657951347098	0.80994771252872	7991	151	0.2591421758620886	0.2949320135215722	0.5894039735099338	1380	374	52	24
random	4	sci=mask,other=negate	10.0	mf	3	0.14718285045438326	0.8098666204892553	7991	151	0.2583496698062906	0.295697602507965	0.5827814569536424	1380	374	52	24
random	4	sci=mask,other=negate	10.0	graph	1	0.23118934319315676	0.8600959589133668	7991	151	0.2942769639356669	0.3918005090719529	0.6821192052980133	1380	374	52	24
random	4	sci=mask,other=negate	10.0	graph	2	0.23118934319315676	0.8600959589133668	7991	151	0.2942769639356669	0.3918005090719529	0.6821192052980133	1380	374	52	24
random	4	sci=mask,other=negate	10.0	graph	3	0.23118934319315676	0.8600959589133668	7991	151	0.2942769639356669	0.3918005090719529	0.6821192052980133	1380	374	52	24
random	4	sci=mask,other=negate	10.0	hybrid	1	0.21648800490183315	0.862060751452899	7991	151	0.2991067157309286	0.3946999542613252	0.6754966887417219	1380	374	52	24
random	4	sci=mask,other=negate	10.0	hybrid	2	0.21642429309112443	0.8620193607244222	7991	151	0.29914755539440985	0.39469951713194695	0.6754966887417219	1380	374	52	24
random	4	sci=mask,other=negate	10.0	hybrid	3	0.21621155698372224	0.8620379443167997	7991	151	0.2991698738116297	0.39690586782899373	0.6754966887417219	1380	374	52	24
random	4	sci=mask,other=mask	10.0	degree	0	0.0445395659062966	0.693885153399108	7991	151	0.12799726493036725	0.18220713557020735	0.4105960264900662	0	1754	0	76
random	4	sci=mask,other=mask	10.0	mf	1	0.20969866003001236	0.8617118867414515	7991	151	0.33432805016060635	0.4113859221880727	0.6754966887417219	0	1754	0	76
random	4	sci=mask,other=mask	10.0	mf	2	0.21083475198418256	0.8640888971482633	7991	151	0.3354794665938909	0.41350627983839117	0.6821192052980133	0	1754	0	76
random	4	sci=mask,other=mask	10.0	mf	3	0.20941781262458362	0.8581277875388565	7991	151	0.3341541064667013	0.41145366534802	0.6821192052980133	0	1754	0	76
random	4	sci=mask,other=mask	10.0	graph	1	0.32828086525150985	0.8791137315853493	7991	151	0.3998036870004445	0.505791145005335	0.7218543046357616	0	1754	0	76
random	4	sci=mask,other=mask	10.0	graph	2	0.32828086525150985	0.8791137315853493	7991	151	0.3998036870004445	0.505791145005335	0.7218543046357616	0	1754	0	76
random	4	sci=mask,other=mask	10.0	graph	3	0.32828086525150985	0.8791137315853493	7991	151	0.3998036870004445	0.505791145005335	0.7218543046357616	0	1754	0	76
random	4	sci=mask,other=mask	10.0	hybrid	1	0.3292949057198686	0.8832511150155427	7991	151	0.4052728121761889	0.5182886878292986	0.7284768211920529	0	1754	0	76
random	4	sci=mask,other=mask	10.0	hybrid	2	0.32942786820501024	0.8832392890931208	7991	151	0.40506132960497443	0.5183572879427494	0.7284768211920529	0	1754	0	76
random	4	sci=mask,other=mask	10.0	hybrid	3	0.32916168656288547	0.8831679112042168	7991	151	0.40511266481023217	0.5183052441206893	0.7284768211920529	0	1754	0	76
random	4	typed_scoped	10.0	degree	0	0.04468513661895881	0.6952417556426544	7991	151	0.12799726493036725	0.18220713557020735	0.4105960264900662	207	1547	17	59
random	4	typed_scoped	10.0	mf	1	0.17021100565282576	0.8439974996621165	7991	151	0.2971918328489903	0.3811545436984099	0.6357615894039735	207	1547	17	59
random	4	typed_scoped	10.0	mf	2	0.17085007289546064	0.8469159683741045	7991	151	0.2936570942302705	0.3776426432798245	0.6357615894039735	207	1547	17	59
random	4	typed_scoped	10.0	mf	3	0.17029040867073095	0.8444494188403838	7991	151	0.29014522487975475	0.37789097108297054	0.6357615894039735	207	1547	17	59
random	4	typed_scoped	10.0	graph	1	0.2983144264511156	0.8705340248682254	7991	151	0.3711492493764527	0.45763697862287883	0.6754966887417219	207	1547	17	59
random	4	typed_scoped	10.0	graph	2	0.2983144264511156	0.8705340248682254	7991	151	0.3711492493764527	0.45763697862287883	0.6754966887417219	207	1547	17	59
random	4	typed_scoped	10.0	graph	3	0.2983144264511156	0.8705340248682254	7991	151	0.3711492493764527	0.45763697862287883	0.6754966887417219	207	1547	17	59
random	4	typed_scoped	10.0	hybrid	1	0.2958209857832094	0.8751258616029194	7991	151	0.37361975205223297	0.46013031744639143	0.6622516556291391	207	1547	17	59
random	4	typed_scoped	10.0	hybrid	2	0.29593141923439	0.875113190971753	7991	151	0.37359682556442914	0.46015917332033796	0.6622516556291391	207	1547	17	59
random	4	typed_scoped	10.0	hybrid	3	0.29605785224991943	0.8750608190295985	7991	151	0.3735919793731846	0.4601273819337334	0.6622516556291391	207	1547	17	59
random	4	sci=negate,other=negate	3.0	degree	0	0.04510168641485371	0.696741958372753	7991	151	0.12799726493036725	0.18220713557020735	0.4105960264900662	1754	0	76	0
random	4	sci=negate,other=negate	3.0	mf	1	0.1549899135946166	0.828288028787674	7991	151	0.2769458861976618	0.3421702142196274	0.6291390728476821	1754	0	76	0
random	4	sci=negate,other=negate	3.0	mf	2	0.15568736509751158	0.8297806291390728	7991	151	0.27778676610934305	0.34200522991339727	0.6291390728476821	1754	0	76	0
random	4	sci=negate,other=negate	3.0	mf	3	0.15164162572479037	0.8279357852412488	7991	151	0.2768464631394607	0.34225827039763573	0.6291390728476821	1754	0	76	0
random	4	sci=negate,other=negate	3.0	graph	1	0.2291636331627283	0.8640508852547643	7991	151	0.29853319837206505	0.38439706870038826	0.6887417218543046	1754	0	76	0
random	4	sci=negate,other=negate	3.0	graph	2	0.2291636331627283	0.8640508852547643	7991	151	0.29853319837206505	0.38439706870038826	0.6887417218543046	1754	0	76	0
random	4	sci=negate,other=negate	3.0	graph	3	0.2291636331627283	0.8640508852547643	7991	151	0.29853319837206505	0.38439706870038826	0.6887417218543046	1754	0	76	0
random	4	sci=negate,other=negate	3.0	hybrid	1	0.22920939898351825	0.867042421273145	7991	151	0.3131216822591722	0.3979821377965157	0.6821192052980133	1754	0	76	0
random	4	sci=negate,other=negate	3.0	hybrid	2	0.2292232362290483	0.8670048317340182	7991	151	0.31312034452782167	0.3979821377965157	0.6821192052980133	1754	0	76	0
random	4	sci=negate,other=negate	3.0	hybrid	3	0.2290749980448827	0.8669811798891742	7991	151	0.31309792481657056	0.39792193310054946	0.6754966887417219	1754	0	76	0
random	4	sci=negate,other=negate	30.0	degree	0	0.046357020986651246	0.7083398094337072	7991	151	0.12799726493036725	0.18220713557020735	0.4105960264900662	1754	0	76	0
random	4	sci=negate,other=negate	30.0	mf	1	0.0797552213581972	0.7365095789971617	7991	151	0.1767539346451182	0.19885336606199766	0.44370860927152317	1754	0	76	0
random	4	sci=negate,other=negate	30.0	mf	2	0.07964350506471482	0.7366574030274362	7991	151	0.1767500349860819	0.19801443283451176	0.45695364238410596	1754	0	76	0
random	4	sci=negate,other=negate	30.0	mf	3	0.07948171548231041	0.7362270239221517	7991	151	0.17650664005708885	0.1977299675255567	0.4503311258278146	1754	0	76	0
random	4	sci=negate,other=negate	30.0	graph	1	0.12844889526098954	0.8439299229625625	7991	151	0.2348834408659565	0.3009055639149113	0.5827814569536424	1754	0	76	0
random	4	sci=negate,other=negate	30.0	graph	2	0.12844889526098954	0.8439299229625625	7991	151	0.2348834408659565	0.3009055639149113	0.5827814569536424	1754	0	76	0
random	4	sci=negate,other=negate	30.0	graph	3	0.12844889526098954	0.8439299229625625	7991	151	0.2348834408659565	0.3009055639149113	0.5827814569536424	1754	0	76	0
random	4	sci=negate,other=negate	30.0	hybrid	1	0.11851364997279563	0.8428436275172321	7991	151	0.22706837770782665	0.32144966339996034	0.6291390728476821	1754	0	76	0
random	4	sci=negate,other=negate	30.0	hybrid	2	0.11887998051125258	0.8428512298959319	7991	151	0.22715507332310467	0.32138945870399405	0.6225165562913907	1754	0	76	0
random	4	sci=negate,other=negate	30.0	hybrid	3	0.1189368504320956	0.8427768955264225	7991	151	0.22709526015986206	0.3213945125169949	0.6225165562913907	1754	0	76	0
random	4	sci=negate,other=mask	3.0	degree	0	0.04468249199206731	0.6951944519529667	7991	151	0.12799726493036725	0.18220713557020735	0.4105960264900662	374	1380	24	52
random	4	sci=negate,other=mask	3.0	mf	1	0.19972230750300068	0.8577240167590214	7991	151	0.30445208759864206	0.3930214406974307	0.6688741721854304	374	1380	24	52
random	4	sci=negate,other=mask	3.0	mf	2	0.20040305602604414	0.8606859879713474	7991	151	0.30352920263140964	0.3960157451191166	0.6688741721854304	374	1380	24	52
random	4	sci=negate,other=mask	3.0	mf	3	0.19872966100833123	0.852757129341803	7991	151	0.30277810369620867	0.3928701315362172	0.6688741721854304	374	1380	24	52
random	4	sci=negate,other=mask	3.0	graph	1	0.302102965330059	0.8743715366941478	7991	151	0.36508142085099204	0.4804492053796001	0.7152317880794702	374	1380	24	52
random	4	sci=negate,other=mask	3.0	graph	2	0.302102965330059	0.8743715366941478	7991	151	0.36508142085099204	0.4804492053796001	0.7152317880794702	374	1380	24	52
random	4	sci=negate,other=mask	3.0	graph	3	0.302102965330059	0.8743715366941478	7991	151	0.36508142085099204	0.4804492053796001	0.7152317880794702	374	1380	24	52
random	4	sci=negate,other=mask	3.0	hybrid	1	0.2985525006280536	0.8782082038113259	7991	151	0.3679471867169551	0.4805392036273172	0.7019867549668874	374	1380	24	52
random	4	sci=negate,other=mask	3.0	hybrid	2	0.29862797263403956	0.8781929990539261	7991	151	0.3679540328434167	0.4799830820447056	0.7019867549668874	374	1380	24	52
random	4	sci=negate,other=mask	3.0	hybrid	3	0.2985381802242096	0.878144850655494	7991	151	0.3682132842417322	0.4805392036273172	0.7019867549668874	374	1380	24	52
random	4	sci=negate,other=mask	30.0	degree	0	0.04545232184758307	0.6982100621705637	7991	151	0.12799726493036725	0.18220713557020735	0.4105960264900662	374	1380	24	52
random	4	sci=negate,other=mask	30.0	mf	1	0.16845299996164156	0.8170643837005002	7991	151	0.2864125257243394	0.3626635715826032	0.6291390728476821	374	1380	24	52
random	4	sci=negate,other=mask	30.0	mf	2	0.1703005095233191	0.8163915731855655	7991	151	0.2876138096155114	0.362849118171945	0.6291390728476821	374	1380	24	52
random	4	sci=negate,other=mask	30.0	mf	3	0.16875764274150656	0.8142937390187863	7991	151	0.2846984098558703	0.36282851654263293	0.6291390728476821	374	1380	24	52
random	4	sci=negate,other=mask	30.0	graph	1	0.2821850156453298	0.867096060278416	7991	151	0.357454828254644	0.4434185782051387	0.6622516556291391	374	1380	24	52
random	4	sci=negate,other=mask	30.0	graph	2	0.2821850156453298	0.867096060278416	7991	151	0.357454828254644	0.4434185782051387	0.6622516556291391	374	1380	24	52
random	4	sci=negate,other=mask	30.0	graph	3	0.2821850156453298	0.867096060278416	7991	151	0.357454828254644	0.4434185782051387	0.6622516556291391	374	1380	24	52
random	4	sci=negate,other=mask	30.0	hybrid	1	0.26963099599257057	0.8693615691309635	7991	151	0.35376847847236387	0.4400109591058783	0.6821192052980133	374	1380	24	52
random	4	sci=negate,other=mask	30.0	hybrid	2	0.2694225333543207	0.8693700162184079	7991	151	0.3539182239051282	0.4398747244262774	0.6821192052980133	374	1380	24	52
random	4	sci=negate,other=mask	30.0	hybrid	3	0.26936413882713073	0.8693159548587648	7991	151	0.3536261935436681	0.439834349781918	0.6821192052980133	374	1380	24	52
