report_id	compound	role	n_arms
nct00000372	DB00260	investigational	3
nct00000372	DB00145	investigational	3
nct00000419	DB00603	investigational	0
nct00000430	DB00630	no_arm_data	0
nct00000430	DB00396	no_arm_data	0
nct00000577	DB00394	unmatched	0
nct00000577	DB01394	no_arm_data	0
nct00000577	DB00180	unmatched	0
nct00000577	DB01001	no_arm_data	0
nct00000577	DB00332	unmatched	0
nct00000577	DB00471	unmatched	0
nct00000577	DB01222	unmatched	0
nct00000577	DB00938	unmatched	0
nct00000577	DB00588	unmatched	0
nct00000659	DB00495	no_arm_data	0
nct00000686	DB00649	investigational	0
nct00000697	DB00529	investigational	0
nct00000723	DB00650	no_arm_data	0
nct00000723	DB00563	no_arm_data	0
nct00000723	DB01234	no_arm_data	0
nct00000723	DB00495	no_arm_data	0
nct00000730	DB00738	no_arm_data	0
nct00000730	DB01015	no_arm_data	0
nct00000730	DB00959	no_arm_data	0
nct00000730	DB00650	no_arm_data	0
nct00000730	DB01157	no_arm_data	0
nct00000730	DB00440	no_arm_data	0
nct00001880	DB00091	single_arm_combination	1
nct00001880	DB00563	single_arm_combination	1
nct00002478	DB00773	investigational	0
nct00002525	DB00650	backbone	2
nct00002525	DB00544	backbone	2
nct00002696	DB00997	no_arm_data	0
nct00002696	DB00544	no_arm_data	0
nct00002696	DB00563	no_arm_data	0
nct00002696	DB00531	no_arm_data	0
nct00002735	DB00544	single_arm_combination	1
nct00002761	DB01177	no_arm_data	0
nct00002761	DB00531	no_arm_data	0
nct00002761	DB00091	no_arm_data	0
nct00002761	DB00987	no_arm_data	0
nct00002761	DB01008	no_arm_data	0
nct00002772	DB00531	backbone	2
nct00002772	DB01229	backbone	2
nct00002772	DB04572	investigational	2
nct00002772	DB00262	investigational	2
nct00002772	DB00997	backbone	2
nct00002819	DB01229	no_arm_data	0
nct00002819	DB01204	no_arm_data	0
nct00002819	DB00531	no_arm_data	0
nct00002921	DB04786	single_arm_combination	1
nct00002961	DB00531	backbone	2
nct00002961	DB00773	backbone	2
nct00002961	DB00091	head_to_head	2
nct00002961	DB00563	head_to_head	2
nct00002961	DB01008	head_to_head	2
nct00002993	DB00305	no_arm_data	0
nct00002993	DB00997	no_arm_data	0
nct00002999	DB00544	no_arm_data	0
nct00003054	DB01229	investigational	0
nct00003056	DB00091	backbone	2
nct00003056	DB00563	comparator	2
nct00003060	DB01008	no_arm_data	0
nct00003060	DB00091	no_arm_data	0
nct00003060	DB00563	no_arm_data	0
nct00003060	DB00531	no_arm_data	0
nct00003086	DB01042	no_arm_data	0
nct00003086	DB01229	no_arm_data	0
nct00003086	DB04572	no_arm_data	0
nct00003086	DB00531	no_arm_data	0
nct00003113	DB00773	no_arm_data	0
nct00003113	DB01206	no_arm_data	0
nct00003113	DB01168	no_arm_data	0
nct00003113	DB00531	no_arm_data	0
nct00003152	DB00635	no_arm_data	0
nct00003152	DB00531	no_arm_data	0
nct00003156	DB01030	investigational	0
nct00003179	DB00603	investigational	0
nct00003273	DB00531	no_arm_data	0
nct00003273	DB00853	no_arm_data	0
nct00003273	DB00773	no_arm_data	0
nct00003273	DB00563	no_arm_data	0
nct00003273	DB04572	no_arm_data	0
nct00003273	DB00650	no_arm_data	0
nct00003292	DB01181	investigational	1
nct00003316	DB00441	investigational	0
nct00003365	DB00605	no_arm_data	0
nct00003378	DB01229	no_arm_data	0
nct00003378	DB00441	no_arm_data	0
nct00003380	DB00997	no_arm_data	0
nct00003380	DB00773	no_arm_data	0
nct00003382	DB01030	no_arm_data	0
nct00003382	DB00441	no_arm_data	0
nct00003386	DB00531	no_arm_data	0
nct00003405	DB01177	no_arm_data	0
nct00003405	DB01143	no_arm_data	0
nct00003405	DB00987	no_arm_data	0
nct00003405	DB00982	no_arm_data	0
nct00003405	DB01204	no_arm_data	0
nct00003407	DB01143	single_arm_combination	1
nct00003407	DB00987	single_arm_combination	1
nct00003407	DB01204	single_arm_combination	1
nct00003435	DB01042	no_arm_data	0
nct00003536	DB00563	no_arm_data	0
nct00003552	DB01073	no_arm_data	0
nct00003552	DB00531	no_arm_data	0
nct00003564	DB01168	backbone	2
nct00003564	DB00982	investigational	2
nct00003567	DB00853	no_arm_data	0
nct00003567	DB00262	no_arm_data	0
nct00003599	DB00982	backbone	2
nct00003599	DB00163	investigational	2
nct00003605	DB00531	no_arm_data	0
nct00003613	DB00262	single_arm_combination	1
nct00003622	DB00361	single_arm_combination	1
nct00003622	DB01229	single_arm_combination	1
nct00003640	DB00570	no_arm_data	0
nct00003640	DB00997	no_arm_data	0
nct00003640	DB00563	no_arm_data	0
nct00003642	DB00544	no_arm_data	0
nct00003645	DB00499	investigational	2
nct00003663	DB01234	no_arm_data	0
nct00003682	DB00959	no_arm_data	0
nct00003682	DB00997	no_arm_data	0
nct00003729	DB01177	no_arm_data	0
nct00003729	DB00987	no_arm_data	0
nct00003777	DB01143	no_arm_data	0
nct00003777	DB00544	no_arm_data	0
nct00003803	DB00441	no_arm_data	0
nct00003824	DB00537	investigational	2
nct00003847	DB00997	single_arm_combination	1
nct00003851	DB00441	head_to_head	2
nct00003852	DB00531	no_arm_data	0
nct00003852	DB00773	no_arm_data	0
nct00003852	DB01229	no_arm_data	0
nct00003852	DB01181	no_arm_data	0
nct00003852	DB04572	no_arm_data	0
nct00003852	DB00445	no_arm_data	0
nct00003858	DB01204	investigational	1
nct00003865	DB00539	investigational	1
nct00003880	DB01229	no_arm_data	0
nct00003910	DB00563	single_arm_combination	1
nct00003910	DB00635	single_arm_combination	1
nct00003910	DB00531	single_arm_combination	1
nct00003929	DB01206	no_arm_data	0
nct00003929	DB01168	no_arm_data	0
nct00004037	DB01248	investigational	0
nct00004039	DB00997	no_arm_data	0
nct00004039	DB00635	no_arm_data	0
nct00004039	DB00531	no_arm_data	0
nct00004093	DB00361	no_arm_data	0
nct00004093	DB01229	no_arm_data	0
nct00004093	DB00441	no_arm_data	0
nct00004099	DB00650	no_arm_data	0
nct00004099	DB00544	no_arm_data	0
nct00004106	DB00853	investigational	0
nct00004114	DB00987	no_arm_data	0
nct00004114	DB01073	no_arm_data	0
nct00004114	DB00531	no_arm_data	0
nct00004159	DB01229	no_arm_data	0
nct00004159	DB00441	no_arm_data	0
nct00004221	DB01030	single_arm_combination	1
nct00004221	DB01229	single_arm_combination	1
nct00004221	DB00531	single_arm_combination	1
nct00004239	DB01280	investigational	1
nct00004468	DB00136	investigational	0
nct00004859	DB01041	investigational	2
nct00004859	DB01229	backbone	2
nct00004878	DB01177	no_arm_data	0
nct00004878	DB00987	no_arm_data	0
nct00004878	DB00864	no_arm_data	0
nct00004878	DB00563	no_arm_data	0
nct00004897	DB00544	no_arm_data	0
nct00004897	DB01005	no_arm_data	0
nct00004897	DB00650	no_arm_data	0
nct00004933	DB01005	comparator	2
nct00004933	DB04865	investigational	2
nct00004986	DB00507	investigational	0
nct00005015	DB00472	investigational	0
nct00005029	DB01030	investigational	0
nct00005047	DB00570	investigational	4
nct00005047	DB00997	investigational	4
nct00005047	DB00563	investigational	4
nct00005090	DB00570	backbone	2
nct00005090	DB00531	investigational	2
nct00005090	DB00773	investigational	2
nct00005090	DB00851	backbone	2
nct00005090	DB00262	investigational	2
nct00005090	DB00997	backbone	2
nct00005591	DB00441	no_arm_data	0
nct00005608	DB00650	no_arm_data	0
nct00005612	DB01030	no_arm_data	0
nct00005612	DB00773	no_arm_data	0
nct00005614	DB00441	investigational	1
nct00005834	DB01041	investigational	2
nct00005834	DB00773	backbone	2
nct00005834	DB01234	backbone	2
nct00005834	DB00531	backbone	2
nct00005852	DB00959	no_arm_data	0
nct00005852	DB00091	no_arm_data	0
nct00005852	DB00531	no_arm_data	0
nct00005950	DB01280	investigational	1
nct00005969	DB00755	single_arm_combination	1
nct00005982	DB01280	investigational	1
nct00005984	DB00531	single_arm_combination	1
nct00005986	DB01008	no_arm_data	0
nct00005986	DB00531	no_arm_data	0
nct00005987	DB01234	no_arm_data	0
nct00005987	DB00531	no_arm_data	0
nct00005987	DB00773	no_arm_data	0
nct00005987	DB00262	no_arm_data	0
nct00005987	DB01204	no_arm_data	0
nct00005998	DB01234	no_arm_data	0
nct00005998	DB00531	no_arm_data	0
nct00005998	DB00773	no_arm_data	0
nct00005998	DB00987	no_arm_data	0
nct00005998	DB00262	no_arm_data	0
nct00005998	DB01204	no_arm_data	0
nct00006032	DB01030	no_arm_data	0
nct00006032	DB00773	no_arm_data	0
nct00006032	DB01181	no_arm_data	0
nct00006123	DB00262	no_arm_data	0
nct00006123	DB04572	no_arm_data	0
nct00006123	DB00531	no_arm_data	0
nct00006126	DB01008	no_arm_data	0
nct00006126	DB00773	no_arm_data	0
nct00006126	DB00531	no_arm_data	0
nct00006220	DB00755	investigational	3
nct00006261	DB00997	no_arm_data	0
nct00006261	DB01248	no_arm_data	0
nct00006261	DB00531	no_arm_data	0
nct00006263	DB00853	no_arm_data	0
nct00006371	DB00741	backbone	2
nct00006371	DB01026	head_to_head	2
nct00006371	DB00357	head_to_head	2
nct00006374	DB01030	no_arm_data	0
nct00006374	DB00773	no_arm_data	0
nct00006374	DB01229	no_arm_data	0
nct00006451	DB00959	no_arm_data	0
nct00006451	DB00563	no_arm_data	0
nct00006451	DB00531	no_arm_data	0
nct00006472	DB00544	single_arm_combination	1
nct00006472	DB01229	single_arm_combination	1
nct00006482	DB00441	no_arm_data	0
nct00006669	DB00997	no_arm_data	0
nct00006669	DB00773	no_arm_data	0
nct00006669	DB00635	no_arm_data	0
nct00006669	DB00531	no_arm_data	0
nct00006708	DB00773	backbone	2
nct00006708	DB01181	backbone	2
nct00006812	DB01101	investigational	0
nct00009984	DB01041	backbone	2
nct00010153	DB00947	investigational	0
nct00010322	DB00539	no_arm_data	0
nct00014196	DB01248	single_arm_combination	1
nct00014287	DB00441	investigational	0
nct00014313	DB00773	no_arm_data	0
nct00014443	DB01041	no_arm_data	0
nct00014443	DB01030	no_arm_data	0
nct00014586	DB00014	no_arm_data	0
nct00014586	DB01128	no_arm_data	0
nct00015847	DB00619	no_arm_data	0
nct00015912	DB01041	single_arm_combination	1
nct00016276	DB00997	backbone	8
nct00016276	DB01229	backbone	8
nct00016276	DB00380	investigational	8
nct00016276	DB00531	backbone	8
nct00016341	DB00997	no_arm_data	0
nct00016341	DB01229	no_arm_data	0
nct00016341	DB00351	no_arm_data	0
nct00016341	DB00675	no_arm_data	0
nct00017069	DB01234	no_arm_data	0
nct00017160	DB00997	no_arm_data	0
nct00017160	DB01181	no_arm_data	0
nct00018694	DB06777	investigational	1
nct00019695	DB00630	no_arm_data	0
nct00019695	DB01026	no_arm_data	0
nct00019864	DB00997	no_arm_data	0
nct00019864	DB00563	no_arm_data	0
nct00019864	DB00380	no_arm_data	0
nct00019864	DB00650	no_arm_data	0
nct00020722	DB00773	single_arm_combination	1
nct00020722	DB04572	single_arm_combination	1
nct00020722	DB01181	single_arm_combination	1
nct00020722	DB00531	single_arm_combination	1
nct00020774	DB00441	no_arm_data	0
nct00020839	DB00853	investigational	0
nct00021112	DB00773	no_arm_data	0
nct00021229	DB00619	investigational	1
nct00021307	DB00853	no_arm_data	0
nct00022230	DB00997	no_arm_data	0
nct00022230	DB01229	no_arm_data	0
nct00022230	DB00531	no_arm_data	0
nct00022490	DB00987	single_arm_combination	1
nct00022490	DB00619	single_arm_combination	1
nct00022542	DB04845	investigational	1
nct00022841	DB00282	investigational	0
nct00023166	DB01229	investigational	0
nct00023881	DB00188	investigational	0
nct00023907	DB01229	investigational	0
nct00023920	DB01177	single_arm_combination	1
nct00023920	DB00987	single_arm_combination	1
nct00023946	DB04845	investigational	1
nct00024128	DB00091	no_arm_data	0
nct00024128	DB00531	no_arm_data	0
nct00024167	DB00570	investigational	4
nct00024167	DB00635	investigational	4
nct00024167	DB01026	investigational	4
nct00024167	DB00997	investigational	4
nct00024167	DB01248	investigational	4
nct00025051	DB00482	investigational	0
nct00025493	DB01248	investigational	1
nct00025519	DB00688	no_arm_data	0
nct00025519	DB00864	no_arm_data	0
nct00025519	DB01041	no_arm_data	0
nct00027976	DB00482	investigational	3
nct00028483	DB00997	no_arm_data	0
nct00028483	DB01248	no_arm_data	0
nct00030355	DB04865	investigational	0
nct00030472	DB00997	investigational	0
nct00030511	DB00544	investigational	0
nct00031577	DB01229	investigational	0
nct00031837	DB00441	single_arm_combination	1
nct00032084	DB01156	investigational	2
nct00032084	DB00184	backbone	2
nct00033449	DB00317	single_arm_combination	1
nct00033644	DB00305	no_arm_data	0
nct00033644	DB00997	no_arm_data	0
nct00033644	DB00851	no_arm_data	0
nct00034333	DB00997	investigational	0
nct00038142	DB00997	backbone	2
nct00038142	DB00380	backbone	2
nct00038142	DB00531	backbone	2
nct00038649	DB00619	investigational	1
nct00040014	DB00990	investigational	0
nct00040651	DB01073	no_arm_data	0
nct00040651	DB00531	no_arm_data	0
nct00040768	DB00188	investigational	1
nct00041288	DB00531	no_arm_data	0
nct00041288	DB00091	no_arm_data	0
nct00041288	DB01073	no_arm_data	0
nct00041288	DB00864	no_arm_data	0
nct00041288	DB00563	no_arm_data	0
nct00041288	DB00688	no_arm_data	0
nct00041470	DB01229	single_arm_combination	1
nct00041470	DB00361	single_arm_combination	1
nct00041574	DB00435	investigational	1
nct00042302	DB01229	investigational	0
nct00042315	DB00361	investigational	0
nct00042796	DB01262	investigational	1
nct00042835	DB00530	backbone	2
nct00042835	DB01248	backbone	2
nct00042835	DB00773	investigational	2
nct00042835	DB01229	backbone	2
nct00042887	DB00305	investigational	0
nct00042952	DB00619	investigational	1
nct00043810	DB01008	single_arm_combination	1
nct00043810	DB01073	single_arm_combination	1
nct00044083	DB00323	investigational	2
nct00045591	DB00482	backbone	2
nct00045617	DB00773	single_arm_combination	1
nct00045721	DB00262	no_arm_data	0
nct00046813	DB00184	investigational	0
nct00046878	DB00262	no_arm_data	0
nct00047333	DB00530	investigational	1
nct00047554	DB00287	investigational	1
nct00047567	DB00909	investigational	0
nct00047632	DB01229	unmatched	0
nct00048087	DB01248	single_arm_combination	1
nct00048087	DB00317	single_arm_combination	1
nct00048893	DB00997	no_arm_data	0
nct00048893	DB01229	no_arm_data	0
nct00048893	DB00531	no_arm_data	0
nct00049582	DB01262	investigational	1
nct00049660	DB00361	no_arm_data	0
nct00049660	DB01101	no_arm_data	0
nct00051077	DB00718	no_arm_data	0
nct00051077	DB00811	no_arm_data	0
nct00051090	DB01265	single_arm_combination	1
nct00051090	DB00900	single_arm_combination	1
nct00051090	DB01048	single_arm_combination	1
nct00051584	DB00441	no_arm_data	0
nct00052039	DB00993	no_arm_data	0
nct00053014	DB00688	single_arm_combination	1
nct00053014	DB00091	single_arm_combination	1
nct00053014	DB01073	single_arm_combination	1
nct00053339	DB00675	investigational	2
nct00053833	DB00762	investigational	1
nct00053911	DB00544	no_arm_data	0
nct00053911	DB00675	no_arm_data	0
nct00053911	DB00531	no_arm_data	0
nct00053911	DB00014	no_arm_data	0
nct00053911	DB01248	no_arm_data	0
nct00053911	DB01217	no_arm_data	0
nct00053911	DB00445	no_arm_data	0
nct00054184	DB01248	single_arm_combination	1
nct00054197	DB00361	no_arm_data	0
nct00054197	DB00441	no_arm_data	0
nct00054392	DB01229	no_arm_data	0
nct00054392	DB00441	no_arm_data	0
nct00054704	DB00740	investigational	2
nct00055432	DB00642	investigational	0
nct00055432	DB00441	investigational	0
nct00055575	DB00747	backbone	3
nct00055887	DB01229	no_arm_data	0
nct00055887	DB00361	no_arm_data	0
nct00055887	DB00441	no_arm_data	0
nct00056056	DB00307	investigational	2
nct00056056	DB00553	unmatched	2
nct00057928	DB01229	no_arm_data	0
nct00057928	DB00441	no_arm_data	0
nct00057954	DB00688	single_arm_combination	1
nct00057954	DB00552	single_arm_combination	1
nct00057954	DB00563	single_arm_combination	1
nct00057954	DB00091	single_arm_combination	1
nct00057993	DB00990	no_arm_data	0
nct00058448	DB01248	investigational	0
nct00058461	DB00987	single_arm_combination	1
nct00058461	DB00773	single_arm_combination	1
nct00058461	DB00563	single_arm_combination	1
nct00058461	DB01181	single_arm_combination	1
nct00058747	DB00619	investigational	0
nct00058825	DB00091	single_arm_combination	1
nct00058825	DB00864	single_arm_combination	1
nct00058825	DB01073	single_arm_combination	1
nct00059202	DB01586	investigational	2
nct00060112	DB00441	single_arm_combination	1
nct00060346	DB00997	single_arm_combination	1
nct00060346	DB00635	single_arm_combination	1
nct00060346	DB00531	single_arm_combination	1
nct00060385	DB00997	no_arm_data	0
nct00060385	DB00773	no_arm_data	0
nct00060385	DB00635	no_arm_data	0
nct00060385	DB00531	no_arm_data	0
nct00060554	DB00569	no_arm_data	0
nct00061646	DB01229	no_arm_data	0
nct00062972	DB00843	no_arm_data	0
nct00063258	DB00530	head_to_head	2
nct00063258	DB01229	backbone	2
nct00063362	DB00313	backbone	2
nct00063362	DB00555	investigational	2
nct00063934	DB00997	single_arm_combination	1
nct00063934	DB01248	single_arm_combination	1
nct00064259	DB00544	single_arm_combination	1
nct00064636	DB00188	investigational	0
nct00064636	DB01248	unmatched	0
nct00065559	DB00482	investigational	0
nct00066417	DB00959	no_arm_data	0
nct00066417	DB00091	no_arm_data	0
nct00066417	DB04572	no_arm_data	0
nct00066417	DB00531	no_arm_data	0
nct00066677	DB01248	investigational	2
nct00066807	DB00990	backbone	2
nct00066807	DB00675	backbone	2
nct00068302	DB00877	investigational	1
nct00068666	DB00853	investigational	1
nct00068744	DB00305	no_arm_data	0
nct00068744	DB00544	no_arm_data	0
nct00068770	DB00482	backbone	2
nct00069992	DB01073	single_arm_combination	1
nct00070291	DB00091	investigational	1
nct00070434	DB00650	investigational	3
nct00070434	DB00544	backbone	3
nct00070434	DB01101	backbone	3
nct00070434	DB00762	investigational	3
nct00071253	DB00334	no_arm_data	0
nct00071253	DB00313	no_arm_data	0
nct00071552	DB00394	investigational	2
nct00071552	DB00588	comparator	2
nct00072215	DB00570	investigational	2
nct00072215	DB01229	investigational	2
nct00072215	DB01181	backbone	2
nct00072280	DB00773	investigational	2
nct00072280	DB00970	investigational	2
nct00072280	DB01181	investigational	2
nct00072280	DB00531	investigational	2
nct00072540	DB00482	investigational	0
nct00073008	DB01259	investigational	1
nct00073970	DB00482	investigational	0
nct00074139	DB00997	no_arm_data	0
nct00074139	DB01248	no_arm_data	0
nct00074139	DB00531	no_arm_data	0
nct00074165	DB00987	single_arm_combination	1
nct00074165	DB00773	single_arm_combination	1
nct00074165	DB00531	single_arm_combination	1
nct00074490	DB00877	investigational	6
nct00075673	DB00361	no_arm_data	0
nct00075673	DB00482	no_arm_data	0
nct00076206	DB06287	investigational	4
nct00077064	DB01197	investigational	2
nct00077103	DB00997	no_arm_data	0
nct00079326	DB04845	single_arm_combination	1
nct00080613	DB00990	investigational	0
nct00080626	DB01248	single_arm_combination	1
nct00080782	DB00997	backbone	2
nct00080782	DB00482	investigational	2
nct00080847	DB00997	backbone	2
nct00080847	DB00635	backbone	2
nct00080847	DB00531	backbone	2
nct00081224	DB00482	single_arm_combination	1
nct00081224	DB01101	single_arm_combination	1
nct00081887	DB00631	investigational	1
nct00082095	DB00997	investigational	2
nct00082095	DB01101	comparator	2
nct00082667	DB00317	investigational	0
nct00083564	DB01042	unmatched	0
nct00083993	DB01006	no_arm_data	0
nct00083993	DB06287	no_arm_data	0
nct00084240	DB00608	no_arm_data	0
nct00084240	DB00207	no_arm_data	0
nct00084370	DB00482	investigational	2
nct00084435	DB01248	single_arm_combination	1
nct00084448	DB01229	no_arm_data	0
nct00084448	DB00482	no_arm_data	0
nct00084565	DB01030	no_arm_data	0
nct00084565	DB01229	no_arm_data	0
nct00084864	DB00136	investigational	4
nct00084864	DB01234	investigational	4
nct00084890	DB01248	no_arm_data	0
nct00085345	DB01042	no_arm_data	0
nct00085345	DB00126	no_arm_data	0
nct00085410	DB00188	investigational	1
nct00085449	DB01042	single_arm_combination	1
nct00085449	DB00091	single_arm_combination	1
nct00085449	DB00688	single_arm_combination	1
nct00086840	DB06287	investigational	1
nct00087048	DB01030	investigational	0
nct00087269	DB00530	investigational	1
nct00087776	DB00851	comparator	2
nct00088829	DB01229	single_arm_combination	1
nct00088907	DB01248	backbone	2
nct00088907	DB00317	investigational	2
nct00088933	DB01248	investigational	6
nct00088972	DB00482	investigational	2
nct00088985	DB00361	single_arm_combination	1
nct00089089	DB01262	investigational	1
nct00089102	DB00762	single_arm_combination	1
nct00089102	DB00441	single_arm_combination	1
nct00089128	DB00762	single_arm_combination	1
nct00089128	DB00441	single_arm_combination	1
nct00089518	DB00177	investigational	0
nct00089544	DB00997	investigational	2
nct00089544	DB00851	investigational	2
nct00089544	DB01181	investigational	2
nct00089544	DB01041	backbone	2
nct00089856	DB01248	comparator	2
nct00089856	DB00635	comparator	2
nct00090675	DB00317	investigational	0
nct00090870	DB01041	single_arm_combination	1
nct00091156	DB00317	investigational	0
nct00091611	DB01073	no_arm_data	0
nct00091611	DB00531	no_arm_data	0
nct00093652	DB00317	no_arm_data	0
nct00093704	DB00188	investigational	1
nct00093704	DB01004	investigational	1
nct00095017	DB01628	investigational	0
nct00095329	DB00877	investigational	1
nct00095641	DB01101	investigational	0
nct00095693	DB00398	investigational	1
nct00095862	DB00531	no_arm_data	0
nct00095888	DB00441	single_arm_combination	1
nct00096005	DB00188	single_arm_combination	1
nct00096148	DB01177	backbone	2
nct00096148	DB00987	backbone	2
nct00096304	DB01248	no_arm_data	0
nct00096304	DB00445	no_arm_data	0
nct00096369	DB00675	investigational	0
nct00096460	DB00864	head_to_head	2
nct00096460	DB00563	head_to_head	2
nct00096460	DB01073	head_to_head	2
nct00096460	DB00531	backbone	2
nct00097344	DB01006	no_arm_data	0
nct00097344	DB00539	no_arm_data	0
nct00098111	DB00993	backbone	3
nct00098462	DB00877	no_arm_data	0
nct00098462	DB00317	no_arm_data	0
nct00098618	DB00398	single_arm_combination	1
nct00099281	DB00445	unmatched	0
nct00099281	DB00531	unmatched	0
nct00100828	DB00762	investigational	1
nct00101062	DB01006	no_arm_data	0
nct00101062	DB00482	no_arm_data	0
nct00101075	DB01101	single_arm_combination	1
nct00101088	DB06287	single_arm_combination	1
nct00101088	DB00619	single_arm_combination	1
nct00101140	DB04572	no_arm_data	0
nct00101205	DB00773	single_arm_combination	1
nct00102622	DB01229	backbone	2
nct00103103	DB00188	no_arm_data	0
nct00103103	DB00650	no_arm_data	0
nct00103103	DB00544	no_arm_data	0
nct00103272	DB00188	single_arm_combination	1
nct00103376	DB00188	backbone	2
nct00103376	DB00499	described_only	2
nct00103376	DB00014	unmatched	2
nct00103376	DB01128	described_only	2
nct00104624	DB01248	investigational	0
nct00104728	DB00317	investigational	1
nct00104806	DB00169	investigational	0
nct00105105	DB00834	investigational	0
nct00106262	DB00188	no_arm_data	0
nct00106262	DB00762	no_arm_data	0
nct00107471	DB01030	backbone	2
nct00107614	DB01234	unmatched	1
nct00107614	DB00531	unmatched	1
nct00107614	DB00773	unmatched	1
nct00107614	DB00997	unmatched	1
nct00107614	DB01041	unmatched	1
nct00108186	DB00482	investigational	1
nct00108316	DB00472	investigational	1
nct00108342	DB00184	investigational	2
nct00108485	DB00627	investigational	2
nct00109109	DB02546	investigational	0
nct00109798	DB00853	single_arm_combination	1
nct00109798	DB01030	single_arm_combination	1
nct00109850	DB00762	single_arm_combination	1
nct00110344	DB00398	investigational	2
nct00110721	DB00544	investigational	0
nct00112619	DB01030	investigational	0
nct00112879	DB01041	no_arm_data	0
nct00112879	DB00126	no_arm_data	0
nct00112879	DB01234	no_arm_data	0
nct00113321	DB01262	investigational	1
nct00113386	DB01248	backbone	2
nct00113399	DB00544	head_to_head	2
nct00113399	DB01229	backbone	2
nct00113399	DB01248	backbone	2
nct00113503	DB00993	backbone	2
nct00113919	DB01008	investigational	1
nct00114959	DB04865	single_arm_combination	1
nct00114959	DB00619	single_arm_combination	1
nct00115063	DB01105	investigational	2
nct00115063	DB00937	investigational	2
nct00115063	DB01083	investigational	2
nct00115687	DB00184	investigational	2
nct00115739	DB00619	investigational	1
nct00116389	DB00441	no_arm_data	0
nct00117312	DB06699	backbone	4
nct00117351	DB00188	investigational	0
nct00118053	DB01248	single_arm_combination	1
nct00118131	DB01248	single_arm_combination	1
nct00118196	DB00928	no_arm_data	0
nct00118300	DB01101	investigational	0
nct00119015	DB00471	investigational	2
nct00119015	DB00588	backbone	2
nct00119210	DB01156	investigational	2
nct00120198	DB00997	unmatched	0
nct00120198	DB00635	unmatched	0
nct00120198	DB00531	unmatched	0
nct00120380	DB01088	investigational	2
nct00120653	DB01233	investigational	0
nct00120731	DB00819	no_arm_data	0
nct00120796	DB00709	backbone	2
nct00121186	DB01042	single_arm_combination	1
nct00121186	DB00864	single_arm_combination	1
nct00121186	DB00563	single_arm_combination	1
nct00124579	DB00188	single_arm_combination	1
nct00124579	DB01041	single_arm_combination	1
nct00124579	DB01234	single_arm_combination	1
nct00124644	DB00987	no_arm_data	0
nct00124644	DB00773	no_arm_data	0
nct00124644	DB00694	no_arm_data	0
nct00124709	DB00337	investigational	2
nct00124748	DB00619	backbone	2
nct00125229	DB00742	no_arm_data	0
nct00125281	DB00118	investigational	0
nct00126191	DB00531	backbone	2
nct00126191	DB00773	investigational	2
nct00126191	DB01181	investigational	2
nct00126191	DB00987	backbone	2
nct00126191	DB00563	backbone	2
nct00126191	DB00997	backbone	2
nct00126230	DB01248	investigational	0
nct00126451	DB02546	no_arm_data	0
nct00126568	DB00398	investigational	1
nct00126659	DB00398	backbone	3
nct00126971	DB00250	investigational	0
nct00127036	DB00762	investigational	2
nct00127036	DB01101	backbone	2
nct00127088	DB01248	investigational	0
nct00127101	DB02546	backbone	6
nct00127101	DB00307	backbone	6
nct00128921	DB00188	backbone	3
nct00129974	DB00642	investigational	0
nct00129974	DB00441	investigational	0
nct00130390	DB00507	investigational	2
nct00130507	DB00361	backbone	2
nct00130507	DB01101	backbone	2
nct00130936	DB01101	no_arm_data	0
nct00130936	DB00445	no_arm_data	0
nct00131612	DB00445	described_only	0
nct00132002	DB02546	investigational	1
nct00132756	DB01196	investigational	0
nct00132756	DB00997	investigational	0
nct00133224	DB01248	comparator	2
nct00133302	DB00997	no_arm_data	0
nct00133302	DB00635	no_arm_data	0
nct00133302	DB00531	no_arm_data	0
nct00133393	DB00806	investigational	0
nct00135499	DB00309	backbone	2
nct00135499	DB00997	backbone	2
nct00135499	DB00635	backbone	2
nct00135499	DB00531	backbone	2
nct00136591	DB00188	backbone	2
nct00137358	DB01143	no_arm_data	0
nct00138125	DB00947	single_arm_combination	1
nct00138151	DB01229	single_arm_combination	1
nct00138151	DB00982	single_arm_combination	1
nct00138229	DB00531	no_arm_data	0
nct00140140	DB00361	backbone	3
nct00140140	DB01229	backbone	3
nct00140920	DB00586	no_arm_data	0
nct00141310	DB00203	investigational	0
nct00141583	DB00584	no_arm_data	0
nct00141596	DB00695	no_arm_data	0
nct00141596	DB00590	no_arm_data	0
nct00141596	DB00594	no_arm_data	0
nct00142168	DB00480	single_arm_combination	1
nct00143091	DB01104	no_arm_data	0
nct00143429	DB00654	investigational	0
nct00145418	DB01248	investigational	1
nct00145938	DB00203	investigational	0
nct00146159	DB01204	backbone	3
nct00148018	DB00188	no_arm_data	0
nct00148018	DB01234	no_arm_data	0
nct00148590	DB00734	described_only	2
nct00148590	DB01043	investigational	2
nct00148616	DB00734	described_only	2
nct00148616	DB01043	investigational	2
nct00148720	DB01101	investigational	0
nct00151736	DB00291	backbone	2
nct00152633	DB00264	head_to_head	2
nct00152633	DB00678	head_to_head	2
nct00153842	DB00307	investigational	1
nct00153842	DB01229	unmatched	1
nct00155714	DB00203	investigational	0
nct00155883	DB00650	no_arm_data	0
nct00155883	DB00544	no_arm_data	0
nct00155883	DB01248	unmatched	0
nct00156299	DB01234	investigational	2
nct00157508	DB00945	unmatched	0
nct00158704	DB00718	investigational	0
nct00158847	DB00938	no_arm_data	0
nct00158847	DB00588	no_arm_data	0
nct00158886	DB01030	investigational	1
nct00159146	DB00285	described_only	2
nct00159146	DB00960	backbone	2
nct00159211	DB01132	investigational	2
nct00159354	DB00860	unmatched	0
nct00159458	DB00441	investigational	0
nct00159471	DB01248	investigational	0
nct00159471	DB01101	investigational	0
nct00159471	DB00441	investigational	0
nct00159575	DB00331	investigational	1
nct00159757	DB00246	unmatched	0
nct00160485	DB01016	investigational	2
nct00161200	DB00213	investigational	0
nct00161200	DB00863	investigational	0
nct00161239	DB00997	investigational	0
nct00161239	DB00563	investigational	0
nct00161239	DB00635	investigational	0
nct00161278	DB01229	no_arm_data	0
nct00162812	DB00445	investigational	0
nct00163241	DB00482	investigational	0
nct00165087	DB00997	no_arm_data	0
nct00165087	DB00380	no_arm_data	0
nct00165750	DB00843	investigational	1
nct00165880	DB01101	unmatched	0
nct00166803	DB00412	investigational	0
nct00167180	DB01073	head_to_head	2
nct00167180	DB00531	head_to_head	2
nct00167206	DB01073	investigational	1
nct00167206	DB00531	investigational	1
nct00169026	DB00363	investigational	0
nct00169039	DB00477	no_arm_data	0
nct00169039	DB00363	no_arm_data	0
nct00169091	DB00502	comparator	2
nct00169091	DB00363	investigational	2
nct00169104	DB00361	backbone	2
nct00169221	DB00317	investigational	2
nct00169624	DB00331	no_arm_data	0
nct00169923	DB00412	investigational	0
nct00171119	DB00177	investigational	0
nct00171600	DB00999	investigational	0
nct00171600	DB00722	investigational	0
nct00171600	DB00177	investigational	0
nct00171847	DB01006	backbone	3
nct00171925	DB00399	investigational	2
nct00171938	DB00619	investigational	0
nct00172068	DB00399	backbone	2
nct00174239	DB01235	no_arm_data	0
nct00174239	DB00248	no_arm_data	0
nct00174239	DB00190	no_arm_data	0
nct00174382	DB00843	investigational	1
nct00174590	DB00734	investigational	0
nct00174603	DB00215	unmatched	0
nct00174603	DB00502	unmatched	0
nct00174603	DB01224	investigational	0
nct00176241	DB01229	single_arm_combination	1
nct00176241	DB00441	single_arm_combination	1
nct00176280	DB01234	no_arm_data	0
nct00176293	DB00997	investigational	2
nct00176293	DB01234	investigational	2
nct00176488	DB00361	single_arm_combination	1
nct00176488	DB00445	single_arm_combination	1
nct00176527	DB01248	no_arm_data	0
nct00176527	DB00982	no_arm_data	0
nct00176631	DB01248	investigational	1
nct00176644	DB00783	investigational	1
nct00176735	DB01101	investigational	0
nct00176735	DB00441	unmatched	0
nct00176787	DB01101	investigational	0
nct00176839	DB01042	single_arm_combination	1
nct00176839	DB01008	single_arm_combination	1
nct00176839	DB00531	single_arm_combination	1
nct00176930	DB01008	investigational	8
nct00176930	DB00531	backbone	8
nct00177255	DB01248	single_arm_combination	1
nct00177255	DB01101	single_arm_combination	1
nct00177424	DB01104	investigational	2
nct00177853	DB00762	single_arm_combination	1
nct00177853	DB00482	single_arm_combination	1
nct00177866	DB00482	investigational	2
nct00178854	DB00734	investigational	0
nct00179699	DB00480	no_arm_data	0
nct00179699	DB00642	no_arm_data	0
nct00179725	DB00997	no_arm_data	0
nct00179725	DB00480	no_arm_data	0
nct00179738	DB00480	unmatched	0
nct00179751	DB00480	no_arm_data	0
nct00179751	DB00441	no_arm_data	0
nct00181181	DB01076	investigational	2
nct00181220	DB00313	investigational	0
nct00181896	DB01156	investigational	0
nct00183612	DB00334	investigational	0
nct00183807	DB00762	investigational	0
nct00183807	DB00482	investigational	0
nct00183937	DB00188	single_arm_combination	1
nct00183937	DB01248	single_arm_combination	1
nct00183963	DB00947	head_to_head	4
nct00183976	DB00997	investigational	0
nct00183989	DB01204	investigational	0
nct00183989	DB01073	investigational	0
nct00184028	DB01248	single_arm_combination	1
nct00184054	DB00126	single_arm_combination	1
nct00185705	DB00966	investigational	0
nct00187005	DB01177	single_arm_combination	1
nct00187005	DB00531	single_arm_combination	1
nct00187005	DB00773	single_arm_combination	1
nct00187005	DB00987	single_arm_combination	1
nct00187005	DB01033	single_arm_combination	1
nct00187005	DB00563	single_arm_combination	1
nct00189371	DB01229	investigational	0
nct00189995	DB00502	no_arm_data	0
nct00189995	DB00363	no_arm_data	0
nct00190476	DB01248	no_arm_data	0
nct00190528	DB00305	unmatched	2
nct00190554	DB00544	unmatched	0
nct00193024	DB01248	no_arm_data	0
nct00193024	DB00445	no_arm_data	0
nct00193102	DB01041	no_arm_data	0
nct00193102	DB01101	no_arm_data	0
nct00193726	DB00977	investigational	2
nct00194792	DB00361	single_arm_combination	1
nct00194792	DB01229	single_arm_combination	1
nct00194792	DB00563	single_arm_combination	1
nct00194792	DB01101	single_arm_combination	1
nct00194792	DB00990	single_arm_combination	1
nct00194935	DB01030	investigational	0
nct00194974	DB00968	no_arm_data	0
nct00194974	DB00575	no_arm_data	0
nct00194974	DB00598	no_arm_data	0
nct00194974	DB01115	no_arm_data	0
nct00195078	DB00317	no_arm_data	0
nct00197483	DB01186	investigational	0
nct00198081	DB00482	backbone	2
nct00198159	DB00317	investigational	0
nct00198172	DB00445	investigational	0
nct00200382	DB00188	investigational	0
nct00201344	DB00650	investigational	0
nct00201344	DB00544	investigational	0
nct00203047	DB00635	investigational	2
nct00203307	DB00334	backbone	2
nct00203723	DB00734	investigational	0
nct00203931	DB00642	investigational	2
nct00203996	DB01132	investigational	10
nct00204503	DB00313	investigational	0
nct00206414	DB00947	backbone	2
nct00206414	DB01217	backbone	2
nct00206414	DB00317	backbone	2
nct00206453	DB01248	investigational	0
nct00206492	DB00317	single_arm_combination	1
nct00206492	DB00675	single_arm_combination	1
nct00206765	DB00734	no_arm_data	0
nct00206765	DB00715	no_arm_data	0
nct00206947	DB00843	investigational	2
nct00206947	DB00246	investigational	2
nct00208117	DB01104	investigational	2
nct00208117	DB00641	comparator	2
nct00208221	DB00966	no_arm_data	0
nct00208221	DB00178	no_arm_data	0
nct00208936	DB00544	investigational	0
nct00208936	DB01229	investigational	0
nct00208975	DB01204	investigational	1
nct00208975	DB01073	investigational	1
nct00208975	DB00531	investigational	1
nct00209014	DB01041	investigational	0
nct00209027	DB01238	investigational	1
nct00209079	DB01248	investigational	1
nct00209079	DB00619	investigational	1
nct00209131	DB00706	investigational	2
nct00209612	DB00762	single_arm_combination	1
nct00209612	DB01229	single_arm_combination	1
nct00209664	DB00762	no_arm_data	0
nct00209677	DB00441	no_arm_data	0
nct00209729	DB01248	single_arm_combination	1
nct00210366	DB01177	investigational	0
nct00211302	DB01238	investigational	0
nct00211380	DB01238	investigational	0
nct00215657	DB06699	backbone	8
nct00215748	DB01234	investigational	0
nct00215943	DB00997	head_to_head	2
nct00215943	DB01041	head_to_head	2
nct00215943	DB01234	head_to_head	2
nct00215943	DB00399	backbone	2
nct00216008	DB01248	no_arm_data	0
nct00216073	DB01101	single_arm_combination	1
nct00216086	DB00762	single_arm_combination	1
nct00216086	DB01101	single_arm_combination	1
nct00216138	DB01248	single_arm_combination	1
nct00216138	DB01101	single_arm_combination	1
nct00216164	DB00441	single_arm_combination	1
nct00216216	DB00642	investigational	1
nct00216281	DB00363	backbone	2
nct00216281	DB00289	backbone	2
nct00216424	DB01101	investigational	0
nct00216437	DB01101	investigational	0
nct00217464	DB00947	investigational	1
nct00217659	DB00014	no_arm_data	0
nct00217659	DB01217	no_arm_data	0
nct00219765	DB00987	no_arm_data	0
nct00219765	DB00619	no_arm_data	0
nct00219765	DB00694	no_arm_data	0
nct00219778	DB00834	investigational	0
nct00219908	DB01204	investigational	0
nct00220532	DB00140	investigational	0
nct00220532	DB00158	investigational	0
nct00221286	DB00879	no_arm_data	0
nct00221286	DB00300	no_arm_data	0
nct00221494	DB00279	unmatched	0
nct00221494	DB00215	investigational	0
nct00221494	DB00960	investigational	0
nct00224419	DB00184	backbone	2
nct00225056	DB01248	investigational	0
nct00225056	DB01101	investigational	0
nct00225173	DB00570	single_arm_combination	1
nct00225173	DB00531	single_arm_combination	1
nct00225173	DB00441	single_arm_combination	1
nct00225173	DB00361	single_arm_combination	1
nct00225173	DB00773	single_arm_combination	1
nct00225173	DB00997	single_arm_combination	1
nct00225173	DB00635	single_arm_combination	1
nct00225225	DB00412	backbone	2
nct00225290	DB01041	investigational	0
nct00225342	DB00412	no_arm_data	0
nct00225758	DB01259	investigational	1
nct00226330	DB01132	no_arm_data	0
nct00226512	DB01008	unmatched	0
nct00226512	DB01073	unmatched	0
nct00226746	DB01229	investigational	1
nct00226746	DB00441	investigational	1
nct00226824	DB00674	investigational	0
nct00226889	DB00559	investigational	0
nct00226941	DB01101	backbone	4
nct00226954	DB00399	investigational	1
nct00227032	DB00530	backbone	2
nct00227682	DB01041	single_arm_combination	1
nct00227682	DB00126	single_arm_combination	1
nct00227682	DB01234	single_arm_combination	1
nct00230035	DB00443	comparator	2
nct00230035	DB00860	comparator	2
nct00230035	DB01234	comparator	2
nct00230035	DB00531	unmatched	2
nct00230035	DB00741	comparator	2
nct00230035	DB01097	comparator	2
nct00230035	DB00620	comparator	2
nct00230035	DB00563	comparator	2
nct00230035	DB00959	comparator	2
nct00230035	DB00688	comparator	2
nct00230035	DB00635	comparator	2
nct00230035	DB00993	comparator	2
nct00231140	DB01041	investigational	0
nct00231140	DB00740	unmatched	0
nct00231621	DB00273	investigational	0
nct00231634	DB00273	investigational	0
nct00231829	DB00482	investigational	0
nct00232167	DB01104	no_arm_data	0
nct00232206	DB01248	investigational	0
nct00232349	DB00674	investigational	1
nct00232362	DB01132	no_arm_data	0
nct00233051	DB00938	investigational	0
nct00233051	DB00588	investigational	0
nct00233558	DB00563	no_arm_data	0
nct00233636	DB00317	investigational	0
nct00233948	DB00220	single_arm_combination	1
nct00234000	DB00928	single_arm_combination	1
nct00234468	DB00317	investigational	0
nct00235235	DB00531	head_to_head	4
nct00235235	DB00441	head_to_head	4
nct00235235	DB00361	head_to_head	4
nct00235235	DB01101	head_to_head	4
nct00235235	DB00997	head_to_head	4
nct00236002	DB00630	investigational	1
nct00237900	DB00650	investigational	0
nct00237900	DB00544	investigational	0
nct00237900	DB00317	investigational	0
nct00238082	DB00394	investigational	0
nct00238160	DB00544	no_arm_data	0
nct00238173	DB06151	no_arm_data	0
nct00238173	DB00531	no_arm_data	0
nct00238277	DB00853	investigational	0
nct00238615	DB01248	single_arm_combination	1
nct00239200	DB01259	investigational	0
nct00240227	DB00457	head_to_head	2
nct00241046	DB01006	investigational	0
nct00241371	DB00631	investigational	1
nct00242528	DB00399	investigational	0
nct00243009	DB00091	no_arm_data	0
nct00243009	DB00688	no_arm_data	0
nct00243035	DB00188	single_arm_combination	1
nct00243646	DB01128	head_to_head	2
nct00243984	DB00273	investigational	0
nct00244517	DB01189	backbone	3
nct00244517	DB00753	backbone	3
nct00244517	DB01236	backbone	3
nct00244517	DB00899	backbone	3
nct00244920	DB01128	no_arm_data	0
nct00245115	DB01008	no_arm_data	0
nct00245115	DB00531	no_arm_data	0
nct00245128	DB00619	investigational	0
nct00245466	DB06699	backbone	3
nct00245505	DB00244	investigational	0
nct00247988	DB01248	investigational	0
nct00248118	DB01156	backbone	2
nct00248534	DB00853	single_arm_combination	1
nct00248534	DB00959	single_arm_combination	1
nct00250718	DB00291	described_only	1
nct00250718	DB00773	single_arm_combination	1
nct00250718	DB01234	single_arm_combination	1
nct00251095	DB01229	backbone	2
nct00251433	DB01248	investigational	1
nct00251433	DB01259	investigational	1
nct00251589	DB00530	backbone	4
nct00251589	DB02546	backbone	4
nct00251953	DB00331	no_arm_data	0
nct00252811	DB00317	investigational	0
nct00253318	DB01248	single_arm_combination	1
nct00253318	DB01590	single_arm_combination	1
nct00253526	DB00441	no_arm_data	0
nct00253552	DB01008	no_arm_data	0
nct00253552	DB00773	no_arm_data	0
nct00253552	DB00531	no_arm_data	0
nct00254618	DB00244	backbone	3
nct00254891	DB01229	backbone	2
nct00254904	DB00441	backbone	2
nct00255268	DB01128	no_arm_data	0
nct00255268	DB00014	no_arm_data	0
nct00255541	DB01016	no_arm_data	0
nct00255684	DB00688	single_arm_combination	1
nct00255684	DB00091	single_arm_combination	1
nct00255684	DB01073	single_arm_combination	1
nct00255684	DB00531	single_arm_combination	1
nct00256269	DB00762	single_arm_combination	1
nct00256295	DB00441	single_arm_combination	1
nct00256321	DB00482	single_arm_combination	1
nct00256321	DB01101	single_arm_combination	1
nct00256776	DB00188	investigational	2
nct00256776	DB01041	backbone	2
nct00256776	DB01234	backbone	2
nct00256841	DB00544	unmatched	0
nct00256841	DB01248	unmatched	0
nct00256841	DB01101	unmatched	0
nct00256997	DB00734	investigational	2
nct00256997	DB01224	unmatched	2
nct00256997	DB00334	unmatched	2
nct00256997	DB06288	unmatched	2
nct00256997	DB01238	unmatched	2
nct00257192	DB00246	investigational	2
nct00257699	DB00537	investigational	2
nct00257699	DB00916	investigational	2
nct00257829	DB00703	no_arm_data	0
nct00257894	DB00181	investigational	2
nct00258258	DB00910	no_arm_data	0
nct00258258	DB00399	no_arm_data	0
nct00258297	DB00317	investigational	0
nct00258765	DB01248	comparator	2
nct00258765	DB00399	investigational	2
nct00259142	DB00608	investigational	0
nct00259142	DB00205	investigational	0
nct00259285	DB00642	single_arm_combination	1
nct00259636	DB00909	investigational	0
nct00260741	DB00470	investigational	0
nct00261352	DB00331	no_arm_data	0
nct00261352	DB01039	no_arm_data	0
nct00262652	DB00119	investigational	0
nct00262925	DB01033	single_arm_combination	1
nct00262925	DB00563	single_arm_combination	1
nct00262925	DB01234	single_arm_combination	1
nct00262925	DB00650	single_arm_combination	1
nct00262951	DB00544	single_arm_combination	1
nct00263016	DB00762	unmatched	0
nct00263198	DB01006	single_arm_combination	1
nct00263211	DB00758	investigational	2
nct00263211	DB00945	investigational	2
nct00263965	DB00331	no_arm_data	0
nct00264134	DB00762	no_arm_data	0
nct00264134	DB01248	no_arm_data	0
nct00264472	DB00544	unmatched	0
nct00265382	DB00246	investigational	1
nct00265616	DB00312	head_to_head	2
nct00265616	DB00599	head_to_head	2
nct00265616	DB00818	head_to_head	2
nct00265785	DB00642	investigational	1
nct00265928	DB00188	no_arm_data	0
nct00266149	DB00555	no_arm_data	0
nct00266812	DB00853	investigational	2
nct00267553	DB01006	no_arm_data	0
nct00267553	DB00539	no_arm_data	0
nct00267683	DB01016	no_arm_data	0
nct00268151	DB01101	no_arm_data	0
nct00268242	DB01204	single_arm_combination	1
nct00268242	DB00441	single_arm_combination	1
nct00268255	DB00317	investigational	0
nct00268372	DB00544	investigational	2
nct00268372	DB01248	investigational	2
nct00268437	DB00642	single_arm_combination	1
nct00268450	DB01229	single_arm_combination	1
nct00268450	DB00441	single_arm_combination	1
nct00270426	DB00542	investigational	0
nct00271323	DB01248	investigational	2
nct00271804	DB00188	investigational	0
nct00271804	DB01041	unmatched	0
nct00272025	DB01175	investigational	2
nct00272415	DB00853	single_arm_combination	1
nct00272870	DB00853	unmatched	0
nct00272987	DB01229	backbone	3
nct00272987	DB01259	backbone	3
nct00273026	DB00938	investigational	0
nct00273026	DB00588	investigational	0
nct00273338	DB00136	no_arm_data	0
nct00273338	DB01248	no_arm_data	0
nct00273507	DB01229	investigational	0
nct00273624	DB00334	investigational	2
nct00274105	DB00966	investigational	0
nct00275106	DB00860	no_arm_data	0
nct00275106	DB01234	no_arm_data	0
nct00275106	DB00531	no_arm_data	0
nct00275106	DB00997	no_arm_data	0
nct00275106	DB00987	no_arm_data	0
nct00275106	DB01033	no_arm_data	0
nct00275106	DB00352	no_arm_data	0
nct00275106	DB00563	no_arm_data	0
nct00275106	DB00650	no_arm_data	0
nct00275106	DB00694	no_arm_data	0
nct00275756	DB00373	investigational	3
nct00275756	DB00869	investigational	3
nct00275756	DB00484	investigational	3
nct00276744	DB00441	single_arm_combination	1
nct00276744	DB00762	single_arm_combination	1
nct00276744	DB00188	unmatched	1
nct00276744	DB00530	single_arm_combination	1
nct00276744	DB01101	single_arm_combination	1
nct00276744	DB00305	single_arm_combination	1
nct00276744	DB01248	single_arm_combination	1
nct00276744	DB00877	single_arm_combination	1
nct00276861	DB00441	no_arm_data	0
nct00276978	DB01238	investigational	1
nct00278122	DB01229	no_arm_data	0
nct00278265	DB00563	investigational	1
nct00278265	DB01073	investigational	1
nct00278551	DB00531	unmatched	1
nct00278577	DB00531	unmatched	1
nct00278590	DB00531	unmatched	1
nct00278616	DB00531	unmatched	0
nct00278655	DB00531	unmatched	1
nct00279461	DB00169	backbone	2
nct00280085	DB00125	investigational	0
nct00280748	DB00642	investigational	1
nct00281021	DB00530	investigational	1
nct00281021	DB00390	investigational	1
nct00281125	DB00642	investigational	0
nct00281255	DB00841	backbone	2
nct00281255	DB00437	investigational	2
nct00281528	DB01229	backbone	3
nct00281827	DB01041	single_arm_combination	1
nct00281827	DB00441	single_arm_combination	1
nct00281879	DB01008	head_to_head	8
nct00281879	DB00531	head_to_head	8
nct00281879	DB00773	head_to_head	8
nct00281879	DB01042	head_to_head	8
nct00281879	DB00987	head_to_head	8
nct00281879	DB00864	backbone	8
nct00281879	DB00563	backbone	8
nct00281879	DB00262	head_to_head	8
nct00281879	DB00959	head_to_head	8
nct00281879	DB00091	backbone	8
nct00281931	DB01073	no_arm_data	0
nct00281931	DB00531	no_arm_data	0
nct00281996	DB00619	no_arm_data	0
nct00281996	DB00441	no_arm_data	0
nct00282139	DB01238	investigational	0
nct00282399	DB01262	backbone	3
nct00282412	DB00688	single_arm_combination	1
nct00282412	DB01073	single_arm_combination	1
nct00282412	DB00531	single_arm_combination	1
nct00282425	DB01073	unmatched	1
nct00282425	DB00531	unmatched	1
nct00282945	DB00331	no_arm_data	0
nct00282945	DB00412	no_arm_data	0
nct00283634	DB00530	investigational	0
nct00283634	DB00188	investigational	0
nct00283764	DB00654	investigational	0
nct00284791	DB01104	no_arm_data	0
nct00284791	DB00472	no_arm_data	0
nct00284791	DB00555	no_arm_data	0
nct00285415	DB01248	investigational	1
nct00285857	DB00227	investigational	1
nct00287027	DB00734	investigational	0
nct00287495	DB00398	backbone	2
nct00287859	DB01030	investigational	1
nct00288054	DB01248	investigational	2
nct00288171	DB00437	investigational	2
nct00288353	DB01238	head_to_head	2
nct00288353	DB00246	head_to_head	2
nct00290017	DB00642	no_arm_data	0
nct00290537	DB01229	investigational	3
nct00290537	DB05294	backbone	3
nct00290628	DB01008	no_arm_data	0
nct00290628	DB00688	no_arm_data	0
nct00290628	DB00531	no_arm_data	0
nct00290628	DB01042	no_arm_data	0
nct00290628	DB00959	no_arm_data	0
nct00290628	DB00091	no_arm_data	0
nct00290654	DB00675	investigational	1
nct00290706	DB00188	single_arm_combination	1
nct00290706	DB00441	single_arm_combination	1
nct00290719	DB00762	no_arm_data	0
nct00290719	DB00317	no_arm_data	0
nct00290771	DB01005	backbone	2
nct00290771	DB00619	backbone	2
nct00291850	DB01229	investigational	0
nct00292201	DB01076	backbone	2
nct00293111	DB00749	investigational	0
nct00293332	DB01248	no_arm_data	0
nct00293371	DB01248	no_arm_data	0
nct00293371	DB00635	no_arm_data	0
nct00293436	DB00530	no_arm_data	0
nct00293436	DB00482	no_arm_data	0
nct00294723	DB00222	comparator	4
nct00296010	DB00997	investigational	4
nct00296010	DB00563	comparator	4
nct00296010	DB00531	comparator	4
nct00296205	DB00531	investigational	0
nct00296959	DB00273	investigational	0
nct00297284	DB00745	investigational	0
nct00298012	DB00563	investigational	0
nct00298272	DB00563	backbone	2
nct00298857	DB00313	investigational	0
nct00299234	DB00289	backbone	2
nct00299247	DB01299	investigational	0
nct00299247	DB00205	investigational	0
nct00300885	DB01229	backbone	2
nct00300885	DB00398	investigational	2
nct00301912	DB01008	no_arm_data	0
nct00302211	DB00203	mixed	5
nct00302211	DB01088	investigational	5
nct00302536	DB00864	investigational	1
nct00302952	DB00227	investigational	2
nct00303615	DB01185	no_arm_data	0
nct00303615	DB01217	no_arm_data	0
nct00303628	DB00650	backbone	2
nct00303628	DB00544	backbone	2
nct00303719	DB00091	backbone	2
nct00303719	DB00688	backbone	2
nct00303719	DB01073	backbone	2
nct00303719	DB00531	backbone	2
nct00303836	DB00531	backbone	2
nct00303888	DB01248	backbone	2
nct00303966	DB00398	investigational	1
nct00304200	DB01268	investigational	1
nct00304200	DB00853	investigational	1
nct00304980	DB06697	investigational	0
nct00304980	DB01299	investigational	0
nct00304980	DB06708	investigational	0
nct00304980	DB00205	investigational	0
nct00305201	DB00175	investigational	0
nct00305643	DB00482	investigational	2
nct00306826	DB01132	no_arm_data	0
nct00306826	DB00641	no_arm_data	0
nct00307723	DB00544	backbone	2
nct00307723	DB00441	backbone	2
nct00309517	DB00650	no_arm_data	0
nct00309517	DB00544	unmatched	0
nct00310050	DB00642	investigational	1
nct00310050	DB00441	unmatched	1
nct00310128	DB00959	no_arm_data	0
nct00310128	DB00987	no_arm_data	0
nct00310128	DB00773	no_arm_data	0
nct00310830	DB00559	investigational	2
nct00311051	DB00471	no_arm_data	0
nct00311311	DB00688	backbone	2
nct00311311	DB00864	backbone	2
nct00311311	DB00635	backbone	2
nct00311311	DB00877	investigational	2
nct00311467	DB01101	backbone	2
nct00312221	DB00497	investigational	3
nct00312650	DB00997	investigational	0
nct00312650	DB00441	investigational	0
nct00313196	DB00559	investigational	2
nct00313456	DB01248	unmatched	0
nct00313482	DB01248	no_arm_data	0
nct00313482	DB00635	no_arm_data	0
nct00313547	DB00381	no_arm_data	0
nct00313547	DB00881	no_arm_data	0
nct00313612	DB01030	single_arm_combination	1
nct00313690	DB00188	investigational	0
nct00313690	DB01248	investigational	0
nct00313768	DB01229	backbone	2
nct00315211	DB01030	single_arm_combination	1
nct00315211	DB01248	single_arm_combination	1
nct00316433	DB00762	no_arm_data	0
nct00317434	DB01259	investigational	0
nct00318474	DB01320	unmatched	2
nct00318474	DB00688	investigational	2
nct00319345	DB00742	investigational	0
nct00319683	DB00544	unmatched	0
nct00319839	DB01229	single_arm_combination	1
nct00320190	DB01254	head_to_head	2
nct00320190	DB00619	head_to_head	2
nct00321308	DB00642	backbone	2
nct00321698	DB01248	backbone	2
nct00322296	DB00307	investigational	0
nct00322881	DB01229	single_arm_combination	1
nct00322907	DB01045	unmatched	0
nct00322907	DB00951	unmatched	0
nct00322907	DB00358	investigational	0
nct00322920	DB01030	no_arm_data	0
nct00323063	DB00619	investigational	2
nct00323063	DB00441	backbone	2
nct00323362	DB00619	single_arm_combination	1
nct00323362	DB00441	single_arm_combination	1
nct00323791	DB00619	no_arm_data	0
nct00323791	DB00441	no_arm_data	0
nct00323986	DB00207	investigational	0
nct00324077	DB01254	investigational	0
nct00324077	DB00619	investigational	0
nct00324714	DB00884	investigational	0
nct00324740	DB02546	single_arm_combination	1
nct00324740	DB00982	single_arm_combination	1
nct00325000	DB01104	investigational	0
nct00325000	DB00321	investigational	0
nct00325572	DB00126	investigational	2
nct00325650	DB06155	investigational	2
nct00325741	DB00688	described_only	1
nct00325741	DB00091	described_only	1
nct00325910	DB00331	investigational	0
nct00326911	DB00441	investigational	2
nct00327080	DB00203	unmatched	0
nct00329108	DB00334	comparator	2
nct00329108	DB00246	investigational	2
nct00329472	DB00441	investigational	2
nct00329498	DB00126	investigational	0
nct00329732	DB00281	investigational	2
nct00329732	DB00297	investigational	2
nct00331422	DB01229	single_arm_combination	1
nct00331708	DB01299	investigational	1
nct00331708	DB00205	investigational	1
nct00333229	DB00399	investigational	2
nct00334568	DB00412	investigational	2
nct00334763	DB01229	no_arm_data	0
nct00334867	DB00531	backbone	2
nct00334867	DB01030	investigational	2
nct00334867	DB00773	backbone	2
nct00334867	DB01181	backbone	2
nct00334867	DB00997	backbone	2
nct00335140	DB01168	single_arm_combination	1
nct00335140	DB01234	single_arm_combination	1
nct00335140	DB00987	single_arm_combination	1
nct00335140	DB00563	single_arm_combination	1
nct00335140	DB00650	single_arm_combination	1
nct00335335	DB01249	investigational	1
nct00335621	DB01409	investigational	0
nct00335959	DB01101	single_arm_combination	1
nct00336700	DB00530	single_arm_combination	1
nct00336700	DB00441	single_arm_combination	1
nct00337259	DB00441	investigational	1
nct00337506	DB00188	no_arm_data	0
nct00337506	DB01234	no_arm_data	0
nct00338091	DB00678	no_arm_data	0
nct00338091	DB00542	no_arm_data	0
nct00338273	DB01238	investigational	2
nct00343187	DB00250	no_arm_data	0
nct00343447	DB00531	no_arm_data	0
nct00343512	DB01248	single_arm_combination	1
nct00343980	DB00222	backbone	2
nct00345059	DB00361	investigational	3
nct00345059	DB01248	backbone	3
nct00345059	DB01101	investigational	3
nct00345059	DB00441	investigational	3
nct00346099	DB01101	no_arm_data	0
nct00346229	DB00997	single_arm_combination	1
nct00346645	DB00188	investigational	0
nct00346749	DB00938	single_arm_combination	1
nct00346749	DB00588	single_arm_combination	1
nct00347438	DB01101	investigational	1
nct00348166	DB00979	investigational	0
nct00348608	DB01249	investigational	1
nct00348712	DB00331	backbone	2
nct00348712	DB00412	backbone	2
nct00348816	DB01248	single_arm_combination	1
nct00348816	DB00635	single_arm_combination	1
nct00349518	DB01254	investigational	0
nct00350844	DB01005	investigational	1
nct00350948	DB00997	backbone	2
nct00351039	DB00530	single_arm_combination	1
nct00351039	DB00642	single_arm_combination	1
nct00351195	DB00773	no_arm_data	0
nct00351195	DB01101	no_arm_data	0
nct00352079	DB00317	head_to_head	2
nct00352118	DB00544	single_arm_combination	1
nct00352118	DB01248	single_arm_combination	1
nct00352742	DB00188	investigational	1
nct00352859	DB00398	investigational	2
nct00352859	DB00441	backbone	2
nct00352950	DB00877	unmatched	0
nct00353457	DB01101	investigational	1
nct00354107	DB00773	single_arm_combination	1
nct00354107	DB01181	single_arm_combination	1
nct00354172	DB01073	single_arm_combination	1
nct00354172	DB00531	single_arm_combination	1
nct00354224	DB01101	single_arm_combination	1
nct00354419	DB00688	single_arm_combination	1
nct00354419	DB00091	single_arm_combination	1
nct00354419	DB00531	single_arm_combination	1
nct00354523	DB00851	single_arm_combination	1
nct00354523	DB01101	single_arm_combination	1
nct00354523	DB00619	single_arm_combination	1
nct00354562	DB01248	backbone	2
nct00354601	DB01248	single_arm_combination	1
nct00354601	DB01101	single_arm_combination	1
nct00356265	DB00388	backbone	3
nct00356525	DB00642	backbone	4
nct00356525	DB00441	investigational	4
nct00356928	DB00531	single_arm_combination	1
nct00356941	DB01248	single_arm_combination	1
nct00358319	DB00313	backbone	2
nct00358566	DB00441	comparator	2
nct00359125	DB00834	investigational	2
nct00359151	DB00482	investigational	2
nct00359385	DB00630	backbone	2
nct00360087	DB00559	investigational	0
nct00360308	DB00494	described_only	3
nct00360828	DB00762	single_arm_combination	1
nct00361088	DB00188	backbone	2
nct00361114	DB00250	investigational	3
nct00361114	DB01299	mixed	3
nct00361114	DB00205	mixed	3
nct00361439	DB00764	investigational	2
nct00361868	DB00331	investigational	2
nct00361868	DB01039	investigational	2
nct00361972	DB00448	investigational	2
nct00362466	DB01254	head_to_head	2
nct00362466	DB00619	head_to_head	2
nct00362765	DB00331	mixed	4
nct00362765	DB01039	mixed	4
nct00363025	DB01177	investigational	0
nct00363025	DB00987	unmatched	0
nct00363025	DB01204	unmatched	0
nct00363025	DB00694	investigational	0
nct00363467	DB01008	single_arm_combination	1
nct00363610	DB00441	investigational	0
nct00363779	DB00091	single_arm_combination	1
nct00364000	DB00258	backbone	2
nct00364429	DB00186	no_arm_data	0
nct00365183	DB00642	investigational	1
nct00365222	DB00853	investigational	1
nct00365274	DB00997	single_arm_combination	1
nct00365274	DB00635	single_arm_combination	1
nct00365274	DB00531	single_arm_combination	1
nct00366106	DB00188	no_arm_data	0
nct00366106	DB00997	no_arm_data	0
nct00366106	DB01234	no_arm_data	0
nct00366301	DB00331	head_to_head	4
nct00366704	DB00734	comparator	2
nct00367497	DB00959	investigational	0
nct00367497	DB00987	investigational	0
nct00367497	DB00773	investigational	0
nct00367718	DB00188	investigational	0
nct00368017	DB01132	investigational	2
nct00368121	DB01234	investigational	1
nct00368264	DB00993	described_only	2
nct00368329	DB01101	no_arm_data	0
nct00368719	DB00864	investigational	1
nct00369070	DB01229	backbone	3
nct00369551	DB01229	single_arm_combination	1
nct00369603	DB00843	investigational	2
nct00369603	DB00674	investigational	2
nct00369629	DB00642	backbone	4
nct00369629	DB00441	backbone	4
nct00369915	DB00747	backbone	2
nct00369954	DB00441	no_arm_data	0
nct00372905	DB00188	single_arm_combination	1
nct00372996	DB00990	backbone	2
nct00373113	DB01268	investigational	2
nct00373113	DB01101	comparator	2
nct00373217	DB01229	backbone	2
nct00374205	DB06697	investigational	2
nct00374205	DB06708	investigational	2
nct00374205	DB00613	comparator	2
nct00374543	DB00246	investigational	2
nct00375557	DB00313	head_to_head	2
nct00375557	DB01224	head_to_head	2
nct00375752	DB01006	backbone	2
nct00375752	DB00399	investigational	2
nct00376103	DB00853	investigational	0
nct00376181	DB01132	backbone	3
nct00376259	DB00718	backbone	2
nct00376259	DB01265	investigational	2
nct00376285	DB01039	no_arm_data	0
nct00376519	DB00091	single_arm_combination	1
nct00376519	DB00688	single_arm_combination	1
nct00376519	DB00531	single_arm_combination	1
nct00376805	DB01073	single_arm_combination	1
nct00376805	DB00531	single_arm_combination	1
nct00377325	DB00091	backbone	3
nct00377455	DB00559	investigational	2
nct00377780	DB00997	investigational	1
nct00377780	DB01248	investigational	1
nct00378404	DB01248	investigational	1
nct00378573	DB01248	single_arm_combination	1
nct00378573	DB00441	single_arm_combination	1
nct00379197	DB00704	investigational	1
nct00379912	DB00928	backbone	2
nct00381693	DB00928	investigational	0
nct00382057	DB00014	no_arm_data	0
nct00382057	DB01217	no_arm_data	0
nct00382057	DB00624	no_arm_data	0
nct00383266	DB00642	single_arm_combination	1
nct00383331	DB00642	backbone	2
nct00383331	DB00441	backbone	2
nct00383487	DB00136	no_arm_data	0
nct00383487	DB00788	no_arm_data	0
nct00384111	DB00635	unmatched	2
nct00384111	DB00531	unmatched	2
nct00384618	DB00165	unmatched	0
nct00384618	DB00175	no_arm_data	0
nct00384618	DB00158	unmatched	0
nct00384865	DB00945	head_to_head	4
nct00384865	DB00641	head_to_head	4
nct00385398	DB00530	no_arm_data	0
nct00385398	DB00853	no_arm_data	0
nct00385463	DB00471	investigational	0
nct00385463	DB00588	investigational	0
nct00385827	DB00635	backbone	3
nct00385827	DB01204	backbone	3
nct00386399	DB00305	investigational	1
nct00386516	DB00544	single_arm_combination	1
nct00386555	DB01248	no_arm_data	0
nct00387036	DB00588	backbone	2
nct00387348	DB01175	investigational	3
nct00387426	DB01268	investigational	1
nct00387894	DB00530	investigational	1
nct00388271	DB00346	investigational	2
nct00388388	DB00999	backbone	2
nct00388388	DB00678	backbone	2
nct00388739	DB01222	investigational	2
nct00388804	DB00014	head_to_head	2
nct00388804	DB00499	head_to_head	2
nct00388804	DB01128	head_to_head	2
nct00389090	DB00853	investigational	1
nct00389506	DB00531	no_arm_data	0
nct00389519	DB00178	investigational	4
nct00389688	DB00642	no_arm_data	0
nct00390923	DB01037	investigational	2
nct00390923	DB00184	backbone	2
nct00391066	DB01073	described_only	2
nct00391066	DB00531	described_only	2
nct00391534	DB00776	backbone	2
nct00391586	DB00530	single_arm_combination	1
nct00391755	DB00980	backbone	2
nct00391950	DB00399	investigational	0
nct00392665	DB00530	backbone	2
nct00392665	DB00605	head_to_head	2
nct00392782	DB04572	single_arm_combination	1
nct00393094	DB00762	single_arm_combination	1
nct00393185	DB01073	unmatched	0
nct00393185	DB00531	unmatched	0
nct00393562	DB00422	no_arm_data	0
nct00393562	DB00745	no_arm_data	0
nct00394147	DB00642	single_arm_combination	1
nct00394147	DB00441	single_arm_combination	1
nct00394485	DB01409	no_arm_data	0
nct00395239	DB00443	investigational	1
nct00395239	DB00860	investigational	1
nct00395239	DB01234	investigational	1
nct00395239	DB00620	investigational	1
nct00395239	DB00959	investigational	1
nct00395239	DB00635	investigational	1
nct00395655	DB01275	investigational	0
nct00395655	DB00313	investigational	0
nct00395967	DB06809	investigational	1
nct00396214	DB01224	comparator	3
nct00396383	DB06809	investigational	1
nct00396812	DB00959	unmatched	1
nct00396812	DB00635	unmatched	1
nct00396812	DB00563	described_only	1
nct00396968	DB01008	unmatched	0
nct00396968	DB06809	investigational	0
nct00396968	DB01073	unmatched	0
nct00397501	DB00563	backbone	2
nct00397605	DB00470	unmatched	1
nct00397657	DB00973	backbone	2
nct00397657	DB00627	head_to_head	2
nct00397761	DB01229	no_arm_data	0
nct00397761	DB01101	no_arm_data	0
nct00398047	DB00928	unmatched	1
nct00398632	DB00476	investigational	1
nct00399204	DB00331	backbone	2
nct00399204	DB01132	backbone	2
nct00400088	DB00715	comparator	2
nct00400205	DB00544	single_arm_combination	1
nct00400205	DB01248	single_arm_combination	1
nct00402662	DB01590	no_arm_data	0
nct00402662	DB00619	no_arm_data	0
nct00402883	DB00642	single_arm_combination	1
nct00402896	DB05294	investigational	1
nct00403156	DB00619	investigational	0
nct00403182	DB01006	no_arm_data	0
nct00403988	DB00361	no_arm_data	0
nct00404703	DB01229	unmatched	1
nct00404703	DB00441	unmatched	1
nct00406276	DB01248	single_arm_combination	1
nct00406276	DB01590	single_arm_combination	1
nct00407407	DB01229	no_arm_data	0
nct00408070	DB01229	single_arm_combination	1
nct00408148	DB06155	investigational	2
nct00409019	DB01265	investigational	3
nct00409331	DB01143	investigational	1
nct00409461	DB00864	investigational	0
nct00409461	DB00877	investigational	0
nct00409526	DB01088	investigational	0
nct00409630	DB00588	investigational	0
nct00410774	DB00441	no_arm_data	0
nct00411281	DB00987	investigational	2
nct00411372	DB00938	investigational	0
nct00411372	DB00588	investigational	0
nct00411593	DB00188	single_arm_combination	1
nct00411892	DB01132	backbone	2
nct00412217	DB00530	investigational	2
nct00412750	DB01265	investigational	3
nct00412919	DB00928	investigational	0
nct00413478	DB00928	investigational	1
nct00413959	DB00188	single_arm_combination	1
nct00413959	DB01234	single_arm_combination	1
nct00413959	DB00531	single_arm_combination	1
nct00414076	DB01006	investigational	2
nct00414206	DB00657	investigational	3
nct00415909	DB00619	single_arm_combination	1
nct00416793	DB00188	single_arm_combination	1
nct00416884	DB01073	single_arm_combination	1
nct00416910	DB01204	backbone	2
nct00416910	DB01073	backbone	2
nct00416910	DB00531	backbone	2
nct00417248	DB00773	single_arm_combination	1
nct00417248	DB00398	single_arm_combination	1
nct00417677	DB01268	investigational	0
nct00417677	DB06287	investigational	0
nct00417690	DB00233	investigational	2
nct00417885	DB01268	single_arm_combination	1
nct00417885	DB00990	single_arm_combination	1
nct00418132	DB01041	investigational	2
nct00418145	DB00959	backbone	2
nct00418782	DB00788	comparator	3
nct00418873	DB00734	comparator	2
nct00419536	DB01248	unmatched	0
nct00419536	DB00635	unmatched	0
nct00419653	DB06288	investigational	3
nct00419653	DB00334	comparator	3
nct00419653	DB00502	comparator	3
nct00421096	DB00441	single_arm_combination	1
nct00421317	DB00619	investigational	0
nct00422942	DB00563	single_arm_combination	1
nct00423150	DB00853	investigational	1
nct00424294	DB00482	comparator	3
nct00424775	DB02546	investigational	0
nct00424801	DB00177	single_arm_combination	1
nct00424801	DB00590	single_arm_combination	1
nct00424801	DB00528	single_arm_combination	1
nct00424840	DB00188	backbone	3
nct00426127	DB00997	single_arm_combination	1
nct00426127	DB01248	single_arm_combination	1
nct00427154	DB00412	backbone	2
nct00427414	DB00694	investigational	1
nct00427583	DB00619	investigational	1
nct00427609	DB01053	backbone	2
nct00427934	DB00563	unmatched	2
nct00428025	DB00586	investigational	2
nct00428194	DB00530	backbone	3
nct00429026	DB01042	investigational	2
nct00429026	DB01073	backbone	2
nct00429026	DB00531	investigational	2
nct00429169	DB01156	head_to_head	2
nct00429169	DB00715	head_to_head	2
nct00429442	DB00641	investigational	2
nct00429858	DB00441	single_arm_combination	1
nct00430027	DB01101	single_arm_combination	1
nct00430040	DB01136	investigational	2
nct00430040	DB00722	backbone	2
nct00430716	DB00203	backbone	4
nct00430794	DB00421	investigational	0
nct00431340	DB00188	unmatched	0
nct00431613	DB01248	backbone	2
nct00431613	DB00441	backbone	2
nct00431795	DB00997	backbone	2
nct00431795	DB00445	backbone	2
nct00433173	DB00014	investigational	3
nct00433173	DB01217	head_to_head	3
nct00433173	DB00624	investigational	3
nct00434031	DB00997	no_arm_data	0
nct00434031	DB01248	no_arm_data	0
nct00434031	DB00531	no_arm_data	0
nct00434096	DB06155	investigational	2
nct00434226	DB01268	investigational	2
nct00434226	DB01229	backbone	2
nct00434356	DB01268	investigational	2
nct00434356	DB01229	backbone	2
nct00434941	DB01101	investigational	1
nct00436436	DB00853	single_arm_combination	1
nct00436943	DB01156	investigational	1
nct00436943	DB00184	investigational	1
nct00437294	DB01101	backbone	2
nct00437359	DB01217	head_to_head	2
nct00437359	DB00539	head_to_head	2
nct00437749	DB01229	described_only	2
nct00437970	DB00331	head_to_head	2
nct00437970	DB01132	head_to_head	2
nct00438204	DB00642	single_arm_combination	1
nct00438204	DB00441	single_arm_combination	1
nct00438321	DB00014	investigational	3
nct00438321	DB01217	head_to_head	3
nct00438321	DB00624	investigational	3
nct00439296	DB01234	backbone	7
nct00439296	DB00531	backbone	7
nct00439296	DB00987	backbone	7
nct00439296	DB00563	backbone	7
nct00439296	DB00352	backbone	7
nct00439296	DB00997	backbone	7
nct00439946	DB00374	investigational	1
nct00439946	DB01240	described_only	1
nct00440076	DB00188	investigational	0
nct00440440	DB00624	investigational	2
nct00440622	DB01101	investigational	2
nct00440622	DB00441	investigational	2
nct00440843	DB00334	investigational	2
nct00441168	DB00188	investigational	2
nct00441168	DB00997	backbone	2
nct00441168	DB01234	backbone	2
nct00441181	DB00287	investigational	0
nct00441363	DB01200	backbone	2
nct00442026	DB01248	investigational	2
nct00442026	DB00441	backbone	2
nct00442403	DB00608	no_arm_data	0
nct00442507	DB00530	single_arm_combination	1
nct00442676	DB00482	investigational	2
nct00443261	DB00928	single_arm_combination	1
nct00444834	DB01136	backbone	2
nct00445549	DB05294	investigational	1
nct00446173	DB01008	single_arm_combination	1
nct00446173	DB00531	single_arm_combination	1
nct00446303	DB00928	investigational	0
nct00446667	DB00742	investigational	1
nct00447226	DB01259	described_only	2
nct00447369	DB00230	no_arm_data	0
nct00447369	DB00313	no_arm_data	0
nct00447421	DB00642	single_arm_combination	1
nct00447473	DB01204	single_arm_combination	1
nct00447473	DB01026	single_arm_combination	1
nct00447603	DB00999	backbone	4
nct00447603	DB00678	backbone	4
nct00447902	DB00503	no_arm_data	0
nct00447902	DB00932	no_arm_data	0
nct00448097	DB01248	single_arm_combination	1
nct00448240	DB00530	investigational	1
nct00448266	DB04572	investigational	2
nct00448266	DB00531	comparator	2
nct00448682	DB00650	single_arm_combination	1
nct00448682	DB01248	single_arm_combination	1
nct00448682	DB00322	single_arm_combination	1
nct00449007	DB01156	head_to_head	2
nct00449007	DB00472	head_to_head	2
nct00449111	DB00678	investigational	0
nct00449605	DB00222	comparator	2
nct00449605	DB06155	investigational	2
nct00449657	DB01229	no_arm_data	0
nct00449657	DB00441	no_arm_data	0
nct00449865	DB00148	investigational	2
nct00450008	DB01041	single_arm_combination	1
nct00450008	DB01248	single_arm_combination	1
nct00450385	DB00997	single_arm_combination	1
nct00450385	DB00635	single_arm_combination	1
nct00450385	DB00531	single_arm_combination	1
nct00450515	DB01101	single_arm_combination	1
nct00450879	DB06589	investigational	1
nct00450983	DB00563	no_arm_data	0
nct00450983	DB04572	no_arm_data	0
nct00451490	DB06594	no_arm_data	0
nct00452075	DB00530	investigational	1
nct00452387	DB00635	no_arm_data	0
nct00452387	DB01204	no_arm_data	0
nct00452387	DB00398	no_arm_data	0
nct00452920	DB01248	investigational	0
nct00453414	DB01088	investigational	0
nct00453635	DB00361	investigational	2
nct00453635	DB01248	investigational	2
nct00453856	DB01299	investigational	0
nct00453856	DB00205	investigational	0
nct00454324	DB01229	backbone	2
nct00454714	DB00203	investigational	2
nct00455039	DB01259	investigational	1
nct00455091	DB00718	investigational	0
nct00455091	DB00709	investigational	0
nct00456313	DB00938	investigational	1
nct00456313	DB00588	investigational	1
nct00456846	DB01229	investigational	1
nct00456963	DB00584	investigational	3
nct00456963	DB00678	comparator	3
nct00457678	DB01234	no_arm_data	0
nct00457899	DB01224	investigational	0
nct00458042	DB00374	investigational	0
nct00458796	DB00399	investigational	0
nct00459108	DB01254	investigational	1
nct00459121	DB01229	single_arm_combination	1
nct00459121	DB05294	single_arm_combination	1
nct00459563	DB00169	investigational	3
nct00459563	DB00136	head_to_head	3
nct00459810	DB00783	no_arm_data	0
nct00461344	DB00997	no_arm_data	0
nct00461344	DB01248	no_arm_data	0
nct00461773	DB01006	head_to_head	2
nct00461812	DB00764	investigational	2
nct00461812	DB00938	unmatched	2
nct00461890	DB00704	investigational	0
nct00462865	DB01101	investigational	1
nct00462865	DB00441	investigational	1
nct00463775	DB00273	investigational	0
nct00463840	DB00544	single_arm_combination	1
nct00464178	DB00188	investigational	1
nct00464191	DB01175	investigational	0
nct00464958	DB00697	investigational	1
nct00465244	DB00186	backbone	2
nct00465244	DB01202	investigational	2
nct00465257	DB00613	investigational	0
nct00465673	DB00997	investigational	0
nct00465907	DB00762	investigational	1
nct00465907	DB01229	investigational	1
nct00467077	DB00317	single_arm_combination	1
nct00467987	DB00624	investigational	3
nct00468442	DB00877	single_arm_combination	1
nct00469586	DB00222	comparator	3
nct00469586	DB00331	comparator	3
nct00469625	DB00910	investigational	0
nct00469703	DB01041	investigational	0
nct00469976	DB00441	no_arm_data	0
nct00470067	DB00997	single_arm_combination	1
nct00470249	DB00441	single_arm_combination	1
nct00470392	DB00724	head_to_head	2
nct00470535	DB00530	investigational	1
nct00470548	DB01229	backbone	2
nct00470548	DB00642	backbone	2
nct00471068	DB00373	described_only	2
nct00471068	DB00869	described_only	2
nct00471068	DB00287	investigational	2
nct00471159	DB01248	no_arm_data	0
nct00471237	DB00630	comparator	4
nct00471653	DB00853	no_arm_data	0
nct00471809	DB00471	no_arm_data	0
nct00471809	DB00207	no_arm_data	0
nct00472355	DB00714	investigational	0
nct00473005	DB01590	no_arm_data	0
nct00473005	DB01101	no_arm_data	0
nct00473486	DB00398	investigational	2
nct00473486	DB00642	backbone	2
nct00473551	DB00877	single_arm_combination	1
nct00473551	DB01073	single_arm_combination	1
nct00473551	DB00531	single_arm_combination	1
nct00473889	DB02546	investigational	2
nct00474188	DB00480	single_arm_combination	1
nct00474188	DB01234	single_arm_combination	1
nct00475527	DB01211	investigational	2
nct00475527	DB00338	investigational	2
nct00475527	DB01060	investigational	2
nct00475527	DB00916	investigational	2
nct00475657	DB00642	single_arm_combination	1
nct00476827	DB00441	head_to_head	6
nct00476827	DB00762	head_to_head	6
nct00476827	DB01229	head_to_head	6
nct00476827	DB00361	head_to_head	6
nct00476827	DB01248	head_to_head	6
nct00477087	DB01204	single_arm_combination	1
nct00478036	DB00465	head_to_head	3
nct00478595	DB06155	investigational	2
nct00478972	DB06155	investigational	2
nct00479167	DB00188	investigational	1
nct00479765	DB01229	investigational	1
nct00479856	DB01259	single_arm_combination	1
nct00479856	DB01229	single_arm_combination	1
nct00479856	DB01248	single_arm_combination	1
nct00479856	DB01101	single_arm_combination	1
nct00480857	DB01248	investigational	1
nct00480935	DB01268	investigational	1
nct00480987	DB00987	single_arm_combination	1
nct00480987	DB01073	single_arm_combination	1
nct00481429	DB00412	head_to_head	2
nct00481832	DB00531	single_arm_combination	1
nct00481832	DB00688	single_arm_combination	1
nct00481832	DB00773	single_arm_combination	1
nct00481832	DB00262	single_arm_combination	1
nct00481845	DB01217	backbone	2
nct00481845	DB05294	investigational	2
nct00482053	DB00531	single_arm_combination	1
nct00482053	DB00773	single_arm_combination	1
nct00482053	DB00091	single_arm_combination	1
nct00482053	DB00262	single_arm_combination	1
nct00482053	DB00688	single_arm_combination	1
nct00482157	DB00136	investigational	0
nct00482274	DB01248	investigational	0
nct00482625	DB00530	single_arm_combination	1
nct00482911	DB01268	investigational	2
nct00482911	DB00480	investigational	2
nct00482911	DB00531	backbone	2
nct00483561	DB00773	investigational	1
nct00483561	DB00317	investigational	1
nct00483977	DB00497	comparator	3
nct00484601	DB00997	single_arm_combination	1
nct00484601	DB01181	single_arm_combination	1
nct00484718	DB00497	head_to_head	3
nct00484718	DB00482	head_to_head	3
nct00485472	DB06218	investigational	2
nct00485589	DB00563	investigational	3
nct00486343	DB00744	investigational	2
nct00486720	DB02546	backbone	2
nct00486759	DB00997	backbone	2
nct00486759	DB00635	backbone	2
nct00486759	DB00531	backbone	2
nct00488384	DB00459	investigational	1
nct00488605	DB00570	backbone	2
nct00488605	DB01033	described_only	2
nct00488605	DB00563	investigational	2
nct00488605	DB00650	investigational	2
nct00488605	DB00635	backbone	2
nct00488644	DB00279	single_arm_combination	1
nct00488644	DB00451	single_arm_combination	1
nct00488670	DB01175	investigational	0
nct00488891	DB01267	head_to_head	2
nct00488891	DB01238	described_only	2
nct00488891	DB01224	described_only	2
nct00488891	DB00334	described_only	2
nct00488891	DB00246	described_only	2
nct00488891	DB00734	described_only	2
nct00490061	DB01259	investigational	1
nct00490568	DB00412	investigational	1
nct00491075	DB00642	single_arm_combination	1
nct00491075	DB00441	single_arm_combination	1
nct00491387	DB00264	investigational	1
nct00491400	DB01039	backbone	2
nct00491400	DB01076	backbone	2
nct00491738	DB01268	backbone	2
nct00492531	DB00203	investigational	2
nct00492843	DB00710	backbone	2
nct00493025	DB01229	single_arm_combination	1
nct00493025	DB00317	single_arm_combination	1
nct00493428	DB00181	investigational	0
nct00493974	DB00744	investigational	2
nct00494026	DB00642	single_arm_combination	1
nct00494338	DB01248	investigational	0
nct00494533	DB00374	investigational	0
nct00494663	DB00331	unmatched	8
nct00494663	DB01076	described_only	8
nct00495521	DB00233	backbone	2
nct00495547	DB00928	no_arm_data	0
nct00495625	DB01268	investigational	1
nct00496223	DB01268	single_arm_combination	1
nct00496223	DB00851	single_arm_combination	1
nct00496366	DB01101	single_arm_combination	1
nct00496366	DB01259	single_arm_combination	1
nct00496756	DB00398	investigational	1
nct00497471	DB00250	no_arm_data	0
nct00497471	DB00205	no_arm_data	0
nct00498004	DB00734	investigational	0
nct00498004	DB01224	investigational	0
nct00498433	DB00381	comparator	2
nct00498901	DB01006	no_arm_data	0
nct00498901	DB00014	no_arm_data	0
nct00499291	DB01229	investigational	0
nct00499681	DB01006	backbone	2
nct00499681	DB01259	backbone	2
nct00499889	DB01073	single_arm_combination	1
nct00499889	DB00864	single_arm_combination	1
nct00499889	DB00563	single_arm_combination	1
nct00499889	DB01008	single_arm_combination	1
nct00499889	DB00619	single_arm_combination	1
nct00500006	DB01254	backbone	2
nct00500890	DB00773	backbone	2
nct00500890	DB00531	investigational	2
nct00501787	DB00331	backbone	2
nct00501839	DB00882	backbone	3
nct00502229	DB00331	backbone	2
nct00502229	DB00882	backbone	2
nct00503763	DB00641	investigational	0
nct00503841	DB00530	investigational	1
nct00503880	DB00987	single_arm_combination	1
nct00503880	DB00631	single_arm_combination	1
nct00503932	DB01101	investigational	1
nct00503971	DB00530	investigational	1
nct00503971	DB02546	investigational	1
nct00503984	DB01248	backbone	2
nct00503984	DB00928	backbone	2
nct00503984	DB00635	backbone	2
nct00504101	DB01042	no_arm_data	0
nct00504101	DB00188	no_arm_data	0
nct00504244	DB01024	no_arm_data	0
nct00504491	DB00531	investigational	1
nct00505492	DB01229	single_arm_combination	1
nct00505635	DB00570	single_arm_combination	1
nct00505635	DB01041	single_arm_combination	1
nct00505635	DB00853	single_arm_combination	1
nct00505921	DB00531	single_arm_combination	1
nct00505921	DB00773	single_arm_combination	1
nct00505921	DB01073	single_arm_combination	1
nct00505921	DB01042	single_arm_combination	1
nct00505921	DB00987	single_arm_combination	1
nct00505921	DB00262	single_arm_combination	1
nct00506701	DB00820	investigational	1
nct00506779	DB01229	backbone	2
nct00506779	DB00619	backbone	2
nct00507429	DB01229	comparator	2
nct00508157	DB01238	investigational	2
nct00508274	DB01101	single_arm_combination	1
nct00508274	DB01259	single_arm_combination	1
nct00508456	DB00853	investigational	1
nct00509366	DB01248	head_to_head	4
nct00509366	DB00642	head_to_head	4
nct00509366	DB00441	backbone	4
nct00509496	DB00531	backbone	2
nct00510289	DB00398	investigational	1
nct00510887	DB00188	single_arm_combination	1
nct00510887	DB01234	single_arm_combination	1
nct00510887	DB01204	single_arm_combination	1
nct00510887	DB01073	single_arm_combination	1
nct00511121	DB00619	investigational	0
nct00511628	DB00734	investigational	1
nct00512616	DB01212	investigational	0
nct00512668	DB00499	single_arm_combination	1
nct00512668	DB00665	single_arm_combination	1
nct00512668	DB00014	single_arm_combination	1
nct00512668	DB01128	single_arm_combination	1
nct00512668	DB06287	single_arm_combination	1
nct00512798	DB00188	backbone	2
nct00512798	DB00853	backbone	2
nct00512980	DB00570	backbone	2
nct00512980	DB00997	backbone	2
nct00512980	DB00635	backbone	2
nct00512980	DB00441	backbone	2
nct00513305	DB00987	backbone	2
nct00513552	DB01211	investigational	1
nct00513552	DB00615	investigational	1
nct00514917	DB01248	investigational	2
nct00514982	DB00443	head_to_head	6
nct00514982	DB00860	head_to_head	6
nct00514982	DB01234	head_to_head	6
nct00514982	DB00741	head_to_head	6
nct00514982	DB00244	head_to_head	6
nct00514982	DB00620	head_to_head	6
nct00514982	DB00864	head_to_head	6
nct00514982	DB01033	head_to_head	6
nct00514982	DB00959	head_to_head	6
nct00514982	DB00635	head_to_head	6
nct00515086	DB01590	backbone	4
nct00515112	DB00624	investigational	2
nct00515138	DB00188	investigational	0
nct00515138	DB00773	investigational	0
nct00515138	DB01181	investigational	0
nct00515489	DB00734	investigational	1
nct00516191	DB01042	investigational	0
nct00516191	DB00997	investigational	0
nct00516191	DB00188	investigational	0
nct00516282	DB00853	no_arm_data	0
nct00516542	DB01006	no_arm_data	0
nct00516750	DB00570	no_arm_data	0
nct00516750	DB00997	no_arm_data	0
nct00516750	DB00563	no_arm_data	0
nct00517218	DB01073	unmatched	0
nct00517699	DB00987	single_arm_combination	1
nct00517699	DB00563	single_arm_combination	1
nct00519090	DB04868	investigational	2
nct00519532	DB05271	investigational	1
nct00520533	DB01268	single_arm_combination	1
nct00520845	DB01248	single_arm_combination	1
nct00520845	DB00482	single_arm_combination	1
nct00520845	DB00642	single_arm_combination	1
nct00520975	DB01229	backbone	2
nct00521092	DB01268	investigational	1
nct00521274	DB01248	comparator	2
nct00521781	DB01229	single_arm_combination	1
nct00521781	DB01128	single_arm_combination	1
nct00521820	DB01016	comparator	2
nct00521820	DB01132	investigational	2
nct00521924	DB00608	comparator	2
nct00521924	DB00795	comparator	2
nct00521924	DB00563	comparator	2
nct00521924	DB00091	comparator	2
nct00521989	DB00860	mixed	5
nct00521989	DB00975	investigational	5
nct00522249	DB00530	single_arm_combination	1
nct00522249	DB01268	single_arm_combination	1
nct00522301	DB00398	investigational	1
nct00522392	DB00188	backbone	2
nct00522392	DB00480	investigational	2
nct00522392	DB01234	backbone	2
nct00522834	DB01229	head_to_head	2
nct00522938	DB00530	no_arm_data	0
nct00523640	DB01101	investigational	1
nct00523640	DB00441	investigational	1
nct00524069	DB01101	no_arm_data	0
nct00524069	DB00441	no_arm_data	0
nct00524095	DB00207	investigational	3
nct00524134	DB01136	investigational	1
nct00524173	DB00879	investigational	2
nct00524186	DB01268	single_arm_combination	1
nct00524186	DB00650	single_arm_combination	1
nct00524186	DB00544	single_arm_combination	1
nct00524186	DB00762	single_arm_combination	1
nct00524316	DB01268	single_arm_combination	1
nct00524459	DB00997	no_arm_data	0
nct00524459	DB01248	no_arm_data	0
nct00524589	DB00136	single_arm_combination	1
nct00524589	DB01234	single_arm_combination	1
nct00524667	DB00313	investigational	1
nct00524667	DB01073	investigational	1
nct00525135	DB00313	backbone	2
nct00525161	DB00398	investigational	1
nct00525408	DB01248	comparator	2
nct00526591	DB01590	backbone	2
nct00526643	DB00441	backbone	2
nct00526799	DB01030	backbone	2
nct00526799	DB00398	backbone	2
nct00526890	DB01229	single_arm_combination	1
nct00527124	DB01248	backbone	2
nct00527124	DB00635	backbone	2
nct00527982	DB00482	investigational	2
nct00528450	DB01177	single_arm_combination	1
nct00528450	DB00755	single_arm_combination	1
nct00528827	DB00622	backbone	4
nct00529113	DB00441	backbone	9
nct00529503	DB00773	backbone	2
nct00529503	DB01181	backbone	2
nct00530634	DB00441	single_arm_combination	1
nct00531271	DB01248	investigational	0
nct00531310	DB01008	backbone	2
nct00531310	DB01073	backbone	2
nct00531310	DB00619	unmatched	2
nct00531349	DB00295	unmatched	2
nct00531349	DB01236	head_to_head	2
nct00531349	DB00818	head_to_head	2
nct00531687	DB01229	single_arm_combination	1
nct00531687	DB00441	single_arm_combination	1
nct00532025	DB00398	investigational	1
nct00532038	DB01009	investigational	0
nct00532285	DB01229	investigational	1
nct00532285	DB00441	investigational	1
nct00532441	DB00530	backbone	2
nct00532441	DB01248	backbone	2
nct00532454	DB00675	investigational	1
nct00532584	DB00394	investigational	3
nct00533390	DB00625	backbone	2
nct00534898	DB00307	no_arm_data	0
nct00535262	DB01037	investigational	1
nct00535275	DB01248	described_only	2
nct00535275	DB00642	unmatched	2
nct00536107	DB01248	comparator	2
nct00536107	DB00317	investigational	2
nct00536211	DB00331	comparator	2
nct00536770	DB00530	head_to_head	4
nct00536770	DB00136	investigational	4
nct00536770	DB00441	backbone	4
nct00536939	DB01229	backbone	2
nct00536991	DB00741	single_arm_combination	1
nct00536991	DB00136	single_arm_combination	1
nct00536991	DB01026	single_arm_combination	1
nct00537173	DB01229	single_arm_combination	1
nct00537316	DB00993	mixed	7
nct00537511	DB00773	single_arm_combination	1
nct00537511	DB08910	single_arm_combination	1
nct00538187	DB00188	single_arm_combination	1
nct00538681	DB00642	backbone	2
nct00538824	DB01041	single_arm_combination	1
nct00538824	DB00480	single_arm_combination	1
nct00538824	DB01234	single_arm_combination	1
nct00538980	DB01254	investigational	1
nct00539331	DB01229	backbone	2
nct00539513	DB06151	investigational	2
nct00539617	DB00530	single_arm_combination	1
nct00539617	DB00650	single_arm_combination	1
nct00539617	DB00544	single_arm_combination	1
nct00539799	DB00860	investigational	2
nct00539968	DB01248	investigational	1
nct00540839	DB00471	investigational	2
nct00540995	DB01008	backbone	2
nct00540995	DB00773	backbone	2
nct00541112	DB00650	no_arm_data	0
nct00541112	DB00544	no_arm_data	0
nct00541112	DB01101	no_arm_data	0
nct00542191	DB00997	investigational	1
nct00542191	DB01229	investigational	1
nct00542191	DB00531	investigational	1
nct00542269	DB00381	backbone	3
nct00542269	DB00178	mixed	3
nct00543114	DB00480	single_arm_combination	1
nct00543114	DB01073	single_arm_combination	1
nct00543127	DB00947	investigational	2
nct00543127	DB01217	backbone	2
nct00543335	DB00398	investigational	1
nct00543582	DB00928	investigational	1
nct00543959	DB01132	comparator	7
nct00544180	DB00884	investigational	0
nct00544648	DB01229	single_arm_combination	1
nct00544778	DB00997	single_arm_combination	1
nct00544778	DB01181	single_arm_combination	1
nct00544778	DB00380	single_arm_combination	1
nct00544778	DB00762	single_arm_combination	1
nct00544908	DB01254	investigational	1
nct00545948	DB00361	head_to_head	2
nct00545948	DB00642	head_to_head	2
nct00546234	DB01409	head_to_head	2
nct00546364	DB04845	investigational	3
nct00546364	DB01248	comparator	3
nct00546364	DB01101	backbone	3
nct00547118	DB06155	investigational	2
nct00547300	DB04861	investigational	2
nct00547300	DB00264	comparator	2
nct00547443	DB01229	backbone	2
nct00547443	DB00398	investigational	2
nct00547911	DB00494	backbone	6
nct00547911	DB06262	backbone	6
nct00547911	DB00190	backbone	6
nct00548145	DB08860	investigational	2
nct00548327	DB00289	investigational	2
nct00548938	DB00853	no_arm_data	0
nct00548938	DB00262	no_arm_data	0
nct00549328	DB06589	investigational	1
nct00549822	DB01006	investigational	1
nct00550004	DB00441	backbone	2
nct00550420	DB00412	investigational	1
nct00550758	DB06709	described_only	0
nct00550862	DB08834	unmatched	4
nct00550862	DB01586	backbone	4
nct00551265	DB00531	investigational	2
nct00551733	DB01229	backbone	2
nct00551759	DB00544	single_arm_combination	1
nct00551759	DB01248	single_arm_combination	1
nct00554775	DB00530	investigational	2
nct00555048	DB01008	single_arm_combination	1
nct00555048	DB00531	single_arm_combination	1
nct00555217	DB00722	investigational	2
nct00555217	DB00678	backbone	2
nct00555399	DB00853	investigational	5
nct00555399	DB00982	investigational	5
nct00555399	DB02546	investigational	5
nct00555477	DB01217	investigational	1
nct00555867	DB01217	backbone	2
nct00556205	DB01268	head_to_head	2
nct00557206	DB01248	investigational	1
nct00557544	DB01009	mixed	3
nct00557544	DB01233	mixed	3
nct00557830	DB00398	backbone	2
nct00558636	DB01229	backbone	2
nct00558636	DB00398	investigational	2
nct00558922	DB01229	unmatched	0
nct00558961	DB00291	investigational	1
nct00558961	DB00619	investigational	1
nct00559169	DB00661	investigational	0
nct00559286	DB00966	backbone	2
nct00559481	DB00741	no_arm_data	0
nct00559481	DB01234	no_arm_data	0
nct00559481	DB01026	no_arm_data	0
nct00560352	DB00188	single_arm_combination	1
nct00560352	DB01254	single_arm_combination	1
nct00560352	DB01234	single_arm_combination	1
nct00561912	DB01262	single_arm_combination	1
nct00562185	DB00997	no_arm_data	0
nct00562198	DB00494	single_arm_combination	1
nct00562198	DB01235	unmatched	1
nct00562198	DB00190	single_arm_combination	1
nct00563862	DB00544	no_arm_data	0
nct00564720	DB00530	backbone	2
nct00564720	DB00441	backbone	2
nct00564876	DB01254	investigational	1
nct00565227	DB02546	single_arm_combination	1
nct00565227	DB01248	single_arm_combination	1
nct00566046	DB01202	investigational	2
nct00566111	DB01212	investigational	2
nct00566540	DB01229	single_arm_combination	1
nct00567229	DB00480	single_arm_combination	1
nct00568451	DB00853	investigational	4
nct00568451	DB01229	investigational	4
nct00568529	DB01101	investigational	1
nct00568633	DB00091	investigational	2
nct00568633	DB00688	investigational	2
nct00568672	DB00334	backbone	2
nct00568971	DB00544	investigational	1
nct00568971	DB01248	investigational	1
nct00569465	DB00125	investigational	2
nct00569465	DB06151	investigational	2
nct00570258	DB00530	investigational	2
nct00570258	DB00947	backbone	2
nct00570375	DB00530	investigational	1
nct00570531	DB00544	single_arm_combination	1
nct00570531	DB01229	single_arm_combination	1
nct00570908	DB01268	single_arm_combination	1
nct00570908	DB01101	single_arm_combination	1
nct00571116	DB00822	single_arm_combination	1
nct00571246	DB00273	investigational	3
nct00571246	DB00555	investigational	3
nct00571519	DB00331	backbone	8
nct00572299	DB00630	head_to_head	2
nct00573378	DB04868	unmatched	1
nct00573378	DB00619	unmatched	1
nct00573391	DB00188	backbone	2
nct00573391	DB01041	investigational	2
nct00573391	DB01234	backbone	2
nct00573391	DB01042	investigational	2
nct00573599	DB00433	investigational	2
nct00573599	DB01075	investigational	2
nct00573599	DB00669	comparator	2
nct00573755	DB01006	backbone	2
nct00573755	DB00398	investigational	2
nct00573755	DB01217	backbone	2
nct00573755	DB00990	backbone	2
nct00573989	DB00530	single_arm_combination	1
nct00573989	DB00642	single_arm_combination	1
nct00574080	DB00188	investigational	2
nct00574080	DB01041	investigational	2
nct00574080	DB01234	backbone	2
nct00574236	DB00188	investigational	1
nct00574236	DB00997	investigational	1
nct00574275	DB00441	backbone	2
nct00574483	DB01103	investigational	1
nct00574834	DB00999	head_to_head	3
nct00574834	DB00178	head_to_head	3
nct00575640	DB01275	investigational	1
nct00575965	DB00641	investigational	1
nct00575978	DB01275	investigational	1
nct00576056	DB00398	single_arm_combination	1
nct00576901	DB01248	single_arm_combination	1
nct00576901	DB01101	single_arm_combination	1
nct00577161	DB01073	backbone	2
nct00577356	DB01248	no_arm_data	0
nct00577668	DB00188	investigational	1
nct00577668	DB01041	investigational	1
nct00577668	DB01234	investigational	1
nct00577668	DB01042	investigational	1
nct00577694	DB00631	single_arm_combination	1
nct00578292	DB01008	single_arm_combination	1
nct00578292	DB01073	single_arm_combination	1
nct00578292	DB00531	single_arm_combination	1
nct00578461	DB00987	single_arm_combination	1
nct00578461	DB00531	single_arm_combination	1
nct00578903	DB00864	single_arm_combination	1
nct00578903	DB00563	single_arm_combination	1
nct00578903	DB00531	single_arm_combination	1
nct00579111	DB01008	backbone	2
nct00579111	DB01073	backbone	2
nct00579254	DB01076	investigational	0
nct00579254	DB00381	investigational	0
nct00579969	DB00373	investigational	2
nct00579969	DB00654	investigational	2
nct00580073	DB00650	single_arm_combination	1
nct00580073	DB00544	single_arm_combination	1
nct00580580	DB00556	head_to_head	3
nct00582114	DB00722	investigational	2
nct00582114	DB00335	comparator	2
nct00582205	DB01229	investigational	1
nct00582582	DB01248	backbone	2
nct00582790	DB00399	single_arm_combination	1
nct00583102	DB00227	single_arm_combination	1
nct00583102	DB00987	single_arm_combination	1
nct00583115	DB00619	investigational	1
nct00583622	DB01042	single_arm_combination	1
nct00583622	DB01248	single_arm_combination	1
nct00583622	DB00441	single_arm_combination	1
nct00584025	DB01202	investigational	2
nct00584246	DB00230	backbone	2
nct00584389	DB06155	investigational	2
nct00584662	DB00935	investigational	1
nct00584909	DB01229	investigational	1
nct00585052	DB00227	single_arm_combination	1
nct00585052	DB01229	single_arm_combination	1
nct00585208	DB00980	investigational	2
nct00585442	DB00136	investigational	2
nct00586261	DB01132	investigational	2
nct00586794	DB00203	investigational	2
nct00587119	DB01222	investigational	1
nct00588172	DB00331	backbone	2
nct00588471	DB00641	investigational	2
nct00589238	DB01229	backbone	2
nct00589316	DB00688	single_arm_combination	1
nct00589316	DB00864	single_arm_combination	1
nct00589316	DB00531	single_arm_combination	1
nct00589550	DB00398	single_arm_combination	1
nct00590603	DB00188	investigational	1
nct00590603	DB00126	investigational	1
nct00591149	DB01248	single_arm_combination	1
nct00591318	DB01212	investigational	2
nct00592007	DB00947	investigational	1
nct00592007	DB00530	investigational	1
nct00592358	DB01267	investigational	1
nct00592683	DB01238	backbone	2
nct00592852	DB00472	investigational	1
nct00593008	DB06287	no_arm_data	0
nct00593008	DB00441	no_arm_data	0
nct00593554	DB04572	backbone	2
nct00593554	DB01073	backbone	2
nct00593645	DB00987	single_arm_combination	1
nct00593645	DB00631	single_arm_combination	1
nct00593905	DB00559	head_to_head	2
nct00593905	DB06268	head_to_head	2
nct00594555	DB00242	single_arm_combination	1
nct00594555	DB00987	single_arm_combination	1
nct00594555	DB00619	single_arm_combination	1
nct00595985	DB00398	investigational	1
nct00596830	DB01229	backbone	2
nct00597116	DB05294	investigational	2
nct00597597	DB00530	investigational	1
nct00598091	DB01254	backbone	2
nct00598091	DB00441	backbone	2
nct00598429	DB00770	backbone	3
nct00598858	DB01248	single_arm_combination	1
nct00598858	DB00635	single_arm_combination	1
nct00598923	DB00252	comparator	3
nct00598923	DB00273	investigational	3
nct00599950	DB00305	backbone	2
nct00599963	DB00910	backbone	2
nct00600093	DB00915	investigational	1
nct00600639	DB00860	backbone	2
nct00600639	DB01001	backbone	2
nct00601978	DB00190	backbone	2
nct00601978	DB01235	backbone	2
nct00601978	DB00494	head_to_head	2
nct00602745	DB00544	comparator	2
nct00603460	DB01073	described_only	2
nct00603460	DB00531	backbone	2
nct00603941	DB01229	backbone	3
nct00604461	DB00642	investigational	1
nct00604578	DB01132	investigational	0
nct00604968	DB00997	investigational	1
nct00605384	DB00442	investigational	2
nct00605774	DB00668	backbone	2
nct00605995	DB00641	backbone	2
nct00606099	DB00718	comparator	2
nct00606099	DB01265	investigational	2
nct00607438	DB01229	no_arm_data	0
nct00607438	DB00398	no_arm_data	0
nct00607477	DB01275	head_to_head	2
nct00607477	DB00350	head_to_head	2
nct00608101	DB01234	investigational	2
nct00608101	DB00687	investigational	2
nct00608231	DB00633	investigational	8
nct00608517	DB00959	investigational	3
nct00608517	DB00688	unmatched	3
nct00608517	DB00864	unmatched	3
nct00608517	DB00531	backbone	3
nct00608595	DB00482	single_arm_combination	1
nct00608777	DB02300	investigational	0
nct00608777	DB00443	investigational	0
nct00608816	DB00668	backbone	2
nct00609739	DB00987	single_arm_combination	1
nct00609739	DB01204	single_arm_combination	1
nct00609817	DB00188	single_arm_combination	1
nct00609817	DB01234	single_arm_combination	1
nct00610532	DB00252	backbone	2
nct00610532	DB01032	investigational	2
nct00610792	DB00188	single_arm_combination	1
nct00610792	DB00997	single_arm_combination	1
nct00611715	DB00530	backbone	2
nct00611715	DB01006	backbone	2
nct00611858	DB00544	single_arm_combination	1
nct00612677	DB00642	single_arm_combination	1
nct00613730	DB00441	single_arm_combination	1
nct00614484	DB01229	single_arm_combination	1
nct00615160	DB00851	investigational	2
nct00615186	DB00853	backbone	2
nct00615472	DB00753	investigational	2
nct00615472	DB00818	investigational	2
nct00615472	DB00899	investigational	2
nct00615524	DB00990	investigational	0
nct00615524	DB06589	investigational	0
nct00615589	DB01008	investigational	1
nct00615589	DB01073	investigational	1
nct00615784	DB00307	investigational	1
nct00616122	DB01268	single_arm_combination	1
nct00616122	DB00563	single_arm_combination	1
nct00616122	DB00531	single_arm_combination	1
nct00616304	DB00125	investigational	2
nct00617045	DB00476	investigational	1
nct00617656	DB01248	mixed	4
nct00617656	DB00441	investigational	4
nct00618384	DB00398	investigational	1
nct00618540	DB01042	single_arm_combination	1
nct00619021	DB00441	backbone	4
nct00619229	DB00770	investigational	2
nct00619242	DB00398	investigational	1
nct00620100	DB01248	investigational	0
nct00622089	DB00331	unmatched	3
nct00622089	DB01076	described_only	3
nct00622466	DB01229	single_arm_combination	1
nct00622466	DB00398	single_arm_combination	1
nct00622479	DB00398	investigational	1
nct00622570	DB00599	comparator	2
nct00622570	DB00312	investigational	2
nct00622687	DB01088	backbone	2
nct00623415	DB06623	investigational	2
nct00624182	DB00441	single_arm_combination	1
nct00624546	DB00736	head_to_head	2
nct00625079	DB00203	mixed	3
nct00625183	DB01101	single_arm_combination	1
nct00625469	DB00559	investigational	3
nct00625586	DB00441	single_arm_combination	1
nct00625729	DB00531	single_arm_combination	1
nct00625898	DB00544	mixed	4
nct00625898	DB01248	backbone	4
nct00625898	DB00445	mixed	4
nct00625898	DB00531	mixed	4
nct00626444	DB00126	investigational	1
nct00626561	DB01229	single_arm_combination	1
nct00626626	DB00531	described_only	2
nct00626626	DB00631	backbone	2
nct00627835	DB00398	backbone	5
nct00627861	DB00264	single_arm_combination	1
nct00629252	DB00734	comparator	3
nct00629252	DB06144	investigational	3
nct00630565	DB01008	investigational	2
nct00630565	DB00773	backbone	2
nct00630565	DB01234	backbone	2
nct00630565	DB00531	backbone	2
nct00630708	DB00678	head_to_head	3
nct00630708	DB00542	head_to_head	3
nct00630994	DB01262	investigational	0
nct00632541	DB00398	single_arm_combination	1
nct00632827	DB00441	single_arm_combination	1
nct00632827	DB00531	single_arm_combination	1
nct00632827	DB00361	single_arm_combination	1
nct00632827	DB00773	single_arm_combination	1
nct00632827	DB00987	single_arm_combination	1
nct00632827	DB00563	single_arm_combination	1
nct00632827	DB00262	single_arm_combination	1
nct00632827	DB00997	single_arm_combination	1
nct00633568	DB01248	backbone	2
nct00633997	DB04876	backbone	2
nct00634088	DB01259	backbone	4
nct00634088	DB04845	backbone	4
nct00634088	DB01101	investigational	4
nct00634322	DB00650	comparator	3
nct00634517	DB01001	backbone	2
nct00634582	DB00910	investigational	0
nct00634790	DB00404	investigational	1
nct00635024	DB01042	single_arm_combination	1
nct00635076	DB00404	investigational	2
nct00635505	DB01001	mixed	3
nct00635531	DB00404	investigational	2
nct00635726	DB00570	single_arm_combination	1
nct00635726	DB00997	single_arm_combination	1
nct00635726	DB00563	single_arm_combination	1
nct00635726	DB00441	single_arm_combination	1
nct00636155	DB01073	single_arm_combination	1
nct00636155	DB00531	single_arm_combination	1
nct00636441	DB00997	backbone	2
nct00636441	DB01248	backbone	2
nct00636441	DB00531	backbone	2
nct00636883	DB00530	investigational	0
nct00636883	DB00441	investigational	0
nct00637494	DB00834	investigational	2
nct00637767	DB01042	backbone	2
nct00637832	DB00997	single_arm_combination	1
nct00637832	DB00860	single_arm_combination	1
nct00637832	DB00531	single_arm_combination	1
nct00638131	DB00559	backbone	2
nct00638378	DB08877	investigational	1
nct00638820	DB01008	investigational	1
nct00638820	DB00631	investigational	1
nct00638833	DB01043	investigational	2
nct00640978	DB00530	single_arm_combination	1
nct00640978	DB01590	single_arm_combination	1
nct00642356	DB01235	backbone	2
nct00642356	DB00494	investigational	2
nct00642356	DB00190	backbone	2
nct00642694	DB00980	investigational	2
nct00642694	DB01175	backbone	2
nct00642733	DB00530	single_arm_combination	1
nct00642733	DB00441	single_arm_combination	1
nct00643162	DB01175	backbone	2
nct00643604	DB00374	investigational	1
nct00644306	DB01042	backbone	2
nct00644306	DB01041	backbone	2
nct00644306	DB00635	backbone	2
nct00644878	DB04868	investigational	1
nct00645229	DB00246	investigational	1
nct00645255	DB01105	unmatched	2
nct00645515	DB00734	comparator	2
nct00645515	DB00246	investigational	2
nct00646087	DB01221	backbone	2
nct00646659	DB00544	no_arm_data	0
nct00646659	DB01248	no_arm_data	0
nct00647023	DB00331	investigational	1
nct00649220	DB01043	investigational	1
nct00649311	DB00700	investigational	2
nct00649311	DB00678	comparator	2
nct00649584	DB00441	single_arm_combination	1
nct00651014	DB00973	investigational	2
nct00651326	DB01248	head_to_head	2
nct00651326	DB01128	backbone	2
nct00651326	DB00014	backbone	2
nct00651326	DB00499	backbone	2
nct00651482	DB01590	single_arm_combination	1
nct00651976	DB01006	investigational	1
nct00652899	DB00531	backbone	2
nct00653328	DB00997	single_arm_combination	1
nct00655395	DB00987	backbone	5
nct00655668	DB00480	investigational	1
nct00655967	DB00659	single_arm_combination	1
nct00657137	DB01259	backbone	2
nct00657137	DB01101	backbone	2
nct00658411	DB00746	investigational	1
nct00658593	DB01101	head_to_head	2
nct00658593	DB00441	backbone	2
nct00658645	DB01224	comparator	3
nct00659399	DB00569	investigational	0
nct00660036	DB00773	single_arm_combination	1
nct00660036	DB01204	single_arm_combination	1
nct00660595	DB00734	comparator	2
nct00660595	DB01224	investigational	2
nct00661336	DB01042	no_arm_data	0
nct00661531	DB00783	single_arm_combination	1
nct00661973	DB01222	investigational	1
nct00662077	DB00710	investigational	2
nct00662311	DB02546	single_arm_combination	1
nct00662311	DB01229	single_arm_combination	1
nct00662597	DB01229	backbone	2
nct00662740	DB01409	mixed	5
nct00662740	DB00938	mixed	5
nct00663910	DB00855	investigational	0
nct00664105	DB01248	single_arm_combination	1
nct00664209	DB00338	backbone	2
nct00664209	DB01211	backbone	2
nct00664209	DB01060	backbone	2
nct00664469	DB00973	investigational	2
nct00665444	DB01238	investigational	1
nct00665457	DB00482	single_arm_combination	1
nct00665457	DB00531	single_arm_combination	1
nct00665457	DB01101	single_arm_combination	1
nct00665457	DB00997	single_arm_combination	1
nct00665457	DB01248	single_arm_combination	1
nct00666497	DB00928	investigational	3
nct00667420	DB00445	investigational	1
nct00667420	DB01101	investigational	1
nct00667901	DB00740	no_arm_data	0
nct00667953	DB00853	single_arm_combination	1
nct00667953	DB00619	single_arm_combination	1
nct00668499	DB00642	investigational	0
nct00668772	DB01409	mixed	5
nct00668772	DB00938	mixed	5
nct00669461	DB01046	investigational	1
nct00669669	DB00853	single_arm_combination	1
nct00669669	DB06809	single_arm_combination	1
nct00669669	DB00262	single_arm_combination	1
nct00669695	DB01076	comparator	4
nct00669890	DB01008	single_arm_combination	1
nct00669890	DB00531	single_arm_combination	1
nct00670046	DB00313	investigational	2
nct00670748	DB00531	backbone	4
nct00671112	DB00188	single_arm_combination	1
nct00671112	DB01590	single_arm_combination	1
nct00671645	DB01101	investigational	1
nct00671801	DB00762	single_arm_combination	1
nct00671801	DB00480	single_arm_combination	1
nct00672009	DB04845	investigational	1
nct00672464	DB00334	mixed	5
nct00672464	DB00331	investigational	5
nct00672464	DB00641	investigational	5
nct00672763	DB00443	described_only	2
nct00672763	DB00860	described_only	2
nct00672763	DB01234	described_only	2
nct00672763	DB00741	unmatched	2
nct00672763	DB00620	described_only	2
nct00672763	DB00169	backbone	2
nct00672763	DB00959	described_only	2
nct00672763	DB00635	described_only	2
nct00673049	DB00530	backbone	2
nct00673153	DB02546	single_arm_combination	1
nct00673179	DB00997	backbone	2
nct00673179	DB00563	backbone	2
nct00673179	DB01181	investigational	2
nct00673361	DB00853	single_arm_combination	1
nct00673361	DB00398	single_arm_combination	1
nct00673582	DB01098	investigational	2
nct00673920	DB00563	backbone	8
nct00674206	DB00441	single_arm_combination	1
nct00674414	DB01590	investigational	2
nct00674557	DB00990	no_arm_data	0
nct00676650	DB01268	investigational	2
nct00676650	DB00635	backbone	2
nct00678288	DB00398	backbone	2
nct00678483	DB06155	backbone	2
nct00678626	DB01248	comparator	2
nct00679029	DB00997	single_arm_combination	1
nct00679029	DB01229	single_arm_combination	1
nct00679029	DB00441	single_arm_combination	1
nct00679029	DB00531	single_arm_combination	1
nct00679068	DB00559	investigational	1
nct00679627	DB00674	investigational	2
nct00681629	DB01224	backbone	2
nct00681863	DB00413	backbone	5
nct00682890	DB00331	investigational	2
nct00682929	DB00470	investigational	3
nct00683085	DB00441	described_only	1
nct00683787	DB01248	backbone	3
nct00683787	DB05294	investigational	3
nct00684216	DB01006	backbone	2
nct00684216	DB00675	backbone	2
nct00684216	DB01101	backbone	2
nct00684216	DB00990	backbone	2
nct00684216	DB01217	backbone	2
nct00684255	DB01008	backbone	2
nct00684255	DB01073	backbone	2
nct00685633	DB01128	backbone	2
nct00685880	DB00443	comparator	2
nct00686036	DB05294	investigational	2
nct00687674	DB00480	single_arm_combination	1
nct00687674	DB00398	single_arm_combination	1
nct00687674	DB01234	single_arm_combination	1
nct00688948	DB00346	investigational	0
nct00689806	DB00227	investigational	2
nct00690118	DB01132	investigational	2
nct00690456	DB00331	backbone	2
nct00690456	DB06155	investigational	2
nct00691652	DB00631	single_arm_combination	1
nct00691912	DB00997	single_arm_combination	1
nct00691912	DB01229	single_arm_combination	1
nct00693017	DB00909	investigational	2
nct00694200	DB00361	single_arm_combination	1
nct00694291	DB00398	investigational	2
nct00695318	DB00591	backbone	2
nct00697060	DB01248	investigational	1
nct00697476	DB02546	investigational	1
nct00697476	DB01030	investigational	1
nct00697697	DB01222	backbone	2
nct00698789	DB00331	backbone	6
nct00699374	DB01268	investigational	2
nct00699374	DB00398	comparator	2
nct00699842	DB00480	investigational	1
nct00700011	DB00631	backbone	2
nct00702156	DB00612	investigational	2
nct00702572	DB02546	backbone	2
nct00702572	DB01229	backbone	2
nct00702923	DB01128	single_arm_combination	1
nct00702962	DB02546	investigational	1
nct00702962	DB00773	investigational	1
nct00703339	DB00374	investigational	0
nct00704509	DB01224	comparator	3
nct00704691	DB00480	investigational	1
nct00705549	DB00361	investigational	11
nct00705549	DB01248	investigational	11
nct00705549	DB00642	investigational	11
nct00705549	DB00441	investigational	11
nct00705822	DB01196	investigational	2
nct00705822	DB01248	backbone	2
nct00705822	DB00741	investigational	2
nct00706186	DB01440	investigational	0
nct00706446	DB01409	investigational	6
nct00706446	DB00938	backbone	6
nct00706446	DB00983	comparator	6
nct00706797	DB00563	backbone	2
nct00706914	DB08897	investigational	3
nct00706914	DB00983	backbone	3
nct00706953	DB00188	investigational	1
nct00706953	DB00997	investigational	1
nct00707252	DB00530	single_arm_combination	1
nct00707473	DB00544	single_arm_combination	1
nct00707473	DB01248	single_arm_combination	1
nct00708721	DB00631	investigational	1
nct00709137	DB00421	head_to_head	2
nct00709137	DB00594	head_to_head	2
nct00709618	DB00361	investigational	0
nct00709618	DB01259	investigational	0
nct00710216	DB01265	investigational	2
nct00710216	DB00709	comparator	2
nct00711204	DB00843	backbone	2
nct00711841	DB01234	backbone	2
nct00711906	DB00440	unmatched	4
nct00711906	DB01015	unmatched	4
nct00711906	DB01299	comparator	4
nct00711906	DB00205	comparator	4
nct00712062	DB00642	investigational	1
nct00712270	DB00734	head_to_head	3
nct00712270	DB01238	head_to_head	3
nct00712777	DB00484	backbone	2
nct00713011	DB00343	comparator	2
nct00713011	DB01115	investigational	2
nct00713687	DB00441	investigational	1
nct00714246	DB00188	backbone	7
nct00714246	DB01248	backbone	7
nct00714376	DB01248	investigational	1
nct00715377	DB00245	investigational	1
nct00715559	DB00847	investigational	1
nct00715715	DB00718	described_only	2
nct00715715	DB00860	investigational	2
nct00717522	DB08910	investigational	1
nct00718640	DB00188	single_arm_combination	1
nct00718640	DB01234	single_arm_combination	1
nct00719537	DB00396	investigational	2
nct00719537	DB00945	backbone	2
nct00719849	DB00091	backbone	2
nct00719849	DB00688	backbone	2
nct00719849	DB00531	backbone	2
nct00719901	DB00188	single_arm_combination	1
nct00720083	DB05294	investigational	2
nct00720096	DB00997	investigational	2
nct00720096	DB01030	investigational	2
nct00720850	DB00480	investigational	1
nct00722072	DB00947	single_arm_combination	1
nct00722072	DB00398	single_arm_combination	1
nct00722098	DB00531	investigational	2
nct00722917	DB01132	mixed	5
nct00723554	DB01088	single_arm_combination	1
nct00723658	DB01234	investigational	2
nct00723658	DB00531	investigational	2
nct00723658	DB00773	investigational	2
nct00723658	DB00188	investigational	2
nct00723658	DB00987	investigational	2
nct00723658	DB01042	investigational	2
nct00723658	DB00262	investigational	2
nct00723658	DB00997	investigational	2
nct00723658	DB01041	investigational	2
nct00724321	DB01088	investigational	1
nct00724841	DB00853	backbone	6
nct00726232	DB08877	backbone	3
nct00726505	DB06292	backbone	3
nct00726869	DB00188	described_only	4
nct00726986	DB00773	single_arm_combination	1
nct00726986	DB00398	single_arm_combination	1
nct00727207	DB01590	investigational	0
nct00727532	DB00398	investigational	1
nct00728000	DB00530	single_arm_combination	1
nct00728000	DB00441	single_arm_combination	1
nct00728533	DB06699	backbone	2
nct00728845	DB01229	backbone	2
nct00728845	DB01611	backbone	2
nct00729560	DB00499	investigational	2
nct00729807	DB00738	investigational	1
nct00730067	DB00203	investigational	2
nct00731692	DB08868	investigational	3
nct00732082	DB00441	backbone	5
nct00732251	DB00437	investigational	1
nct00732303	DB00642	investigational	1
nct00732745	DB01248	backbone	2
nct00732745	DB05294	investigational	2
nct00734526	DB00853	backbone	4
nct00734526	DB00398	backbone	4
nct00734773	DB00987	no_arm_data	0
nct00734773	DB01168	no_arm_data	0
nct00734773	DB00563	no_arm_data	0
nct00734851	DB01268	single_arm_combination	1
nct00734851	DB01248	single_arm_combination	1
nct00734851	DB00635	described_only	1
nct00734864	DB00853	unmatched	2
nct00734864	DB01254	unmatched	2
nct00735345	DB00544	single_arm_combination	1
nct00735345	DB01248	single_arm_combination	1
nct00735436	DB00762	investigational	1
nct00735436	DB00262	investigational	1
nct00736450	DB00997	single_arm_combination	1
nct00736450	DB00635	single_arm_combination	1
nct00736450	DB00531	single_arm_combination	1
nct00737633	DB00191	backbone	2
nct00738335	DB00530	investigational	0
nct00738387	DB01248	backbone	2
nct00738699	DB01229	backbone	2
nct00738777	DB00947	investigational	4
nct00738777	DB01217	mixed	4
nct00738777	DB00675	comparator	4
nct00738881	DB00530	investigational	2
nct00738881	DB00642	investigational	2
nct00738972	DB00177	backbone	4
nct00738972	DB00175	mixed	4
nct00738972	DB00973	investigational	4
nct00738972	DB00641	mixed	4
nct00739024	DB00980	investigational	2
nct00739050	DB00641	investigational	2
nct00739063	DB00530	investigational	1
nct00740181	DB01262	described_only	1
nct00740181	DB00987	described_only	1
nct00741767	DB00938	backbone	2
nct00742014	DB00203	investigational	1
nct00743106	DB00800	investigational	2
nct00744328	DB01104	comparator	3
nct00744328	DB00783	investigational	3
nct00744354	DB00188	single_arm_combination	1
nct00744354	DB00997	single_arm_combination	1
nct00744354	DB02546	single_arm_combination	1
nct00745134	DB01101	backbone	2
nct00745732	DB05294	investigational	1
nct00746239	DB00980	investigational	2
nct00746239	DB01175	backbone	2
nct00746252	DB01238	investigational	2
nct00746252	DB00734	investigational	2
nct00746382	DB01656	investigational	2
nct00746421	DB01224	investigational	2
nct00746434	DB01656	investigational	2
nct00746486	DB08834	unmatched	2
nct00746486	DB01586	described_only	2
nct00746486	DB01222	investigational	2
nct00746603	DB00641	investigational	1
nct00747305	DB01268	single_arm_combination	1
nct00748163	DB01268	single_arm_combination	1
nct00748163	DB01229	single_arm_combination	1
nct00748189	DB00291	backbone	2
nct00748527	DB01262	investigational	2
nct00748566	DB00246	investigational	1
nct00749567	DB00530	single_arm_combination	1
nct00750334	DB00631	backbone	2
nct00750555	DB00530	investigational	1
nct00750698	DB00530	backbone	2
nct00751296	DB00480	investigational	1
nct00752986	DB00947	backbone	3
nct00752986	DB05294	investigational	3
nct00753220	DB00531	single_arm_combination	1
nct00754364	DB00642	investigational	2
nct00754364	DB00441	comparator	2
nct00754689	DB00331	mixed	5
nct00754689	DB06155	mixed	5
nct00754702	DB00361	single_arm_combination	1
nct00754702	DB01259	single_arm_combination	1
nct00754923	DB00398	investigational	1
nct00755157	DB01248	single_arm_combination	1
nct00755261	DB00997	single_arm_combination	1
nct00756106	DB00853	investigational	1
nct00756470	DB00544	single_arm_combination	1
nct00756470	DB00531	single_arm_combination	1
nct00756470	DB01229	single_arm_combination	1
nct00756470	DB01259	single_arm_combination	1
nct00756470	DB00445	single_arm_combination	1
nct00758342	DB01194	investigational	2
nct00758342	DB00287	backbone	2
nct00758368	DB00714	backbone	2
nct00758732	DB00997	investigational	2
nct00758732	DB01248	backbone	2
nct00759642	DB01259	investigational	1
nct00759720	DB01016	backbone	3
nct00760916	DB00374	investigational	4
nct00760929	DB00530	backbone	4
nct00761280	DB00853	comparator	2
nct00761280	DB01206	comparator	2
nct00761280	DB00262	comparator	2
nct00762957	DB00331	backbone	3
nct00763347	DB06203	comparator	6
nct00764413	DB00959	backbone	2
nct00765102	DB00188	single_arm_combination	1
nct00765765	DB04845	single_arm_combination	1
nct00765765	DB01611	single_arm_combination	1
nct00766246	DB01248	investigational	2
nct00766402	DB00193	investigational	2
nct00766402	DB00316	investigational	2
nct00766441	DB01261	head_to_head	2
nct00766636	DB00530	backbone	2
nct00766636	DB00441	backbone	2
nct00766870	DB00285	comparator	5
nct00767000	DB00331	backbone	5
nct00767468	DB00398	backbone	2
nct00767481	DB01194	investigational	3
nct00767481	DB00869	unmatched	3
nct00767481	DB00287	investigational	3
nct00767494	DB01194	mixed	4
nct00767494	DB00287	mixed	4
nct00767715	DB00334	investigational	2
nct00767715	DB01624	comparator	2
nct00767715	DB00502	comparator	2
nct00768131	DB01229	backbone	4
nct00769093	DB01234	described_only	2
nct00769600	DB00642	backbone	2
nct00770016	DB00451	investigational	1
nct00770354	DB01006	comparator	2
nct00771017	DB00014	backbone	2
nct00771017	DB01128	backbone	2
nct00771056	DB01611	investigational	1
nct00771654	DB00191	investigational	2
nct00772668	DB00188	single_arm_combination	1
nct00772668	DB00635	single_arm_combination	1
nct00772668	DB00531	single_arm_combination	1
nct00773383	DB00530	single_arm_combination	1
nct00774241	DB01248	single_arm_combination	1
nct00774878	DB00947	backbone	2
nct00775164	DB00331	comparator	2
nct00775164	DB01132	investigational	2
nct00776373	DB00987	single_arm_combination	1
nct00776373	DB00773	single_arm_combination	1
nct00776373	DB00877	single_arm_combination	1
nct00776802	DB00773	single_arm_combination	1
nct00776802	DB01234	single_arm_combination	1
nct00777218	DB00909	head_to_head	3
nct00777218	DB00571	head_to_head	3
nct00777218	DB00273	head_to_head	3
nct00778817	DB00648	single_arm_combination	1
nct00779285	DB00997	investigational	1
nct00780143	DB00987	investigational	1
nct00780676	DB01254	investigational	4
nct00780728	DB00203	investigational	1
nct00781326	DB01175	unmatched	1
nct00781326	DB00476	unmatched	1
nct00781326	DB00393	investigational	1
nct00782041	DB00650	single_arm_combination	1
nct00782041	DB00544	single_arm_combination	1
nct00782301	DB06414	head_to_head	2
nct00783172	DB00441	single_arm_combination	1
nct00783250	DB01409	backbone	2
nct00783250	DB01001	investigational	2
nct00783471	DB00530	backbone	2
nct00783471	DB01248	backbone	2
nct00783536	DB00563	investigational	2
nct00785694	DB00305	described_only	2
nct00785772	DB00996	backbone	3
nct00785798	DB02546	single_arm_combination	1
nct00785798	DB00997	single_arm_combination	1
nct00786682	DB01248	single_arm_combination	1
nct00786682	DB01611	single_arm_combination	1
nct00787111	DB00472	investigational	1
nct00787267	DB01254	investigational	1
nct00787644	DB01132	investigational	2
nct00787787	DB01268	single_arm_combination	1
nct00787787	DB01101	single_arm_combination	1
nct00787852	DB01254	backbone	2
nct00787852	DB01229	backbone	2
nct00788606	DB00997	unmatched	1
nct00788606	DB00860	described_only	1
nct00788606	DB00531	unmatched	1
nct00790101	DB00884	investigational	3
nct00790101	DB00481	comparator	3
nct00790439	DB00091	backbone	2
nct00790439	DB00864	backbone	2
nct00790439	DB00877	backbone	2
nct00790439	DB00688	backbone	2
nct00790478	DB01065	investigational	2
nct00790842	DB00480	backbone	3
nct00790842	DB01234	backbone	3
nct00790894	DB04845	backbone	2
nct00791271	DB01262	single_arm_combination	1
nct00791336	DB00220	investigational	1
nct00791544	DB00530	investigational	8
nct00791544	DB00398	investigational	8
nct00792506	DB01234	unmatched	1
nct00793338	DB00203	investigational	1
nct00793546	DB06616	investigational	2
nct00793546	DB00990	backbone	2
nct00793650	DB01042	backbone	2
nct00793650	DB00188	backbone	2
nct00794313	DB00915	investigational	3
nct00794313	DB00273	investigational	3
nct00794417	DB00642	backbone	4
nct00794547	DB00136	backbone	2
nct00794547	DB01248	unmatched	2
nct00794963	DB01039	investigational	2
nct00794963	DB00331	investigational	2
nct00794963	DB00175	investigational	2
nct00794963	DB01029	investigational	2
nct00794963	DB01083	investigational	2
nct00795587	DB00742	backbone	2
nct00795639	DB06268	investigational	2
nct00796107	DB01006	single_arm_combination	1
nct00796250	DB00993	backbone	2
nct00796510	DB06268	backbone	2
nct00796510	DB00203	investigational	2
nct00796666	DB06268	backbone	2
nct00796666	DB00203	investigational	2
nct00799448	DB00912	no_arm_data	0
nct00800150	DB01042	no_arm_data	0
nct00800566	DB00631	investigational	1
nct00801060	DB01073	described_only	2
nct00801060	DB00531	described_only	2
nct00801736	DB01229	backbone	2
nct00801801	DB01248	investigational	1
nct00801801	DB00398	investigational	1
nct00801918	DB00773	investigational	2
nct00801918	DB01181	investigational	2
nct00802893	DB00360	investigational	2
nct00803530	DB00126	investigational	1
nct00804050	DB00136	unmatched	2
nct00804050	DB00982	described_only	2
nct00804830	DB00997	investigational	1
nct00804973	DB00669	comparator	3
nct00805012	DB01248	backbone	2
nct00805285	DB00741	investigational	1
nct00805285	DB01222	investigational	1
nct00805493	DB00740	investigational	3
nct00806468	DB00035	investigational	1
nct00807170	DB05294	single_arm_combination	1
nct00807521	DB01234	investigational	2
nct00807612	DB01229	backbone	3
nct00807755	DB00773	single_arm_combination	1
nct00807755	DB01590	single_arm_combination	1
nct00808145	DB00398	investigational	1
nct00808145	DB00441	investigational	1
nct00808210	DB00563	backbone	2
nct00809185	DB01590	investigational	1
nct00809341	DB00531	backbone	2
nct00809341	DB00773	head_to_head	2
nct00809341	DB01181	head_to_head	2
nct00809341	DB00997	backbone	2
nct00809341	DB00635	backbone	2
nct00810017	DB00773	single_arm_combination	1
nct00810576	DB00188	single_arm_combination	1
nct00810576	DB02546	single_arm_combination	1
nct00810862	DB00337	investigational	2
nct00811018	DB06268	investigational	1
nct00811031	DB01248	single_arm_combination	1
nct00811031	DB00635	single_arm_combination	1
nct00811486	DB00421	investigational	2
nct00811486	DB00872	investigational	2
nct00812266	DB01030	investigational	2
nct00812266	DB00773	comparator	2
nct00812812	DB00715	investigational	2
nct00813592	DB06663	investigational	1
nct00814164	DB00631	single_arm_combination	1
nct00814164	DB00694	single_arm_combination	1
nct00814372	DB00331	backbone	4
nct00814372	DB01132	comparator	4
nct00814593	DB00262	investigational	2
nct00815347	DB00559	investigational	1
nct00815373	DB00373	backbone	2
nct00815373	DB00869	head_to_head	2
nct00815373	DB00654	head_to_head	2
nct00816413	DB00552	single_arm_combination	1
nct00816413	DB00688	single_arm_combination	1
nct00816413	DB00091	single_arm_combination	1
nct00817531	DB01254	investigational	1
nct00818090	DB01229	investigational	1
nct00818389	DB00740	backbone	2
nct00818649	DB00188	single_arm_combination	1
nct00818649	DB02546	single_arm_combination	1
nct00818961	DB01008	single_arm_combination	1
nct00818961	DB00864	single_arm_combination	1
nct00818961	DB00563	single_arm_combination	1
nct00818961	DB00531	single_arm_combination	1
nct00819637	DB01274	investigational	3
nct00819910	DB01039	mixed	4
nct00819910	DB00412	mixed	4
nct00820612	DB00328	investigational	2
nct00820924	DB01259	investigational	1
nct00822029	DB00630	investigational	2
nct00823290	DB00398	investigational	0
nct00824538	DB01268	investigational	1
nct00824785	DB00445	head_to_head	2
nct00824785	DB01101	head_to_head	2
nct00825188	DB00381	backbone	2
nct00825188	DB00700	backbone	2
nct00826800	DB00650	described_only	1
nct00826800	DB00544	described_only	1
nct00827099	DB01042	no_arm_data	0
nct00827099	DB00688	no_arm_data	0
nct00827099	DB00864	no_arm_data	0
nct00827281	DB00260	investigational	2
nct00827567	DB01590	investigational	1
nct00828594	DB00398	single_arm_combination	1
nct00828594	DB01590	single_arm_combination	1
nct00829205	DB00773	no_arm_data	0
nct00829205	DB01181	no_arm_data	0
nct00829647	DB01254	investigational	1
nct00829647	DB00480	investigational	1
nct00830245	DB00530	investigational	1
nct00830882	DB01001	comparator	3
nct00831233	DB06699	investigational	2
nct00831233	DB01128	comparator	2
nct00831233	DB00014	comparator	2
nct00831480	DB01590	investigational	1
nct00831493	DB02546	investigational	1
nct00832299	DB00544	investigational	1
nct00832338	DB01248	single_arm_combination	1
nct00832338	DB00531	single_arm_combination	1
nct00832520	DB00370	investigational	1
nct00832624	DB01261	investigational	1
nct00832637	DB00530	single_arm_combination	1
nct00832637	DB00441	single_arm_combination	1
nct00832871	DB00834	investigational	1
nct00833053	DB00563	investigational	2
nct00833534	DB00480	backbone	2
nct00833859	DB01248	investigational	1
nct00833859	DB01101	investigational	1
nct00833859	DB00441	investigational	1
nct00836173	DB00773	unmatched	1
nct00836173	DB01234	described_only	1
nct00836173	DB01181	described_only	1
nct00837174	DB00188	investigational	1
nct00837174	DB02546	investigational	1
nct00837200	DB00997	investigational	1
nct00837200	DB01234	investigational	1
nct00837759	DB00448	single_arm_combination	1
nct00837759	DB01261	single_arm_combination	1
nct00838227	DB00745	investigational	1
nct00838955	DB06287	investigational	1
nct00839059	DB00480	investigational	1
nct00840450	DB01229	investigational	1
nct00840450	DB00619	investigational	1
nct00840827	DB00091	single_arm_combination	1
nct00840827	DB00480	single_arm_combination	1
nct00841035	DB00530	investigational	1
nct00841035	DB00441	described_only	1
nct00841945	DB00997	backbone	2
nct00841945	DB00635	backbone	2
nct00842582	DB00928	investigational	1
nct00843310	DB01042	single_arm_combination	1
nct00843310	DB00480	single_arm_combination	1
nct00843310	DB01234	single_arm_combination	1
nct00845598	DB00972	investigational	2
nct00845910	DB01248	single_arm_combination	1
nct00845910	DB01101	single_arm_combination	1
nct00846326	DB00935	backbone	2
nct00846326	DB00588	investigational	2
nct00847821	DB00481	head_to_head	8
nct00848328	DB00480	single_arm_combination	1
nct00848679	DB00281	backbone	2
nct00848783	DB00762	backbone	2
nct00848783	DB00322	investigational	2
nct00848783	DB01101	backbone	2
nct00849251	DB00188	single_arm_combination	1
nct00849251	DB00997	single_arm_combination	1
nct00849251	DB01234	single_arm_combination	1
nct00849251	DB00531	single_arm_combination	1
nct00849810	DB00264	single_arm_combination	1
nct00849810	DB04861	single_arm_combination	1
nct00849875	DB00851	single_arm_combination	1
nct00850499	DB00188	investigational	2
nct00850499	DB01073	backbone	2
nct00850577	DB01229	backbone	2
nct00851110	DB00544	unmatched	0
nct00851110	DB04572	described_only	0
nct00851110	DB00445	unmatched	0
nct00851110	DB00531	described_only	0
nct00851552	DB00188	no_arm_data	0
nct00851552	DB00997	no_arm_data	0
nct00852332	DB01248	backbone	2
nct00852631	DB01224	investigational	0
nct00852709	DB00531	no_arm_data	0
nct00852709	DB00631	no_arm_data	0
nct00853125	DB01268	single_arm_combination	1
nct00853411	DB00635	investigational	0
nct00854581	DB00495	backbone	4
nct00855114	DB01590	investigational	1
nct00855517	DB00654	investigational	1
nct00857233	DB01043	investigational	1
nct00857259	DB01590	mixed	3
nct00857324	DB02546	investigational	1
nct00857649	DB01043	investigational	2
nct00857714	DB01259	investigational	0
nct00857818	DB01238	investigational	2
nct00858182	DB00583	described_only	2
nct00858403	DB01254	investigational	1
nct00859339	DB01268	single_arm_combination	1
nct00859339	DB00441	single_arm_combination	1
nct00859495	DB00997	single_arm_combination	1
nct00859495	DB00642	single_arm_combination	1
nct00860158	DB01254	single_arm_combination	1
nct00861471	DB01248	single_arm_combination	1
nct00861471	DB00619	single_arm_combination	1
nct00862082	DB00398	single_arm_combination	1
nct00862121	DB00244	investigational	2
nct00862134	DB01248	backbone	2
nct00862563	DB00909	investigational	4
nct00862563	DB01202	investigational	4
nct00862563	DB00273	comparator	4
nct00862706	DB01265	investigational	1
nct00862836	DB00997	described_only	1
nct00862836	DB05294	investigational	1
nct00863434	DB00987	single_arm_combination	1
nct00863434	DB00631	single_arm_combination	1
nct00863512	DB00361	investigational	2
nct00863512	DB01248	investigational	2
nct00863512	DB00642	investigational	2
nct00863512	DB00441	investigational	2
nct00864513	DB00642	investigational	1
nct00865878	DB00855	investigational	2
nct00867126	DB01132	investigational	0
nct00867308	DB00480	backbone	2
nct00867360	DB00834	investigational	2
nct00868140	DB01132	investigational	2
nct00868374	DB01224	investigational	2
nct00868790	DB00331	investigational	14
nct00868998	DB01248	investigational	1
nct00868998	DB01101	investigational	1
nct00868998	DB00441	investigational	1
nct00871208	DB00443	described_only	2
nct00871208	DB00860	described_only	2
nct00871208	DB01234	described_only	2
nct00871208	DB00741	unmatched	2
nct00871208	DB00620	described_only	2
nct00871208	DB00959	described_only	2
nct00871208	DB00410	unmatched	2
nct00871208	DB00635	described_only	2
nct00871273	DB01101	investigational	0
nct00871689	DB00531	single_arm_combination	1
nct00872976	DB01254	backbone	2
nct00873002	DB00398	single_arm_combination	1
nct00873366	DB00514	no_arm_data	0
nct00873366	DB00675	no_arm_data	0
nct00873808	DB00759	no_arm_data	0
nct00873808	DB00720	no_arm_data	0
nct00873808	DB00618	no_arm_data	0
nct00873808	DB00399	no_arm_data	0
nct00873808	DB00710	no_arm_data	0
nct00873834	DB00472	investigational	2
nct00874939	DB00843	backbone	12
nct00876226	DB00215	investigational	1
nct00878657	DB00441	investigational	1
nct00878748	DB00285	backbone	2
nct00878969	DB00177	head_to_head	3
nct00878969	DB00178	head_to_head	3
nct00879619	DB01268	single_arm_combination	1
nct00879619	DB01248	single_arm_combination	1
nct00879619	DB00635	single_arm_combination	1
nct00880009	DB01006	backbone	2
nct00880009	DB06616	investigational	2
nct00880386	DB00678	investigational	1
nct00880542	DB00398	single_arm_combination	1
nct00880542	DB01181	single_arm_combination	1
nct00881205	DB00989	investigational	2
nct00881387	DB00361	backbone	2
nct00881387	DB00441	backbone	2
nct00881504	DB00650	investigational	1
nct00881504	DB00544	investigational	1
nct00881595	DB00853	head_to_head	3
nct00881621	DB01101	investigational	1
nct00881621	DB01259	investigational	1
nct00881725	DB00331	investigational	1
nct00882076	DB00773	backbone	5
nct00882076	DB01204	backbone	5
nct00882076	DB00631	backbone	5
nct00882206	DB01262	single_arm_combination	1
nct00882206	DB00987	single_arm_combination	1
nct00882206	DB00563	single_arm_combination	1
nct00882206	DB02546	single_arm_combination	1
nct00882206	DB00997	single_arm_combination	1
nct00882206	DB00635	single_arm_combination	1
nct00882583	DB01254	backbone	2
nct00883116	DB00997	comparator	2
nct00883116	DB01229	comparator	2
nct00883116	DB04845	investigational	2
nct00884819	DB01039	investigational	2
nct00885690	DB00334	head_to_head	2
nct00885690	DB06144	head_to_head	2
nct00887315	DB01248	backbone	2
nct00887640	DB06287	single_arm_combination	1
nct00888810	DB01030	no_arm_data	0
nct00888810	DB01259	no_arm_data	0
nct00889187	DB01101	backbone	5
nct00891033	DB00188	backbone	4
nct00892242	DB00399	investigational	1
nct00892801	DB01590	investigational	1
nct00892892	DB01054	comparator	2
nct00893516	DB00531	backbone	2
nct00893984	DB04861	investigational	1
nct00895297	DB01254	investigational	0
nct00895648	DB00642	single_arm_combination	1
nct00895895	DB00843	comparator	5
nct00895960	DB00853	single_arm_combination	1
nct00895960	DB01254	single_arm_combination	1
nct00896441	DB00215	investigational	2
nct00898573	DB01259	no_arm_data	0
nct00899197	DB00675	no_arm_data	0
nct00899431	DB00480	head_to_head	2
nct00899431	DB01073	backbone	2
nct00900445	DB00635	single_arm_combination	1
nct00900445	DB00694	single_arm_combination	1
nct00901303	DB00570	backbone	2
nct00901303	DB00997	backbone	2
nct00901303	DB00851	backbone	2
nct00901537	DB00928	investigational	1
nct00901927	DB01204	single_arm_combination	1
nct00902603	DB01088	investigational	1
nct00902668	DB00227	investigational	1
nct00903006	DB00947	backbone	4
nct00903006	DB01254	head_to_head	4
nct00903214	DB00740	no_arm_data	0
nct00903630	DB00997	backbone	3
nct00903630	DB00480	backbone	3
nct00903656	DB00997	described_only	1
nct00903656	DB01259	investigational	1
nct00903838	DB00413	comparator	2
nct00903942	DB01229	investigational	0
nct00904605	DB00281	investigational	2
nct00904605	DB00482	comparator	2
nct00904852	DB00853	investigational	1
nct00905021	DB01268	single_arm_combination	1
nct00905021	DB00990	single_arm_combination	1
nct00905398	DB04868	investigational	1
nct00906360	DB01268	single_arm_combination	1
nct00907166	DB00441	backbone	3
nct00907179	DB00642	single_arm_combination	1
nct00907504	DB00441	backbone	2
nct00907517	DB00987	backbone	5
nct00907595	DB00980	investigational	2
nct00908531	DB01006	backbone	2
nct00910000	DB02546	backbone	6
nct00910000	DB00441	backbone	6
nct00910299	DB06209	investigational	2
nct00910299	DB00758	comparator	2
nct00911339	DB01076	backbone	2
nct00912054	DB01194	unmatched	2
nct00912444	DB01248	backbone	2
nct00912444	DB00531	backbone	2
nct00912912	DB01268	investigational	1
nct00913562	DB01098	investigational	4
nct00914394	DB00388	backbone	3
nct00915694	DB00853	single_arm_combination	1
nct00915694	DB00220	single_arm_combination	1
nct00915811	DB01008	single_arm_combination	1
nct00915811	DB01073	single_arm_combination	1
nct00916669	DB00773	backbone	3
nct00918385	DB01254	head_to_head	2
nct00918385	DB00665	head_to_head	2
nct00918463	DB01254	investigational	1
nct00919022	DB04839	investigational	1
nct00920153	DB00309	backbone	3
nct00920153	DB01234	investigational	3
nct00920153	DB00441	investigational	3
nct00920153	DB00773	backbone	3
nct00920153	DB00361	investigational	3
nct00920153	DB01181	investigational	3
nct00920153	DB01042	investigational	3
nct00920153	DB00987	investigational	3
nct00920153	DB00851	investigational	3
nct00920153	DB00262	backbone	3
nct00920153	DB00959	backbone	3
nct00920153	DB00997	backbone	3
nct00920556	DB00188	single_arm_combination	1
nct00920608	DB00563	single_arm_combination	1
nct00921310	DB06287	backbone	3
nct00921310	DB00642	backbone	3
nct00922129	DB00091	comparator	2
nct00922129	DB00864	comparator	2
nct00922129	DB00877	investigational	2
nct00922532	DB00435	investigational	2
nct00923117	DB01268	backbone	2
nct00923234	DB00480	single_arm_combination	1
nct00923234	DB00928	single_arm_combination	1
nct00923247	DB00188	mixed	3
nct00923247	DB05294	backbone	3
nct00923273	DB00877	backbone	5
nct00923273	DB00642	backbone	5
nct00923390	DB01073	no_arm_data	0
nct00923390	DB00531	no_arm_data	0
nct00923949	DB01132	investigational	1
nct00924001	DB01073	single_arm_combination	1
nct00924001	DB00531	single_arm_combination	1
nct00924066	DB04845	investigational	1
nct00924209	DB00441	single_arm_combination	1
nct00924508	DB00620	investigational	1
nct00924807	DB00398	investigational	1
nct00924950	DB02300	backbone	2
nct00925119	DB00335	investigational	1
nct00925132	DB01262	investigational	1
nct00925132	DB00853	investigational	1
nct00925652	DB00563	investigational	4
nct00925652	DB00531	investigational	4
nct00926055	DB00973	mixed	3
nct00926055	DB00641	investigational	3
nct00926107	DB06287	investigational	0
nct00926835	DB01175	comparator	9
nct00926835	DB00370	comparator	9
nct00926835	DB01156	comparator	9
nct00926835	DB00285	comparator	9
nct00926835	DB00555	comparator	9
nct00926835	DB01238	comparator	9
nct00926835	DB00715	mixed	9
nct00928200	DB00997	single_arm_combination	1
nct00928200	DB01234	single_arm_combination	1
nct00928200	DB00380	single_arm_combination	1
nct00929162	DB01229	backbone	2
nct00930345	DB01268	investigational	1
nct00932152	DB00947	investigational	4
nct00932152	DB01217	investigational	4
nct00933426	DB01229	single_arm_combination	1
nct00933426	DB00480	single_arm_combination	1
nct00933985	DB00997	single_arm_combination	1
nct00933985	DB00380	single_arm_combination	1
nct00934076	DB00530	investigational	1
nct00934232	DB01008	investigational	1
nct00934440	DB00928	single_arm_combination	1
nct00934635	DB00734	head_to_head	9
nct00934635	DB01267	head_to_head	9
nct00934895	DB01229	single_arm_combination	1
nct00934895	DB01590	single_arm_combination	1
nct00935558	DB01006	backbone	2
nct00935558	DB00990	backbone	2
nct00935558	DB01217	backbone	2
nct00936767	DB00358	investigational	2
nct00936832	DB01268	no_arm_data	0
nct00936832	DB00650	no_arm_data	0
nct00936832	DB00544	no_arm_data	0
nct00936832	DB00762	no_arm_data	0
nct00937300	DB01073	investigational	0
nct00937300	DB00531	investigational	0
nct00937768	DB00014	investigational	2
nct00939549	DB00531	investigational	1
nct00939653	DB00531	single_arm_combination	1
nct00939653	DB00773	single_arm_combination	1
nct00939653	DB00631	single_arm_combination	1
nct00939939	DB01261	investigational	2
nct00940784	DB00758	investigational	2
nct00940784	DB00945	backbone	2
nct00940875	DB00441	backbone	2
nct00941928	DB01073	single_arm_combination	1
nct00941928	DB00531	single_arm_combination	1
nct00943293	DB01042	single_arm_combination	1
nct00943293	DB01073	single_arm_combination	1
nct00943553	DB01262	investigational	2
nct00945360	DB01006	investigational	1
nct00945477	DB06589	investigational	1
nct00946023	DB01073	single_arm_combination	1
nct00946023	DB00531	single_arm_combination	1
nct00946712	DB01229	backbone	2
nct00946985	DB00734	comparator	2
nct00947037	DB00190	unmatched	1
nct00947037	DB01235	unmatched	1
nct00947375	DB00555	investigational	2
nct00947791	DB00683	backbone	2
nct00947791	DB01221	backbone	2
nct00947895	DB00959	head_to_head	2
nct00948324	DB00331	described_only	4
nct00948324	DB00412	described_only	4
nct00948389	DB01254	head_to_head	2
nct00948389	DB01206	head_to_head	2
nct00948688	DB02546	single_arm_combination	1
nct00948688	DB00544	single_arm_combination	1
nct00949962	DB01128	investigational	2
nct00949962	DB00499	investigational	2
nct00949988	DB01254	backbone	2
nct00951444	DB00441	backbone	2
nct00952861	DB00254	investigational	2
nct00953459	DB01268	investigational	0
nct00953576	DB00741	backbone	3
nct00953576	DB01259	backbone	3
nct00953576	DB01026	backbone	3
nct00953576	DB01126	backbone	3
nct00953615	DB01041	investigational	1
nct00954005	DB00441	investigational	1
nct00955240	DB00544	no_arm_data	0
nct00955305	DB01229	backbone	2
nct00955474	DB01104	comparator	2
nct00955474	DB00215	comparator	2
nct00955474	DB01224	backbone	2
nct00955474	DB01175	comparator	2
nct00955721	DB00398	backbone	2
nct00955721	DB00441	backbone	2
nct00955890	DB00380	investigational	3
nct00957242	DB00682	investigational	2
nct00957320	DB00877	single_arm_combination	1
nct00958022	DB00773	investigational	1
nct00958074	DB02546	backbone	2
nct00958633	DB01156	backbone	2
nct00958633	DB01175	backbone	2
nct00959946	DB06616	single_arm_combination	1
nct00959946	DB01101	single_arm_combination	1
nct00960297	DB01229	single_arm_combination	1
nct00960544	DB01101	investigational	1
nct00961142	DB01042	investigational	0
nct00961142	DB04572	investigational	0
nct00961142	DB01073	investigational	0
nct00961376	DB01073	unmatched	2
nct00961376	DB00531	unmatched	2
nct00961649	DB01194	mixed	4
nct00961649	DB00484	mixed	4
nct00961844	DB00853	single_arm_combination	1
nct00962286	DB00695	investigational	1
nct00963196	DB00159	backbone	3
nct00963547	DB01259	investigational	7
nct00963664	DB00227	single_arm_combination	1
nct00963872	DB00531	backbone	2
nct00964041	DB00260	investigational	2
nct00964691	DB00608	head_to_head	2
nct00964691	DB01299	head_to_head	2
nct00964691	DB00205	head_to_head	2
nct00964704	DB01101	single_arm_combination	1
nct00967291	DB00305	no_arm_data	0
nct00967291	DB01181	no_arm_data	0
nct00967928	DB01590	single_arm_combination	1
nct00967967	DB00967	investigational	1
nct00968396	DB01042	investigational	1
nct00969306	DB00608	investigational	1
nct00971126	DB01041	investigational	1
nct00971126	DB00398	investigational	1
nct00971893	DB00959	investigational	1
nct00972101	DB00773	investigational	2
nct00972101	DB01073	investigational	2
nct00972101	DB01042	investigational	2
nct00972101	DB00864	backbone	2
nct00972101	DB04572	investigational	2
nct00972101	DB00688	backbone	2
nct00972335	DB01590	single_arm_combination	1
nct00973804	DB00773	unmatched	0
nct00973804	DB01073	unmatched	0
nct00973804	DB00531	unmatched	0
nct00974740	DB01076	investigational	2
nct00974922	DB00153	head_to_head	3
nct00975611	DB00915	investigational	3
nct00975806	DB01268	backbone	2
nct00975806	DB00480	backbone	2
nct00976183	DB02546	investigational	1
nct00976183	DB01229	described_only	1
nct00976677	DB00530	investigational	2
nct00976677	DB01229	backbone	2
nct00977054	DB00811	backbone	2
nct00977132	DB00480	single_arm_combination	1
nct00977132	DB00313	described_only	1
nct00977379	DB01101	investigational	2
nct00977561	DB00773	backbone	2
nct00977795	DB00855	investigational	1
nct00978432	DB01590	backbone	3
nct00978822	DB04920	investigational	1
nct00979576	DB00642	backbone	3
nct00979641	DB01248	investigational	1
nct00979940	DB01076	investigational	2
nct00980551	DB01030	single_arm_combination	1
nct00981591	DB01088	investigational	2
nct00981747	DB00203	single_arm_combination	1
nct00981747	DB00678	single_arm_combination	1
nct00981799	DB01280	backbone	4
nct00981799	DB00773	backbone	4
nct00981799	DB00531	backbone	4
nct00982657	DB01268	backbone	6
nct00983047	DB01248	backbone	2
nct00983346	DB00188	investigational	1
nct00983528	DB00631	no_arm_data	0
nct00983541	DB00544	single_arm_combination	1
nct00983541	DB00441	single_arm_combination	1
nct00984438	DB00762	single_arm_combination	1
nct00984438	DB00262	single_arm_combination	1
nct00984490	DB00331	investigational	1
nct00984568	DB00860	backbone	2
nct00984568	DB00244	comparator	2
nct00984568	DB00993	backbone	2
nct00984828	DB01042	unmatched	2
nct00984828	DB00188	backbone	2
nct00985374	DB01590	single_arm_combination	1
nct00985530	DB04942	single_arm_combination	1
nct00985738	DB01126	investigational	2
nct00985907	DB01042	investigational	1
nct00985907	DB00997	investigational	1
nct00985907	DB00188	investigational	1
nct00985998	DB01248	described_only	1
nct00986115	DB01043	investigational	2
nct00986284	DB00317	investigational	1
nct00986778	DB00709	comparator	3
nct00986778	DB00442	mixed	3
nct00986999	DB01098	investigational	1
nct00987662	DB01029	head_to_head	2
nct00987662	DB00381	head_to_head	2
nct00988169	DB00530	investigational	1
nct00988663	DB01043	backbone	2
nct00988728	DB00334	comparator	3
nct00990496	DB01073	single_arm_combination	1
nct00990496	DB00531	single_arm_combination	1
nct00991744	DB00860	described_only	2
nct00991744	DB00987	backbone	2
nct00993421	DB01105	mixed	7
nct00994253	DB00999	comparator	2
nct00995059	DB00188	single_arm_combination	1
nct00995059	DB00864	single_arm_combination	1
nct00995059	DB00877	single_arm_combination	1
nct00995488	DB01229	investigational	1
nct00995488	DB00441	described_only	1
nct00996346	DB00762	backbone	3
nct00996346	DB06287	backbone	3
nct00996502	DB00530	single_arm_combination	1
nct00996502	DB01248	single_arm_combination	1
nct00996502	DB00635	single_arm_combination	1
nct00996944	DB00268	investigational	2
nct00997243	DB00928	single_arm_combination	1
nct00997477	DB01222	investigational	1
nct00997477	DB00983	investigational	1
nct00998101	DB04845	no_arm_data	0
nct00998166	DB00642	single_arm_combination	1
nct00998608	DB00734	investigational	1
nct00998608	DB00502	described_only	1
nct01000896	DB01229	single_arm_combination	1
nct01001598	DB01406	investigational	1
nct01002248	DB00188	backbone	2
nct01002248	DB01234	backbone	2
nct01003678	DB00631	investigational	1
nct01003769	DB00480	single_arm_combination	1
nct01003938	DB00530	single_arm_combination	1
nct01003938	DB01030	single_arm_combination	1
nct01004185	DB00244	backbone	2
nct01004419	DB00947	single_arm_combination	1
nct01004419	DB05294	single_arm_combination	1
nct01005238	DB01265	comparator	2
nct01005238	DB00709	investigational	2
nct01005641	DB00990	single_arm_combination	1
nct01005641	DB01259	single_arm_combination	1
nct01005875	DB00398	investigational	1
nct01005914	DB01234	single_arm_combination	1
nct01005914	DB00531	single_arm_combination	1
nct01005914	DB00987	single_arm_combination	1
nct01005914	DB00563	single_arm_combination	1
nct01005914	DB00959	single_arm_combination	1
nct01005914	DB00997	single_arm_combination	1
nct01005914	DB00619	single_arm_combination	1
nct01005979	DB00480	investigational	1
nct01005979	DB00531	investigational	1
nct01006018	DB01261	investigational	3
nct01006018	DB01132	investigational	3
nct01006096	DB00530	investigational	2
nct01006252	DB01229	comparator	2
nct01007695	DB00313	investigational	1
nct01009203	DB00530	single_arm_combination	1
nct01009203	DB06287	single_arm_combination	1
nct01009515	DB00853	investigational	1
nct01009515	DB01229	investigational	1
nct01009593	DB00398	comparator	2
nct01009801	DB00997	backbone	2
nct01009801	DB01590	investigational	2
nct01009931	DB01234	single_arm_combination	1
nct01009944	DB00722	investigational	1
nct01009944	DB00335	investigational	1
nct01009957	DB01590	investigational	2
nct01009983	DB01229	single_arm_combination	1
nct01010854	DB00544	described_only	1
nct01010854	DB00313	described_only	1
nct01010854	DB00445	described_only	1
nct01010854	DB00531	described_only	1
nct01010958	DB00313	investigational	1
nct01011257	DB00758	head_to_head	2
nct01011257	DB00945	head_to_head	2
nct01011283	DB01262	head_to_head	2
nct01011283	DB00928	head_to_head	2
nct01011998	DB00313	investigational	0
nct01011998	DB00619	investigational	0
nct01012297	DB01248	backbone	2
nct01012297	DB00441	backbone	2
nct01013506	DB00530	investigational	2
nct01013506	DB01006	backbone	2
nct01013506	DB00014	backbone	2
nct01013831	DB00530	investigational	1
nct01014260	DB00254	investigational	2
nct01015443	DB00531	investigational	2
nct01015664	DB06287	no_arm_data	0
nct01016054	DB00997	investigational	2
nct01016054	DB00441	investigational	2
nct01016717	DB00338	backbone	2
nct01016717	DB00213	backbone	2
nct01016847	DB00471	investigational	2
nct01017653	DB00762	single_arm_combination	1
nct01017822	DB01101	no_arm_data	0
nct01017822	DB00441	no_arm_data	0
nct01020305	DB01128	single_arm_combination	1
nct01020305	DB06287	single_arm_combination	1
nct01020864	DB00361	single_arm_combination	1
nct01021423	DB00480	investigational	2
nct01025570	DB06616	investigational	1
nct01025570	DB00441	investigational	1
nct01025648	DB00668	mixed	6
nct01025882	DB00441	investigational	2
nct01026844	DB00530	investigational	2
nct01026844	DB01611	backbone	2
nct01027923	DB06809	backbone	3
nct01027923	DB00987	backbone	3
nct01027923	DB00773	backbone	3
nct01027923	DB01204	backbone	3
nct01028339	DB00742	comparator	2
nct01028716	DB00688	single_arm_combination	1
nct01028716	DB00864	single_arm_combination	1
nct01028716	DB00531	single_arm_combination	1
nct01028846	DB01119	investigational	2
nct01029223	DB00264	investigational	3
nct01029418	DB00398	investigational	1
nct01029795	DB00331	unmatched	2
nct01032850	DB00398	investigational	1
nct01032850	DB01101	investigational	1
nct01033981	DB01268	investigational	1
nct01034410	DB00987	backbone	3
nct01034592	DB00480	investigational	1
nct01035658	DB00997	backbone	4
nct01035658	DB06589	backbone	4
nct01036399	DB00480	investigational	1
nct01036802	DB00682	investigational	2
nct01038648	DB01261	investigational	2
nct01038752	DB04786	investigational	2
nct01038752	DB01248	investigational	2
nct01038856	DB00530	investigational	1
nct01039103	DB00959	backbone	2
nct01039844	DB01229	investigational	1
nct01040338	DB00184	backbone	2
nct01041027	DB01229	single_arm_combination	1
nct01041781	DB00482	investigational	2
nct01041781	DB00642	backbone	2
nct01041781	DB00441	backbone	2
nct01042028	DB00762	investigational	2
nct01042028	DB01590	investigational	2
nct01043601	DB00983	mixed	4
nct01044225	DB00853	unmatched	2
nct01044966	DB00853	investigational	1
nct01044966	DB00987	investigational	1
nct01045694	DB00281	comparator	3
nct01045928	DB00480	single_arm_combination	1
nct01045941	DB00441	investigational	1
nct01046773	DB00169	backbone	2
nct01047072	DB00688	backbone	2
nct01047072	DB00864	investigational	2
nct01047072	DB00531	comparator	2
nct01047423	DB00641	investigational	2
nct01048229	DB01367	investigational	2
nct01048723	DB01590	investigational	1
nct01048983	DB01017	head_to_head	16
nct01048983	DB01156	head_to_head	16
nct01049776	DB06589	investigational	1
nct01050491	DB06268	comparator	2
nct01050764	DB01042	single_arm_combination	1
nct01050764	DB04572	single_arm_combination	1
nct01051440	DB01255	investigational	2
nct01051791	DB01590	investigational	1
nct01052311	DB00627	investigational	2
nct01055028	DB01229	backbone	2
nct01055301	DB00480	single_arm_combination	1
nct01055301	DB01234	single_arm_combination	1
nct01055301	DB00531	single_arm_combination	1
nct01055301	DB00773	single_arm_combination	1
nct01055301	DB01042	single_arm_combination	1
nct01055301	DB00188	single_arm_combination	1
nct01055301	DB00997	single_arm_combination	1
nct01055301	DB01041	single_arm_combination	1
nct01055522	DB00851	backbone	3
nct01055756	DB00455	backbone	2
nct01056601	DB00188	single_arm_combination	1
nct01056757	DB00811	investigational	1
nct01057212	DB04845	single_arm_combination	1
nct01057277	DB01590	investigational	1
nct01058369	DB01609	investigational	1
nct01058408	DB01590	single_arm_combination	1
nct01059656	DB06589	investigational	1
nct01060514	DB00361	single_arm_combination	1
nct01060514	DB06589	single_arm_combination	1
nct01061372	DB00230	investigational	3
nct01062230	DB00188	investigational	1
nct01063478	DB01590	investigational	1
nct01065545	DB00631	investigational	1
nct01066468	DB00619	investigational	1
nct01066897	DB00413	investigational	2
nct01067066	DB00853	single_arm_combination	1
nct01067274	DB01177	described_only	6
nct01067274	DB00987	investigational	6
nct01067274	DB00928	investigational	6
nct01067274	DB00755	investigational	6
nct01067430	DB01628	head_to_head	2
nct01067430	DB00586	head_to_head	2
nct01067989	DB00482	investigational	1
nct01067989	DB00531	investigational	1
nct01067989	DB00282	investigational	1
nct01067989	DB00563	investigational	1
nct01067989	DB01101	investigational	1
nct01067989	DB00399	investigational	1
nct01069796	DB01229	single_arm_combination	1
nct01069796	DB01101	single_arm_combination	1
nct01069861	DB00203	described_only	1
nct01070186	DB01268	investigational	1
nct01070888	DB00983	backbone	2
nct01070888	DB01222	backbone	2
nct01071135	DB01224	investigational	1
nct01071564	DB08828	single_arm_combination	1
nct01072643	DB00633	investigational	1
nct01073644	DB01268	investigational	1
nct01074918	DB00761	comparator	2
nct01075126	DB00313	no_arm_data	0
nct01076140	DB04861	head_to_head	2
nct01076140	DB00722	head_to_head	2
nct01076270	DB06809	single_arm_combination	1
nct01076400	DB01030	backbone	3
nct01076556	DB00531	single_arm_combination	1
nct01078376	DB08822	backbone	4
nct01078441	DB00188	single_arm_combination	1
nct01078441	DB00997	single_arm_combination	1
nct01078441	DB01234	single_arm_combination	1
nct01078441	DB00531	single_arm_combination	1
nct01078974	DB08910	single_arm_combination	1
nct01078974	DB01234	single_arm_combination	1
nct01079767	DB06287	investigational	1
nct01079793	DB04845	investigational	1
nct01080248	DB06589	single_arm_combination	1
nct01080248	DB00441	single_arm_combination	1
nct01080768	DB00381	backbone	2
nct01081028	DB08910	unmatched	3
nct01081028	DB08889	unmatched	3
nct01082965	DB00843	investigational	2
nct01083537	DB01229	investigational	2
nct01083615	DB06772	backbone	2
nct01083615	DB01248	backbone	2
nct01083615	DB00635	backbone	2
nct01083641	DB00783	investigational	1
nct01086332	DB00220	single_arm_combination	1
nct01086332	DB00441	single_arm_combination	1
nct01086345	DB00762	single_arm_combination	1
nct01086696	DB01229	unmatched	2
nct01087580	DB01248	backbone	2
nct01087580	DB00635	backbone	2
nct01088620	DB00642	backbone	2
nct01088763	DB01234	single_arm_combination	1
nct01088997	DB00235	backbone	2
nct01089452	DB00790	comparator	3
nct01089452	DB00275	investigational	3
nct01089452	DB00381	mixed	3
nct01090128	DB00997	single_arm_combination	1
nct01090128	DB01229	single_arm_combination	1
nct01090128	DB00531	single_arm_combination	1
nct01090830	DB01229	investigational	1
nct01092728	DB01254	backbone	2
nct01093183	DB00480	single_arm_combination	1
nct01093183	DB00531	single_arm_combination	1
nct01093963	DB01255	investigational	2
nct01094613	DB01033	backbone	2
nct01094717	DB00799	investigational	4
nct01094717	DB00459	investigational	4
nct01095094	DB00503	single_arm_combination	1
nct01095094	DB01601	single_arm_combination	1
nct01096199	DB01590	investigational	0
nct01096732	DB08828	investigational	1
nct01096745	DB00441	investigational	2
nct01098656	DB00480	investigational	2
nct01099592	DB00215	investigational	0
nct01100203	DB00700	investigational	2
nct01100242	DB00188	investigational	1
nct01100242	DB00398	investigational	1
nct01100944	DB00997	investigational	1
nct01100944	DB00531	investigational	1
nct01101269	DB00722	backbone	2
nct01101269	DB00678	described_only	2
nct01101594	DB00997	investigational	1
nct01102218	DB00806	investigational	2
nct01103180	DB01175	backbone	2
nct01103375	DB00530	single_arm_combination	1
nct01103375	DB00982	single_arm_combination	1
nct01103583	DB01005	investigational	2
nct01104298	DB00997	comparator	2
nct01104298	DB05109	investigational	2
nct01105390	DB00642	single_arm_combination	1
nct01106235	DB00531	single_arm_combination	1
nct01106950	DB01073	single_arm_combination	1
nct01106950	DB00531	single_arm_combination	1
nct01107145	DB00608	comparator	3
nct01107145	DB06708	investigational	3
nct01107145	DB06697	investigational	3
nct01107145	DB00358	investigational	3
nct01108458	DB00530	single_arm_combination	1
nct01108627	DB00443	investigational	2
nct01108627	DB00860	investigational	2
nct01108627	DB01234	investigational	2
nct01108627	DB00741	investigational	2
nct01108627	DB00620	investigational	2
nct01108627	DB00983	investigational	2
nct01108627	DB00959	investigational	2
nct01108627	DB00635	investigational	2
nct01108666	DB00220	investigational	1
nct01108744	DB00742	head_to_head	2
nct01110876	DB00530	backbone	4
nct01110876	DB00853	investigational	4
nct01110876	DB02546	backbone	4
nct01111058	DB01590	investigational	2
nct01111188	DB00188	single_arm_combination	1
nct01111448	DB06287	investigational	1
nct01111539	DB01238	investigational	5
nct01111539	DB01175	investigational	5
nct01111552	DB01238	head_to_head	5
nct01111552	DB01175	head_to_head	5
nct01111565	DB01238	investigational	5
nct01111565	DB01175	investigational	5
nct01111682	DB00742	head_to_head	2
nct01113502	DB06210	backbone	5
nct01113541	DB00246	investigational	1
nct01114503	DB00959	comparator	3
nct01115803	DB00530	investigational	2
nct01115803	DB01590	investigational	2
nct01116128	DB01042	single_arm_combination	1
nct01116128	DB01254	single_arm_combination	1
nct01116128	DB00635	single_arm_combination	1
nct01116154	DB02546	single_arm_combination	1
nct01116154	DB00480	single_arm_combination	1
nct01117129	DB00563	backbone	2
nct01117220	DB00246	investigational	2
nct01117948	DB06725	investigational	2
nct01117987	DB00619	backbone	2
nct01118013	DB01008	single_arm_combination	1
nct01118013	DB00688	single_arm_combination	1
nct01118013	DB00864	single_arm_combination	1
nct01118013	DB00563	single_arm_combination	1
nct01118975	DB02546	backbone	2
nct01118975	DB01259	backbone	2
nct01119430	DB00472	investigational	2
nct01119794	DB00188	investigational	1
nct01120158	DB01229	single_arm_combination	1
nct01120171	DB00997	single_arm_combination	1
nct01120171	DB00531	single_arm_combination	1
nct01121549	DB00990	investigational	1
nct01121757	DB00480	backbone	2
nct01121757	DB00928	backbone	2
nct01122342	DB01420	investigational	1
nct01122888	DB01268	unmatched	2
nct01122927	DB01238	investigational	1
nct01123473	DB01259	investigational	2
nct01123473	DB00544	backbone	2
nct01123473	DB00445	backbone	2
nct01123473	DB01101	backbone	2
nct01123707	DB01238	backbone	4
nct01123707	DB01175	backbone	4
nct01124656	DB01132	investigational	1
nct01124877	DB00246	investigational	1
nct01125293	DB00188	investigational	6
nct01125293	DB01590	backbone	6
nct01125683	DB00843	comparator	5
nct01126216	DB01229	investigational	2
nct01126749	DB08871	investigational	2
nct01126749	DB00441	backbone	2
nct01126801	DB00783	investigational	2
nct01127542	DB00480	investigational	1
nct01128712	DB00230	backbone	2
nct01129323	DB01073	investigational	1
nct01129323	DB00531	investigational	1
nct01129557	DB00177	head_to_head	3
nct01129674	DB00334	comparator	2
nct01129674	DB01238	comparator	2
nct01129674	DB00734	comparator	2
nct01129674	DB01224	comparator	2
nct01129778	DB00338	investigational	1
nct01129778	DB01390	investigational	1
nct01130623	DB06589	investigational	0
nct01130688	DB00744	investigational	1
nct01130688	DB00619	described_only	1
nct01130909	DB01221	comparator	4
nct01131039	DB00441	investigational	1
nct01131325	DB04868	investigational	1
nct01131364	DB00997	investigational	1
nct01131559	DB01255	investigational	2
nct01131884	DB00630	investigational	2
nct01132664	DB01101	investigational	2
nct01133353	DB04844	investigational	2
nct01133678	DB01229	investigational	2
nct01133678	DB01590	investigational	2
nct01133756	DB00441	backbone	2
nct01134601	DB01101	single_arm_combination	1
nct01134627	DB01017	investigational	2
nct01134835	DB01132	described_only	2
nct01135199	DB08910	investigational	1
nct01135329	DB00688	single_arm_combination	1
nct01135329	DB00531	single_arm_combination	1
nct01135329	DB01073	single_arm_combination	1
nct01135329	DB00864	single_arm_combination	1
nct01135329	DB01008	single_arm_combination	1
nct01135758	DB01221	investigational	1
nct01137994	DB01259	investigational	2
nct01138137	DB01229	single_arm_combination	1
nct01138137	DB06151	single_arm_combination	1
nct01138553	DB00834	investigational	1
nct01139125	DB00847	investigational	1
nct01139359	DB00531	single_arm_combination	1
nct01141296	DB01039	investigational	2
nct01141478	DB00398	backbone	2
nct01142128	DB00736	mixed	4
nct01142323	DB01039	investigational	1
nct01142414	DB00544	no_arm_data	0
nct01143545	DB00482	single_arm_combination	1
nct01143545	DB00531	single_arm_combination	1
nct01144169	DB01611	investigational	1
nct01144403	DB01204	single_arm_combination	1
nct01144403	DB01073	single_arm_combination	1
nct01144403	DB00531	single_arm_combination	1
nct01145404	DB01259	backbone	2
nct01145404	DB01101	investigational	2
nct01145508	DB01248	backbone	2
nct01145508	DB00635	backbone	2
nct01147458	DB00788	investigational	4
nct01149356	DB00014	backbone	2
nct01149356	DB00990	backbone	2
nct01151215	DB01217	backbone	3
nct01151761	DB00544	single_arm_combination	1
nct01151761	DB01101	single_arm_combination	1
nct01151761	DB00441	single_arm_combination	1
nct01151787	DB00924	investigational	2
nct01151904	DB00373	single_arm_combination	1
nct01151904	DB00654	single_arm_combination	1
nct01151904	DB00484	single_arm_combination	1
nct01155479	DB01367	comparator	5
nct01155791	DB01248	single_arm_combination	1
nct01155869	DB00704	backbone	2
nct01156415	DB06594	backbone	2
nct01156961	DB01229	single_arm_combination	1
nct01158885	DB00987	single_arm_combination	1
nct01158885	DB00631	single_arm_combination	1
nct01159236	DB00544	backbone	3
nct01159236	DB00531	backbone	3
nct01159236	DB01229	backbone	3
nct01159236	DB00997	backbone	3
nct01159236	DB00445	backbone	3
nct01159301	DB00398	single_arm_combination	1
nct01159327	DB00398	investigational	2
nct01160354	DB06809	single_arm_combination	1
nct01160354	DB00631	single_arm_combination	1
nct01160731	DB00773	single_arm_combination	1
nct01161368	DB00361	investigational	1
nct01161368	DB01259	investigational	1
nct01162031	DB00188	investigational	0
nct01163084	DB00014	backbone	2
nct01163084	DB08828	investigational	2
nct01163201	DB01073	single_arm_combination	1
nct01163201	DB00531	single_arm_combination	1
nct01163929	DB01229	investigational	1
nct01163929	DB01590	investigational	1
nct01163942	DB00091	unmatched	4
nct01166126	DB06287	single_arm_combination	1
nct01166178	DB00399	investigational	2
nct01167725	DB00544	backbone	2
nct01167725	DB00762	backbone	2
nct01167725	DB01101	backbone	2
nct01167725	DB00305	investigational	2
nct01167725	DB00650	backbone	2
nct01167738	DB00331	investigational	2
nct01167738	DB01101	backbone	2
nct01167738	DB00445	backbone	2
nct01167738	DB00441	backbone	2
nct01167816	DB00928	investigational	1
nct01167816	DB00441	unmatched	1
nct01169870	DB01229	backbone	2
nct01170052	DB06287	no_arm_data	0
nct01170364	DB01105	backbone	2
nct01170442	DB00169	investigational	3
nct01170468	DB00169	investigational	2
nct01170650	DB00997	backbone	2
nct01171456	DB00331	investigational	2
nct01171482	DB00305	investigational	2
nct01171482	DB00544	investigational	2
nct01171482	DB00398	comparator	2
nct01171755	DB00441	investigational	1
nct01173679	DB01254	single_arm_combination	1
nct01173679	DB01073	single_arm_combination	1
nct01173848	DB00169	head_to_head	2
nct01173848	DB00153	backbone	2
nct01174199	DB02546	single_arm_combination	1
nct01174199	DB06287	single_arm_combination	1
nct01175616	DB00148	investigational	1
nct01175772	DB00482	investigational	1
nct01175772	DB00563	investigational	1
nct01175772	DB00531	investigational	1
nct01177501	DB01030	investigational	1
nct01177540	DB01262	backbone	2
nct01177683	DB00188	single_arm_combination	1
nct01177683	DB00997	single_arm_combination	1
nct01178047	DB01367	backbone	2
nct01178151	DB01590	investigational	1
nct01179269	DB01229	investigational	1
nct01179269	DB06589	investigational	1
nct01179490	DB00860	single_arm_combination	1
nct01179594	DB00442	investigational	4
nct01179737	DB04868	investigational	2
nct01180062	DB00654	backbone	3
nct01180569	DB00480	investigational	1
nct01181921	DB00674	investigational	1
nct01182350	DB00530	investigational	4
nct01182350	DB00853	investigational	4
nct01183442	DB00153	backbone	2
nct01184911	DB01299	investigational	1
nct01184911	DB00205	investigational	1
nct01185366	DB01268	comparator	2
nct01185366	DB01590	investigational	2
nct01185509	DB00361	backbone	2
nct01185548	DB01124	single_arm_combination	1
nct01186328	DB00741	single_arm_combination	1
nct01186328	DB00987	single_arm_combination	1
nct01186328	DB00563	single_arm_combination	1
nct01186328	DB00997	single_arm_combination	1
nct01186328	DB00635	single_arm_combination	1
nct01186406	DB00853	single_arm_combination	1
nct01186406	DB00262	single_arm_combination	1
nct01186458	DB00188	single_arm_combination	1
nct01186458	DB01073	single_arm_combination	1
nct01187446	DB02546	investigational	2
nct01187615	DB00642	backbone	2
nct01187615	DB08896	backbone	2
nct01187810	DB00987	single_arm_combination	1
nct01187810	DB00563	single_arm_combination	1
nct01188109	DB00441	single_arm_combination	1
nct01188408	DB01248	investigational	1
nct01188486	DB01362	single_arm_combination	1
nct01188486	DB01249	single_arm_combination	1
nct01188707	DB00530	investigational	1
nct01188889	DB01590	no_arm_data	0
nct01188889	DB00619	no_arm_data	0
nct01189253	DB05109	investigational	3
nct01189318	DB01224	investigational	2
nct01189435	DB00530	investigational	1
nct01191034	DB00724	investigational	0
nct01192503	DB01367	investigational	2
nct01193166	DB00734	comparator	8
nct01193166	DB00502	unmatched	8
nct01193166	DB01267	mixed	8
nct01193166	DB01224	comparator	8
nct01193166	DB00334	comparator	8
nct01193166	DB00850	comparator	8
nct01193166	DB01238	comparator	8
nct01193400	DB00987	single_arm_combination	1
nct01193400	DB00631	single_arm_combination	1
nct01193881	DB00530	single_arm_combination	1
nct01194427	DB02546	investigational	1
nct01194427	DB00675	investigational	1
nct01194869	DB01229	single_arm_combination	1
nct01194869	DB00398	single_arm_combination	1
nct01194908	DB01262	investigational	1
nct01194908	DB00675	investigational	1
nct01194960	DB01248	backbone	2
nct01195649	DB00398	investigational	1
nct01197664	DB00544	backbone	2
nct01197664	DB00910	investigational	2
nct01198002	DB00563	backbone	3
nct01198054	DB00480	investigational	1
nct01198067	DB08910	investigational	1
nct01198158	DB01590	backbone	2
nct01198522	DB00441	investigational	1
nct01199367	DB01006	investigational	1
nct01199367	DB01259	investigational	1
nct01200212	DB01229	described_only	2
nct01200212	DB01101	investigational	2
nct01200342	DB01229	single_arm_combination	1
nct01200407	DB00381	investigational	1
nct01200810	DB01128	backbone	2
nct01201538	DB04868	investigational	1
nct01202513	DB00905	investigational	1
nct01202890	DB00997	single_arm_combination	1
nct01202890	DB00480	single_arm_combination	1
nct01204450	DB06287	single_arm_combination	1
nct01204450	DB00313	single_arm_combination	1
nct01204853	DB06268	investigational	1
nct01205217	DB01259	investigational	2
nct01205685	DB00530	single_arm_combination	1
nct01205685	DB01006	single_arm_combination	1
nct01205685	DB00014	single_arm_combination	1
nct01205828	DB00853	single_arm_combination	1
nct01206296	DB00441	investigational	1
nct01206439	DB04861	investigational	1
nct01207102	DB01229	single_arm_combination	1
nct01207726	DB00928	investigational	2
nct01208064	DB06589	investigational	2
nct01208441	DB01006	single_arm_combination	1
nct01208740	DB00331	investigational	2
nct01209715	DB00938	backbone	2
nct01209832	DB00683	single_arm_combination	1
nct01210131	DB00773	unmatched	1
nct01210378	DB00727	investigational	1
nct01210443	DB06268	investigational	1
nct01210521	DB00169	investigational	2
nct01211314	DB00584	investigational	1
nct01211314	DB00528	investigational	1
nct01213394	DB00688	investigational	2
nct01213563	DB00331	described_only	2
nct01215019	DB00742	head_to_head	2
nct01215032	DB00331	investigational	1
nct01215266	DB00398	investigational	2
nct01215565	DB01268	investigational	1
nct01216449	DB00215	investigational	2
nct01216657	DB01268	investigational	1
nct01218009	DB01001	backbone	2
nct01218867	DB01073	backbone	11
nct01218867	DB00531	backbone	11
nct01219673	DB01017	investigational	8
nct01219673	DB01156	investigational	8
nct01219686	DB00960	investigational	3
nct01219686	DB01175	backbone	3
nct01219907	DB00531	single_arm_combination	1
nct01220128	DB00544	mixed	7
nct01220128	DB00531	mixed	7
nct01220128	DB01229	mixed	7
nct01220128	DB00997	mixed	7
nct01220128	DB01248	mixed	7
nct01220128	DB00445	mixed	7
nct01221753	DB00544	single_arm_combination	1
nct01221753	DB01248	single_arm_combination	1
nct01222013	DB00619	investigational	1
nct01222143	DB00773	described_only	1
nct01222143	DB00987	single_arm_combination	1
nct01222143	DB04868	single_arm_combination	1
nct01222143	DB01204	described_only	1
nct01222195	DB00480	single_arm_combination	1
nct01222572	DB00773	backbone	3
nct01224964	DB00471	head_to_head	2
nct01225172	DB01006	investigational	2
nct01227408	DB00997	investigational	1
nct01227408	DB00563	investigational	1
nct01227408	DB01101	investigational	1
nct01227408	DB00531	investigational	1
nct01227941	DB00997	backbone	2
nct01228656	DB00936	investigational	2
nct01228994	DB00181	investigational	3
nct01229605	DB01248	investigational	1
nct01229605	DB00531	investigational	1
nct01230788	DB00773	unmatched	1
nct01230788	DB00635	unmatched	1
nct01230788	DB01181	unmatched	1
nct01233492	DB00120	no_arm_data	0
nct01233492	DB00742	no_arm_data	0
nct01233947	DB00947	investigational	2
nct01234298	DB01255	investigational	3
nct01234532	DB01217	single_arm_combination	1
nct01234922	DB00178	investigational	4
nct01234922	DB00722	investigational	4
nct01234922	DB00678	investigational	4
nct01234922	DB00542	investigational	4
nct01234974	DB06663	single_arm_combination	1
nct01234974	DB01590	single_arm_combination	1
nct01235793	DB00853	investigational	1
nct01236573	DB01073	backbone	11
nct01236573	DB00531	backbone	11
nct01236586	DB01234	no_arm_data	0
nct01237041	DB00627	backbone	5
nct01237678	DB00773	comparator	2
nct01238029	DB00361	investigational	1
nct01238029	DB01259	investigational	1
nct01238029	DB01101	investigational	1
nct01238133	DB01229	single_arm_combination	1
nct01238224	DB00820	backbone	2
nct01239342	DB01590	investigational	2
nct01239368	DB00552	described_only	2
nct01239368	DB00877	backbone	2
nct01239368	DB00531	described_only	2
nct01239745	DB00990	investigational	1
nct01240304	DB00441	investigational	1
nct01240928	DB00014	single_arm_combination	1
nct01240928	DB00990	single_arm_combination	1
nct01240941	DB00014	single_arm_combination	1
nct01240941	DB00990	single_arm_combination	1
nct01241786	DB00480	single_arm_combination	1
nct01241786	DB00928	single_arm_combination	1
nct01242748	DB00014	comparator	2
nct01242748	DB06699	investigational	2
nct01244191	DB00530	backbone	2
nct01244269	DB00422	investigational	4
nct01244711	DB01224	investigational	1
nct01244724	DB01175	investigational	1
nct01245582	DB00398	backbone	2
nct01245582	DB01101	investigational	2
nct01245660	DB01259	investigational	1
nct01246752	DB00987	comparator	2
nct01247688	DB01073	single_arm_combination	1
nct01247688	DB00531	single_arm_combination	1
nct01247961	DB01234	investigational	2
nct01248234	DB00292	head_to_head	3
nct01248234	DB00818	head_to_head	3
nct01248299	DB00544	investigational	2
nct01248299	DB01248	investigational	2
nct01249443	DB02546	single_arm_combination	1
nct01249443	DB01229	single_arm_combination	1
nct01251965	DB08877	backbone	3
nct01252238	DB00381	comparator	3
nct01252238	DB00177	comparator	3
nct01252758	DB01001	mixed	6
nct01253460	DB00531	single_arm_combination	1
nct01253642	DB00780	single_arm_combination	1
nct01253642	DB01248	single_arm_combination	1
nct01254136	DB00361	single_arm_combination	1
nct01256580	DB01234	head_to_head	2
nct01257412	DB06292	investigational	3
nct01258634	DB00997	single_arm_combination	1
nct01258634	DB00773	single_arm_combination	1
nct01258634	DB01181	single_arm_combination	1
nct01258634	DB00380	single_arm_combination	1
nct01258868	DB00482	single_arm_combination	1
nct01260467	DB01043	investigational	1
nct01260610	DB01265	mixed	3
nct01260649	DB01221	investigational	2
nct01260714	DB00928	single_arm_combination	1
nct01260714	DB00773	single_arm_combination	1
nct01260714	DB01204	single_arm_combination	1
nct01260857	DB00774	investigational	0
nct01260857	DB00421	unmatched	0
nct01262183	DB00544	described_only	2
nct01262274	DB01217	backbone	2
nct01263028	DB00153	investigational	1
nct01264081	DB01259	investigational	1
nct01264341	DB06287	single_arm_combination	1
nct01264874	DB00169	investigational	2
nct01264965	DB00497	head_to_head	2
nct01264965	DB00316	head_to_head	2
nct01265017	DB00741	investigational	2
nct01265017	DB00783	investigational	2
nct01265017	DB00603	investigational	2
nct01265199	DB00987	investigational	0
nct01265199	DB00694	investigational	0
nct01266005	DB00442	comparator	2
nct01266811	DB00188	backbone	2
nct01266811	DB01234	backbone	2
nct01267240	DB02546	single_arm_combination	1
nct01267240	DB01101	single_arm_combination	1
nct01268059	DB01229	backbone	2
nct01271010	DB01073	single_arm_combination	1
nct01271010	DB00531	single_arm_combination	1
nct01271283	DB00480	investigational	1
nct01271907	DB01073	backbone	3
nct01271907	DB00531	backbone	3
nct01272141	DB01590	investigational	1
nct01272141	DB01259	investigational	1
nct01273181	DB01073	backbone	4
nct01273181	DB00531	backbone	4
nct01275352	DB00700	investigational	4
nct01276613	DB00678	investigational	2
nct01276613	DB00441	backbone	2
nct01277289	DB01234	backbone	2
nct01277497	DB00258	comparator	2
nct01277510	DB01012	investigational	2
nct01280565	DB00851	comparator	2
nct01281163	DB01259	single_arm_combination	1
nct01281254	DB00997	described_only	2
nct01281748	DB00959	investigational	2
nct01281943	DB00997	investigational	1
nct01281943	DB06287	investigational	1
nct01282047	DB00480	investigational	1
nct01282333	DB00441	single_arm_combination	1
nct01283386	DB00291	comparator	2
nct01283386	DB01073	investigational	2
nct01283386	DB00531	investigational	2
nct01284166	DB00373	investigational	1
nct01284166	DB00869	investigational	1
nct01284166	DB00484	investigational	1
nct01284504	DB00482	investigational	2
nct01285557	DB00544	comparator	2
nct01285635	DB01248	backbone	3
nct01285934	DB00531	unmatched	2
nct01286038	DB06210	investigational	1
nct01287741	DB00997	backbone	2
nct01287741	DB00635	backbone	2
nct01287741	DB00531	backbone	2
nct01288131	DB00860	head_to_head	2
nct01288131	DB00688	head_to_head	2
nct01288131	DB00091	head_to_head	2
nct01288131	DB00531	head_to_head	2
nct01290601	DB01087	comparator	4
nct01290601	DB00608	comparator	4
nct01290718	DB01101	single_arm_combination	1
nct01292083	DB00928	single_arm_combination	1
nct01293539	DB01042	investigational	1
nct01296035	DB00441	described_only	1
nct01296555	DB00947	investigational	6
nct01296555	DB01006	investigational	6
nct01300793	DB00188	investigational	0
nct01300793	DB00773	investigational	0
nct01300793	DB01181	investigational	0
nct01301040	DB01248	backbone	2
nct01301040	DB00445	backbone	2
nct01301040	DB00531	backbone	2
nct01301963	DB06809	investigational	2
nct01302002	DB00331	investigational	1
nct01302106	DB00987	investigational	1
nct01302106	DB00631	investigational	1
nct01302236	DB00700	investigational	1
nct01302444	DB00374	described_only	2
nct01302444	DB00820	investigational	2
nct01302613	DB00650	single_arm_combination	1
nct01302613	DB00544	single_arm_combination	1
nct01302613	DB01101	single_arm_combination	1
nct01302743	DB00331	comparator	3
nct01303679	DB00990	investigational	2
nct01303965	DB00480	single_arm_combination	1
nct01303965	DB00877	single_arm_combination	1
nct01305239	DB00990	investigational	1
nct01307605	DB00480	head_to_head	2
nct01307956	DB00650	single_arm_combination	1
nct01307956	DB00544	single_arm_combination	1
nct01309412	DB00188	unmatched	1
nct01309412	DB01234	unmatched	1
nct01309581	DB01221	investigational	2
nct01310803	DB00385	investigational	2
nct01310855	DB00317	investigational	2
nct01312376	DB00531	no_arm_data	0
nct01312376	DB01073	no_arm_data	0
nct01312376	DB00945	unmatched	0
nct01312441	DB00153	investigational	2
nct01312818	DB02546	single_arm_combination	1
nct01312818	DB01234	single_arm_combination	1
nct01312818	DB00188	single_arm_combination	1
nct01312844	DB00747	backbone	2
nct01313390	DB01248	no_arm_data	0
nct01313390	DB01590	no_arm_data	0
nct01313416	DB00441	single_arm_combination	1
nct01313429	DB00482	single_arm_combination	1
nct01313429	DB00531	single_arm_combination	1
nct01313559	DB06663	backbone	2
nct01313559	DB01590	investigational	2
nct01313663	DB06589	investigational	2
nct01313663	DB00642	comparator	2
nct01313884	DB00853	single_arm_combination	1
nct01313884	DB00997	single_arm_combination	1
nct01313884	DB00762	single_arm_combination	1
nct01313884	DB00531	single_arm_combination	1
nct01314027	DB00441	backbone	2
nct01315574	DB00654	backbone	2
nct01315574	DB00287	head_to_head	2
nct01315873	DB00188	single_arm_combination	1
nct01316445	DB00683	investigational	1
nct01318590	DB00281	described_only	2
nct01318590	DB00297	investigational	2
nct01318642	DB00441	backbone	2
nct01319045	DB01088	investigational	1
nct01320280	DB08916	investigational	1
nct01320501	DB00530	investigational	1
nct01324960	DB00928	backbone	2
nct01326364	DB01362	no_arm_data	0
nct01326364	DB01249	no_arm_data	0
nct01326468	DB06287	backbone	2
nct01326676	DB00945	described_only	2
nct01326845	DB01609	backbone	2
nct01327521	DB00544	no_arm_data	0
nct01327521	DB00441	no_arm_data	0
nct01327521	DB00305	no_arm_data	0
nct01327521	DB00997	no_arm_data	0
nct01327521	DB00445	no_arm_data	0
nct01328093	DB01238	comparator	2
nct01328106	DB08911	investigational	1
nct01329289	DB00188	single_arm_combination	1
nct01329289	DB06663	single_arm_combination	1
nct01329289	DB01234	single_arm_combination	1
nct01329549	DB00997	unmatched	3
nct01329627	DB00997	investigational	1
nct01329627	DB01229	investigational	1
nct01329627	DB00531	investigational	1
nct01331018	DB06809	single_arm_combination	1
nct01332279	DB00530	single_arm_combination	1
nct01332279	DB01590	single_arm_combination	1
nct01332617	DB00959	investigational	1
nct01332617	DB00399	investigational	1
nct01332617	DB00188	investigational	1
nct01332617	DB00641	investigational	1
nct01333137	DB00441	backbone	2
nct01333423	DB00997	single_arm_combination	1
nct01333449	DB01262	investigational	1
nct01333891	DB00388	backbone	3
nct01334203	DB00243	backbone	2
nct01334710	DB00398	investigational	1
nct01335074	DB06287	investigational	1
nct01335074	DB00398	investigational	1
nct01335204	DB06772	investigational	1
nct01335867	DB01080	investigational	2
nct01336543	DB00642	investigational	1
nct01336543	DB00441	investigational	1
nct01336985	DB00762	investigational	0
nct01337154	DB04942	investigational	2
nct01337323	DB08906	investigational	1
nct01337492	DB00398	investigational	1
nct01337635	DB00153	backbone	2
nct01339039	DB06809	backbone	3
nct01339910	DB01042	investigational	2
nct01339910	DB01008	backbone	2
nct01339910	DB01073	backbone	2
nct01339910	DB00531	comparator	2
nct01340794	DB06589	investigational	1
nct01341106	DB00442	investigational	1
nct01341496	DB00482	single_arm_combination	1
nct01341496	DB00531	single_arm_combination	1
nct01341730	DB01076	backbone	2
nct01341730	DB01132	investigational	2
nct01342627	DB00398	investigational	1
nct01342770	DB01132	investigational	1
nct01342887	DB00091	single_arm_combination	1
nct01342887	DB00773	single_arm_combination	1
nct01342887	DB01204	single_arm_combination	1
nct01342887	DB00175	single_arm_combination	1
nct01343628	DB00289	investigational	2
nct01345136	DB01590	investigational	1
nct01345669	DB08916	investigational	2
nct01345864	DB00843	investigational	1
nct01346930	DB08932	investigational	1
nct01347866	DB00762	investigational	2
nct01348126	DB01248	backbone	2
nct01348503	DB00480	single_arm_combination	1
nct01348503	DB00398	single_arm_combination	1
nct01349088	DB04845	single_arm_combination	1
nct01349088	DB01101	single_arm_combination	1
nct01350258	DB01042	single_arm_combination	1
nct01350258	DB04572	single_arm_combination	1
nct01350258	DB01073	single_arm_combination	1
nct01351038	DB01101	investigational	1
nct01351038	DB00445	investigational	1
nct01351168	DB01235	comparator	4
nct01351168	DB00425	investigational	4
nct01351519	DB00855	investigational	1
nct01351753	DB00331	mixed	6
nct01351753	DB00273	investigational	6
nct01351753	DB01083	investigational	6
nct01351792	DB00394	investigational	2
nct01351792	DB01222	comparator	2
nct01352026	DB00331	investigational	1
nct01352312	DB00552	single_arm_combination	1
nct01353794	DB00398	investigational	1
nct01353963	DB06700	investigational	1
nct01354652	DB00709	mixed	3
nct01354652	DB00442	mixed	3
nct01355302	DB01053	unmatched	2
nct01355302	DB01101	backbone	2
nct01356303	DB01248	investigational	1
nct01356368	DB01248	investigational	1
nct01356368	DB00642	investigational	1
nct01356368	DB00441	investigational	1
nct01357148	DB00331	investigational	1
nct01357148	DB01261	investigational	1
nct01357655	DB01254	backbone	2
nct01357863	DB01101	described_only	2
nct01357863	DB01259	described_only	2
nct01359007	DB00762	investigational	1
nct01359007	DB00544	investigational	1
nct01359007	DB00650	investigational	1
nct01359254	DB01042	investigational	2
nct01359254	DB01008	investigational	2
nct01359254	DB01073	backbone	2
nct01359826	DB04896	backbone	2
nct01360827	DB00544	backbone	2
nct01361945	DB01006	described_only	1
nct01361945	DB01259	described_only	1
nct01362348	DB06589	investigational	1
nct01362686	DB00843	investigational	3
nct01362686	DB00674	investigational	3
nct01362686	DB00989	investigational	3
nct01363310	DB01175	head_to_head	2
nct01363310	DB01224	head_to_head	2
nct01363557	DB00317	investigational	2
nct01365468	DB01590	investigational	1
nct01366612	DB01008	backbone	2
nct01366612	DB01073	backbone	2
nct01367301	DB01229	single_arm_combination	1
nct01368003	DB01126	investigational	2
nct01368068	DB01175	comparator	3
nct01368263	DB01006	backbone	3
nct01368263	DB00014	backbone	3
nct01368263	DB01217	backbone	3
nct01368536	DB00310	comparator	3
nct01368536	DB00381	comparator	3
nct01368536	DB00177	described_only	3
nct01368887	DB02300	comparator	4
nct01369199	DB00442	investigational	1
nct01369875	DB01073	backbone	2
nct01369875	DB00531	backbone	2
nct01370096	DB01240	no_arm_data	0
nct01370486	DB01065	investigational	2
nct01370694	DB00860	single_arm_combination	1
nct01370694	DB00531	single_arm_combination	1
nct01370876	DB00544	described_only	1
nct01372202	DB00544	head_to_head	3
nct01372202	DB01229	head_to_head	3
nct01372618	DB06663	investigational	1
nct01372813	DB05294	investigational	1
nct01373463	DB00642	backbone	2
nct01374217	DB00480	single_arm_combination	1
nct01374217	DB00820	single_arm_combination	1
nct01374217	DB01234	single_arm_combination	1
nct01374568	DB01261	investigational	2
nct01374633	DB01236	investigational	1
nct01375556	DB00898	unmatched	0
nct01376310	DB00642	investigational	2
nct01376310	DB00441	investigational	2
nct01376310	DB01229	investigational	2
nct01376310	DB01590	investigational	2
nct01376310	DB08911	backbone	2
nct01376310	DB00530	investigational	2
nct01376310	DB01248	investigational	2
nct01377376	DB00530	backbone	2
nct01377389	DB00014	single_arm_combination	1
nct01377389	DB06699	single_arm_combination	1
nct01377428	DB05039	investigational	2
nct01377428	DB00983	comparator	2
nct01379196	DB00207	investigational	1
nct01379274	DB00480	investigational	1
nct01379274	DB00928	investigational	1
nct01379521	DB01590	investigational	2
nct01379976	DB08842	investigational	2
nct01381211	DB00997	described_only	2
nct01382706	DB01248	single_arm_combination	1
nct01382706	DB01259	single_arm_combination	1
nct01383447	DB00619	single_arm_combination	1
nct01383668	DB00877	single_arm_combination	1
nct01385527	DB00620	backbone	2
nct01386398	DB02546	no_arm_data	0
nct01386398	DB00188	no_arm_data	0
nct01388647	DB08871	single_arm_combination	1
nct01389076	DB00563	single_arm_combination	1
nct01390324	DB00952	mixed	3
nct01390324	DB00788	mixed	3
nct01390584	DB00570	backbone	2
nct01390584	DB01168	investigational	2
nct01390584	DB00531	investigational	2
nct01390584	DB00773	investigational	2
nct01390584	DB00851	backbone	2
nct01390584	DB00997	backbone	2
nct01390584	DB00635	investigational	2
nct01391039	DB00556	investigational	1
nct01391130	DB01268	backbone	2
nct01392170	DB01254	unmatched	1
nct01392170	DB04868	unmatched	1
nct01392170	DB00619	unmatched	1
nct01392495	DB00619	investigational	1
nct01393145	DB00938	comparator	2
nct01393145	DB00983	investigational	2
nct01393769	DB01042	investigational	1
nct01394211	DB01217	single_arm_combination	1
nct01394211	DB06589	single_arm_combination	1
nct01395537	DB01229	single_arm_combination	1
nct01395537	DB01259	single_arm_combination	1
nct01395797	DB01132	mixed	6
nct01396278	DB01410	unmatched	5
nct01396278	DB00588	comparator	5
nct01397149	DB06210	investigational	2
nct01397162	DB01410	unmatched	5
nct01397162	DB00588	comparator	5
nct01397201	DB01410	unmatched	5
nct01397201	DB00588	comparator	5
nct01397591	DB00188	single_arm_combination	1
nct01400451	DB08881	single_arm_combination	1
nct01400672	DB00724	single_arm_combination	1
nct01401322	DB00480	investigational	1
nct01402817	DB01268	investigational	1
nct01403246	DB00291	investigational	1
nct01403246	DB00480	investigational	1
nct01403285	DB00724	no_arm_data	0
nct01403285	DB00531	no_arm_data	0
nct01405573	DB00398	investigational	2
nct01407562	DB01229	single_arm_combination	1
nct01407562	DB06589	single_arm_combination	1
nct01408043	DB00773	single_arm_combination	1
nct01408043	DB06809	single_arm_combination	1
nct01408095	DB00331	unmatched	2
nct01408160	DB00987	single_arm_combination	1
nct01408589	DB00289	backbone	4
nct01409031	DB00203	investigational	2
nct01409174	DB00853	single_arm_combination	1
nct01409408	DB00381	head_to_head	2
nct01409811	DB00399	investigational	1
nct01410708	DB01254	investigational	0
nct01411098	DB00773	single_arm_combination	1
nct01411514	DB00635	investigational	2
nct01412515	DB01590	investigational	1
nct01413087	DB00441	described_only	2
nct01413711	DB01080	investigational	1
nct01413750	DB02546	investigational	2
nct01413750	DB01229	backbone	2
nct01413854	DB00586	investigational	2
nct01414166	DB00627	investigational	2
nct01415765	DB00997	no_arm_data	0
nct01415765	DB00773	no_arm_data	0
nct01415765	DB00635	no_arm_data	0
nct01415765	DB00531	no_arm_data	0
nct01416220	DB00715	comparator	2
nct01416558	DB01229	investigational	0
nct01418001	DB01248	investigational	1
nct01418001	DB06589	investigational	1
nct01418001	DB00441	investigational	1
nct01419548	DB01229	no_arm_data	0
nct01419795	DB00480	backbone	2
nct01420666	DB01050	head_to_head	4
nct01420666	DB00316	head_to_head	4
nct01420679	DB06813	investigational	2
nct01420965	DB00531	investigational	3
nct01421927	DB00480	investigational	1
nct01423240	DB08815	investigational	3
nct01425242	DB00381	comparator	2
nct01426113	DB00905	investigational	2
nct01426334	DB01254	single_arm_combination	1
nct01426334	DB00091	single_arm_combination	1
nct01426724	DB00153	unmatched	0
nct01426971	DB01050	backbone	2
nct01426971	DB00201	investigational	2
nct01428193	DB00396	single_arm_combination	1
nct01428193	DB00783	single_arm_combination	1
nct01428193	DB00499	single_arm_combination	1
nct01429168	DB01628	investigational	3
nct01430351	DB00853	backbone	8
nct01430351	DB00331	investigational	8
nct01430351	DB00358	investigational	8
nct01430351	DB01043	investigational	8
nct01430585	DB01006	mixed	3
nct01431794	DB01229	backbone	5
nct01431794	DB00441	backbone	5
nct01432106	DB00177	backbone	2
nct01433328	DB00281	investigational	2
nct01433432	DB01033	described_only	2
nct01434459	DB00441	investigational	1
nct01435902	DB08906	head_to_head	2
nct01435902	DB00588	backbone	2
nct01436175	DB01255	investigational	1
nct01436643	DB08868	backbone	3
nct01436643	DB00285	investigational	3
nct01436643	DB00215	investigational	3
nct01436643	DB00472	investigational	3
nct01437878	DB01088	investigational	2
nct01438177	DB00608	single_arm_combination	1
nct01438177	DB00188	single_arm_combination	1
nct01438177	DB00531	single_arm_combination	1
nct01439867	DB01012	single_arm_combination	1
nct01440062	DB00169	backbone	2
nct01441128	DB08865	backbone	2
nct01441531	DB00996	investigational	2
nct01441570	DB04861	head_to_head	2
nct01441570	DB00264	head_to_head	2
nct01442714	DB00480	single_arm_combination	1
nct01442714	DB00928	single_arm_combination	1
nct01444118	DB00531	investigational	2
nct01445691	DB00855	investigational	1
nct01445938	DB06708	comparator	6
nct01446900	DB00242	single_arm_combination	1
nct01447589	DB00220	investigational	1
nct01448499	DB06288	investigational	3
nct01448499	DB00363	investigational	3
nct01450696	DB01101	backbone	2
nct01451060	DB00610	no_arm_data	0
nct01451060	DB01364	no_arm_data	0
nct01451437	DB00987	unmatched	9
nct01451489	DB00864	investigational	2
nct01451489	DB00531	comparator	2
nct01452100	DB00635	investigational	2
nct01453049	DB00222	backbone	2
nct01453049	DB00412	investigational	2
nct01453088	DB00188	investigational	2
nct01453088	DB01042	comparator	2
nct01454453	DB06288	described_only	1
nct01455025	DB06809	investigational	1
nct01455389	DB00530	single_arm_combination	1
nct01455883	DB00331	unmatched	2
nct01456208	DB00368	no_arm_data	0
nct01457846	DB01229	comparator	2
nct01458886	DB01410	unmatched	3
nct01458912	DB01410	unmatched	3
nct01460602	DB00188	backbone	2
nct01460602	DB00552	backbone	2
nct01461915	DB01229	backbone	3
nct01461915	DB00441	backbone	3
nct01462656	DB04953	unmatched	1
nct01464034	DB08910	single_arm_combination	1
nct01464034	DB01234	single_arm_combination	1
nct01464034	DB08889	single_arm_combination	1
nct01464164	DB00635	investigational	2
nct01464359	DB01008	single_arm_combination	1
nct01464359	DB01073	single_arm_combination	1
nct01464359	DB00531	single_arm_combination	1
nct01465074	DB00184	investigational	2
nct01465230	DB00480	investigational	1
nct01465334	DB00959	backbone	2
nct01465386	DB00188	investigational	1
nct01465919	DB00370	investigational	2
nct01466855	DB01030	investigational	1
nct01467076	DB00770	investigational	3
nct01467700	DB00980	investigational	4
nct01467713	DB00980	investigational	4
nct01468311	DB01042	described_only	1
nct01468311	DB00987	described_only	1
nct01468311	DB00773	described_only	1
nct01468311	DB00262	described_only	1
nct01468818	DB01073	single_arm_combination	1
nct01468818	DB00531	single_arm_combination	1
nct01469338	DB06772	single_arm_combination	1
nct01469338	DB00635	single_arm_combination	1
nct01470742	DB01101	comparator	2
nct01471197	DB00642	comparator	2
nct01471964	DB00530	investigational	1
nct01472445	DB00169	backbone	2
nct01473303	DB00762	backbone	2
nct01473303	DB00544	backbone	2
nct01473303	DB00650	backbone	2
nct01473758	DB01656	investigational	2
nct01474122	DB08932	investigational	3
nct01474551	DB08881	investigational	1
nct01477060	DB00331	head_to_head	3
nct01477060	DB01259	head_to_head	3
nct01477853	DB01076	backbone	3
nct01477853	DB01261	investigational	3
nct01478074	DB00987	single_arm_combination	1
nct01478074	DB01073	single_arm_combination	1
nct01478113	DB00182	investigational	2
nct01478308	DB00331	no_arm_data	0
nct01478308	DB01248	no_arm_data	0
nct01478308	DB00635	no_arm_data	0
nct01478321	DB00853	single_arm_combination	1
nct01478828	DB00227	investigational	1
nct01480141	DB08916	investigational	1
nct01480791	DB00999	mixed	3
nct01480817	DB00398	comparator	2
nct01481116	DB00331	described_only	3
nct01481233	DB01394	investigational	1
nct01481610	DB00586	comparator	2
nct01481610	DB01283	investigational	2
nct01482286	DB00331	investigational	4
nct01482949	DB01268	described_only	1
nct01483274	DB01262	described_only	2
nct01483690	DB01262	backbone	2
nct01483690	DB02546	backbone	2
nct01484041	DB01006	single_arm_combination	1
nct01484041	DB00990	single_arm_combination	1
nct01484041	DB01217	single_arm_combination	1
nct01484314	DB06210	investigational	1
nct01485822	DB00287	head_to_head	2
nct01485874	DB00997	single_arm_combination	1
nct01486043	DB00331	investigational	1
nct01486966	DB00331	backbone	2
nct01487174	DB00530	comparator	2
nct01488253	DB00864	single_arm_combination	1
nct01488253	DB00877	single_arm_combination	1
nct01488318	DB01254	single_arm_combination	1
nct01488877	DB00421	comparator	3
nct01489319	DB01399	investigational	6
nct01489410	DB00997	head_to_head	2
nct01489410	DB00898	unmatched	2
nct01490047	DB00997	backbone	7
nct01491633	DB01254	investigational	1
nct01492881	DB02546	single_arm_combination	1
nct01492881	DB00997	single_arm_combination	1
nct01492881	DB00188	single_arm_combination	1
nct01493154	DB00531	backbone	4
nct01493505	DB01229	backbone	2
nct01494584	DB04953	investigational	1
nct01495247	DB01229	backbone	2
nct01495572	DB01073	backbone	2
nct01495572	DB00531	backbone	2
nct01495884	DB00997	single_arm_combination	1
nct01495884	DB01259	single_arm_combination	1
nct01495988	DB08881	backbone	4
nct01496430	DB08822	investigational	3
nct01497275	DB00188	investigational	1
nct01497626	DB00188	investigational	1
nct01497626	DB01259	investigational	1
nct01498445	DB01262	backbone	6
nct01498445	DB01254	backbone	6
nct01498588	DB00997	single_arm_combination	1
nct01498588	DB08871	single_arm_combination	1
nct01498588	DB00531	single_arm_combination	1
nct01499160	DB01006	single_arm_combination	1
nct01499160	DB01590	single_arm_combination	1
nct01499160	DB01259	single_arm_combination	1
nct01499251	DB00853	single_arm_combination	1
nct01499251	DB08932	single_arm_combination	1
nct01499667	DB08868	backbone	3
nct01500161	DB00773	single_arm_combination	1
nct01500161	DB01073	single_arm_combination	1
nct01500161	DB00631	single_arm_combination	1
nct01500161	DB01042	single_arm_combination	1
nct01500161	DB00987	single_arm_combination	1
nct01500161	DB00262	single_arm_combination	1
nct01500161	DB01008	single_arm_combination	1
nct01500538	DB02546	investigational	1
nct01500538	DB06210	investigational	1
nct01500824	DB08865	investigational	1
nct01501370	DB02546	investigational	2
nct01501370	DB00480	backbone	2
nct01501370	DB01234	backbone	2
nct01502605	DB00855	investigational	1
nct01503008	DB00331	comparator	2
nct01503008	DB01132	comparator	2
nct01503008	DB00412	comparator	2
nct01504477	DB00188	investigational	1
nct01504659	DB01221	investigational	2
nct01506726	DB01399	investigational	2
nct01507740	DB01268	unmatched	2
nct01507740	DB00398	head_to_head	2
nct01509053	DB01238	single_arm_combination	1
nct01510132	DB00373	investigational	1
nct01510132	DB00287	investigational	1
nct01510522	DB00331	backbone	2
nct01510561	DB00441	investigational	2
nct01510756	DB00398	investigational	1
nct01510847	DB00624	described_only	1
nct01511042	DB00368	no_arm_data	0
nct01512199	DB01229	backbone	3
nct01512446	DB00630	investigational	2
nct01512472	DB06699	backbone	2
nct01514721	DB00373	investigational	1
nct01514721	DB00287	investigational	1
nct01514734	DB01194	investigational	1
nct01514734	DB00373	investigational	1
nct01515046	DB00126	investigational	1
nct01515046	DB00441	investigational	1
nct01515969	DB00530	single_arm_combination	1
nct01517776	DB00853	single_arm_combination	1
nct01517854	DB00203	investigational	2
nct01518153	DB01042	backbone	2
nct01518153	DB01073	backbone	2
nct01518465	DB00480	backbone	2
nct01518465	DB01234	backbone	2
nct01518621	DB00530	investigational	2
nct01518959	DB00169	investigational	2
nct01519297	DB01029	investigational	1
nct01519323	DB08881	investigational	1
nct01520350	DB01238	investigational	2
nct01522040	DB00653	investigational	2
nct01522677	DB00855	investigational	1
nct01523106	DB00583	investigational	2
nct01524068	DB00443	unmatched	2
nct01524068	DB00860	described_only	2
nct01524068	DB01234	described_only	2
nct01524068	DB00741	unmatched	2
nct01524068	DB00620	unmatched	2
nct01524068	DB00959	described_only	2
nct01524068	DB00635	described_only	2
nct01524575	DB00441	investigational	2
nct01525069	DB00322	backbone	3
nct01525069	DB00441	investigational	3
nct01525225	DB00331	single_arm_combination	1
nct01525225	DB06335	single_arm_combination	1
nct01525927	DB00544	unmatched	2
nct01525927	DB01248	unmatched	2
nct01526148	DB01224	head_to_head	2
nct01526590	DB00556	investigational	1
nct01526876	DB04920	investigational	1
nct01527097	DB01076	investigational	2
nct01528345	DB00947	backbone	2
nct01528865	DB00709	single_arm_combination	1
nct01528865	DB00300	single_arm_combination	1
nct01529593	DB00331	single_arm_combination	1
nct01529593	DB06287	single_arm_combination	1
nct01531205	DB06772	single_arm_combination	1
nct01531205	DB00624	single_arm_combination	1
nct01531244	DB01042	single_arm_combination	1
nct01531244	DB00970	single_arm_combination	1
nct01531712	DB00530	single_arm_combination	1
nct01531712	DB00441	single_arm_combination	1
nct01531764	DB00361	investigational	0
nct01531764	DB08916	investigational	0
nct01532154	DB06637	investigational	0
nct01532635	DB00688	single_arm_combination	1
nct01532635	DB00864	single_arm_combination	1
nct01532635	DB00531	single_arm_combination	1
nct01533207	DB00997	investigational	2
nct01533207	DB01248	investigational	2
nct01533207	DB00441	investigational	2
nct01533545	DB00961	backbone	2
nct01533545	DB00668	head_to_head	2
nct01534143	DB00188	single_arm_combination	1
nct01534143	DB01008	single_arm_combination	1
nct01534455	DB08871	backbone	2
nct01534455	DB01259	backbone	2
nct01534806	DB00433	unmatched	2
nct01534806	DB00465	investigational	2
nct01535157	DB01026	investigational	1
nct01536015	DB05271	investigational	2
nct01536067	DB00188	single_arm_combination	1
nct01537315	DB01611	investigational	2
nct01537861	DB08910	single_arm_combination	1
nct01537861	DB00480	single_arm_combination	1
nct01537861	DB00188	single_arm_combination	1
nct01537861	DB01041	single_arm_combination	1
nct01537861	DB08889	single_arm_combination	1
nct01539018	DB00398	backbone	2
nct01539174	DB00997	single_arm_combination	1
nct01539174	DB00635	single_arm_combination	1
nct01539174	DB00531	single_arm_combination	1
nct01542047	DB06589	single_arm_combination	1
nct01542255	DB00570	single_arm_combination	1
nct01542255	DB00851	single_arm_combination	1
nct01542255	DB00531	single_arm_combination	1
nct01542684	DB00928	single_arm_combination	1
nct01543139	DB00148	investigational	3
nct01543464	DB00853	investigational	1
nct01543802	DB06589	investigational	1
nct01545817	DB01590	investigational	1
nct01545817	DB06589	investigational	1
nct01545882	DB06699	investigational	1
nct01546896	DB00490	investigational	3
nct01546896	DB00404	mixed	3
nct01547390	DB00945	investigational	2
nct01548573	DB01234	single_arm_combination	1
nct01548573	DB00441	unmatched	1
nct01548573	DB00531	single_arm_combination	1
nct01548573	DB00997	single_arm_combination	1
nct01548573	DB00773	single_arm_combination	1
nct01548573	DB00188	single_arm_combination	1
nct01548573	DB01042	single_arm_combination	1
nct01548573	DB00262	unmatched	1
nct01548573	DB01041	single_arm_combination	1
nct01549964	DB00331	described_only	4
nct01550185	DB06210	investigational	1
nct01552434	DB00313	investigational	3
nct01552434	DB06287	backbone	3
nct01554488	DB00588	backbone	2
nct01555281	DB00480	single_arm_combination	1
nct01555281	DB00220	single_arm_combination	1
nct01555281	DB01234	single_arm_combination	1
nct01555489	DB00530	described_only	1
nct01555489	DB00126	investigational	1
nct01555489	DB00441	described_only	1
nct01555632	DB01076	investigational	2
nct01555853	DB01229	backbone	4
nct01557647	DB00374	investigational	2
nct01557660	DB00374	investigational	1
nct01557764	DB01259	single_arm_combination	1
nct01558011	DB01248	investigational	1
nct01558011	DB01101	investigational	1
nct01558492	DB01229	single_arm_combination	1
nct01558960	DB01042	investigational	1
nct01559129	DB08910	investigational	2
nct01560091	DB00706	head_to_head	3
nct01560091	DB06207	head_to_head	3
nct01560507	DB01156	head_to_head	3
nct01560507	DB00184	head_to_head	3
nct01560585	DB00982	investigational	1
nct01561482	DB00331	single_arm_combination	1
nct01561482	DB00641	single_arm_combination	1
nct01562093	DB00443	investigational	2
nct01562093	DB00860	investigational	2
nct01562093	DB01234	investigational	2
nct01562093	DB00620	investigational	2
nct01562093	DB00959	investigational	2
nct01562093	DB00635	investigational	2
nct01562301	DB01248	single_arm_combination	1
nct01562873	DB08877	backbone	2
nct01563601	DB00773	backbone	2
nct01564121	DB00399	investigational	0
nct01564277	DB00437	backbone	2
nct01565772	DB00773	single_arm_combination	1
nct01566370	DB00909	investigational	2
nct01567384	DB00642	investigational	1
nct01568645	DB01136	no_arm_data	0
nct01568645	DB00619	no_arm_data	0
nct01569152	DB00563	backbone	3
nct01570348	DB00688	single_arm_combination	1
nct01570348	DB00864	single_arm_combination	1
nct01570348	DB01024	single_arm_combination	1
nct01570348	DB00531	single_arm_combination	1
nct01570868	DB08901	backbone	2
nct01573338	DB00773	single_arm_combination	1
nct01575275	DB00855	investigational	1
nct01575782	DB00608	investigational	1
nct01578343	DB02546	investigational	1
nct01578343	DB01204	investigational	1
nct01578343	DB01234	investigational	1
nct01578343	DB01073	investigational	1
nct01579578	DB01229	backbone	2
nct01581281	DB00321	head_to_head	3
nct01581281	DB00273	head_to_head	3
nct01582009	DB01590	single_arm_combination	1
nct01582672	DB01268	comparator	2
nct01583114	DB00790	investigational	2
nct01583686	DB01073	backbone	2
nct01583686	DB00531	backbone	2
nct01584466	DB01267	investigational	1
nct01585415	DB08881	single_arm_combination	1
nct01585415	DB01073	single_arm_combination	1
nct01585415	DB00531	single_arm_combination	1
nct01585688	DB00254	unmatched	1
nct01585688	DB00997	unmatched	1
nct01586195	DB08881	investigational	1
nct01587066	DB00313	head_to_head	2
nct01587066	DB01224	head_to_head	2
nct01587144	DB00853	backbone	2
nct01587144	DB04967	investigational	2
nct01588951	DB00987	investigational	3
nct01589068	DB00396	backbone	3
nct01589068	DB00184	backbone	3
nct01589861	DB01259	investigational	1
nct01590082	DB00853	single_arm_combination	1
nct01590082	DB00254	single_arm_combination	1
nct01591291	DB00904	investigational	2
nct01592201	DB01267	described_only	2
nct01592773	DB01043	investigational	1
nct01593137	DB00331	backbone	2
nct01593137	DB00222	comparator	2
nct01597531	DB01083	head_to_head	3
nct01598584	DB00370	investigational	2
nct01598584	DB00441	backbone	2
nct01598896	DB00470	investigational	2
nct01598896	DB00575	investigational	2
nct01599832	DB06589	investigational	1
nct01600053	DB00480	investigational	1
nct01600807	DB00530	backbone	2
nct01600807	DB00441	backbone	2
nct01601483	DB01275	backbone	2
nct01603420	DB01248	investigational	2
nct01604031	DB00480	single_arm_combination	1
nct01605162	DB00853	unmatched	1
nct01605981	DB04868	investigational	1
nct01606358	DB01229	investigational	1
nct01607320	DB00481	investigational	2
nct01607320	DB00882	comparator	2
nct01607554	DB00762	investigational	1
nct01607645	DB01262	backbone	2
nct01607645	DB00987	backbone	2
nct01607645	DB01177	backbone	2
nct01608451	DB00169	head_to_head	4
nct01608451	DB00396	head_to_head	4
nct01608464	DB00762	comparator	2
nct01608464	DB00544	investigational	2
nct01608464	DB01248	comparator	2
nct01609231	DB00762	backbone	2
nct01609816	DB01254	investigational	1
nct01610999	DB06809	investigational	3
nct01611506	DB01101	single_arm_combination	1
nct01611584	DB00855	unmatched	1
nct01611662	DB00441	single_arm_combination	1
nct01611675	DB01097	single_arm_combination	1
nct01611675	DB08881	single_arm_combination	1
nct01612377	DB00860	backbone	3
nct01612377	DB00975	investigational	3
nct01612988	DB00959	described_only	1
nct01613469	DB00650	investigational	1
nct01613469	DB00544	described_only	1
nct01613820	DB00747	investigational	3
nct01613820	DB01221	investigational	3
nct01614184	DB00693	investigational	1
nct01614405	DB00879	investigational	2
nct01614405	DB00503	investigational	2
nct01614405	DB00300	investigational	2
nct01614405	DB01601	investigational	2
nct01615042	DB00480	investigational	1
nct01615185	DB06288	backbone	2
nct01615185	DB00391	described_only	2
nct01615874	DB00394	comparator	5
nct01615874	DB00471	comparator	5
nct01615874	DB00983	investigational	5
nct01616186	DB01268	comparator	2
nct01616186	DB00398	investigational	2
nct01616186	DB01590	investigational	2
nct01616199	DB08881	backbone	3
nct01617057	DB01133	investigational	2
nct01617213	DB01042	single_arm_combination	1
nct01617213	DB00480	single_arm_combination	1
nct01618253	DB00398	investigational	1
nct01620216	DB01254	investigational	7
nct01620216	DB08877	investigational	7
nct01620216	DB01268	investigational	7
nct01620216	DB00398	investigational	7
nct01620216	DB08901	investigational	7
nct01620788	DB00808	investigational	4
nct01620788	DB00678	backbone	4
nct01621165	DB00457	investigational	2
nct01621243	DB01229	backbone	2
nct01621243	DB00441	backbone	2
nct01621269	DB08868	investigational	1
nct01621477	DB00688	single_arm_combination	1
nct01621477	DB00531	single_arm_combination	1
nct01621477	DB00631	single_arm_combination	1
nct01621477	DB00987	single_arm_combination	1
nct01621477	DB00864	single_arm_combination	1
nct01621477	DB01008	single_arm_combination	1
nct01621477	DB06809	single_arm_combination	1
nct01623908	DB00399	investigational	1
nct01624493	DB00441	backbone	2
nct01625260	DB00441	backbone	2
nct01627067	DB00331	single_arm_combination	1
nct01627067	DB00990	single_arm_combination	1
nct01627067	DB01590	single_arm_combination	1
nct01627223	DB00709	investigational	2
nct01627223	DB00442	investigational	2
nct01629329	DB00316	head_to_head	2
nct01629329	DB00433	head_to_head	2
nct01629329	DB00945	head_to_head	2
nct01629329	DB00201	head_to_head	2
nct01629511	DB01008	single_arm_combination	1
nct01629511	DB00441	single_arm_combination	1
nct01629511	DB00631	single_arm_combination	1
nct01631409	DB00945	head_to_head	7
nct01631513	DB00295	unmatched	1
nct01631513	DB00956	unmatched	1
nct01631513	DB00497	unmatched	1
nct01631513	DB06204	investigational	1
nct01631630	DB01132	investigational	2
nct01632306	DB00650	investigational	3
nct01632306	DB01229	investigational	3
nct01632306	DB00544	investigational	3
nct01632306	DB00441	investigational	3
nct01633060	DB00947	backbone	2
nct01633112	DB08868	investigational	3
nct01636609	DB00987	investigational	2
nct01636609	DB00928	investigational	2
nct01637090	DB01590	investigational	1
nct01638377	DB00704	investigational	2
nct01640496	DB00169	investigational	2
nct01640587	DB00358	comparator	2
nct01641939	DB01229	described_only	3
nct01641939	DB01248	described_only	3
nct01642433	DB00457	investigational	2
nct01642862	DB00641	backbone	2
nct01643603	DB01254	investigational	1
nct01645709	DB00661	investigational	2
nct01645826	DB00343	investigational	2
nct01646125	DB01248	comparator	2
nct01646125	DB00642	comparator	2
nct01646762	DB01229	investigational	1
nct01647165	DB00188	no_arm_data	0
nct01647165	DB00480	no_arm_data	0
nct01647165	DB01234	no_arm_data	0
nct01647880	DB08868	investigational	2
nct01649791	DB00480	investigational	1
nct01650285	DB06772	investigational	1
nct01650350	DB00704	investigational	1
nct01650740	DB00476	investigational	3
nct01650805	DB08901	investigational	2
nct01650805	DB00619	comparator	2
nct01651936	DB00563	backbone	3
nct01652014	DB00688	backbone	2
nct01652014	DB00864	backbone	2
nct01652014	DB00531	backbone	2
nct01652261	DB00570	investigational	2
nct01652261	DB01168	unmatched	2
nct01652261	DB00531	unmatched	2
nct01652261	DB00773	unmatched	2
nct01652261	DB00851	investigational	2
nct01652261	DB00997	investigational	2
nct01652261	DB00635	unmatched	2
nct01652534	DB00915	investigational	2
nct01653418	DB00773	single_arm_combination	1
nct01653418	DB00188	single_arm_combination	1
nct01653418	DB00987	single_arm_combination	1
nct01653418	DB01042	single_arm_combination	1
nct01653418	DB00262	single_arm_combination	1
nct01653522	DB00254	investigational	4
nct01654081	DB00762	investigational	1
nct01654640	DB00331	investigational	2
nct01654861	DB00126	investigational	1
nct01654861	DB00441	investigational	1
nct01655875	DB06809	investigational	1
nct01655992	DB01101	comparator	2
nct01656252	DB06210	backbone	3
nct01656395	DB00471	mixed	8
nct01656629	DB00630	head_to_head	3
nct01658007	DB00877	investigational	1
nct01658176	DB00990	backbone	2
nct01658358	DB00997	backbone	2
nct01658358	DB01259	backbone	2
nct01658527	DB01128	comparator	2
nct01658891	DB00394	backbone	2
nct01658891	DB00983	backbone	2
nct01658904	DB08889	backbone	3
nct01659242	DB00795	head_to_head	2
nct01659242	DB00563	backbone	2
nct01659242	DB01097	backbone	2
nct01659554	DB00997	single_arm_combination	1
nct01660997	DB01234	no_arm_data	0
nct01661140	DB00563	backbone	2
nct01663415	DB08899	investigational	1
nct01665274	DB01101	backbone	2
nct01665950	DB00641	investigational	3
nct01667289	DB00563	described_only	2
nct01668654	DB04953	investigational	1
nct01670071	DB00734	comparator	2
nct01670071	DB01267	investigational	2
nct01670084	DB01234	single_arm_combination	1
nct01670084	DB00531	single_arm_combination	1
nct01670084	DB00997	single_arm_combination	1
nct01670084	DB00987	single_arm_combination	1
nct01670084	DB00563	single_arm_combination	1
nct01670084	DB00650	single_arm_combination	1
nct01670084	DB04868	single_arm_combination	1
nct01670084	DB00635	single_arm_combination	1
nct01671488	DB00305	single_arm_combination	1
nct01671488	DB00544	described_only	1
nct01672736	DB00188	investigational	1
nct01672736	DB01234	investigational	1
nct01673386	DB01268	comparator	2
nct01674010	DB00313	backbone	2
nct01674010	DB00555	backbone	2
nct01674738	DB00642	backbone	2
nct01675141	DB00480	investigational	1
nct01675947	DB00877	investigational	2
nct01677390	DB01590	single_arm_combination	1
nct01677949	DB00531	backbone	2
nct01677949	DB00773	backbone	2
nct01677949	DB00631	backbone	2
nct01677988	DB00650	investigational	1
nct01677988	DB00544	investigational	1
nct01677988	DB01101	unmatched	1
nct01677988	DB00762	investigational	1
nct01678820	DB01261	backbone	3
nct01678820	DB00641	backbone	3
nct01679041	DB01073	single_arm_combination	1
nct01679041	DB00531	single_arm_combination	1
nct01679405	DB08916	backbone	2
nct01679405	DB00441	backbone	2
nct01679951	DB00563	backbone	4
nct01680107	DB00260	investigational	2
nct01680796	DB00188	single_arm_combination	1
nct01680796	DB01234	single_arm_combination	1
nct01683188	DB08881	backbone	2
nct01685255	DB00675	head_to_head	2
nct01685411	DB01008	single_arm_combination	1
nct01685411	DB00531	single_arm_combination	1
nct01685489	DB01248	backbone	2
nct01687478	DB00334	investigational	2
nct01687478	DB00472	backbone	2
nct01688336	DB00762	investigational	1
nct01688336	DB00544	investigational	1
nct01688336	DB00650	investigational	1
nct01688791	DB01229	investigational	3
nct01690325	DB01248	backbone	2
nct01690325	DB00445	backbone	2
nct01690325	DB00531	backbone	2
nct01691209	DB00741	unmatched	3
nct01692691	DB00851	single_arm_combination	1
nct01692691	DB00262	single_arm_combination	1
nct01693276	DB01229	single_arm_combination	1
nct01693276	DB00441	single_arm_combination	1
nct01694576	DB01229	investigational	2
nct01695057	DB02546	investigational	1
nct01695330	DB00188	investigational	1
nct01695707	DB01132	investigational	2
nct01696383	DB00373	investigational	1
nct01696383	DB00287	investigational	1
nct01696942	DB00244	comparator	2
nct01697072	DB01101	backbone	2
nct01697072	DB00445	backbone	2
nct01697293	DB00997	single_arm_combination	1
nct01697293	DB01229	single_arm_combination	1
nct01697293	DB00531	single_arm_combination	1
nct01700569	DB00853	single_arm_combination	1
nct01701037	DB08912	single_arm_combination	1
nct01701037	DB08911	single_arm_combination	1
nct01701349	DB01229	backbone	2
nct01701843	DB01003	backbone	2
nct01701934	DB01656	investigational	2
nct01702415	DB00399	investigational	2
nct01702558	DB01101	mixed	4
nct01702714	DB01229	investigational	2
nct01702714	DB00441	investigational	2
nct01703039	DB01104	backbone	2
nct01703039	DB00740	investigational	2
nct01704027	DB00624	investigational	1
nct01704599	DB00165	investigational	1
nct01704599	DB00158	investigational	1
nct01704690	DB00544	comparator	3
nct01704690	DB01229	mixed	3
nct01705106	DB00482	single_arm_combination	1
nct01705106	DB01101	single_arm_combination	1
nct01705340	DB01259	single_arm_combination	1
nct01705392	DB00851	comparator	3
nct01705470	DB00695	investigational	2
nct01707823	DB00945	investigational	1
nct01709136	DB00877	investigational	1
nct01709474	DB00169	backbone	2
nct01712659	DB08877	backbone	3
nct01712854	DB00983	described_only	2
nct01712854	DB01222	backbone	2
nct01715311	DB01409	comparator	3
nct01715311	DB05039	investigational	3
nct01715987	DB00442	head_to_head	2
nct01715987	DB00300	head_to_head	2
nct01716039	DB00563	unmatched	3
nct01716546	DB00544	unmatched	1
nct01716546	DB01248	unmatched	1
nct01717040	DB01132	investigational	2
nct01717482	DB00331	investigational	2
nct01717898	DB00635	single_arm_combination	1
nct01719419	DB01083	investigational	2
nct01719861	DB01151	investigational	1
nct01720043	DB00188	investigational	1
nct01721707	DB01194	investigational	2
nct01721707	DB00654	backbone	2
nct01722292	DB00773	backbone	3
nct01723371	DB01136	investigational	1
nct01724138	DB01609	investigational	1
nct01725269	DB00435	unmatched	3
nct01726920	DB00952	mixed	3
nct01726920	DB00788	mixed	3
nct01728181	DB00530	mixed	4
nct01728961	DB06697	backbone	2
nct01728961	DB06708	backbone	2
nct01729104	DB00480	backbone	3
nct01729104	DB08889	backbone	3
nct01729338	DB00188	single_arm_combination	1
nct01729338	DB00480	single_arm_combination	1
nct01729338	DB00531	single_arm_combination	1
nct01730248	DB08877	backbone	2
nct01730313	DB00252	investigational	4
nct01730313	DB00313	mixed	4
nct01730313	DB00165	investigational	4
nct01732640	DB01229	single_arm_combination	1
nct01732640	DB08916	single_arm_combination	1
nct01736878	DB00398	backbone	2
nct01738594	DB08889	backbone	2
nct01738698	DB01255	investigational	4
nct01738724	DB00014	investigational	3
nct01738724	DB00304	comparator	3
nct01739400	DB08932	investigational	1
nct01739439	DB00441	investigational	1
nct01739790	DB06151	investigational	2
nct01740154	DB01268	investigational	1
nct01740401	DB00531	investigational	1
nct01740570	DB06772	investigational	1
nct01740726	DB00472	comparator	2
nct01741103	DB01261	investigational	2
nct01741155	DB01248	backbone	3
nct01742338	DB00443	backbone	2
nct01742338	DB00860	backbone	2
nct01742338	DB01234	backbone	2
nct01742338	DB00741	backbone	2
nct01742338	DB00620	backbone	2
nct01742338	DB00959	backbone	2
nct01742338	DB00635	backbone	2
nct01742793	DB00480	backbone	2
nct01744912	DB00480	single_arm_combination	1
nct01745367	DB01229	backbone	2
nct01745913	DB01042	backbone	2
nct01745913	DB01073	backbone	2
nct01746173	DB01008	single_arm_combination	1
nct01746173	DB00531	single_arm_combination	1
nct01746173	DB00441	single_arm_combination	1
nct01746173	DB00773	single_arm_combination	1
nct01746173	DB01042	single_arm_combination	1
nct01746173	DB00997	single_arm_combination	1
nct01746173	DB00635	single_arm_combination	1
nct01747239	DB06772	investigational	1
nct01748123	DB00999	head_to_head	2
nct01748123	DB00310	head_to_head	2
nct01748240	DB02546	investigational	1
nct01748240	DB00928	investigational	1
nct01748851	DB01101	backbone	2
nct01749293	DB01008	single_arm_combination	1
nct01749293	DB01073	single_arm_combination	1
nct01749293	DB00531	single_arm_combination	1
nct01750762	DB00480	investigational	1
nct01750866	DB06772	single_arm_combination	1
nct01750866	DB00635	single_arm_combination	1
nct01751425	DB08877	single_arm_combination	1
nct01751828	DB01104	investigational	1
nct01752023	DB00441	backbone	2
nct01752790	DB00959	comparator	2
nct01752790	DB00993	backbone	2
nct01754376	DB08881	single_arm_combination	1
nct01754623	DB00544	single_arm_combination	1
nct01754623	DB01248	single_arm_combination	1
nct01754623	DB01101	single_arm_combination	1
nct01754623	DB00441	single_arm_combination	1
nct01754870	DB00480	investigational	1
nct01755325	DB00619	described_only	2
nct01755871	DB08868	investigational	1
nct01756105	DB00331	investigational	2
nct01757015	DB00986	investigational	2
nct01757262	DB08816	investigational	2
nct01757262	DB00758	comparator	2
nct01759303	DB06589	investigational	1
nct01759914	DB00443	unmatched	2
nct01759914	DB00860	unmatched	2
nct01759914	DB01234	unmatched	2
nct01759914	DB00620	unmatched	2
nct01759914	DB00959	unmatched	2
nct01759914	DB00635	unmatched	2
nct01760252	DB00762	investigational	1
nct01760252	DB01101	investigational	1
nct01760304	DB01222	investigational	2
nct01760304	DB00983	investigational	2
nct01760993	DB01255	investigational	1
nct01761747	DB08901	investigational	1
nct01762644	DB00338	backbone	2
nct01762644	DB00091	investigational	2
nct01762657	DB00091	investigational	2
nct01762657	DB00448	investigational	2
nct01764685	DB00273	investigational	2
nct01764997	DB00563	backbone	5
nct01765270	DB06335	investigational	2
nct01765556	DB08881	investigational	2
nct01765556	DB01026	investigational	2
nct01766128	DB00909	investigational	2
nct01766505	DB00678	comparator	2
nct01768767	DB01221	mixed	3
nct01768988	DB00230	investigational	2
nct01769911	DB01042	single_arm_combination	1
nct01769911	DB00987	single_arm_combination	1
nct01769911	DB00773	single_arm_combination	1
nct01769911	DB00262	single_arm_combination	1
nct01770600	DB00734	investigational	2
nct01772537	DB00753	head_to_head	3
nct01772537	DB00818	head_to_head	3
nct01772719	DB00641	investigational	1
nct01772719	DB00399	investigational	1
nct01773460	DB01590	investigational	2
nct01773616	DB00959	backbone	2
nct01773616	DB00688	backbone	2
nct01774253	DB08828	investigational	1
nct01774578	DB01248	backbone	3
nct01774578	DB00642	backbone	3
nct01774578	DB00441	backbone	3
nct01774851	DB01229	backbone	2
nct01775098	DB00437	backbone	2
nct01776008	DB00014	single_arm_combination	1
nct01776008	DB01217	single_arm_combination	1
nct01777737	DB00440	described_only	2
nct01779050	DB00544	backbone	2
nct01779050	DB00531	backbone	2
nct01779050	DB01229	backbone	2
nct01779050	DB00997	backbone	2
nct01779050	DB01248	backbone	2
nct01779050	DB00445	backbone	2
nct01779167	DB01041	single_arm_combination	1
nct01779167	DB00480	single_arm_combination	1
nct01781442	DB06287	investigational	1
nct01783054	DB01229	single_arm_combination	1
nct01783054	DB00441	single_arm_combination	1
nct01783340	DB00608	described_only	3
nct01783340	DB00207	mixed	3
nct01784666	DB00270	investigational	3
nct01784978	DB01268	backbone	2
nct01784978	DB01590	backbone	2
nct01786226	DB00834	backbone	2
nct01787240	DB01175	investigational	2
nct01789047	DB00273	investigational	2
nct01789892	DB00959	investigational	1
nct01790295	DB01008	unmatched	1
nct01790295	DB08877	investigational	1
nct01790295	DB01073	unmatched	1
nct01793636	DB01590	backbone	2
nct01794169	DB00987	comparator	2
nct01794169	DB00928	investigational	2
nct01794169	DB00694	comparator	2
nct01794845	DB01248	single_arm_combination	1
nct01795170	DB00123	head_to_head	2
nct01795430	DB01030	single_arm_combination	1
nct01795430	DB00773	single_arm_combination	1
nct01795430	DB01181	single_arm_combination	1
nct01795430	DB01042	single_arm_combination	1
nct01795430	DB01008	single_arm_combination	1
nct01795924	DB00987	described_only	1
nct01796405	DB00631	backbone	2
nct01798277	DB01118	head_to_head	2
nct01798277	DB00489	head_to_head	2
nct01798485	DB01248	backbone	2
nct01799161	DB00277	backbone	3
nct01801046	DB00987	single_arm_combination	1
nct01801046	DB01204	single_arm_combination	1
nct01801163	DB00398	investigational	1
nct01802593	DB00563	backbone	2
nct01802593	DB00993	backbone	2
nct01803269	DB01030	comparator	2
nct01803711	DB06700	backbone	2
nct01804777	DB00594	investigational	2
nct01807741	DB06216	investigational	2
nct01809340	DB01017	investigational	3
nct01809340	DB01221	investigational	3
nct01810913	DB01248	investigational	4
nct01811693	DB00727	backbone	3
nct01812720	DB01234	single_arm_combination	1
nct01812720	DB08889	single_arm_combination	1
nct01813214	DB08881	backbone	2
nct01813253	DB00762	backbone	2
nct01813955	DB01113	described_only	1
nct01814046	DB01073	backbone	2
nct01814046	DB00531	backbone	2
nct01814865	DB01217	comparator	2
nct01817777	DB00331	backbone	2
nct01818999	DB04845	investigational	1
nct01820078	DB00910	described_only	2
nct01820325	DB01229	backbone	2
nct01821859	DB01229	single_arm_combination	1
nct01822275	DB00853	investigational	1
nct01822496	DB00530	investigational	4
nct01822496	DB08865	investigational	4
nct01822756	DB01229	investigational	2
nct01822756	DB08877	backbone	2
nct01822756	DB00441	backbone	2
nct01822860	DB00999	comparator	3
nct01822860	DB00310	investigational	3
nct01822951	DB00843	comparator	2
nct01824264	DB01261	comparator	9
nct01824823	DB08916	investigational	2
nct01826370	DB08882	investigational	1
nct01826448	DB08881	backbone	4
nct01826838	DB01254	investigational	1
nct01827930	DB00619	backbone	3
nct01828476	DB05812	backbone	2
nct01828476	DB01611	investigational	2
nct01829464	DB01261	described_only	3
nct01829477	DB00222	backbone	2
nct01830101	DB00853	backbone	2
nct01830270	DB01229	single_arm_combination	1
nct01830270	DB00445	single_arm_combination	1
nct01830322	DB00441	mixed	4
nct01830790	DB00203	backbone	2
nct01832727	DB01234	backbone	9
nct01832766	DB00470	investigational	2
nct01833767	DB00531	investigational	1
nct01834183	DB00441	single_arm_combination	1
nct01834235	DB01229	backbone	4
nct01834235	DB00441	backbone	4
nct01834274	DB01261	comparator	2
nct01834885	DB05039	unmatched	2
nct01834885	DB00938	comparator	2
nct01834885	DB00986	unmatched	2
nct01835184	DB08881	single_arm_combination	1
nct01836289	DB00531	investigational	1
nct01836341	DB00642	single_arm_combination	1
nct01836341	DB08916	single_arm_combination	1
nct01836432	DB00544	backbone	4
nct01836432	DB00441	backbone	4
nct01836432	DB00762	backbone	4
nct01836432	DB01229	backbone	4
nct01836432	DB01101	backbone	4
nct01836432	DB00650	backbone	4
nct01837927	DB00986	investigational	2
nct01838200	DB00951	backbone	4
nct01838642	DB08901	backbone	2
nct01841463	DB08881	single_arm_combination	1
nct01842282	DB01025	investigational	1
nct01842334	DB00260	described_only	2
nct01842594	DB00877	investigational	1
nct01842594	DB01611	investigational	1
nct01843179	DB00605	single_arm_combination	1
nct01843738	DB08881	investigational	1
nct01843998	DB00877	investigational	1
nct01845025	DB00983	investigational	2
nct01845025	DB00588	backbone	2
nct01845623	DB05039	investigational	3
nct01845792	DB06772	backbone	2
nct01846026	DB00153	investigational	2
nct01846624	DB01262	single_arm_combination	1
nct01847014	DB08932	investigational	1
nct01847677	DB01229	backbone	2
nct01849276	DB00331	single_arm_combination	1
nct01849276	DB00987	single_arm_combination	1
nct01849588	DB00398	investigational	1
nct01849640	DB01087	backbone	2
nct01851174	DB01229	single_arm_combination	1
nct01851174	DB00441	single_arm_combination	1
nct01851408	DB00398	single_arm_combination	1
nct01851408	DB06287	single_arm_combination	1
nct01852292	DB01229	backbone	2
nct01853228	DB01262	single_arm_combination	1
nct01853228	DB00987	single_arm_combination	1
nct01854099	DB00853	unmatched	3
nct01855334	DB00421	investigational	4
nct01855334	DB00125	investigational	4
nct01855724	DB06589	investigational	1
nct01855724	DB00441	investigational	1
nct01856127	DB06684	investigational	2
nct01857271	DB00530	investigational	1
nct01857726	DB00997	backbone	2
nct01857752	DB00853	investigational	1
nct01857817	DB00571	investigational	2
nct01857817	DB00749	investigational	2
nct01859741	DB00773	backbone	2
nct01860040	DB00642	investigational	2
nct01860040	DB00441	investigational	2
nct01860066	DB05039	unmatched	2
nct01860066	DB00986	unmatched	2
nct01861990	DB00313	investigational	1
nct01862263	DB04876	investigational	2
nct01863667	DB00222	comparator	2
nct01865188	DB00381	mixed	9
nct01866553	DB04868	single_arm_combination	1
nct01868503	DB01259	investigational	1
nct01868906	DB00853	backbone	2
nct01871311	DB04868	investigational	1
nct01871441	DB00688	single_arm_combination	1
nct01871441	DB00864	single_arm_combination	1
nct01871441	DB00531	single_arm_combination	1
nct01871571	DB00650	single_arm_combination	1
nct01871571	DB00544	single_arm_combination	1
nct01871740	DB00584	backbone	2
nct01871740	DB00158	investigational	2
nct01872988	DB00300	investigational	2
nct01873495	DB04865	investigational	1
nct01873833	DB01259	single_arm_combination	1
nct01873833	DB01101	single_arm_combination	1
nct01873833	DB00531	single_arm_combination	1
nct01875185	DB00945	investigational	1
nct01875237	DB01042	single_arm_combination	1
nct01875237	DB01073	single_arm_combination	1
nct01876251	DB01248	single_arm_combination	1
nct01876641	DB01262	investigational	1
nct01876641	DB08881	investigational	1
nct01876953	DB01177	backbone	2
nct01876953	DB01254	backbone	2
nct01876953	DB00987	backbone	2
nct01878318	DB00563	single_arm_combination	1
nct01878708	DB01234	single_arm_combination	1
nct01878864	DB00281	comparator	2
nct01878864	DB00297	investigational	2
nct01880307	DB00993	backbone	2
nct01880437	DB00987	single_arm_combination	1
nct01880437	DB08828	single_arm_combination	1
nct01881789	DB00480	investigational	6
nct01881789	DB01234	backbone	6
nct01881789	DB00531	investigational	6
nct01882660	DB01262	investigational	1
nct01885949	DB08899	single_arm_combination	1
nct01886573	DB00928	single_arm_combination	1
nct01887119	DB00700	investigational	2
nct01887288	DB00390	single_arm_combination	1
nct01887288	DB01101	single_arm_combination	1
nct01887587	DB00997	single_arm_combination	1
nct01887587	DB01234	single_arm_combination	1
nct01887691	DB00402	investigational	1
nct01888042	DB01590	investigational	1
nct01888562	DB08901	investigational	1
nct01888796	DB08882	investigational	2
nct01889420	DB08910	investigational	1
nct01889420	DB01234	described_only	1
nct01889420	DB01590	investigational	1
nct01890902	DB01009	investigational	2
nct01891357	DB01229	single_arm_combination	1
nct01891357	DB01259	single_arm_combination	1
nct01891643	DB00480	backbone	2
nct01891643	DB01234	backbone	2
nct01892644	DB01609	head_to_head	4
nct01893359	DB00140	investigational	3
nct01894984	DB00734	head_to_head	2
nct01897441	DB00997	investigational	6
nct01897441	DB01229	investigational	6
nct01897441	DB00531	investigational	6
nct01897454	DB00650	single_arm_combination	1
nct01897454	DB00544	single_arm_combination	1
nct01897454	DB00762	single_arm_combination	1
nct01897454	DB00441	single_arm_combination	1
nct01897714	DB01234	investigational	6
nct01898806	DB00620	investigational	4
nct01899326	DB01151	single_arm_combination	1
nct01900327	DB00441	backbone	2
nct01902862	DB00188	single_arm_combination	1
nct01902966	DB00571	investigational	1
nct01904253	DB01030	comparator	2
nct01904253	DB00432	unmatched	2
nct01904643	DB00480	single_arm_combination	1
nct01907009	DB01042	single_arm_combination	1
nct01907100	DB00642	backbone	2
nct01907594	DB00260	investigational	2
nct01907594	DB00184	backbone	2
nct01907815	DB08911	single_arm_combination	1
nct01908387	DB00928	investigational	1
nct01910389	DB00820	investigational	2
nct01910441	DB00222	comparator	2
nct01910441	DB04876	investigational	2
nct01910532	DB04920	investigational	1
nct01910844	DB00531	single_arm_combination	1
nct01911325	DB01248	backbone	3
nct01912625	DB01229	single_arm_combination	1
nct01912625	DB08911	single_arm_combination	1
nct01912872	DB01222	backbone	2
nct01912872	DB00983	backbone	2
nct01912963	DB08871	backbone	3
nct01913327	DB00734	comparator	2
nct01913327	DB01238	investigational	2
nct01913327	DB00745	backbone	2
nct01915264	DB00331	investigational	1
nct01916109	DB00441	single_arm_combination	1
nct01916200	DB00715	investigational	2
nct01918111	DB00640	comparator	2
nct01918761	DB00642	investigational	1
nct01919229	DB01006	backbone	3
nct01921751	DB01229	backbone	3
nct01921751	DB01101	investigational	3
nct01921751	DB00441	backbone	3
nct01922141	DB00381	backbone	3
nct01922141	DB00178	comparator	3
nct01923909	DB00443	comparator	2
nct01923909	DB00860	comparator	2
nct01923909	DB01234	comparator	2
nct01923909	DB00620	comparator	2
nct01923909	DB00959	comparator	2
nct01923909	DB00635	comparator	2
nct01924169	DB00480	single_arm_combination	1
nct01927484	DB00563	investigational	2
nct01927718	DB01041	single_arm_combination	1
nct01927718	DB00480	single_arm_combination	1
nct01927757	DB00563	single_arm_combination	1
nct01928160	DB00530	investigational	2
nct01928160	DB00642	backbone	2
nct01929317	DB00268	backbone	2
nct01929811	DB00331	investigational	2
nct01929811	DB01248	backbone	2
nct01929811	DB00445	backbone	2
nct01929811	DB00531	described_only	2
nct01929889	DB04946	investigational	1
nct01929941	DB01229	investigational	2
nct01929941	DB00441	investigational	2
nct01930292	DB01229	backbone	4
nct01932541	DB08815	investigational	1
nct01933061	DB01229	backbone	2
nct01934335	DB05294	investigational	2
nct01935908	DB01202	investigational	2
nct01935947	DB00928	investigational	3
nct01936974	DB00441	backbone	2
nct01937507	DB00544	unmatched	1
nct01938456	DB01248	single_arm_combination	1
nct01938456	DB08911	single_arm_combination	1
nct01938716	DB00441	investigational	1
nct01938833	DB01229	single_arm_combination	1
nct01939418	DB01590	single_arm_combination	1
nct01939418	DB00441	single_arm_combination	1
nct01939483	DB00762	investigational	1
nct01939990	DB04861	investigational	2
nct01940809	DB08912	investigational	8
nct01940809	DB08911	investigational	8
nct01941004	DB08868	backbone	2
nct01941550	DB06772	investigational	1
nct01941849	DB05294	investigational	1
nct01942187	DB01156	head_to_head	2
nct01942187	DB01238	head_to_head	2
nct01942993	DB08881	investigational	1
nct01943019	DB08882	investigational	1
nct01943058	DB00367	investigational	2
nct01943058	DB00351	investigational	2
nct01943188	DB00531	single_arm_combination	1
nct01944618	DB06292	investigational	1
nct01944657	DB00780	described_only	2
nct01944657	DB01104	described_only	2
nct01944657	DB00472	described_only	2
nct01944657	DB00370	described_only	2
nct01944657	DB01175	described_only	2
nct01944657	DB00176	described_only	2
nct01944657	DB00285	described_only	2
nct01944657	DB01156	described_only	2
nct01944657	DB00476	described_only	2
nct01944657	DB00540	described_only	2
nct01944657	DB00458	described_only	2
nct01944657	DB00215	described_only	2
nct01944657	DB01242	described_only	2
nct01944657	DB00715	described_only	2
nct01944943	DB08828	investigational	1
nct01946152	DB08910	single_arm_combination	1
nct01946152	DB01234	single_arm_combination	1
nct01946646	DB00441	described_only	1
nct01946880	DB00688	backbone	2
nct01946880	DB00635	backbone	2
nct01946880	DB01611	backbone	2
nct01947309	DB00480	investigational	1
nct01947699	DB01016	backbone	3
nct01949870	DB00441	single_arm_combination	1
nct01950585	DB01005	investigational	0
nct01952249	DB01229	backbone	2
nct01953406	DB00305	single_arm_combination	1
nct01953406	DB00544	single_arm_combination	1
nct01953445	DB01229	single_arm_combination	1
nct01953536	DB01229	mixed	3
nct01954732	DB00331	investigational	3
nct01954784	DB00188	single_arm_combination	1
nct01954784	DB00480	single_arm_combination	1
nct01956812	DB00441	backbone	2
nct01956864	DB00153	backbone	6
nct01957410	DB01221	investigational	2
nct01957644	DB00928	backbone	3
nct01958112	DB08911	single_arm_combination	1
nct01958580	DB01248	single_arm_combination	1
nct01958580	DB00441	single_arm_combination	1
nct01960153	DB00820	investigational	2
nct01960387	DB00987	single_arm_combination	1
nct01960387	DB00631	single_arm_combination	1
nct01961388	DB00331	head_to_head	2
nct01961453	DB01020	investigational	2
nct01962636	DB01073	single_arm_combination	1
nct01962636	DB00531	single_arm_combination	1
nct01962896	DB00530	single_arm_combination	1
nct01962896	DB00877	single_arm_combination	1
nct01962948	DB01229	backbone	4
nct01964755	DB01005	single_arm_combination	1
nct01964755	DB00563	single_arm_combination	1
nct01964755	DB00997	single_arm_combination	1
nct01964755	DB00495	single_arm_combination	1
nct01964755	DB00650	single_arm_combination	1
nct01965834	DB01039	investigational	1
nct01966575	DB00396	investigational	2
nct01966575	DB00882	described_only	2
nct01967875	DB01248	investigational	3
nct01967875	DB01101	backbone	3
nct01968590	DB00169	backbone	2
nct01969565	DB01234	single_arm_combination	1
nct01969565	DB08889	single_arm_combination	1
nct01969682	DB01045	single_arm_combination	1
nct01969942	DB01042	investigational	2
nct01969942	DB01008	investigational	2
nct01969942	DB01073	investigational	2
nct01969942	DB00531	unmatched	2
nct01978236	DB08912	backbone	2
nct01978236	DB08911	investigational	2
nct01979276	DB08910	single_arm_combination	1
nct01979276	DB01234	single_arm_combination	1
nct01980277	DB01229	investigational	1
nct01980810	DB01229	single_arm_combination	1
nct01980979	DB00374	investigational	1
nct01981668	DB06772	investigational	1
nct01981811	DB01238	investigational	1
nct01983462	DB00999	comparator	3
nct01983462	DB00575	investigational	3
nct01985477	DB00480	backbone	2
nct01985477	DB01234	investigational	2
nct01985477	DB00755	backbone	2
nct01985841	DB00544	single_arm_combination	1
nct01985841	DB01248	single_arm_combination	1
nct01985841	DB00445	single_arm_combination	1
nct01985841	DB00531	single_arm_combination	1
nct01985893	DB01101	described_only	2
nct01985893	DB01259	backbone	2
nct01988831	DB00571	investigational	2
nct01989052	DB01206	investigational	4
nct01990261	DB00530	investigational	1
nct01990352	DB00997	investigational	1
nct01991210	DB00997	unmatched	2
nct01995058	DB05812	backbone	4
nct01995344	DB01073	backbone	2
nct01995344	DB00531	backbone	2
nct01996696	DB00331	investigational	2
nct01997255	DB01590	investigational	1
nct01997775	DB00331	investigational	1
nct01997840	DB08910	investigational	1
nct01997840	DB01234	investigational	1
nct01998035	DB00928	backbone	7
nct01998347	DB01229	investigational	2
nct01999335	DB08910	backbone	5
nct01999335	DB01234	backbone	5
nct02002598	DB01234	single_arm_combination	1
nct02002598	DB08889	single_arm_combination	1
nct02003573	DB01262	single_arm_combination	1
nct02003768	DB01189	comparator	2
nct02003768	DB00818	investigational	2
nct02004184	DB00642	backbone	2
nct02008006	DB01042	investigational	1
nct02008006	DB00987	investigational	1
nct02008006	DB00773	investigational	1
nct02008019	DB01590	investigational	3
nct02008786	DB01098	investigational	2
nct02008786	DB00178	investigational	2
nct02010567	DB01101	backbone	2
nct02010645	DB01262	single_arm_combination	1
nct02010645	DB06210	single_arm_combination	1
nct02012192	DB01229	backbone	2
nct02012335	DB01221	investigational	2
nct02013375	DB00877	single_arm_combination	1
nct02013375	DB00531	single_arm_combination	1
nct02013453	DB00338	mixed	3
nct02013453	DB00544	backbone	3
nct02013453	DB01229	backbone	3
nct02013453	DB00642	backbone	3
nct02013778	DB01611	unmatched	1
nct02014831	DB01229	described_only	2
nct02014831	DB01181	described_only	2
nct02015650	DB00305	head_to_head	2
nct02015650	DB00544	head_to_head	2
nct02015910	DB01261	investigational	2
nct02017600	DB00544	single_arm_combination	1
nct02018523	DB00480	investigational	1
nct02019979	DB00331	investigational	1
nct02020941	DB01234	single_arm_combination	1
nct02020941	DB08889	single_arm_combination	1
nct02021201	DB00734	backbone	2
nct02021201	DB06144	backbone	2
nct02022358	DB00650	backbone	2
nct02022358	DB00563	backbone	2
nct02025218	DB00317	investigational	1
nct02025426	DB00388	head_to_head	2
nct02025426	DB01364	head_to_head	2
nct02026232	DB01611	investigational	2
nct02029417	DB01262	single_arm_combination	1
nct02029417	DB00987	single_arm_combination	1
nct02029417	DB04865	single_arm_combination	1
nct02029638	DB00531	single_arm_combination	1
nct02029638	DB01073	single_arm_combination	1
nct02029638	DB00959	single_arm_combination	1
nct02029638	DB00688	single_arm_combination	1
nct02029638	DB00635	single_arm_combination	1
nct02029690	DB00642	unmatched	1
nct02030184	DB01030	described_only	1
nct02030314	DB00310	investigational	1
nct02030483	DB00480	single_arm_combination	1
nct02030483	DB01234	single_arm_combination	1
nct02030574	DB00441	investigational	1
nct02031965	DB01234	single_arm_combination	1
nct02032927	DB00497	head_to_head	2
nct02032927	DB00318	head_to_head	2
nct02032927	DB00316	head_to_head	2
nct02032927	DB01183	head_to_head	2
nct02033538	DB01229	investigational	1
nct02034097	DB00530	investigational	3
nct02034968	DB01229	described_only	1
nct02035124	DB06772	single_arm_combination	1
nct02036502	DB00480	investigational	8
nct02036502	DB01234	backbone	8
nct02036502	DB08889	investigational	8
nct02037529	DB08871	investigational	2
nct02037529	DB01229	investigational	2
nct02038153	DB00480	investigational	1
nct02038816	DB00928	backbone	2
nct02038816	DB01609	investigational	2
nct02040311	DB00273	investigational	3
nct02041299	DB08826	investigational	2
nct02041299	DB00746	comparator	2
nct02041819	DB01229	described_only	1
nct02042495	DB00331	investigational	1
nct02042950	DB08889	investigational	1
nct02043587	DB01254	single_arm_combination	1
nct02043587	DB00531	single_arm_combination	1
nct02043587	DB00741	single_arm_combination	1
nct02043587	DB00773	single_arm_combination	1
nct02043587	DB00987	single_arm_combination	1
nct02043587	DB01033	described_only	1
nct02043587	DB00563	single_arm_combination	1
nct02043587	DB00635	single_arm_combination	1
nct02043587	DB00694	single_arm_combination	1
nct02043860	DB01042	single_arm_combination	1
nct02044601	DB00530	investigational	2
nct02044601	DB01229	backbone	2
nct02046187	DB00853	investigational	1
nct02046551	DB00289	investigational	2
nct02047019	DB01115	backbone	3
nct02047019	DB00796	backbone	3
nct02047149	DB01254	single_arm_combination	1
nct02047149	DB00744	single_arm_combination	1
nct02047500	DB01229	single_arm_combination	1
nct02047500	DB00441	single_arm_combination	1
nct02047552	DB00621	mixed	4
nct02047630	DB00654	backbone	2
nct02048085	DB00758	comparator	2
nct02048085	DB08816	investigational	2
nct02048904	DB01261	investigational	2
nct02048943	DB01229	single_arm_combination	1
nct02048943	DB00441	single_arm_combination	1
nct02049385	DB01119	investigational	2
nct02049736	DB01265	investigational	1
nct02049801	DB01177	single_arm_combination	1
nct02049801	DB00987	single_arm_combination	1
nct02050009	DB00331	single_arm_combination	1
nct02050009	DB01229	single_arm_combination	1
nct02050321	DB08881	single_arm_combination	1
nct02050321	DB00459	single_arm_combination	1
nct02052193	DB08912	backbone	2
nct02052193	DB08881	backbone	2
nct02053246	DB04861	investigational	1
nct02053545	DB00531	described_only	1
nct02053597	DB00997	single_arm_combination	1
nct02053597	DB01229	single_arm_combination	1
nct02053727	DB00442	unmatched	2
nct02054104	DB00482	investigational	2
nct02054104	DB00531	investigational	2
nct02054338	DB00441	backbone	2
nct02054949	DB06151	investigational	1
nct02055170	DB01216	investigational	1
nct02055690	DB06589	backbone	2
nct02055963	DB01017	investigational	2
nct02057770	DB01008	investigational	2
nct02057770	DB00531	investigational	2
nct02058108	DB01265	investigational	2
nct02059265	DB01254	investigational	1
nct02059850	DB00531	single_arm_combination	1
nct02059967	DB01229	single_arm_combination	1
nct02060487	DB00203	backbone	3
nct02061163	DB00556	investigational	1
nct02063945	DB00734	head_to_head	2
nct02063945	DB00422	head_to_head	2
nct02065323	DB00624	described_only	2
nct02065336	DB00442	mixed	13
nct02065466	DB00853	single_arm_combination	1
nct02065466	DB01229	single_arm_combination	1
nct02066311	DB00220	investigational	1
nct02067884	DB00556	investigational	1
nct02068079	DB08881	investigational	1
nct02069080	DB06809	investigational	1
nct02071641	DB01268	investigational	1
nct02072096	DB08882	backbone	2
nct02072096	DB01132	backbone	2
nct02072096	DB00331	backbone	2
nct02072096	DB00222	comparator	2
nct02072096	DB01261	backbone	2
nct02074878	DB08865	backbone	3
nct02074878	DB01268	backbone	3
nct02075021	DB01229	single_arm_combination	1
nct02075021	DB00480	single_arm_combination	1
nct02075047	DB00246	investigational	2
nct02076594	DB01101	backbone	2
nct02076594	DB01248	investigational	2
nct02076594	DB00445	investigational	2
nct02077309	DB08882	investigational	2
nct02077959	DB00480	single_arm_combination	1
nct02078960	DB04865	investigational	1
nct02080078	DB00530	backbone	2
nct02080078	DB00277	backbone	2
nct02080195	DB00688	single_arm_combination	1
nct02080195	DB00864	single_arm_combination	1
nct02080195	DB01073	single_arm_combination	1
nct02080195	DB00531	single_arm_combination	1
nct02080416	DB00220	investigational	1
nct02081690	DB08932	investigational	1
nct02082405	DB00188	single_arm_combination	1
nct02082405	DB01234	single_arm_combination	1
nct02082405	DB00531	single_arm_combination	1
nct02082626	DB08871	investigational	1
nct02083536	DB01248	investigational	1
nct02085265	DB00790	comparator	2
nct02085265	DB00966	investigational	2
nct02085304	DB00853	backbone	2
nct02085304	DB00262	backbone	2
nct02086487	DB04868	investigational	1
nct02086591	DB00254	investigational	1
nct02087085	DB00484	investigational	2
nct02087176	DB01248	unmatched	2
nct02087241	DB00642	backbone	2
nct02088060	DB00334	comparator	3
nct02089334	DB01590	described_only	1
nct02089386	DB00675	investigational	1
nct02089802	DB06589	investigational	1
nct02090998	DB00321	backbone	2
nct02090998	DB00281	backbone	2
nct02091752	DB08877	investigational	1
nct02093962	DB00642	backbone	2
nct02095184	DB01006	backbone	6
nct02095184	DB01217	backbone	6
nct02095717	DB01248	backbone	2
nct02095782	DB00530	investigational	1
nct02095782	DB01229	investigational	1
nct02095847	DB01123	investigational	1
nct02096042	DB00928	investigational	2
nct02096133	DB00169	investigational	2
nct02097225	DB08912	backbone	5
nct02097225	DB08911	backbone	5
nct02098499	DB01075	backbone	2
nct02098499	DB01233	head_to_head	2
nct02098499	DB00502	head_to_head	2
nct02100891	DB00531	unmatched	1
nct02100891	DB01073	unmatched	1
nct02100891	DB00864	unmatched	1
nct02100891	DB00688	unmatched	1
nct02100891	DB00877	unmatched	1
nct02101021	DB01229	backbone	2
nct02101021	DB00441	backbone	2
nct02102022	DB00544	investigational	1
nct02102243	DB00556	backbone	2
nct02102438	DB01229	single_arm_combination	1
nct02102594	DB00188	investigational	1
nct02103465	DB05271	investigational	2
nct02105116	DB00987	single_arm_combination	1
nct02105623	DB01098	investigational	2
nct02106871	DB00203	backbone	2
nct02108743	DB01001	investigational	2
nct02108951	DB04868	investigational	1
nct02109315	DB00126	unmatched	2
nct02109445	DB01229	backbone	3
nct02109445	DB00441	backbone	3
nct02109627	DB00987	single_arm_combination	1
nct02110992	DB01248	investigational	1
nct02111096	DB01261	comparator	3
nct02111863	DB01073	single_arm_combination	1
nct02111863	DB00531	single_arm_combination	1
nct02112045	DB01042	backbone	2
nct02112552	DB01229	single_arm_combination	1
nct02113007	DB00853	investigational	1
nct02113826	DB06589	investigational	1
nct02114502	DB01234	single_arm_combination	1
nct02114502	DB00441	single_arm_combination	1
nct02114502	DB01042	single_arm_combination	1
nct02114502	DB02546	single_arm_combination	1
nct02114502	DB01008	single_arm_combination	1
nct02114502	DB08889	single_arm_combination	1
nct02115035	DB08881	investigational	1
nct02115048	DB01006	backbone	2
nct02115048	DB08916	investigational	2
nct02115386	DB04868	investigational	1
nct02115464	DB00331	investigational	2
nct02115594	DB00947	backbone	2
nct02115672	DB00619	described_only	1
nct02116959	DB01042	backbone	2
nct02116959	DB00773	backbone	2
nct02117024	DB00531	investigational	2
nct02117076	DB00996	backbone	2
nct02117479	DB08877	investigational	2
nct02117479	DB01101	backbone	2
nct02117817	DB01229	single_arm_combination	1
nct02119650	DB08877	investigational	2
nct02119650	DB00642	backbone	2
nct02119663	DB08877	investigational	2
nct02119663	DB01101	backbone	2
nct02120339	DB01136	investigational	1
nct02120417	DB08877	investigational	2
nct02120417	DB01101	backbone	2
nct02121405	DB01101	backbone	2
nct02122003	DB00398	investigational	1
nct02124369	DB01229	single_arm_combination	1
nct02124369	DB00441	single_arm_combination	1
nct02124902	DB01248	backbone	2
nct02125617	DB05812	single_arm_combination	1
nct02126527	DB00877	single_arm_combination	1
nct02127372	DB01248	no_arm_data	0
nct02127372	DB00619	no_arm_data	0
nct02127697	DB00986	investigational	2
nct02127905	DB01073	unmatched	1
nct02127905	DB00531	unmatched	1
nct02128230	DB00480	single_arm_combination	1
nct02128230	DB01234	single_arm_combination	1
nct02128230	DB01042	single_arm_combination	1
nct02128230	DB01041	single_arm_combination	1
nct02128230	DB08889	single_arm_combination	1
nct02129166	DB01254	backbone	2
nct02129166	DB00619	investigational	2
nct02131155	DB08916	investigational	2
nct02131506	DB00997	investigational	1
nct02131506	DB01259	investigational	1
nct02132403	DB00441	single_arm_combination	1
nct02133885	DB01017	investigational	2
nct02134015	DB00530	backbone	2
nct02134366	DB00349	backbone	3
nct02134886	DB00530	investigational	1
nct02134912	DB08865	investigational	2
nct02134912	DB00642	backbone	2
nct02137096	DB01181	single_arm_combination	1
nct02137265	DB00882	investigational	2
nct02137343	DB01101	backbone	2
nct02137837	DB00947	backbone	3
nct02137837	DB01217	investigational	3
nct02137837	DB01590	investigational	3
nct02138838	DB01012	investigational	2
nct02140437	DB00947	investigational	2
nct02140437	DB01217	backbone	2
nct02140788	DB00331	head_to_head	4
nct02140788	DB00159	unmatched	4
nct02140840	DB08911	investigational	0
nct02141100	DB00352	investigational	1
nct02141477	DB01262	single_arm_combination	1
nct02141477	DB04865	single_arm_combination	1
nct02143050	DB00331	single_arm_combination	1
nct02143050	DB08912	single_arm_combination	1
nct02143050	DB08911	single_arm_combination	1
nct02144012	DB01248	comparator	2
nct02145078	DB01248	single_arm_combination	1
nct02145078	DB00642	single_arm_combination	1
nct02145078	DB00441	single_arm_combination	1
nct02145598	DB00480	investigational	2
nct02145910	DB08881	backbone	2
nct02146846	DB00619	investigational	1
nct02147132	DB00184	backbone	4
nct02147873	DB00928	backbone	2
nct02147964	DB00624	backbone	4
nct02147964	DB01026	investigational	4
nct02147964	DB01126	investigational	4
nct02150447	DB00448	investigational	2
nct02150473	DB00563	unmatched	2
nct02153645	DB00915	investigational	3
nct02153905	DB01073	backbone	2
nct02153905	DB00531	backbone	2
nct02155634	DB00480	investigational	2
nct02157116	DB01248	single_arm_combination	1
nct02158936	DB00928	backbone	2
nct02158936	DB06210	investigational	2
nct02159040	DB00928	backbone	2
nct02159040	DB01609	investigational	2
nct02159248	DB00441	investigational	1
nct02159690	DB08899	no_arm_data	0
nct02159690	DB06699	no_arm_data	0
nct02159690	DB01126	no_arm_data	0
nct02162537	DB00642	backbone	2
nct02162979	DB00203	investigational	2
nct02166658	DB06772	investigational	1
nct02168062	DB00014	backbone	2
nct02168270	DB00853	investigational	1
nct02168270	DB00126	investigational	1
nct02168530	DB08828	investigational	2
nct02168777	DB08896	backbone	3
nct02169284	DB00530	investigational	2
nct02170519	DB01088	backbone	2
nct02172508	DB01409	investigational	2
nct02174094	DB00349	investigational	2
nct02174328	DB00945	investigational	2
nct02174445	DB04868	comparator	2
nct02174445	DB00619	investigational	2
nct02176187	DB00332	described_only	2
nct02176187	DB01288	backbone	2
nct02176200	DB01288	backbone	2
nct02177370	DB01288	investigational	2
nct02177812	DB00755	backbone	2
nct02177825	DB00619	investigational	1
nct02178397	DB00530	investigational	2
nct02178566	DB00374	backbone	2
nct02179567	DB01248	single_arm_combination	1
nct02181790	DB00459	backbone	2
nct02182622	DB01248	backbone	4
nct02182622	DB00635	backbone	4
nct02182700	DB00332	investigational	1
nct02182700	DB01001	investigational	1
nct02182869	DB00332	investigational	2
nct02182869	DB01001	backbone	2
nct02183805	DB01229	investigational	1
nct02183805	DB00531	investigational	1
nct02185547	DB01104	investigational	2
nct02186301	DB00530	comparator	2
nct02187809	DB00349	investigational	1
nct02188368	DB08910	backbone	3
nct02188368	DB01234	investigational	3
nct02188368	DB00531	investigational	3
nct02188368	DB00188	investigational	3
nct02188368	DB00959	investigational	3
nct02188368	DB00997	unmatched	3
nct02188368	DB00635	investigational	3
nct02188368	DB08889	investigational	3
nct02189915	DB00148	investigational	1
nct02190838	DB00331	investigational	3
nct02190838	DB00851	backbone	3
nct02190838	DB01065	investigational	3
nct02191748	DB00620	investigational	3
nct02193152	DB06589	investigational	1
nct02194374	DB01073	single_arm_combination	1
nct02194374	DB00531	single_arm_combination	1
nct02196259	DB01221	backbone	3
nct02197286	DB00169	investigational	2
nct02198482	DB00987	backbone	3
nct02198482	DB00694	backbone	3
nct02199041	DB00531	single_arm_combination	1
nct02199041	DB01073	single_arm_combination	1
nct02199041	DB01042	single_arm_combination	1
nct02199041	DB00864	single_arm_combination	1
nct02199041	DB04572	single_arm_combination	1
nct02199041	DB00959	single_arm_combination	1
nct02199041	DB00688	single_arm_combination	1
nct02200354	DB00642	investigational	1
nct02200380	DB06809	investigational	2
nct02200562	DB08912	investigational	1
nct02200848	DB00480	investigational	1
nct02202304	DB00878	backbone	2
nct02203474	DB01409	mixed	5
nct02203773	DB01262	investigational	3
nct02203773	DB00928	investigational	3
nct02204020	DB00928	investigational	1
nct02204345	DB01229	single_arm_combination	1
nct02204722	DB00619	backbone	2
nct02205463	DB00650	described_only	1
nct02205463	DB00544	described_only	1
nct02206763	DB00530	single_arm_combination	1
nct02207309	DB06589	investigational	2
nct02208310	DB00169	backbone	2
nct02209545	DB00929	investigational	2
nct02212015	DB01229	investigational	1
nct02212015	DB06589	investigational	1
nct02213042	DB01259	head_to_head	3
nct02214095	DB01296	investigational	2
nct02215044	DB00441	single_arm_combination	1
nct02215876	DB00997	single_arm_combination	1
nct02215876	DB08871	single_arm_combination	1
nct02215876	DB00531	single_arm_combination	1
nct02217007	DB00659	investigational	1
nct02217982	DB00836	investigational	2
nct02218762	DB00938	backbone	2
nct02218762	DB00588	backbone	2
nct02220088	DB00398	comparator	2
nct02220634	DB06213	investigational	1
nct02222207	DB08896	investigational	8
nct02223299	DB00150	investigational	2
nct02223299	DB00135	investigational	2
nct02223312	DB00531	described_only	1
nct02225275	DB00480	single_arm_combination	1
nct02225574	DB04868	backbone	2
nct02227914	DB00398	backbone	2
nct02228382	DB06616	investigational	1
nct02228512	DB08910	backbone	3
nct02228512	DB00531	backbone	3
nct02228512	DB00773	backbone	3
nct02228512	DB00997	backbone	3
nct02228512	DB00635	backbone	3
nct02229149	DB01229	backbone	2
nct02229149	DB01248	backbone	2
nct02229149	DB00361	backbone	2
nct02229149	DB01101	backbone	2
nct02229266	DB00987	comparator	2
nct02231164	DB01248	backbone	2
nct02234037	DB01262	investigational	1
nct02234180	DB08896	investigational	2
nct02234752	DB00674	single_arm_combination	1
nct02234752	DB01043	single_arm_combination	1
nct02235428	DB00332	investigational	2
nct02235428	DB01001	backbone	2
nct02235740	DB08889	backbone	5
nct02236572	DB01590	investigational	1
nct02238977	DB01156	investigational	2
nct02238977	DB00472	comparator	2
nct02240108	DB01220	investigational	2
nct02240121	DB01220	investigational	2
nct02240641	DB00264	single_arm_combination	1
nct02240641	DB01136	single_arm_combination	1
nct02240641	DB00571	single_arm_combination	1
nct02240641	DB00612	single_arm_combination	1
nct02241551	DB00650	investigational	2
nct02241551	DB00544	investigational	2
nct02241551	DB01229	investigational	2
nct02241551	DB00441	investigational	2
nct02241720	DB08896	investigational	1
nct02242409	DB01229	investigational	1
nct02242409	DB00441	investigational	1
nct02242812	DB00264	comparator	2
nct02242812	DB00966	investigational	2
nct02243007	DB00544	backbone	2
nct02243007	DB00441	investigational	2
nct02243007	DB00762	investigational	2
nct02243007	DB01229	investigational	2
nct02243007	DB01101	backbone	2
nct02243007	DB00650	investigational	2
nct02243124	DB01234	backbone	3
nct02244164	DB01261	head_to_head	3
nct02244164	DB08882	head_to_head	3
nct02244164	DB06335	head_to_head	3
nct02244164	DB04876	head_to_head	3
nct02244489	DB01101	backbone	2
nct02246920	DB00588	mixed	3
nct02247986	DB00422	investigational	0
nct02250794	DB00331	investigational	2
nct02250794	DB01261	investigational	2
nct02252796	DB01229	backbone	2
nct02252978	DB00537	investigational	2
nct02253394	DB00421	investigational	2
nct02254239	DB01590	single_arm_combination	1
nct02254551	DB00188	single_arm_combination	1
nct02254681	DB00441	single_arm_combination	1
nct02254954	DB00853	investigational	1
nct02254954	DB08932	investigational	1
nct02255110	DB00997	single_arm_combination	1
nct02255162	DB00987	single_arm_combination	1
nct02255162	DB00480	single_arm_combination	1
nct02256982	DB00441	backbone	2
nct02257619	DB01248	single_arm_combination	1
nct02258464	DB08913	investigational	2
nct02258581	DB00300	no_arm_data	0
nct02258607	DB08911	backbone	3
nct02259348	DB01042	single_arm_combination	1
nct02259348	DB04572	single_arm_combination	1
nct02259348	DB01073	single_arm_combination	1
nct02259348	DB00531	single_arm_combination	1
nct02261805	DB00997	backbone	3
nct02262702	DB00316	backbone	2
nct02263235	DB00149	investigational	3
nct02267707	DB01229	backbone	2
nct02267707	DB00441	backbone	2
nct02269085	DB08889	single_arm_combination	1
nct02269579	DB00987	investigational	1
nct02269579	DB00694	investigational	1
nct02269670	DB00947	single_arm_combination	1
nct02269670	DB01006	single_arm_combination	1
nct02269670	DB00351	single_arm_combination	1
nct02269670	DB00675	single_arm_combination	1
nct02269670	DB01590	single_arm_combination	1
nct02269670	DB01217	single_arm_combination	1
nct02270827	DB00741	no_arm_data	0
nct02270827	DB01223	no_arm_data	0
nct02270827	DB00277	no_arm_data	0
nct02271906	DB08916	investigational	1
nct02272699	DB01229	investigational	3
nct02272868	DB00338	backbone	2
nct02272868	DB01220	backbone	2
nct02274012	DB01229	single_arm_combination	1
nct02274012	DB08916	single_arm_combination	1
nct02274506	DB01073	single_arm_combination	1
nct02274506	DB00531	single_arm_combination	1
nct02275481	DB01409	comparator	2
nct02275481	DB01274	investigational	2
nct02275806	DB00762	single_arm_combination	1
nct02276560	DB01229	investigational	3
nct02276560	DB00642	comparator	3
nct02276560	DB00441	comparator	3
nct02277457	DB08865	investigational	2
nct02277457	DB00530	investigational	2
nct02278783	DB08896	investigational	1
nct02279576	DB01229	single_arm_combination	1
nct02279576	DB06589	single_arm_combination	1
nct02279992	DB00862	investigational	2
nct02281279	DB00480	single_arm_combination	1
nct02281799	DB01033	investigational	1
nct02281799	DB00993	investigational	1
nct02283359	DB00762	single_arm_combination	1
nct02284737	DB00203	backbone	2
nct02285543	DB00544	described_only	2
nct02285543	DB01248	described_only	2
nct02285855	DB00331	investigational	2
nct02286206	DB00363	investigational	1
nct02288507	DB00398	investigational	1
nct02288897	DB00853	comparator	2
nct02288897	DB00851	comparator	2
nct02289222	DB08910	single_arm_combination	1
nct02289222	DB01234	single_arm_combination	1
nct02290717	DB00588	investigational	3
nct02292706	DB08934	head_to_head	8
nct02292706	DB00811	head_to_head	8
nct02293096	DB00264	single_arm_combination	1
nct02294357	DB08910	investigational	5
nct02294357	DB01234	investigational	5
nct02294357	DB00480	investigational	5
nct02294357	DB08889	backbone	5
nct02295722	DB01042	single_arm_combination	1
nct02295722	DB00441	single_arm_combination	1
nct02296346	DB00553	described_only	2
nct02296671	DB00650	investigational	2
nct02296671	DB00544	investigational	2
nct02296671	DB00642	backbone	2
nct02297230	DB01229	investigational	4
nct02297230	DB01101	investigational	4
nct02299115	DB01080	comparator	2
nct02299115	DB00860	investigational	2
nct02299765	DB00317	backbone	2
nct02299765	DB00441	investigational	2
nct02300935	DB01229	single_arm_combination	1
nct02300935	DB08911	single_arm_combination	1
nct02301494	DB00724	investigational	2
nct02301494	DB01047	investigational	2
nct02302508	DB08816	backbone	4
nct02302508	DB06209	backbone	4
nct02302508	DB00758	backbone	4
nct02303405	DB01611	investigational	2
nct02303405	DB01132	comparator	2
nct02303782	DB00928	backbone	2
nct02303951	DB08881	single_arm_combination	1
nct02305056	DB00161	investigational	1
nct02305563	DB00987	backbone	4
nct02307474	DB06589	investigational	1
nct02310997	DB01042	investigational	2
nct02310997	DB01008	investigational	2
nct02310997	DB01073	investigational	2
nct02310997	DB00531	backbone	2
nct02312804	DB01229	backbone	2
nct02314143	DB08912	backbone	3
nct02314143	DB08911	backbone	3
nct02317263	DB00624	investigational	2
nct02317276	DB00620	investigational	1
nct02318368	DB00530	backbone	2
nct02319200	DB00331	investigational	2
nct02319304	DB00650	investigational	1
nct02319304	DB00544	investigational	1
nct02319369	DB00928	investigational	5
nct02319889	DB01229	single_arm_combination	1
nct02322281	DB01229	comparator	3
nct02322281	DB01248	comparator	3
nct02322281	DB00642	comparator	3
nct02322281	DB00441	comparator	3
nct02322814	DB01229	backbone	4
nct02322853	DB00675	backbone	2
nct02323230	DB00531	single_arm_combination	1
nct02323659	DB00563	head_to_head	2
nct02323906	DB00398	single_arm_combination	1
nct02324699	DB00635	investigational	2
nct02326285	DB01248	single_arm_combination	1
nct02326285	DB00317	single_arm_combination	1
nct02326779	DB00945	investigational	2
nct02329795	DB00853	investigational	1
nct02331251	DB00441	investigational	6
nct02331251	DB00762	investigational	6
nct02331251	DB01229	investigational	6
nct02331251	DB00361	investigational	6
nct02331251	DB00997	investigational	6
nct02331251	DB01248	investigational	6
nct02332889	DB01262	single_arm_combination	1
nct02333162	DB01042	single_arm_combination	1
nct02333344	DB00399	investigational	2
nct02336048	DB00291	backbone	2
nct02336308	DB01221	investigational	2
nct02338570	DB01590	investigational	1
nct02340156	DB00853	single_arm_combination	1
nct02340221	DB00947	backbone	2
nct02341209	DB00254	investigational	1
nct02341495	DB00169	single_arm_combination	1
nct02341495	DB00928	single_arm_combination	1
nct02341495	DB01609	single_arm_combination	1
nct02342353	DB00530	backbone	2
nct02342704	DB08868	comparator	2
nct02343549	DB00853	single_arm_combination	1
nct02343666	DB06809	single_arm_combination	1
nct02343666	DB00262	single_arm_combination	1
nct02343939	DB01262	investigational	3
nct02343939	DB00987	investigational	3
nct02343939	DB00928	investigational	3
nct02343939	DB00694	investigational	3
nct02344810	DB00650	backbone	2
nct02344810	DB00544	backbone	2
nct02345460	DB00762	single_arm_combination	1
nct02345460	DB00544	single_arm_combination	1
nct02345460	DB00650	single_arm_combination	1
nct02345772	DB00947	single_arm_combination	1
nct02345772	DB01248	single_arm_combination	1
nct02346370	DB01248	single_arm_combination	1
nct02347163	DB00399	investigational	1
nct02348255	DB00262	single_arm_combination	1
nct02348281	DB01128	investigational	1
nct02348398	DB01030	single_arm_combination	1
nct02348398	DB06589	single_arm_combination	1
nct02349126	DB00442	unmatched	1
nct02349178	DB00531	single_arm_combination	1
nct02349178	DB00773	single_arm_combination	1
nct02349178	DB00631	single_arm_combination	1
nct02349386	DB00783	investigational	4
nct02351037	DB00987	investigational	3
nct02351037	DB00928	investigational	3
nct02351869	DB00683	comparator	2
nct02352831	DB01101	backbone	2
nct02353468	DB00188	single_arm_combination	1
nct02353468	DB00480	single_arm_combination	1
nct02353468	DB01234	single_arm_combination	1
nct02353572	DB00188	single_arm_combination	1
nct02353572	DB01042	single_arm_combination	1
nct02353741	DB00530	investigational	1
nct02353741	DB00317	described_only	1
nct02354547	DB01030	single_arm_combination	1
nct02354547	DB00531	single_arm_combination	1
nct02355431	DB00530	backbone	2
nct02356458	DB00188	single_arm_combination	1
nct02356640	DB00297	unmatched	2
nct02356640	DB01002	head_to_head	2
nct02357004	DB00310	investigational	2
nct02357004	DB01136	investigational	2
nct02357147	DB00642	backbone	2
nct02357277	DB01222	investigational	3
nct02357732	DB08912	investigational	3
nct02357732	DB08911	investigational	3
nct02358200	DB01229	single_arm_combination	1
nct02365233	DB00331	described_only	3
nct02365233	DB01132	head_to_head	3
nct02366819	DB00762	single_arm_combination	1
nct02366819	DB00544	single_arm_combination	1
nct02366819	DB00650	single_arm_combination	1
nct02367352	DB01229	backbone	3
nct02367651	DB06589	investigational	2
nct02368431	DB00909	investigational	2
nct02369744	DB00706	head_to_head	2
nct02369744	DB06207	head_to_head	2
nct02370888	DB00480	investigational	1
nct02371577	DB00480	investigational	1
nct02371590	DB00480	single_arm_combination	1
nct02372240	DB01234	investigational	1
nct02372695	DB00910	investigational	2
nct02373241	DB00678	backbone	2
nct02373865	DB00222	comparator	2
nct02373865	DB01261	investigational	2
nct02374099	DB00947	backbone	2
nct02374099	DB00928	investigational	2
nct02376699	DB01229	investigational	6
nct02376699	DB00441	investigational	6
nct02378142	DB06589	investigational	1
nct02378415	DB01221	investigational	2
nct02379390	DB06772	investigational	2
nct02379390	DB08899	comparator	2
nct02379585	DB00997	head_to_head	2
nct02379585	DB01229	backbone	2
nct02379585	DB01248	backbone	2
nct02379585	DB00531	head_to_head	2
nct02380313	DB08899	investigational	10
nct02380313	DB05812	investigational	10
nct02381600	DB00153	investigational	1
nct02382406	DB01229	backbone	2
nct02383433	DB08896	single_arm_combination	1
nct02383433	DB00441	single_arm_combination	1
nct02384746	DB00947	single_arm_combination	1
nct02386111	DB01268	investigational	1
nct02386735	DB00635	comparator	2
nct02387164	DB00169	backbone	2
nct02387216	DB01248	backbone	2
nct02389543	DB00480	backbone	2
nct02389543	DB01234	backbone	2
nct02389712	DB00472	head_to_head	2
nct02389712	DB00555	head_to_head	2
nct02389985	DB01229	backbone	2
nct02390284	DB00373	investigational	3
nct02390284	DB00819	investigational	3
nct02390284	DB00654	investigational	3
nct02390284	DB00703	investigational	3
nct02390284	DB00905	investigational	3
nct02390284	DB00287	investigational	3
nct02390284	DB01194	investigational	3
nct02390284	DB00869	investigational	3
nct02390739	DB01073	single_arm_combination	1
nct02390739	DB00531	single_arm_combination	1
nct02392286	DB00443	backbone	2
nct02392286	DB00860	backbone	2
nct02392286	DB01234	backbone	2
nct02392286	DB00620	backbone	2
nct02392286	DB00959	backbone	2
nct02392286	DB00635	backbone	2
nct02392377	DB00650	investigational	2
nct02392377	DB00544	investigational	2
nct02392377	DB01229	investigational	2
nct02393209	DB01248	backbone	4
nct02394665	DB00853	backbone	2
nct02395627	DB02546	backbone	3
nct02395627	DB00675	investigational	3
nct02395692	DB00853	single_arm_combination	1
nct02398136	DB00683	comparator	2
nct02398136	DB01221	investigational	2
nct02398825	DB08901	investigational	1
nct02399800	DB00620	investigational	2
nct02399800	DB00297	investigational	2
nct02399852	DB08827	investigational	0
nct02399917	DB00928	backbone	3
nct02400242	DB08910	single_arm_combination	1
nct02400242	DB01234	single_arm_combination	1
nct02400385	DB01268	single_arm_combination	1
nct02402348	DB00331	investigational	1
nct02402725	DB01234	investigational	1
nct02403895	DB01229	single_arm_combination	1
nct02404220	DB01234	backbone	4
nct02404363	DB00758	investigational	2
nct02404506	DB08871	investigational	1
nct02405585	DB00650	single_arm_combination	1
nct02405585	DB00544	single_arm_combination	1
nct02405585	DB00441	single_arm_combination	1
nct02405793	DB00814	backbone	3
nct02405910	DB01229	backbone	2
nct02405910	DB00441	backbone	2
nct02406508	DB01042	investigational	1
nct02406508	DB00398	investigational	1
nct02407821	DB01175	investigational	2
nct02408042	DB00773	head_to_head	3
nct02408042	DB01181	head_to_head	3
nct02409238	DB00331	investigational	2
nct02409355	DB00441	comparator	2
nct02410005	DB00136	investigational	2
nct02410005	DB00678	backbone	2
nct02410551	DB01008	single_arm_combination	1
nct02410551	DB01073	single_arm_combination	1
nct02410590	DB00728	investigational	2
nct02410590	DB00565	comparator	2
nct02410590	DB00572	comparator	2
nct02410590	DB00202	comparator	2
nct02410590	DB01400	comparator	2
nct02410863	DB08912	backbone	2
nct02410863	DB08911	backbone	2
nct02412371	DB01229	backbone	4
nct02412475	DB01262	single_arm_combination	1
nct02412475	DB00987	single_arm_combination	1
nct02412475	DB01073	single_arm_combination	1
nct02412475	DB02546	single_arm_combination	1
nct02414165	DB01099	investigational	2
nct02414724	DB00441	single_arm_combination	1
nct02414750	DB08881	investigational	1
nct02414776	DB01611	investigational	1
nct02415036	DB01042	backbone	2
nct02416102	DB00678	backbone	3
nct02416570	DB01211	investigational	2
nct02418702	DB01221	investigational	2
nct02419170	DB00531	single_arm_combination	1
nct02419469	DB01234	single_arm_combination	1
nct02419469	DB00531	single_arm_combination	1
nct02419469	DB00987	single_arm_combination	1
nct02419469	DB01033	single_arm_combination	1
nct02419469	DB00563	single_arm_combination	1
nct02419469	DB00352	single_arm_combination	1
nct02419469	DB00997	single_arm_combination	1
nct02419469	DB00635	single_arm_combination	1
nct02419469	DB00694	single_arm_combination	1
nct02419755	DB00188	backbone	2
nct02419755	DB02546	backbone	2
nct02420210	DB01234	single_arm_combination	1
nct02420509	DB00650	investigational	1
nct02420509	DB00544	investigational	1
nct02420509	DB01101	investigational	1
nct02420652	DB00331	investigational	2
nct02420652	DB00945	investigational	2
nct02420717	DB01254	investigational	3
nct02420717	DB08877	investigational	3
nct02421575	DB01611	backbone	3
nct02421926	DB01254	investigational	1
nct02421926	DB04868	investigational	1
nct02421926	DB00619	investigational	1
nct02422303	DB01221	investigational	2
nct02422368	DB00959	backbone	2
nct02422446	DB00159	investigational	2
nct02423083	DB00629	investigational	1
nct02425306	DB00531	investigational	4
nct02427893	DB08881	backbone	2
nct02428764	DB00441	single_arm_combination	1
nct02429804	DB08913	described_only	1
nct02432378	DB01229	unmatched	2
nct02432378	DB00482	backbone	2
nct02432417	DB00608	investigational	2
nct02433483	DB00741	single_arm_combination	1
nct02433483	DB00987	single_arm_combination	1
nct02433483	DB00563	single_arm_combination	1
nct02433535	DB00641	investigational	2
nct02435303	DB00203	investigational	2
nct02435836	DB01238	investigational	1
nct02436135	DB08877	backbone	4
nct02436512	DB00435	investigational	1
nct02438007	DB08899	comparator	2
nct02438852	DB00296	investigational	2
nct02440568	DB04865	backbone	4
nct02441270	DB00531	investigational	1
nct02441309	DB01181	investigational	3
nct02441491	DB00531	investigational	1
nct02441517	DB08899	investigational	1
nct02444364	DB01261	investigational	1
nct02444728	DB00959	backbone	2
nct02444728	DB00993	head_to_head	2
nct02444728	DB01611	backbone	2
nct02444728	DB00531	head_to_head	2
nct02446145	DB01262	described_only	2
nct02446145	DB00928	described_only	2
nct02446145	DB06210	investigational	2
nct02446652	DB01275	investigational	2
nct02446652	DB01229	backbone	2
nct02446652	DB00313	described_only	2
nct02447055	DB01042	single_arm_combination	1
nct02447055	DB01073	single_arm_combination	1
nct02447939	DB08912	single_arm_combination	1
nct02447939	DB08911	single_arm_combination	1
nct02448095	DB08901	investigational	1
nct02449655	DB01229	backbone	2
nct02450201	DB00119	backbone	2
nct02451540	DB01656	investigational	2
nct02451865	DB01248	single_arm_combination	1
nct02452528	DB00442	backbone	2
nct02452983	DB01104	investigational	1
nct02455362	DB00295	investigational	12
nct02457910	DB08899	backbone	7
nct02458482	DB00332	comparator	2
nct02458482	DB01001	comparator	2
nct02460367	DB01248	single_arm_combination	1
nct02460991	DB00997	described_only	2
nct02460991	DB00398	comparator	2
nct02462473	DB01267	backbone	3
nct02462473	DB01238	backbone	3
nct02462473	DB01224	backbone	3
nct02462473	DB00334	backbone	3
nct02462473	DB00734	backbone	3
nct02462525	DB08910	investigational	2
nct02462538	DB00619	single_arm_combination	1
nct02463305	DB00148	investigational	3
nct02465138	DB00465	investigational	2
nct02465593	DB00544	single_arm_combination	1
nct02465593	DB01101	single_arm_combination	1
nct02465983	DB00531	single_arm_combination	1
nct02466074	DB00819	investigational	2
nct02468661	DB00530	backbone	2
nct02469116	DB01248	single_arm_combination	1
nct02469415	DB01262	single_arm_combination	1
nct02469415	DB00928	single_arm_combination	1
nct02469974	DB01008	single_arm_combination	1
nct02469974	DB08877	single_arm_combination	1
nct02470065	DB08916	investigational	2
nct02470585	DB01229	backbone	3
nct02472080	DB00441	investigational	1
nct02472626	DB00987	single_arm_combination	1
nct02472626	DB00694	single_arm_combination	1
nct02472652	DB01238	investigational	1
nct02473094	DB00331	investigational	2
nct02473094	DB01101	backbone	2
nct02473445	DB00847	investigational	1
nct02474173	DB01229	single_arm_combination	1
nct02474407	DB00829	backbone	2
nct02476955	DB01229	single_arm_combination	1
nct02476955	DB01217	single_arm_combination	1
nct02477787	DB00959	unmatched	2
nct02477787	DB01008	unmatched	2
nct02477787	DB01073	unmatched	2
nct02477813	DB00853	investigational	1
nct02478125	DB01248	investigational	3
nct02478502	DB06772	investigational	1
nct02479178	DB01248	investigational	0
nct02479490	DB00635	investigational	1
nct02479490	DB01590	investigational	1
nct02479880	DB00300	backbone	2
nct02482402	DB01088	investigational	2
nct02483871	DB01098	investigational	1
nct02483936	DB00999	comparator	4
nct02483936	DB00310	investigational	4
nct02484209	DB00222	investigational	2
nct02484261	DB00188	investigational	2
nct02484261	DB00175	investigational	2
nct02485353	DB00987	investigational	1
nct02485834	DB00544	comparator	2
nct02485834	DB00445	unmatched	2
nct02485834	DB01101	comparator	2
nct02486796	DB01065	backbone	2
nct02487277	DB01229	backbone	2
nct02487277	DB00441	backbone	2
nct02487823	DB01128	backbone	3
nct02488694	DB00642	comparator	2
nct02488694	DB08916	investigational	2
nct02489123	DB08899	investigational	1
nct02489201	DB00398	investigational	1
nct02489214	DB00398	investigational	1
nct02489266	DB01073	single_arm_combination	1
nct02489266	DB00531	single_arm_combination	1
nct02491411	DB08899	single_arm_combination	1
nct02491411	DB01234	single_arm_combination	1
nct02491970	DB00983	investigational	2
nct02492295	DB00818	investigational	1
nct02493322	DB00310	investigational	3
nct02493322	DB00275	backbone	3
nct02493322	DB00999	investigational	3
nct02494713	DB06699	single_arm_combination	1
nct02494713	DB01026	single_arm_combination	1
nct02494713	DB01196	single_arm_combination	1
nct02494713	DB00997	single_arm_combination	1
nct02494713	DB01248	single_arm_combination	1
nct02495103	DB00331	backbone	2
nct02495103	DB05294	backbone	2
nct02495233	DB00530	backbone	2
nct02496715	DB00938	investigational	3
nct02496715	DB00588	investigational	3
nct02499887	DB00394	investigational	2
nct02499887	DB00635	backbone	2
nct02499887	DB01001	backbone	2
nct02500147	DB00331	investigational	2
nct02500784	DB00983	investigational	2
nct02500901	DB08899	single_arm_combination	1
nct02503735	DB08934	investigational	1
nct02504099	DB00811	single_arm_combination	1
nct02504099	DB00503	single_arm_combination	1
nct02504892	DB01590	backbone	2
nct02507011	DB01136	backbone	2
nct02507076	DB01042	single_arm_combination	1
nct02508636	DB08899	single_arm_combination	1
nct02510950	DB00853	single_arm_combination	1
nct02511184	DB08865	single_arm_combination	1
nct02512679	DB01073	described_only	4
nct02512679	DB00531	backbone	4
nct02512692	DB00441	single_arm_combination	1
nct02514031	DB01229	single_arm_combination	1
nct02514031	DB00441	single_arm_combination	1
nct02516423	DB00480	investigational	2
nct02516423	DB01234	investigational	2
nct02516423	DB00399	backbone	2
nct02516670	DB00126	investigational	2
nct02516670	DB01248	backbone	2
nct02516696	DB01211	investigational	2
nct02516696	DB00480	backbone	2
nct02516696	DB01234	backbone	2
nct02518750	DB00188	single_arm_combination	1
nct02520011	DB00987	backbone	2
nct02520011	DB01204	backbone	2
nct02520518	DB06292	investigational	4
nct02521077	DB00126	backbone	2
nct02521233	DB00310	investigational	3
nct02521246	DB00310	investigational	3
nct02521246	DB00796	investigational	3
nct02521753	DB00331	comparator	3
nct02522910	DB01248	investigational	1
nct02523898	DB00331	investigational	2
nct02523898	DB00882	backbone	2
nct02524275	DB01248	single_arm_combination	1
nct02524275	DB01101	single_arm_combination	1
nct02527174	DB01177	single_arm_combination	1
nct02527174	DB00987	single_arm_combination	1
nct02527772	DB00997	investigational	2
nct02527772	DB00544	comparator	2
nct02527772	DB00441	investigational	2
nct02527772	DB00650	comparator	2
nct02530437	DB01229	backbone	2
nct02530502	DB00853	single_arm_combination	1
nct02531308	DB00331	single_arm_combination	1
nct02531854	DB00642	backbone	2
nct02532010	DB01262	head_to_head	2
nct02532010	DB00987	head_to_head	2
nct02534337	DB00650	comparator	2
nct02534337	DB00544	comparator	2
nct02534337	DB00441	investigational	2
nct02535351	DB01268	backbone	2
nct02535351	DB06589	backbone	2
nct02535806	DB00188	single_arm_combination	1
nct02535806	DB01204	single_arm_combination	1
nct02536183	DB00997	backbone	2
nct02536495	DB01248	single_arm_combination	1
nct02537561	DB00441	backbone	2
nct02538081	DB00734	backbone	2
nct02538627	DB08911	investigational	6
nct02538926	DB00531	single_arm_combination	1
nct02538926	DB00773	single_arm_combination	1
nct02538926	DB00997	single_arm_combination	1
nct02538926	DB00635	single_arm_combination	1
nct02538926	DB00619	single_arm_combination	1
nct02540330	DB00947	backbone	2
nct02541903	DB08916	investigational	1
nct02544529	DB01057	investigational	2
nct02545283	DB00987	backbone	2
nct02546102	DB00853	described_only	2
nct02546986	DB00928	investigational	2
nct02548169	DB00762	described_only	2
nct02548169	DB01229	described_only	2
nct02548169	DB00544	described_only	2
nct02548169	DB00441	described_only	2
nct02548468	DB00688	single_arm_combination	1
nct02548468	DB00864	single_arm_combination	1
nct02548468	DB00531	single_arm_combination	1
nct02548715	DB00451	investigational	2
nct02548962	DB08910	backbone	3
nct02548962	DB01234	backbone	3
nct02549573	DB00714	head_to_head	2
nct02549755	DB03166	investigational	1
nct02550743	DB01101	backbone	4
nct02551055	DB01229	investigational	7
nct02551055	DB01248	investigational	7
nct02553330	DB08877	backbone	2
nct02555189	DB08899	backbone	5
nct02556593	DB00530	investigational	2
nct02557945	DB00996	investigational	2
nct02558023	DB00622	comparator	2
nct02560012	DB01590	single_arm_combination	1
nct02560012	DB01268	single_arm_combination	1
nct02560012	DB00398	single_arm_combination	1
nct02560012	DB06589	single_arm_combination	1
nct02560012	DB06287	single_arm_combination	1
nct02560038	DB01229	single_arm_combination	1
nct02560038	DB00441	single_arm_combination	1
nct02560051	DB06699	backbone	3
nct02560051	DB01026	backbone	3
nct02560051	DB01196	backbone	3
nct02560051	DB00997	backbone	3
nct02560051	DB01248	backbone	3
nct02561845	DB01098	investigational	1
nct02563782	DB00688	backbone	2
nct02563782	DB00864	backbone	2
nct02564536	DB01262	single_arm_combination	1
nct02565901	DB01248	backbone	2
nct02565901	DB00877	backbone	2
nct02567877	DB00451	investigational	1
nct02569489	DB01229	single_arm_combination	1
nct02569801	DB00947	comparator	2
nct02569957	DB01030	backbone	2
nct02569957	DB06151	investigational	2
nct02570529	DB00863	unmatched	2
nct02570711	DB01229	backbone	2
nct02570711	DB00441	backbone	2
nct02570789	DB01268	investigational	1
nct02570789	DB06589	investigational	1
nct02571608	DB00331	investigational	2
nct02573935	DB01211	investigational	2
nct02573935	DB01234	described_only	2
nct02573935	DB00188	described_only	2
nct02573935	DB00531	described_only	2
nct02575066	DB06589	investigational	1
nct02575365	DB08868	investigational	1
nct02575508	DB00762	single_arm_combination	1
nct02575508	DB00544	single_arm_combination	1
nct02576665	DB01099	single_arm_combination	1
nct02576977	DB08910	backbone	2
nct02576977	DB01234	backbone	2
nct02577029	DB00442	investigational	8
nct02577029	DB00300	investigational	8
nct02577367	DB00451	backbone	2
nct02578121	DB08910	single_arm_combination	1
nct02578121	DB01234	single_arm_combination	1
nct02578719	DB00297	comparator	2
nct02579005	DB00531	described_only	2
nct02579733	DB00993	investigational	2
nct02579863	DB00480	backbone	2
nct02579863	DB01234	backbone	2
nct02580708	DB08911	single_arm_combination	1
nct02581501	DB01229	investigational	1
nct02581501	DB01101	investigational	1
nct02581501	DB00441	investigational	1
nct02582008	DB01156	investigational	2
nct02582008	DB00184	comparator	2
nct02582749	DB08913	investigational	2
nct02582749	DB06699	unmatched	2
nct02582749	DB00014	unmatched	2
nct02582749	DB01128	backbone	2
nct02582996	DB00316	backbone	2
nct02582996	DB00320	investigational	2
nct02582996	DB01233	investigational	2
nct02582996	DB00201	investigational	2
nct02584556	DB00650	unmatched	2
nct02584556	DB00544	unmatched	2
nct02584634	DB08865	investigational	2
nct02584647	DB00877	backbone	2
nct02585024	DB09028	backbone	6
nct02585388	DB01006	investigational	2
nct02585388	DB00361	backbone	2
nct02585388	DB01217	investigational	2
nct02586610	DB01101	single_arm_combination	1
nct02587598	DB00987	investigational	9
nct02587598	DB00928	investigational	9
nct02587598	DB08877	investigational	9
nct02587650	DB08896	investigational	4
nct02587871	DB00987	single_arm_combination	1
nct02588261	DB00530	comparator	2
nct02588261	DB00317	comparator	2
nct02589145	DB00480	single_arm_combination	1
nct02589145	DB00441	single_arm_combination	1
nct02589145	DB01042	single_arm_combination	1
nct02589145	DB02546	single_arm_combination	1
nct02589145	DB01008	single_arm_combination	1
nct02589340	DB00915	unmatched	2
nct02589340	DB00490	investigational	2
nct02590003	DB01229	backbone	2
nct02590601	DB01200	head_to_head	2
nct02592395	DB00650	investigational	1
nct02592395	DB00544	investigational	1
nct02592395	DB00762	investigational	1
nct02592876	DB00773	backbone	2
nct02592876	DB01181	backbone	2
nct02593708	DB01229	backbone	4
nct02593929	DB08877	investigational	1
nct02595242	DB00635	backbone	3
nct02595242	DB01204	described_only	3
nct02595242	DB00531	backbone	3
nct02595840	DB00642	investigational	2
nct02595840	DB08916	investigational	2
nct02596763	DB00181	investigational	1
nct02596867	DB00571	investigational	1
nct02597153	DB01204	investigational	1
nct02597309	DB08907	backbone	2
nct02598011	DB01099	backbone	2
nct02598297	DB08877	investigational	2
nct02598310	DB01229	single_arm_combination	1
nct02598687	DB01229	single_arm_combination	1
nct02599090	DB00853	backbone	4
nct02599090	DB00398	backbone	4
nct02599649	DB00928	investigational	4
nct02599701	DB00996	investigational	2
nct02603068	DB00374	backbone	2
nct02603146	DB01611	investigational	2
nct02604199	DB00442	backbone	4
nct02604212	DB00442	backbone	4
nct02605356	DB08913	investigational	5
nct02605356	DB01234	backbone	5
nct02605356	DB00188	backbone	5
nct02605824	DB06151	investigational	2
nct02606552	DB00945	comparator	3
nct02606552	DB00758	investigational	3
nct02607228	DB08899	investigational	5
nct02607423	DB01248	single_arm_combination	1
nct02607423	DB00642	single_arm_combination	1
nct02607423	DB00441	single_arm_combination	1
nct02608229	DB01229	backbone	2
nct02608229	DB00441	backbone	2
nct02608905	DB06292	investigational	2
nct02614586	DB00904	backbone	6
nct02616315	DB01156	backbone	2
nct02616315	DB00704	backbone	2
nct02619669	DB01006	single_arm_combination	1
nct02620007	DB01220	investigational	2
nct02620007	DB00537	investigational	2
nct02621190	DB06772	investigational	2
nct02623023	DB00484	described_only	2
nct02623439	DB00531	investigational	1
nct02623504	DB00564	investigational	2
nct02624544	DB01260	comparator	2
nct02624544	DB00736	investigational	2
nct02624700	DB00398	backbone	2
nct02624700	DB00642	backbone	2
nct02625779	DB00148	investigational	3
nct02626455	DB00997	backbone	2
nct02626455	DB00635	backbone	2
nct02626455	DB00531	backbone	2
nct02626520	DB00544	investigational	2
nct02626520	DB00441	backbone	2
nct02626520	DB00762	investigational	2
nct02626520	DB01229	backbone	2
nct02626520	DB00305	unmatched	2
nct02626754	DB01268	investigational	1
nct02627677	DB04868	comparator	3
nct02627677	DB08901	investigational	3
nct02628704	DB01234	backbone	2
nct02628704	DB08889	backbone	2
nct02629848	DB01229	backbone	2
nct02630719	DB00373	investigational	2
nct02631252	DB00773	single_arm_combination	1
nct02631252	DB01204	single_arm_combination	1
nct02631252	DB01611	single_arm_combination	1
nct02632903	DB00399	investigational	1
nct02633293	DB00374	investigational	1
nct02633514	DB00773	investigational	2
nct02634827	DB01262	single_arm_combination	1
nct02635074	DB01177	single_arm_combination	1
nct02635074	DB00987	single_arm_combination	1
nct02637375	DB01229	single_arm_combination	1
nct02639234	DB00745	single_arm_combination	1
nct02639767	DB00642	investigational	1
nct02640534	DB00331	investigational	2
nct02640534	DB08899	backbone	2
nct02641639	DB00997	described_only	2
nct02641639	DB01229	described_only	2
nct02642094	DB00877	investigational	1
nct02642939	DB00834	investigational	1
nct02643719	DB00273	head_to_head	4
nct02644252	DB00361	backbone	4
nct02647762	DB00563	unmatched	4
nct02647983	DB00119	investigational	1
nct02648633	DB00313	single_arm_combination	1
nct02649673	DB01030	single_arm_combination	1
nct02651272	DB08932	investigational	1
nct02651727	DB01229	backbone	3
nct02651727	DB00441	backbone	3
nct02654041	DB00763	investigational	1
nct02654041	DB00279	unmatched	1
nct02654587	DB01248	comparator	2
nct02654587	DB00642	comparator	2
nct02654730	DB01087	mixed	5
nct02655523	DB00620	head_to_head	3
nct02655523	DB00297	backbone	3
nct02655523	DB01234	head_to_head	3
nct02658084	DB00361	backbone	2
nct02658396	DB00188	single_arm_combination	1
nct02661022	DB08910	described_only	2
nct02661022	DB01234	described_only	2
nct02661347	DB00734	backbone	2
nct02661815	DB01229	backbone	4
nct02662634	DB01229	backbone	4
nct02662634	DB00642	backbone	4
nct02662894	DB01098	backbone	4
nct02662894	DB00177	backbone	4
nct02663752	DB01609	investigational	1
nct02664077	DB08896	investigational	2
nct02664363	DB00853	unmatched	1
nct02669043	DB01221	investigational	1
nct02670317	DB00997	single_arm_combination	1
nct02670317	DB00635	single_arm_combination	1
nct02670317	DB00531	single_arm_combination	1
nct02671552	DB00556	investigational	1
nct02671890	DB00822	backbone	2
nct02671890	DB00441	investigational	2
nct02671942	DB01656	investigational	4
nct02672358	DB08912	single_arm_combination	1
nct02672358	DB08911	single_arm_combination	1
nct02672917	DB00544	investigational	6
nct02672917	DB00441	investigational	6
nct02672917	DB00762	investigational	6
nct02672917	DB01229	investigational	6
nct02672917	DB00650	investigational	6
nct02675452	DB00928	investigational	8
nct02676323	DB00987	single_arm_combination	1
nct02676323	DB01073	single_arm_combination	1
nct02678520	DB00014	backbone	2
nct02678520	DB01128	backbone	2
nct02680951	DB01177	backbone	3
nct02680951	DB01254	backbone	3
nct02680951	DB00741	unmatched	3
nct02680951	DB01073	backbone	3
nct02680951	DB00987	backbone	3
nct02680951	DB00563	unmatched	3
nct02681523	DB08871	investigational	1
nct02682082	DB00297	comparator	2
nct02682953	DB06809	single_arm_combination	1
nct02684071	DB01030	single_arm_combination	1
nct02684071	DB00563	single_arm_combination	1
nct02684071	DB00531	single_arm_combination	1
nct02684786	DB00281	investigational	2
nct02684786	DB00206	investigational	2
nct02685046	DB00619	investigational	1
nct02685267	DB08899	head_to_head	2
nct02685267	DB01248	backbone	2
nct02685267	DB00635	backbone	2
nct02685306	DB01229	backbone	2
nct02687009	DB06803	investigational	1
nct02687269	DB00243	investigational	2
nct02687386	DB01204	investigational	1
nct02688465	DB00714	investigational	1
nct02688803	DB00997	head_to_head	3
nct02688803	DB00531	backbone	3
nct02693717	DB00642	investigational	1
nct02694289	DB00331	head_to_head	2
nct02695290	DB08916	investigational	1
nct02696928	DB01087	comparator	3
nct02696928	DB06697	unmatched	3
nct02696928	DB06708	backbone	3
nct02697253	DB01261	investigational	4
nct02698111	DB00398	investigational	1
nct02698293	DB00169	backbone	3
nct02698293	DB00855	backbone	3
nct02700022	DB00997	investigational	1
nct02700022	DB00773	investigational	1
nct02700022	DB00635	investigational	1
nct02700022	DB00531	investigational	1
nct02701517	DB00091	backbone	2
nct02701517	DB00563	comparator	2
nct02701673	DB01042	single_arm_combination	1
nct02701673	DB01008	single_arm_combination	1
nct02701673	DB00928	single_arm_combination	1
nct02701673	DB00441	single_arm_combination	1
nct02702492	DB00627	investigational	13
nct02702960	DB00531	single_arm_combination	1
nct02702960	DB01073	single_arm_combination	1
nct02702960	DB00864	single_arm_combination	1
nct02702960	DB00688	single_arm_combination	1
nct02702960	DB00635	single_arm_combination	1
nct02703272	DB01177	backbone	2
nct02703272	DB00773	backbone	2
nct02703272	DB01234	backbone	2
nct02703272	DB01181	backbone	2
nct02703571	DB08911	single_arm_combination	1
nct02706015	DB00320	described_only	2
nct02706015	DB00201	described_only	2
nct02706899	DB00928	backbone	2
nct02707328	DB01229	single_arm_combination	1
nct02707328	DB00441	single_arm_combination	1
nct02707666	DB00642	single_arm_combination	1
nct02709083	DB01254	single_arm_combination	1
nct02709083	DB04868	single_arm_combination	1
nct02709083	DB00619	single_arm_combination	1
nct02709993	DB00531	described_only	1
nct02710396	DB01229	investigational	3
nct02710396	DB00642	investigational	3
nct02711137	DB05812	investigational	14
nct02711137	DB08877	investigational	14
nct02711137	DB00441	investigational	14
nct02711137	DB01229	investigational	14
nct02711137	DB00928	investigational	14
nct02712905	DB00928	investigational	2
nct02712905	DB00755	investigational	2
nct02714439	DB01123	investigational	1
nct02714530	DB00530	investigational	2
nct02715804	DB01229	backbone	2
nct02715804	DB00441	backbone	2
nct02716805	DB01042	backbone	4
nct02717130	DB01238	investigational	1
nct02717949	DB08934	backbone	2
nct02717949	DB00811	investigational	2
nct02718300	DB08877	backbone	4
nct02718417	DB01229	backbone	3
nct02718482	DB01248	investigational	2
nct02718482	DB01181	investigational	2
nct02718482	DB00441	investigational	2
nct02718755	DB00987	single_arm_combination	1
nct02718755	DB01073	single_arm_combination	1
nct02719132	DB00331	backbone	2
nct02719132	DB06292	backbone	2
nct02719392	DB01017	head_to_head	4
nct02719392	DB06151	head_to_head	4
nct02720185	DB01254	investigational	1
nct02720510	DB00188	backbone	2
nct02720510	DB00480	backbone	2
nct02720510	DB01234	backbone	2
nct02720601	DB00762	investigational	1
nct02720601	DB01101	investigational	1
nct02720757	DB01409	investigational	1
nct02720926	DB01101	single_arm_combination	1
nct02721875	DB00928	investigational	2
nct02722369	DB01611	investigational	2
nct02722369	DB00441	investigational	2
nct02723838	DB00441	no_arm_data	0
nct02723981	DB00877	investigational	2
nct02723981	DB06228	backbone	2
nct02723981	DB00758	backbone	2
nct02724202	DB00544	described_only	1
nct02724904	DB00563	single_arm_combination	1
nct02724904	DB04572	single_arm_combination	1
nct02724904	DB01073	single_arm_combination	1
nct02725372	DB00435	investigational	2
nct02726399	DB01101	single_arm_combination	1
nct02726490	DB00331	head_to_head	2
nct02726490	DB01016	backbone	2
nct02726867	DB01174	head_to_head	4
nct02726867	DB06218	head_to_head	4
nct02726867	DB01202	head_to_head	4
nct02726867	DB01221	head_to_head	4
nct02727101	DB06218	unmatched	12
nct02727101	DB00906	unmatched	12
nct02727101	DB00909	described_only	12
nct02727101	DB01202	described_only	12
nct02727101	DB00349	described_only	12
nct02727101	DB00230	described_only	12
nct02727101	DB00313	described_only	12
nct02727101	DB00273	unmatched	12
nct02727101	DB00555	described_only	12
nct02727101	DB04953	described_only	12
nct02727101	DB01174	described_only	12
nct02728388	DB00855	investigational	1
nct02730091	DB01006	backbone	2
nct02730091	DB00361	investigational	2
nct02730091	DB01217	backbone	2
nct02730195	DB00135	single_arm_combination	1
nct02730195	DB01132	single_arm_combination	1
nct02730364	DB00126	investigational	2
nct02730364	DB00388	investigational	2
nct02730364	DB01620	investigational	2
nct02730364	DB00316	investigational	2
nct02730871	DB01194	backbone	2
nct02730871	DB00484	backbone	2
nct02731846	DB08906	backbone	3
nct02732938	DB01229	single_arm_combination	1
nct02732938	DB00441	single_arm_combination	1
nct02735343	DB00433	comparator	2
nct02735343	DB01221	investigational	2
nct02737709	DB01229	investigational	1
nct02737709	DB00412	unmatched	1
nct02738008	DB00442	single_arm_combination	1
nct02738905	DB01220	investigational	1
nct02739594	DB00710	investigational	2
nct02739594	DB00399	comparator	2
nct02740699	DB01076	single_arm_combination	1
nct02740699	DB01098	single_arm_combination	1
nct02744690	DB00305	backbone	2
nct02744820	DB00123	backbone	4
nct02748889	DB00773	backbone	2
nct02749617	DB06605	investigational	1
nct02749825	DB00014	comparator	3
nct02750254	DB00928	single_arm_combination	1
nct02750514	DB01254	investigational	5
nct02753205	DB00633	comparator	2
nct02753595	DB08871	backbone	3
nct02756013	DB01229	single_arm_combination	1
nct02756663	DB01234	backbone	3
nct02756663	DB08889	backbone	3
nct02758132	DB05812	head_to_head	2
nct02758132	DB00635	head_to_head	2
nct02758132	DB08899	backbone	2
nct02758366	DB00853	described_only	1
nct02758366	DB00997	investigational	1
nct02758366	DB00313	described_only	1
nct02759120	DB00254	investigational	2
nct02759120	DB01015	described_only	2
nct02759120	DB00440	described_only	2
nct02762331	DB00126	investigational	2
nct02763007	DB00331	described_only	3
nct02763007	DB06203	mixed	3
nct02763007	DB01132	mixed	3
nct02763384	DB01280	single_arm_combination	1
nct02763761	DB00959	backbone	2
nct02763761	DB00635	backbone	2
nct02765165	DB01206	investigational	5
nct02766140	DB01248	backbone	2
nct02767752	DB01101	backbone	2
nct02767752	DB00441	backbone	2
nct02768558	DB00773	backbone	2
nct02769494	DB00244	investigational	2
nct02770014	DB00530	investigational	1
nct02770443	DB00264	investigational	2
nct02770443	DB01136	investigational	2
nct02770443	DB00571	investigational	2
nct02770443	DB00612	investigational	2
nct02771925	DB00996	investigational	2
nct02773550	DB01042	single_arm_combination	1
nct02773550	DB00635	single_arm_combination	1
nct02773550	DB00188	single_arm_combination	1
nct02773732	DB00773	backbone	3
nct02773732	DB00537	backbone	3
nct02773797	DB00633	comparator	3
nct02774512	DB04868	investigational	1
nct02777489	DB00790	investigational	1
nct02781805	DB00630	investigational	1
nct02782052	DB00332	investigational	3
nct02782052	DB01001	investigational	3
nct02782182	DB00650	investigational	1
nct02782182	DB00762	investigational	1
nct02782403	DB06616	backbone	2
nct02782481	DB01235	investigational	3
nct02782481	DB00190	investigational	3
nct02782559	DB00203	backbone	2
nct02783547	DB00928	investigational	1
nct02785900	DB01262	backbone	2
nct02785900	DB00928	backbone	2
nct02789189	DB00441	investigational	1
nct02791906	DB01020	backbone	2
nct02791919	DB00987	single_arm_combination	1
nct02791919	DB01073	single_arm_combination	1
nct02793219	DB01248	single_arm_combination	1
nct02793388	DB01087	backbone	2
nct02793765	DB01248	single_arm_combination	1
nct02795819	DB06589	backbone	7
nct02795884	DB00530	investigational	2
nct02795884	DB00642	investigational	2
nct02796144	DB00331	head_to_head	3
nct02801617	DB00654	backbone	2
nct02802163	DB00480	single_arm_combination	1
nct02802163	DB01234	single_arm_combination	1
nct02802163	DB08889	single_arm_combination	1
nct02805894	DB00624	unmatched	2
nct02807181	DB00441	backbone	2
nct02807454	DB08910	investigational	2
nct02808091	DB00188	backbone	2
nct02808247	DB01181	comparator	2
nct02811484	DB06292	mixed	3
nct02811744	DB03166	backbone	2
nct02811783	DB01183	investigational	2
nct02812693	DB00619	single_arm_combination	1
nct02812862	DB01409	investigational	1
nct02813447	DB01104	investigational	2
nct02815059	DB01254	single_arm_combination	1
nct02815059	DB00635	single_arm_combination	1
nct02815397	DB00331	investigational	1
nct02817113	DB00544	single_arm_combination	1
nct02818023	DB08881	single_arm_combination	1
nct02819804	DB01254	single_arm_combination	1
nct02819921	DB06700	investigational	3
nct02819999	DB00773	investigational	4
nct02822196	DB00281	comparator	2
nct02822196	DB00297	backbone	2
nct02824575	DB08871	investigational	2
nct02824575	DB01229	investigational	2
nct02825719	DB00302	backbone	2
nct02826161	DB01229	backbone	2
nct02829424	DB00563	investigational	2
nct02829840	DB00928	backbone	3
nct02829840	DB08901	backbone	3
nct02831491	DB01248	single_arm_combination	1
nct02831933	DB00577	single_arm_combination	1
nct02833506	DB00877	investigational	2
nct02833701	DB00126	investigational	1
nct02833766	DB00997	investigational	1
nct02834975	DB01229	single_arm_combination	1
nct02835794	DB00928	single_arm_combination	1
nct02835794	DB04865	single_arm_combination	1
nct02836028	DB00853	comparator	2
nct02838030	DB00125	investigational	2
nct02838030	DB00945	backbone	2
nct02838745	DB00642	backbone	2
nct02839694	DB01262	backbone	3
nct02839694	DB00482	comparator	3
nct02840162	DB00482	investigational	2
nct02842125	DB01101	investigational	3
nct02844582	DB06772	single_arm_combination	1
nct02844582	DB00635	single_arm_combination	1
nct02844907	DB01234	investigational	2
nct02845336	DB00482	investigational	2
nct02850419	DB00997	investigational	1
nct02850874	DB00441	backbone	2
nct02853500	DB00997	backbone	2
nct02855359	DB00997	backbone	4
nct02855359	DB00635	backbone	4
nct02855359	DB00531	backbone	4
nct02856503	DB00169	backbone	4
nct02856568	DB00441	single_arm_combination	1
nct02856867	DB00650	backbone	2
nct02856867	DB00544	backbone	2
nct02857244	DB00843	single_arm_combination	1
nct02857244	DB00476	single_arm_combination	1
nct02857244	DB00745	single_arm_combination	1
nct02859896	DB00136	comparator	2
nct02860065	DB00843	described_only	1
nct02860065	DB01591	described_only	1
nct02862145	DB01234	single_arm_combination	1
nct02862574	DB00563	backbone	4
nct02863913	DB00531	backbone	2
nct02863991	DB01234	backbone	2
nct02864368	DB00853	backbone	5
nct02867280	DB00398	investigational	2
nct02867332	DB00531	backbone	2
nct02867345	DB00531	backbone	2
nct02867618	DB08889	single_arm_combination	1
nct02868892	DB00642	investigational	1
nct02873351	DB01235	investigational	2
nct02873351	DB00190	investigational	2
nct02874430	DB00331	single_arm_combination	1
nct02874430	DB00254	single_arm_combination	1
nct02875067	DB00480	single_arm_combination	1
nct02875093	DB00987	single_arm_combination	1
nct02876081	DB08916	investigational	0
nct02880410	DB00853	investigational	1
nct02881528	DB00331	investigational	2
nct02882087	DB00563	backbone	2
nct02882126	DB00374	investigational	1
nct02882711	DB01221	investigational	1
nct02883439	DB00588	comparator	2
nct02885012	DB00559	described_only	2
nct02885012	DB08932	described_only	2
nct02885441	DB00465	investigational	2
nct02885649	DB08899	investigational	1
nct02887677	DB06292	investigational	2
nct02893332	DB00135	unmatched	2
nct02893371	DB01104	no_arm_data	0
nct02893371	DB01238	no_arm_data	0
nct02893371	DB00363	no_arm_data	0
nct02893371	DB01175	no_arm_data	0
nct02893371	DB00370	no_arm_data	0
nct02893371	DB00285	no_arm_data	0
nct02893371	DB00176	no_arm_data	0
nct02893371	DB01224	no_arm_data	0
nct02893371	DB00334	no_arm_data	0
nct02893371	DB06216	no_arm_data	0
nct02893371	DB08815	no_arm_data	0
nct02893371	DB00715	no_arm_data	0
nct02893371	DB00502	no_arm_data	0
nct02893371	DB00776	no_arm_data	0
nct02893371	DB06684	no_arm_data	0
nct02893371	DB00564	no_arm_data	0
nct02893371	DB00313	no_arm_data	0
nct02893371	DB00246	no_arm_data	0
nct02893371	DB01142	no_arm_data	0
nct02893371	DB00215	no_arm_data	0
nct02893371	DB00472	no_arm_data	0
nct02893371	DB01267	no_arm_data	0
nct02893371	DB01156	no_arm_data	0
nct02893371	DB06700	no_arm_data	0
nct02893371	DB00476	no_arm_data	0
nct02893371	DB00555	no_arm_data	0
nct02893371	DB00850	no_arm_data	0
nct02893371	DB00734	no_arm_data	0
nct02893995	DB00374	backbone	2
nct02894554	DB01265	investigational	2
nct02894554	DB00709	comparator	2
nct02897050	DB00544	backbone	2
nct02897050	DB00531	backbone	2
nct02897050	DB01101	backbone	2
nct02897050	DB01248	backbone	2
nct02897050	DB00445	backbone	2
nct02897830	DB00480	single_arm_combination	1
nct02897830	DB01234	single_arm_combination	1
nct02898259	DB00480	single_arm_combination	1
nct02899728	DB00773	backbone	2
nct02900560	DB00928	backbone	4
nct02904265	DB00819	investigational	2
nct02904265	DB00829	comparator	2
nct02905994	DB01177	single_arm_combination	1
nct02905994	DB00987	single_arm_combination	1
nct02906332	DB00480	single_arm_combination	1
nct02906332	DB01234	single_arm_combination	1
nct02906696	DB06616	investigational	1
nct02907918	DB01006	single_arm_combination	1
nct02908165	DB00398	backbone	2
nct02908698	DB00635	investigational	2
nct02910752	DB00242	described_only	1
nct02910752	DB00987	described_only	1
nct02910752	DB01204	described_only	1
nct02910843	DB01101	single_arm_combination	1
nct02910843	DB08896	single_arm_combination	1
nct02910882	DB00441	single_arm_combination	1
nct02911467	DB00119	investigational	1
nct02912455	DB08907	investigational	2
nct02915666	DB08912	single_arm_combination	1
nct02915666	DB00390	single_arm_combination	1
nct02915666	DB08911	single_arm_combination	1
nct02917122	DB01104	backbone	2
nct02917629	DB00331	investigational	2
nct02917629	DB01132	investigational	2
nct02919462	DB00361	investigational	2
nct02919462	DB00642	comparator	2
nct02920450	DB01229	backbone	4
nct02921555	DB00959	backbone	2
nct02921555	DB00635	backbone	2
nct02921737	DB00432	unmatched	1
nct02922725	DB00148	investigational	3
nct02922725	DB02959	investigational	3
nct02923739	DB01229	backbone	2
nct02923986	DB01254	backbone	2
nct02926638	DB00530	backbone	2
nct02927249	DB00945	investigational	2
nct02928029	DB00188	backbone	4
nct02928029	DB01234	backbone	4
nct02928029	DB08913	investigational	4
nct02928419	DB00480	backbone	2
nct02928419	DB06210	investigational	2
nct02929394	DB05109	investigational	2
nct02929498	DB00928	investigational	2
nct02929576	DB08899	investigational	3
nct02929576	DB01229	backbone	3
nct02930343	DB00795	head_to_head	2
nct02930343	DB00860	backbone	2
nct02930343	DB01097	backbone	2
nct02930343	DB00563	backbone	2
nct02930343	DB01611	backbone	2
nct02930343	DB00158	backbone	2
nct02932475	DB00331	investigational	2
nct02932488	DB00669	investigational	1
nct02933593	DB01275	head_to_head	3
nct02933593	DB00598	head_to_head	3
nct02933593	DB01115	head_to_head	3
nct02934503	DB00773	single_arm_combination	1
nct02936037	DB00121	investigational	2
nct02936206	DB00947	investigational	2
nct02936206	DB00675	comparator	2
nct02936999	DB00169	investigational	1
nct02941601	DB00441	backbone	2
nct02942212	DB00184	mixed	3
nct02942264	DB00853	backbone	4
nct02942758	DB00928	backbone	2
nct02942758	DB00755	investigational	2
nct02942758	DB01132	investigational	2
nct02943603	DB00650	described_only	1
nct02943603	DB00544	described_only	1
nct02943642	DB02546	comparator	3
nct02943668	DB01609	investigational	1
nct02944357	DB00441	single_arm_combination	1
nct02945813	DB00331	investigational	2
nct02945839	DB00273	head_to_head	2
nct02946918	DB00451	backbone	2
nct02946996	DB00331	investigational	3
nct02947113	DB00773	single_arm_combination	1
nct02947113	DB00642	single_arm_combination	1
nct02947880	DB00887	investigational	2
nct02948101	DB00531	single_arm_combination	1
nct02949232	DB00860	investigational	2
nct02949843	DB00135	investigational	3
nct02951117	DB01234	backbone	2
nct02951156	DB00928	investigational	5
nct02952573	DB01234	backbone	2
nct02953106	DB00972	investigational	2
nct02953106	DB00588	investigational	2
nct02953366	DB00764	backbone	2
nct02953379	DB00764	backbone	2
nct02953509	DB00441	investigational	10
nct02953561	DB00928	single_arm_combination	1
nct02954159	DB00864	investigational	2
nct02954406	DB00480	investigational	11
nct02954406	DB00441	investigational	11
nct02954523	DB01254	backbone	5
nct02954653	DB01262	comparator	4
nct02954653	DB00987	comparator	4
nct02954653	DB00928	comparator	4
nct02954653	DB00694	comparator	4
nct02955524	DB00281	single_arm_combination	1
nct02957032	DB00987	single_arm_combination	1
nct02959359	DB08934	single_arm_combination	1
nct02959359	DB00811	single_arm_combination	1
nct02959437	DB00928	investigational	3
nct02959554	DB01268	comparator	2
nct02959554	DB06589	comparator	2
nct02961816	DB01042	backbone	3
nct02961816	DB01008	backbone	3
nct02961816	DB00441	backbone	3
nct02962388	DB00261	comparator	2
nct02962388	DB08877	investigational	2
nct02963051	DB00822	backbone	3
nct02963090	DB01030	comparator	2
nct02963610	DB00480	single_arm_combination	1
nct02964507	DB00947	backbone	3
nct02965443	DB06292	investigational	2
nct02965443	DB06335	investigational	2
nct02965911	DB08834	unmatched	2
nct02965911	DB01039	investigational	2
nct02965911	DB01586	backbone	2
nct02966184	DB01001	investigational	2
nct02967133	DB01229	head_to_head	2
nct02967276	DB00331	single_arm_combination	1
nct02967692	DB08912	backbone	4
nct02967692	DB08911	backbone	4
nct02968160	DB01098	backbone	2
nct02968160	DB00966	backbone	2
nct02968901	DB00820	single_arm_combination	1
nct02968901	DB08932	single_arm_combination	1
nct02969265	DB00381	backbone	2
nct02969265	DB00796	unmatched	2
nct02971410	DB00641	investigational	1
nct02972294	DB00302	investigational	4
nct02972502	DB00502	investigational	2
nct02972502	DB01233	comparator	2
nct02972866	DB01222	backbone	2
nct02973711	DB04868	single_arm_combination	1
nct02973711	DB08877	single_arm_combination	1
nct02974426	DB00361	backbone	2
nct02974426	DB00642	backbone	2
nct02974725	DB08911	investigational	3
nct02974777	DB00945	described_only	2
nct02974803	DB08912	single_arm_combination	1
nct02974803	DB08911	single_arm_combination	1
nct02978716	DB00441	backbone	3
nct02983097	DB00987	single_arm_combination	1
nct02983097	DB00480	single_arm_combination	1
nct02983097	DB01234	single_arm_combination	1
nct02983604	DB00947	mixed	4
nct02983604	DB00990	investigational	4
nct02985021	DB01248	single_arm_combination	1
nct02985203	DB00361	investigational	2
nct02985333	DB01229	single_arm_combination	1
nct02985333	DB01234	single_arm_combination	1
nct02985333	DB00531	single_arm_combination	1
nct02986451	DB01211	single_arm_combination	1
nct02986451	DB00480	single_arm_combination	1
nct02986451	DB01234	single_arm_combination	1
nct02987998	DB00773	single_arm_combination	1
nct02988778	DB01222	comparator	2
nct02989649	DB06203	single_arm_combination	1
nct02989870	DB00398	single_arm_combination	1
nct02990845	DB00990	investigational	1
nct02991651	DB00530	backbone	3
nct02992340	DB00441	single_arm_combination	1
nct02995083	DB00443	investigational	3
nct02995083	DB00860	investigational	3
nct02995083	DB01234	investigational	3
nct02995083	DB00620	investigational	3
nct02995083	DB00959	investigational	3
nct02995083	DB00635	investigational	3
nct02995330	DB00531	single_arm_combination	1
nct02997332	DB00544	single_arm_combination	1
nct02997332	DB01248	single_arm_combination	1
nct02999906	DB00374	investigational	2
nct03000127	DB00624	investigational	1
nct03000634	DB00188	backbone	2
nct03000634	DB00480	backbone	2
nct03000634	DB01234	backbone	2
nct03002103	DB01229	backbone	2
nct03002103	DB00441	backbone	2
nct03003949	DB00396	investigational	2
nct03003949	DB00783	investigational	2
nct03005639	DB08881	investigational	1
nct03005860	DB01236	comparator	2
nct03005860	DB00818	investigational	2
nct03008512	DB01229	investigational	1
nct03008616	DB00390	investigational	2
nct03011645	DB00246	head_to_head	3
nct03012646	DB00374	investigational	1
nct03013491	DB08881	investigational	7
nct03015792	DB00480	single_arm_combination	1
nct03015792	DB01234	single_arm_combination	1
nct03016468	DB00374	single_arm_combination	1
nct03018288	DB00853	backbone	4
nct03018704	DB00273	investigational	2
nct03019588	DB01229	comparator	2
nct03021395	DB01262	investigational	2
nct03022565	DB02546	investigational	1
nct03022578	DB01206	investigational	1
nct03022838	DB00201	backbone	2
nct03023527	DB08910	backbone	2
nct03023527	DB01234	backbone	2
nct03026803	DB01101	single_arm_combination	1
nct03029585	DB01229	investigational	5
nct03029611	DB01229	single_arm_combination	1
nct03031730	DB00480	single_arm_combination	1
nct03031730	DB01234	single_arm_combination	1
nct03031730	DB08889	single_arm_combination	1
nct03031821	DB00331	investigational	2
nct03035630	DB01268	backbone	2
nct03035838	DB06717	investigational	1
nct03037580	DB00374	investigational	2
nct03037593	DB00169	investigational	2
nct03040765	DB00399	head_to_head	2
nct03041181	DB01248	backbone	2
nct03041181	DB00642	backbone	2
nct03041181	DB00441	backbone	2
nct03041701	DB01254	backbone	3
nct03042325	DB06203	investigational	1
nct03043651	DB00374	investigational	1
nct03043989	DB01211	backbone	2
nct03043989	DB01248	head_to_head	2
nct03043989	DB06772	head_to_head	2
nct03044314	DB00435	investigational	1
nct03044314	DB01088	investigational	1
nct03046901	DB00512	investigational	1
nct03050060	DB00220	single_arm_combination	1
nct03050398	DB01006	single_arm_combination	1
nct03051451	DB00331	investigational	3
nct03051451	DB00472	investigational	3
nct03051698	DB00537	investigational	3
nct03051698	DB00512	investigational	3
nct03051698	DB00916	investigational	3
nct03051945	DB01221	investigational	2
nct03052400	DB00834	investigational	2
nct03054038	DB08916	single_arm_combination	1
nct03055234	DB00374	investigational	2
nct03055312	DB01128	investigational	2
nct03056495	DB02546	investigational	1
nct03056638	DB06699	investigational	2
nct03057990	DB00205	investigational	1
nct03058939	DB01006	comparator	6
nct03058939	DB00544	unmatched	6
nct03058939	DB00675	comparator	6
nct03058939	DB00531	unmatched	6
nct03058939	DB01229	investigational	6
nct03058939	DB00445	unmatched	6
nct03059615	DB00997	investigational	4
nct03060980	DB00222	investigational	3
nct03061136	DB01068	investigational	4
nct03062449	DB00133	investigational	2
nct03063190	DB00169	investigational	4
nct03063203	DB01262	investigational	1
nct03064854	DB01229	investigational	4
nct03064854	DB00642	investigational	4
nct03064854	DB00441	investigational	4
nct03065933	DB00575	investigational	1
nct03066154	DB00503	single_arm_combination	1
nct03066154	DB01248	single_arm_combination	1
nct03066466	DB01076	investigational	2
nct03066466	DB00864	backbone	2
nct03066466	DB00563	backbone	2
nct03068247	DB00476	investigational	2
nct03071276	DB00987	single_arm_combination	1
nct03071276	DB01073	single_arm_combination	1
nct03072511	DB00184	backbone	2
nct03073369	DB00153	investigational	2
nct03074318	DB05109	backbone	4
nct03076281	DB00331	investigational	3
nct03076281	DB00254	investigational	3
nct03077698	DB00351	single_arm_combination	1
nct03078465	DB08816	investigational	2
nct03078725	DB00331	head_to_head	2
nct03078725	DB01016	head_to_head	2
nct03079297	DB00149	investigational	2
nct03079505	DB01254	investigational	2
nct03079505	DB04868	comparator	2
nct03079973	DB02300	investigational	2
nct03081247	DB01222	backbone	2
nct03081247	DB00983	investigational	2
nct03087448	DB08911	single_arm_combination	1
nct03093272	DB01248	single_arm_combination	1
nct03095612	DB01248	single_arm_combination	1
nct03099265	DB00650	single_arm_combination	1
nct03099265	DB00544	single_arm_combination	1
nct03099265	DB00762	single_arm_combination	1
nct03100877	DB01042	single_arm_combination	1
nct03100877	DB00480	single_arm_combination	1
nct03101501	DB00305	investigational	1
nct03101540	DB00159	investigational	1
nct03101748	DB01229	backbone	3
nct03103971	DB01073	single_arm_combination	1
nct03103971	DB00531	single_arm_combination	1
nct03104270	DB08910	single_arm_combination	1
nct03104270	DB01234	single_arm_combination	1
nct03104270	DB08889	single_arm_combination	1
nct03104725	DB06151	investigational	2
nct03106597	DB00381	comparator	2
nct03109847	DB00331	investigational	2
nct03110510	DB00762	single_arm_combination	1
nct03110510	DB00544	single_arm_combination	1
nct03110510	DB00650	single_arm_combination	1
nct03110588	DB06772	backbone	2
nct03110588	DB05812	described_only	2
nct03110588	DB00635	described_only	2
nct03110588	DB08899	described_only	2
nct03111069	DB00997	investigational	2
nct03113071	DB01262	backbone	2
nct03113071	DB00390	backbone	2
nct03113994	DB01098	investigational	2
nct03114280	DB00544	described_only	1
nct03114280	DB01248	described_only	1
nct03115489	DB00818	comparator	2
nct03115489	DB00829	unmatched	2
nct03115489	DB00599	unmatched	2
nct03115489	DB00683	unmatched	2
nct03115489	DB00313	unmatched	2
nct03115489	DB01221	investigational	2
nct03116971	DB00773	backbone	2
nct03117361	DB00188	single_arm_combination	1
nct03117361	DB01234	single_arm_combination	1
nct03117855	DB01101	investigational	1
nct03118713	DB00331	backbone	2
nct03119012	DB08816	backbone	2
nct03119012	DB00945	head_to_head	2
nct03119012	DB00758	backbone	2
nct03119064	DB00853	backbone	3
nct03119064	DB00762	backbone	3
nct03119714	DB00885	investigational	2
nct03121092	DB00678	described_only	2
nct03122301	DB00297	investigational	2
nct03123588	DB08877	investigational	2
nct03123588	DB00261	comparator	2
nct03125577	DB01073	unmatched	1
nct03125577	DB00531	unmatched	1
nct03126864	DB01073	backbone	2
nct03126864	DB00531	backbone	2
nct03127124	DB00650	single_arm_combination	1
nct03127124	DB00544	single_arm_combination	1
nct03128619	DB01006	backbone	4
nct03129074	DB01101	single_arm_combination	1
nct03129776	DB00119	head_to_head	2
nct03132428	DB00435	backbone	2
nct03132571	DB01156	backbone	2
nct03132571	DB00704	investigational	2
nct03132584	DB00531	single_arm_combination	1
nct03133897	DB00860	backbone	2
nct03133897	DB00635	backbone	2
nct03133897	DB01234	backbone	2
nct03135028	DB00987	investigational	2
nct03135028	DB00694	investigational	2
nct03135860	DB00435	investigational	1
nct03136406	DB00544	single_arm_combination	1
nct03136406	DB00531	single_arm_combination	1
nct03136406	DB01229	single_arm_combination	1
nct03136406	DB01101	single_arm_combination	1
nct03136406	DB00650	single_arm_combination	1
nct03139747	DB01590	single_arm_combination	1
nct03140176	DB01268	investigational	0
nct03145558	DB00997	comparator	2
nct03146871	DB01262	single_arm_combination	1
nct03146871	DB00928	single_arm_combination	1
nct03147196	DB00481	investigational	4
nct03147196	DB01128	investigational	4
nct03149107	DB06151	investigational	4
nct03149120	DB06589	investigational	2
nct03150004	DB00987	backbone	2
nct03150004	DB00242	backbone	2
nct03150004	DB01204	investigational	2
nct03150056	DB05812	investigational	2
nct03150056	DB08899	investigational	2
nct03150797	DB01065	investigational	3
nct03151304	DB00928	single_arm_combination	1
nct03151811	DB08910	comparator	2
nct03151811	DB01234	backbone	2
nct03152084	DB06292	backbone	3
nct03152786	DB00571	investigational	2
nct03153982	DB08877	investigational	1
nct03159000	DB00281	investigational	2
nct03159000	DB00297	investigational	2
nct03161574	DB00650	described_only	1
nct03161574	DB00544	investigational	1
nct03161574	DB00762	investigational	1
nct03164694	DB00642	backbone	2
nct03164889	DB00442	backbone	2
nct03164980	DB00997	unmatched	2
nct03164980	DB01229	described_only	2
nct03164980	DB05109	backbone	2
nct03164980	DB00441	described_only	2
nct03167177	DB00544	single_arm_combination	1
nct03167177	DB00531	single_arm_combination	1
nct03167177	DB01229	single_arm_combination	1
nct03167177	DB01101	single_arm_combination	1
nct03167177	DB00650	single_arm_combination	1
nct03168100	DB00188	single_arm_combination	1
nct03168100	DB00480	single_arm_combination	1
nct03168100	DB01234	single_arm_combination	1
nct03169738	DB00947	single_arm_combination	1
nct03169738	DB00544	single_arm_combination	1
nct03169738	DB00531	single_arm_combination	1
nct03169738	DB01229	single_arm_combination	1
nct03169738	DB01101	single_arm_combination	1
nct03169738	DB00650	single_arm_combination	1
nct03169764	DB00947	single_arm_combination	1
nct03169764	DB00544	single_arm_combination	1
nct03169764	DB00531	single_arm_combination	1
nct03169764	DB01229	single_arm_combination	1
nct03169764	DB01101	single_arm_combination	1
nct03169764	DB00650	single_arm_combination	1
nct03169790	DB00544	single_arm_combination	1
nct03169790	DB00531	single_arm_combination	1
nct03169790	DB01229	single_arm_combination	1
nct03169790	DB01101	single_arm_combination	1
nct03169790	DB00650	single_arm_combination	1
nct03170115	DB00945	investigational	2
nct03172741	DB00470	investigational	4
nct03172988	DB00712	investigational	4
nct03172988	DB01234	investigational	4
nct03173092	DB00480	single_arm_combination	1
nct03173092	DB01234	single_arm_combination	1
nct03173859	DB00635	described_only	2
nct03175666	DB00544	single_arm_combination	1
nct03175666	DB00531	single_arm_combination	1
nct03175666	DB01229	single_arm_combination	1
nct03175666	DB01101	single_arm_combination	1
nct03175666	DB00650	single_arm_combination	1
nct03175978	DB00563	investigational	1
nct03176537	DB00624	investigational	2
nct03177187	DB08899	backbone	2
nct03179163	DB00999	comparator	4
nct03179163	DB01197	investigational	4
nct03179163	DB00584	investigational	4
nct03181880	DB08897	head_to_head	2
nct03181880	DB00983	head_to_head	2
nct03185182	DB08824	investigational	1
nct03185871	DB00482	investigational	1
nct03187210	DB01042	described_only	3
nct03187210	DB00773	described_only	3
nct03187210	DB00531	unmatched	3
nct03187756	DB00688	unmatched	1
nct03187756	DB00864	unmatched	1
nct03187756	DB00531	investigational	1
nct03188978	DB01076	investigational	2
nct03190239	DB00642	single_arm_combination	1
nct03190798	DB08907	investigational	2
nct03191981	DB00480	single_arm_combination	1
nct03191981	DB00531	single_arm_combination	1
nct03192566	DB00316	investigational	1
nct03193333	DB00373	mixed	3
nct03193333	DB00869	mixed	3
nct03193333	DB00484	mixed	3
nct03193463	DB01030	backbone	3
nct03197584	DB00947	single_arm_combination	1
nct03197584	DB00544	single_arm_combination	1
nct03197584	DB00531	single_arm_combination	1
nct03197584	DB01229	single_arm_combination	1
nct03197584	DB01101	single_arm_combination	1
nct03197584	DB00650	single_arm_combination	1
nct03199144	DB01229	described_only	1
nct03199144	DB00441	described_only	1
nct03199417	DB00321	unmatched	2
nct03199417	DB00281	described_only	2
nct03199417	DB00181	described_only	2
nct03199417	DB01009	described_only	2
nct03199755	DB06697	comparator	3
nct03199755	DB06708	comparator	3
nct03199885	DB01229	backbone	2
nct03199885	DB01248	backbone	2
nct03201952	DB01586	backbone	2
nct03202095	DB00148	investigational	1
nct03202446	DB00531	investigational	3
nct03205137	DB00999	head_to_head	4
nct03205137	DB00966	backbone	4
nct03205137	DB00381	head_to_head	4
nct03206463	DB00470	investigational	3
nct03207334	DB00987	single_arm_combination	1
nct03210324	DB00834	backbone	3
nct03212807	DB00480	single_arm_combination	1
nct03213626	DB00530	single_arm_combination	1
nct03217838	DB00928	investigational	13
nct03219372	DB00175	investigational	2
nct03219866	DB01409	investigational	2
nct03219866	DB00332	investigational	2
nct03219866	DB01222	investigational	2
nct03219866	DB01274	investigational	2
nct03219866	DB00938	backbone	2
nct03219866	DB00588	investigational	2
nct03220178	DB00947	backbone	2
nct03220178	DB01006	backbone	2
nct03220178	DB00990	backbone	2
nct03220178	DB01217	backbone	2
nct03221166	DB01041	investigational	2
nct03221751	DB00457	investigational	2
nct03224208	DB08881	single_arm_combination	1
nct03225547	DB00834	backbone	2
nct03227432	DB08910	investigational	2
nct03227432	DB01234	investigational	2
nct03228186	DB01248	single_arm_combination	1
nct03232307	DB00480	single_arm_combination	1
nct03232749	DB00443	investigational	1
nct03232749	DB00860	investigational	1
nct03232749	DB01234	investigational	1
nct03232749	DB00620	investigational	1
nct03232749	DB00959	investigational	1
nct03232749	DB00635	investigational	1
nct03232892	DB08911	investigational	1
nct03233724	DB01262	backbone	2
nct03234842	DB01229	backbone	2
nct03235531	DB00186	backbone	2
nct03235531	DB00313	investigational	2
nct03236649	DB00398	comparator	2
nct03238703	DB01006	single_arm_combination	1
nct03238703	DB00675	single_arm_combination	1
nct03238703	DB00539	single_arm_combination	1
nct03238703	DB00990	single_arm_combination	1
nct03238703	DB01217	single_arm_combination	1
nct03239236	DB00728	described_only	4
nct03239236	DB00813	described_only	4
nct03239236	DB00818	described_only	4
nct03241810	DB00947	backbone	2
nct03244592	DB01017	investigational	2
nct03245658	DB00470	investigational	2
nct03245970	DB00335	investigational	2
nct03245970	DB00598	investigational	2
nct03245970	DB01115	investigational	2
nct03246113	DB00853	single_arm_combination	1
nct03246906	DB00688	investigational	2
nct03246906	DB00877	backbone	2
nct03246906	DB00091	backbone	2
nct03246906	DB00531	investigational	2
nct03248479	DB00928	investigational	12
nct03248713	DB00834	comparator	2
nct03249272	DB06213	backbone	3
nct03249272	DB00640	backbone	3
nct03250117	DB00268	backbone	4
nct03251417	DB00762	single_arm_combination	1
nct03251911	DB08820	investigational	1
nct03256045	DB01234	single_arm_combination	1
nct03256045	DB08889	single_arm_combination	1
nct03256721	DB01248	backbone	2
nct03256721	DB00642	backbone	2
nct03257215	DB00153	investigational	3
nct03257683	DB00243	investigational	1
nct03259516	DB00531	investigational	5
nct03259516	DB01073	investigational	5
nct03259516	DB01042	investigational	5
nct03259516	DB00987	investigational	5
nct03259516	DB00928	investigational	5
nct03259516	DB00755	investigational	5
nct03261336	DB00741	investigational	1
nct03261336	DB00136	investigational	1
nct03261336	DB01026	investigational	1
nct03262142	DB00319	investigational	2
nct03262142	DB01606	investigational	2
nct03262142	DB00537	investigational	2
nct03263533	DB02546	backbone	2
nct03263533	DB00363	unmatched	2
nct03266159	DB08911	backbone	6
nct03267108	DB00435	unmatched	3
nct03267940	DB00441	unmatched	6
nct03269318	DB00277	investigational	2
nct03269318	DB00938	investigational	2
nct03269318	DB00471	investigational	2
nct03269552	DB08889	single_arm_combination	1
nct03272464	DB08912	single_arm_combination	1
nct03272464	DB08911	single_arm_combination	1
nct03274778	DB08877	investigational	1
nct03274817	DB00285	head_to_head	3
nct03274817	DB01175	head_to_head	3
nct03275376	DB01076	investigational	2
nct03275558	DB01268	head_to_head	3
nct03275558	DB06589	head_to_head	3
nct03277170	DB00471	backbone	2
nct03277209	DB06809	investigational	1
nct03278626	DB01229	investigational	1
nct03278808	DB00608	mixed	3
nct03278808	DB00207	investigational	3
nct03278938	DB01156	backbone	2
nct03278938	DB00215	backbone	2
nct03279133	DB08934	unmatched	1
nct03280342	DB00273	backbone	2
nct03281083	DB00451	investigational	1
nct03281369	DB00544	mixed	12
nct03281694	DB00184	single_arm_combination	1
nct03283046	DB00480	single_arm_combination	1
nct03283046	DB01234	single_arm_combination	1
nct03283150	DB00633	head_to_head	3
nct03283150	DB00818	head_to_head	3
nct03283150	DB00899	head_to_head	3
nct03284723	DB01006	investigational	2
nct03284957	DB01590	investigational	5
nct03285607	DB00997	backbone	3
nct03285607	DB01229	backbone	3
nct03285607	DB00531	backbone	3
nct03287908	DB08910	investigational	3
nct03287908	DB01234	investigational	3
nct03288818	DB00888	investigational	1
nct03289039	DB00947	investigational	2
nct03290963	DB01221	backbone	2
nct03291899	DB00762	investigational	1
nct03291899	DB00544	investigational	1
nct03291899	DB00650	investigational	1
nct03292133	DB00317	single_arm_combination	1
nct03294252	DB00544	single_arm_combination	1
nct03294694	DB00947	investigational	2
nct03295552	DB01262	single_arm_combination	1
nct03298009	DB08907	investigational	2
nct03298802	DB00999	investigational	2
nct03298958	DB00877	investigational	2
nct03300401	DB00556	single_arm_combination	1
nct03300505	DB08899	single_arm_combination	1
nct03300544	DB00650	single_arm_combination	1
nct03300544	DB00544	single_arm_combination	1
nct03300544	DB01101	single_arm_combination	1
nct03300921	DB00910	backbone	2
nct03301454	DB00544	investigational	2
nct03301454	DB01229	investigational	2
nct03302247	DB00441	single_arm_combination	1
nct03303911	DB09028	backbone	2
nct03303950	DB01008	single_arm_combination	1
nct03303950	DB01073	single_arm_combination	1
nct03303950	DB00531	single_arm_combination	1
nct03307863	DB00294	described_only	3
nct03307863	DB00273	investigational	3
nct03307863	DB00564	investigational	3
nct03307941	DB00544	single_arm_combination	1
nct03309592	DB00820	single_arm_combination	1
nct03317496	DB00642	investigational	4
nct03317496	DB00441	investigational	4
nct03318016	DB00531	backbone	5
nct03318861	DB01073	backbone	5
nct03318861	DB00531	backbone	5
nct03319537	DB00642	investigational	2
nct03322215	DB00947	investigational	2
nct03322215	DB01101	comparator	2
nct03323710	DB01268	single_arm_combination	1
nct03323710	DB00571	single_arm_combination	1
nct03324243	DB00987	single_arm_combination	1
nct03324243	DB01073	single_arm_combination	1
nct03324282	DB00441	described_only	2
nct03325114	DB00310	investigational	1
nct03325127	DB08913	single_arm_combination	1
nct03325127	DB05812	single_arm_combination	1
nct03325127	DB08899	single_arm_combination	1
nct03326128	DB01156	backbone	2
nct03326674	DB01101	backbone	2
nct03328936	DB01042	backbone	2
nct03328975	DB01234	investigational	2
nct03329248	DB00544	single_arm_combination	1
nct03329248	DB00531	single_arm_combination	1
nct03329248	DB01229	single_arm_combination	1
nct03329248	DB01101	single_arm_combination	1
nct03329248	DB00650	single_arm_combination	1
nct03329378	DB00997	head_to_head	2
nct03329378	DB01229	backbone	2
nct03329378	DB01248	backbone	2
nct03329378	DB00531	head_to_head	2
nct03331640	DB00762	investigational	2
nct03332355	DB00853	described_only	1
nct03332589	DB08912	investigational	3
nct03333486	DB00531	single_arm_combination	1
nct03333746	DB00480	single_arm_combination	1
nct03334305	DB00853	unmatched	2
nct03334409	DB00126	investigational	2
nct03334409	DB06589	backbone	2
nct03337698	DB01248	mixed	23
nct03337698	DB08882	investigational	23
nct03337698	DB00642	investigational	23
nct03337698	DB00441	investigational	23
nct03338205	DB01221	investigational	1
nct03338777	DB01004	unmatched	1
nct03338920	DB00669	investigational	2
nct03340909	DB00860	investigational	2
nct03342300	DB00997	investigational	2
nct03342352	DB00544	backbone	3
nct03342638	DB00531	backbone	2
nct03343977	DB01248	backbone	2
nct03344172	DB01229	backbone	2
nct03344172	DB01611	backbone	2
nct03344172	DB00441	backbone	2
nct03344341	DB06292	investigational	2
nct03345940	DB08868	head_to_head	2
nct03347526	DB01080	mixed	3
nct03348826	DB01390	backbone	2
nct03349775	DB00331	investigational	2
nct03352427	DB01254	single_arm_combination	1
nct03352427	DB01590	single_arm_combination	1
nct03355482	DB00959	investigational	2
nct03355482	DB00563	described_only	2
nct03355768	DB06813	investigational	2
nct03358004	DB00361	backbone	2
nct03358004	DB01101	investigational	2
nct03359174	DB00755	investigational	1
nct03361319	DB01229	backbone	3
nct03363191	DB08906	backbone	2
nct03363503	DB00938	backbone	2
nct03363659	DB00822	single_arm_combination	1
nct03366766	DB00642	investigational	2
nct03366766	DB00441	investigational	2
nct03367871	DB01229	single_arm_combination	1
nct03368664	DB00860	single_arm_combination	1
nct03370159	DB01248	single_arm_combination	1
nct03371823	DB00678	described_only	2
nct03373305	DB00480	single_arm_combination	1
nct03373877	DB08877	backbone	4
nct03374085	DB01234	investigational	2
nct03374852	DB00650	described_only	1
nct03374852	DB00544	unmatched	1
nct03374852	DB00762	described_only	1
nct03376139	DB00909	investigational	2
nct03376477	DB00480	backbone	3
nct03376932	DB08906	described_only	4
nct03377101	DB00947	backbone	2
nct03377725	DB01262	backbone	2
nct03379051	DB00480	investigational	2
nct03381118	DB00987	backbone	2
nct03384836	DB00571	single_arm_combination	1
nct03386162	DB00947	investigational	2
nct03386214	DB08877	backbone	3
nct03387085	DB00544	single_arm_combination	1
nct03387085	DB00531	single_arm_combination	1
nct03387085	DB01229	single_arm_combination	1
nct03387085	DB01101	single_arm_combination	1
nct03387085	DB00650	single_arm_combination	1
nct03387098	DB00544	single_arm_combination	1
nct03387098	DB00531	single_arm_combination	1
nct03387098	DB01229	single_arm_combination	1
nct03387098	DB01101	single_arm_combination	1
nct03387098	DB00650	single_arm_combination	1
nct03391050	DB08912	single_arm_combination	1
nct03392571	DB01229	investigational	1
nct03392571	DB00441	investigational	1
nct03393741	DB08871	head_to_head	5
nct03393741	DB00361	head_to_head	5
nct03393741	DB01229	head_to_head	5
nct03393741	DB04845	head_to_head	5
nct03395132	DB00443	comparator	3
nct03395132	DB02703	comparator	3
nct03395873	DB01262	investigational	1
nct03396484	DB00968	investigational	2
nct03396575	DB00853	unmatched	2
nct03397186	DB05109	investigational	1
nct03398252	DB00590	investigational	2
nct03400254	DB01611	backbone	5
nct03404193	DB01262	single_arm_combination	1
nct03409237	DB00742	head_to_head	4
nct03411031	DB00480	backbone	2
nct03411031	DB01234	backbone	2
nct03415711	DB00244	backbone	3
nct03417921	DB01229	backbone	2
nct03417921	DB00441	backbone	2
nct03418649	DB00700	investigational	2
nct03419624	DB06292	investigational	3
nct03421496	DB01080	backbone	2
nct03422523	DB00441	backbone	2
nct03422874	DB00220	single_arm_combination	1
nct03423264	DB00996	investigational	2
nct03423355	DB00999	head_to_head	3
nct03423355	DB06292	head_to_head	3
nct03428945	DB01611	investigational	2
nct03430466	DB00947	investigational	1
nct03432741	DB00441	single_arm_combination	1
nct03432741	DB08889	single_arm_combination	1
nct03433651	DB00148	investigational	2
nct03435250	DB01229	investigational	3
nct03435250	DB01248	investigational	3
nct03435250	DB00441	investigational	3
nct03437070	DB00997	single_arm_combination	1
nct03437070	DB05109	single_arm_combination	1
nct03437941	DB08899	backbone	10
nct03439046	DB00947	investigational	2
nct03439046	DB01006	investigational	2
nct03440411	DB08910	backbone	4
nct03440411	DB01234	backbone	4
nct03440411	DB00531	mixed	4
nct03440879	DB00014	investigational	2
nct03442556	DB01248	single_arm_combination	1
nct03444649	DB01177	single_arm_combination	1
nct03444649	DB00987	single_arm_combination	1
nct03445611	DB00443	backbone	2
nct03445611	DB00860	backbone	2
nct03445611	DB00281	backbone	2
nct03445611	DB01234	backbone	2
nct03445611	DB00620	backbone	2
nct03445611	DB00959	backbone	2
nct03445611	DB00635	backbone	2
nct03446638	DB00987	comparator	2
nct03450018	DB00441	single_arm_combination	1
nct03451006	DB00331	investigational	2
nct03451500	DB01235	backbone	3
nct03451500	DB00190	backbone	3
nct03451773	DB00441	backbone	2
nct03456401	DB01268	investigational	1
nct03456401	DB00398	investigational	1
nct03456700	DB00877	single_arm_combination	1
nct03457142	DB01234	single_arm_combination	1
nct03457753	DB00740	investigational	1
nct03460678	DB00530	head_to_head	2
nct03460678	DB00642	head_to_head	2
nct03462043	DB01235	backbone	4
nct03465345	DB00331	single_arm_combination	1
nct03466801	DB00959	backbone	2
nct03466801	DB00635	backbone	2
nct03466801	DB00531	described_only	2
nct03467386	DB00864	single_arm_combination	1
nct03467386	DB00531	single_arm_combination	1
nct03468075	DB00126	single_arm_combination	1
nct03468075	DB00441	single_arm_combination	1
nct03469011	DB00619	investigational	1
nct03470350	DB01101	investigational	1
nct03471117	DB01132	investigational	2
nct03472833	DB00169	described_only	2
nct03473665	DB00328	head_to_head	4
nct03473665	DB00482	head_to_head	4
nct03473665	DB00586	head_to_head	4
nct03473665	DB00814	head_to_head	4
nct03476993	DB08834	unmatched	1
nct03476993	DB01586	described_only	1
nct03478904	DB08899	backbone	2
nct03480867	DB00853	investigational	1
nct03481556	DB01234	backbone	2
nct03483883	DB00441	single_arm_combination	1
nct03483948	DB00928	single_arm_combination	1
nct03486353	DB00928	backbone	2
nct03488225	DB01234	single_arm_combination	1
nct03488225	DB00531	single_arm_combination	1
nct03488225	DB00987	single_arm_combination	1
nct03488225	DB01033	single_arm_combination	1
nct03488225	DB00563	single_arm_combination	1
nct03488225	DB00997	single_arm_combination	1
nct03488225	DB00635	single_arm_combination	1
nct03488251	DB00441	backbone	4
nct03491579	DB00987	single_arm_combination	1
nct03491579	DB00242	single_arm_combination	1
nct03492138	DB01234	single_arm_combination	1
nct03494569	DB01042	single_arm_combination	1
nct03494569	DB01073	single_arm_combination	1
nct03495921	DB00853	mixed	3
nct03495921	DB00762	mixed	3
nct03495921	DB00745	mixed	3
nct03496519	DB05109	backbone	2
nct03496623	DB00374	investigational	2
nct03498222	DB00642	backbone	3
nct03498716	DB00997	backbone	2
nct03498716	DB01229	backbone	2
nct03498716	DB00445	backbone	2
nct03498716	DB00531	backbone	2
nct03501966	DB00819	head_to_head	3
nct03501966	DB00695	unmatched	3
nct03501979	DB01101	single_arm_combination	1
nct03502577	DB01073	single_arm_combination	1
nct03502577	DB00531	single_arm_combination	1
nct03504410	DB00987	backbone	2
nct03504410	DB01204	backbone	2
nct03504566	DB00966	single_arm_combination	1
nct03504566	DB08882	single_arm_combination	1
nct03506802	DB01042	single_arm_combination	1
nct03506802	DB06809	single_arm_combination	1
nct03506802	DB00480	single_arm_combination	1
nct03508739	DB00177	backbone	2
nct03509207	DB02546	investigational	1
nct03512353	DB01234	single_arm_combination	1
nct03512353	DB08889	single_arm_combination	1
nct03512756	DB00252	investigational	2
nct03512756	DB00877	investigational	2
nct03512756	DB00553	investigational	2
nct03514836	DB00531	single_arm_combination	1
nct03515200	DB01254	single_arm_combination	1
nct03515200	DB01234	single_arm_combination	1
nct03515200	DB08877	single_arm_combination	1
nct03515200	DB00188	single_arm_combination	1
nct03515200	DB00997	single_arm_combination	1
nct03515707	DB01008	single_arm_combination	1
nct03515707	DB00773	single_arm_combination	1
nct03515941	DB00650	backbone	2
nct03515941	DB00544	backbone	2
nct03515941	DB01101	backbone	2
nct03518112	DB01234	single_arm_combination	1
nct03518112	DB00531	single_arm_combination	1
nct03518112	DB00987	single_arm_combination	1
nct03518112	DB00563	single_arm_combination	1
nct03518112	DB01033	single_arm_combination	1
nct03518112	DB00650	single_arm_combination	1
nct03518112	DB00635	single_arm_combination	1
nct03519178	DB00947	unmatched	8
nct03519178	DB01006	unmatched	8
nct03519308	DB00910	investigational	2
nct03519984	DB00987	investigational	2
nct03520790	DB01229	backbone	3
nct03520790	DB00910	investigational	3
nct03520790	DB00441	backbone	3
nct03520985	DB08910	single_arm_combination	1
nct03520985	DB01234	single_arm_combination	1
nct03524898	DB01229	single_arm_combination	1
nct03524898	DB00441	single_arm_combination	1
nct03528876	DB00650	investigational	1
nct03528876	DB00544	investigational	1
nct03528876	DB00762	investigational	1
nct03529084	DB00530	comparator	2
nct03529084	DB00317	comparator	2
nct03530683	DB01234	investigational	7
nct03530683	DB00928	investigational	7
nct03530683	DB08889	investigational	7
nct03531827	DB08899	backbone	2
nct03536208	DB00682	investigational	1
nct03538015	DB01136	investigational	3
nct03539432	DB01241	investigational	2
nct03540485	DB01065	investigational	2
nct03541486	DB00126	investigational	2
nct03541486	DB00441	backbone	2
nct03542812	DB00155	backbone	2
nct03549611	DB00996	investigational	2
nct03549611	DB00497	investigational	2
nct03549611	DB00482	investigational	2
nct03549611	DB00316	backbone	2
nct03552016	DB00140	backbone	3
nct03553602	DB01128	described_only	1
nct03553602	DB00499	described_only	1
nct03553914	DB01204	backbone	3
nct03554109	DB00544	investigational	2
nct03554109	DB00531	backbone	2
nct03554109	DB01229	backbone	2
nct03554109	DB00997	comparator	2
nct03554109	DB00650	investigational	2
nct03557684	DB00149	investigational	4
nct03558750	DB00480	single_arm_combination	1
nct03560908	DB01254	investigational	1
nct03562949	DB00394	comparator	3
nct03563040	DB00553	investigational	1
nct03563144	DB00544	investigational	3
nct03563144	DB00441	comparator	3
nct03563144	DB00531	investigational	3
nct03563144	DB01229	mixed	3
nct03563144	DB01101	investigational	3
nct03563144	DB00650	investigational	3
nct03563170	DB00544	investigational	2
nct03563170	DB00531	investigational	2
nct03563170	DB01229	investigational	2
nct03563170	DB00398	backbone	2
nct03563170	DB01101	investigational	2
nct03563170	DB00650	investigational	2
nct03564678	DB00583	investigational	1
nct03566511	DB01119	investigational	4
nct03567291	DB04844	investigational	3
nct03567616	DB08910	backbone	3
nct03567616	DB01234	backbone	3
nct03567928	DB00818	backbone	2
nct03574649	DB01248	backbone	2
nct03574649	DB00544	investigational	2
nct03574649	DB01229	backbone	2
nct03574649	DB00531	investigational	2
nct03574818	DB00441	investigational	1
nct03575195	DB01220	investigational	2
nct03575234	DB00531	single_arm_combination	1
nct03576547	DB08901	backbone	3
nct03576547	DB01234	backbone	3
nct03576885	DB00435	investigational	3
nct03577184	DB00331	investigational	0
nct03577184	DB04876	investigational	0
nct03579472	DB08871	single_arm_combination	1
nct03579758	DB01101	backbone	2
nct03579758	DB00441	investigational	2
nct03579888	DB01073	single_arm_combination	1
nct03579888	DB00531	single_arm_combination	1
nct03579927	DB01042	single_arm_combination	1
nct03579927	DB00987	single_arm_combination	1
nct03579927	DB00773	single_arm_combination	1
nct03579927	DB00262	single_arm_combination	1
nct03580382	DB08911	backbone	2
nct03580616	DB00133	investigational	1
nct03581084	DB06151	investigational	1
nct03582033	DB08910	investigational	3
nct03582033	DB01234	investigational	3
nct03582618	DB00398	single_arm_combination	1
nct03584009	DB00947	backbone	2
nct03585062	DB01229	single_arm_combination	1
nct03585465	DB00570	investigational	5
nct03585465	DB01101	investigational	5
nct03585465	DB00531	investigational	5
nct03585725	DB00811	investigational	1
nct03586544	DB01001	backbone	2
nct03586687	DB00620	backbone	3
nct03586869	DB00544	single_arm_combination	1
nct03586869	DB00531	single_arm_combination	1
nct03586869	DB01229	single_arm_combination	1
nct03586869	DB01101	single_arm_combination	1
nct03586869	DB00650	single_arm_combination	1
nct03588039	DB01229	backbone	8
nct03590652	DB08910	single_arm_combination	1
nct03590652	DB01234	single_arm_combination	1
nct03591458	DB00321	investigational	2
nct03591744	DB00188	single_arm_combination	1
nct03591744	DB00997	single_arm_combination	1
nct03591744	DB00480	single_arm_combination	1
nct03591744	DB01234	single_arm_combination	1
nct03592212	DB01001	investigational	0
nct03593902	DB01073	single_arm_combination	1
nct03593902	DB00531	single_arm_combination	1
nct03593915	DB01262	investigational	1
nct03593915	DB00928	investigational	1
nct03597035	DB00421	investigational	1
nct03599518	DB00317	single_arm_combination	1
nct03600467	DB01234	described_only	1
nct03600623	DB00650	investigational	2
nct03600623	DB00544	investigational	2
nct03600623	DB00441	investigational	2
nct03600623	DB00762	investigational	2
nct03600909	DB01008	backbone	3
nct03600909	DB01073	backbone	3
nct03600909	DB00531	backbone	3
nct03602495	DB00398	investigational	2
nct03602781	DB00435	backbone	2
nct03603080	DB00331	investigational	2
nct03603080	DB00273	investigational	2
nct03606642	DB06209	investigational	1
nct03606642	DB08816	investigational	1
nct03606642	DB00945	investigational	1
nct03606642	DB00758	investigational	1
nct03607955	DB01229	single_arm_combination	1
nct03608358	DB06292	investigational	3
nct03608501	DB01041	single_arm_combination	1
nct03608501	DB01234	single_arm_combination	1
nct03610490	DB01073	single_arm_combination	1
nct03610490	DB00531	single_arm_combination	1
nct03612739	DB00928	backbone	3
nct03614728	DB00928	investigational	3
nct03615547	DB00882	investigational	2
nct03617484	DB00188	single_arm_combination	1
nct03618108	DB00254	investigational	2
nct03618108	DB00615	investigational	2
nct03618108	DB00207	investigational	2
nct03620253	DB00745	investigational	2
nct03622775	DB08910	unmatched	1
nct03623776	DB00642	investigational	2
nct03624036	DB01073	backbone	5
nct03624036	DB00531	backbone	5
nct03625089	DB01076	backbone	2
nct03626545	DB01248	backbone	3
nct03626727	DB01440	investigational	1
nct03630120	DB00398	mixed	4
nct03630120	DB05294	mixed	4
nct03631199	DB01229	mixed	5
nct03631199	DB00642	mixed	5
nct03631771	DB01362	single_arm_combination	1
nct03631771	DB01249	single_arm_combination	1
nct03632317	DB01590	single_arm_combination	1
nct03634150	DB00997	investigational	1
nct03634202	DB01101	investigational	1
nct03634228	DB00987	backbone	2
nct03639610	DB01234	backbone	3
nct03641326	DB01268	backbone	3
nct03643159	DB01238	backbone	2
nct03644511	DB00398	single_arm_combination	1
nct03644511	DB08896	single_arm_combination	1
nct03645395	DB00480	unmatched	5
nct03646123	DB00570	investigational	3
nct03646123	DB00997	backbone	3
nct03646123	DB00851	backbone	3
nct03648229	DB00373	comparator	3
nct03648229	DB00654	comparator	3
nct03649321	DB01229	backbone	2
nct03649321	DB00441	backbone	2
nct03649841	DB00635	backbone	2
nct03651531	DB00331	head_to_head	2
nct03652233	DB08916	single_arm_combination	1
nct03655821	DB00642	backbone	2
nct03656536	DB00441	comparator	2
nct03657420	DB08910	single_arm_combination	1
nct03657420	DB00877	single_arm_combination	1
nct03657420	DB01234	single_arm_combination	1
nct03658213	DB00014	backbone	2
nct03660683	DB06292	mixed	3
nct03660683	DB06335	comparator	3
nct03660930	DB00877	single_arm_combination	1
nct03660930	DB06589	single_arm_combination	1
nct03662074	DB00441	single_arm_combination	1
nct03670901	DB00997	unmatched	2
nct03670901	DB00635	unmatched	2
nct03670901	DB00531	unmatched	2
nct03672643	DB08865	investigational	1
nct03674242	DB00441	backbone	2
nct03674671	DB01221	investigational	2
nct03679975	DB00740	investigational	1
nct03683277	DB08910	investigational	1
nct03683277	DB01234	investigational	1
nct03685773	DB00627	investigational	12
nct03685773	DB01119	investigational	12
nct03686657	DB00331	mixed	4
nct03686657	DB00482	investigational	4
nct03686657	DB00177	investigational	4
nct03688464	DB01065	head_to_head	3
nct03688464	DB01075	head_to_head	3
nct03688568	DB00619	investigational	1
nct03690739	DB00997	unmatched	2
nct03690739	DB05109	head_to_head	2
nct03694821	DB00959	comparator	3
nct03694821	DB00465	investigational	3
nct03696290	DB00355	investigational	4
nct03696537	DB01073	investigational	1
nct03697239	DB00126	single_arm_combination	1
nct03697239	DB01229	single_arm_combination	1
nct03697239	DB00441	single_arm_combination	1
nct03698227	DB00997	single_arm_combination	1
nct03698916	DB00482	investigational	0
nct03699033	DB01229	single_arm_combination	1
nct03699293	DB00482	head_to_head	2
nct03699293	DB00788	head_to_head	2
nct03699293	DB00945	backbone	2
nct03699384	DB00928	single_arm_combination	1
nct03699475	DB00531	comparator	3
nct03699904	DB00577	investigational	2
nct03699956	DB00773	backbone	2
nct03701321	DB00188	backbone	3
nct03701321	DB01234	backbone	3
nct03704714	DB00997	single_arm_combination	1
nct03704714	DB00635	single_arm_combination	1
nct03704714	DB00531	single_arm_combination	1
nct03705273	DB01234	backbone	2
nct03705351	DB00853	investigational	1
nct03707028	DB01229	single_arm_combination	1
nct03707678	DB01001	backbone	2
nct03707678	DB00588	unmatched	2
nct03708237	DB00996	investigational	3
nct03708237	DB00268	investigational	3
nct03709082	DB01006	backbone	4
nct03709550	DB01262	single_arm_combination	1
nct03709550	DB08899	single_arm_combination	1
nct03709576	DB00928	single_arm_combination	1
nct03710044	DB00091	investigational	1
nct03710122	DB00512	investigational	2
nct03710161	DB00153	backbone	2
nct03711422	DB08916	backbone	2
nct03713320	DB02546	comparator	2
nct03713944	DB00642	single_arm_combination	1
nct03714555	DB00822	backbone	3
nct03714867	DB00230	investigational	2
nct03716050	DB00727	head_to_head	8
nct03718143	DB00987	investigational	3
nct03722498	DB00650	investigational	2
nct03722498	DB00544	investigational	2
nct03722498	DB00398	comparator	2
nct03722966	DB00184	investigational	4
nct03724084	DB00987	backbone	2
nct03724084	DB00694	backbone	2
nct03724175	DB08834	unmatched	1
nct03724175	DB01586	investigational	1
nct03726398	DB08932	investigational	1
nct03727633	DB01177	investigational	1
nct03728933	DB05271	investigational	3
nct03729401	DB08816	backbone	3
nct03729401	DB00758	investigational	3
nct03729401	DB00945	mixed	3
nct03733119	DB00134	investigational	2
nct03733691	DB00480	investigational	2
nct03735433	DB00945	investigational	2
nct03735446	DB00987	single_arm_combination	1
nct03735446	DB00773	single_arm_combination	1
nct03735446	DB01204	single_arm_combination	1
nct03735758	DB06589	backbone	2
nct03736629	DB00207	investigational	3
nct03737994	DB08865	investigational	10
nct03737994	DB00642	investigational	10
nct03738878	DB01261	backbone	2
nct03738878	DB00177	backbone	2
nct03739801	DB00762	single_arm_combination	1
nct03742804	DB00888	described_only	1
nct03745352	DB00928	backbone	2
nct03749590	DB00653	investigational	2
nct03752138	DB01262	investigational	5
nct03760445	DB01263	investigational	8
nct03760445	DB00987	backbone	8
nct03760445	DB00683	investigational	8
nct03760614	DB00650	single_arm_combination	1
nct03760614	DB00544	single_arm_combination	1
nct03760666	DB00811	investigational	1
nct03761134	DB00331	backbone	3
nct03764540	DB06772	investigational	2
nct03764540	DB01248	comparator	2
nct03764540	DB00635	backbone	2
nct03765138	DB00413	investigational	1
nct03765541	DB00987	backbone	2
nct03765541	DB01234	investigational	2
nct03765541	DB00928	backbone	2
nct03765541	DB00276	backbone	2
nct03766126	DB01073	backbone	3
nct03766126	DB00531	backbone	3
nct03766607	DB01229	single_arm_combination	1
nct03768726	DB00246	investigational	1
nct03769532	DB00928	single_arm_combination	1
nct03770455	DB05812	single_arm_combination	1
nct03770455	DB08899	single_arm_combination	1
nct03770546	DB00443	comparator	4
nct03773302	DB00441	comparator	2
nct03773510	DB05109	backbone	2
nct03773744	DB00531	investigational	2
nct03777579	DB01229	backbone	2
nct03780634	DB00398	comparator	2
nct03782402	DB00470	unmatched	2
nct03785184	DB00480	single_arm_combination	1
nct03785184	DB01234	single_arm_combination	1
nct03785210	DB00820	single_arm_combination	1
nct03785210	DB00512	single_arm_combination	1
nct03786094	DB08871	backbone	2
nct03787082	DB00878	investigational	2
nct03787303	DB00279	investigational	1
nct03790111	DB00441	investigational	1
nct03792503	DB00642	single_arm_combination	1
nct03794583	DB00374	investigational	1
nct03794596	DB00448	backbone	2
nct03794596	DB00945	investigational	2
nct03795012	DB08871	backbone	2
nct03795350	DB00394	investigational	1
nct03795350	DB00983	investigational	1
nct03795350	DB00986	investigational	1
nct03796416	DB00929	backbone	2
nct03796507	DB00853	investigational	1
nct03797443	DB01229	single_arm_combination	1
nct03797443	DB00126	single_arm_combination	1
nct03797443	DB00441	single_arm_combination	1
nct03802058	DB01229	single_arm_combination	1
nct03803254	DB00650	described_only	2
nct03803254	DB00544	described_only	2
nct03803761	DB00947	single_arm_combination	1
nct03807479	DB08901	investigational	1
nct03808610	DB01234	single_arm_combination	1
nct03808610	DB00531	single_arm_combination	1
nct03808610	DB00987	single_arm_combination	1
nct03808610	DB00563	single_arm_combination	1
nct03808610	DB01280	single_arm_combination	1
nct03808610	DB00635	single_arm_combination	1
nct03808935	DB00470	investigational	2
nct03809650	DB08932	investigational	1
nct03809897	DB00184	comparator	2
nct03811418	DB00361	investigational	2
nct03811418	DB01248	comparator	2
nct03813108	DB01117	backbone	7
nct03813108	DB01131	backbone	7
nct03813108	DB00358	investigational	7
nct03813108	DB06697	investigational	7
nct03813108	DB06708	investigational	7
nct03817190	DB00154	investigational	2
nct03817554	DB00413	investigational	2
nct03818997	DB01229	investigational	3
nct03822637	DB06151	investigational	2
nct03822637	DB01001	backbone	2
nct03822936	DB00650	investigational	1
nct03822936	DB00762	investigational	1
nct03822936	DB00544	investigational	1
nct03822936	DB00441	unmatched	1
nct03825289	DB08911	single_arm_combination	1
nct03825289	DB01611	single_arm_combination	1
nct03827044	DB00544	unmatched	2
nct03827044	DB01101	unmatched	2
nct03827473	DB01248	investigational	2
nct03829930	DB08899	single_arm_combination	1
nct03833596	DB00635	backbone	3
nct03834571	DB01229	investigational	2
nct03835871	DB00394	investigational	4
nct03837353	DB01248	investigational	4
nct03838484	DB00184	backbone	4
nct03838692	DB08901	investigational	1
nct03838848	DB00642	investigational	5
nct03840902	DB00773	backbone	2
nct03840902	DB01229	backbone	2
nct03840902	DB00642	backbone	2
nct03841565	DB08910	single_arm_combination	1
nct03841565	DB01234	single_arm_combination	1
nct03841747	DB01229	backbone	2
nct03846128	DB01268	unmatched	0
nct03846570	DB00394	investigational	2
nct03846570	DB00983	investigational	2
nct03846583	DB01006	unmatched	4
nct03846583	DB00990	unmatched	4
nct03846583	DB01217	unmatched	4
nct03847389	DB01013	investigational	1
nct03848182	DB00441	single_arm_combination	1
nct03850535	DB00987	investigational	4
nct03850535	DB00694	investigational	4
nct03850795	DB08899	backbone	2
nct03852160	DB01104	backbone	2
nct03852160	DB01175	backbone	2
nct03852160	DB00370	backbone	2
nct03852160	DB01156	backbone	2
nct03852160	DB06594	backbone	2
nct03852160	DB00476	backbone	2
nct03852160	DB00656	backbone	2
nct03852979	DB01229	single_arm_combination	1
nct03854942	DB00704	head_to_head	3
nct03856112	DB01234	backbone	3
nct03856216	DB01042	investigational	2
nct03856216	DB01073	backbone	2
nct03857139	DB00184	investigational	1
nct03858972	DB01101	single_arm_combination	1
nct03860753	DB01132	investigational	2
nct03860844	DB01177	single_arm_combination	1
nct03860844	DB01234	single_arm_combination	1
nct03860844	DB00531	single_arm_combination	1
nct03860844	DB00773	single_arm_combination	1
nct03860844	DB01073	single_arm_combination	1
nct03860844	DB00987	single_arm_combination	1
nct03860844	DB01005	single_arm_combination	1
nct03860844	DB00563	single_arm_combination	1
nct03860844	DB00997	single_arm_combination	1
nct03860844	DB01204	single_arm_combination	1
nct03860844	DB00694	single_arm_combination	1
nct03861598	DB01136	investigational	1
nct03864328	DB01003	investigational	4
nct03864419	DB00531	investigational	4
nct03864419	DB00773	investigational	4
nct03864419	DB00563	investigational	4
nct03864419	DB00997	investigational	4
nct03864419	DB00635	investigational	4
nct03865407	DB00437	investigational	2
nct03865563	DB00441	investigational	1
nct03866980	DB00642	mixed	3
nct03867188	DB00297	investigational	2
nct03868839	DB00966	investigational	1
nct03869762	DB08899	single_arm_combination	1
nct03870529	DB00162	investigational	2
nct03871153	DB01229	single_arm_combination	1
nct03871829	DB01234	backbone	2
nct03871829	DB08889	backbone	2
nct03872336	DB00598	investigational	2
nct03872388	DB01076	investigational	2
nct03872505	DB01229	backbone	2
nct03874325	DB01006	backbone	2
nct03874325	DB00990	backbone	2
nct03874325	DB01217	backbone	2
nct03874858	DB04868	backbone	2
nct03875144	DB00997	investigational	2
nct03875144	DB00642	backbone	2
nct03875911	DB00305	backbone	3
nct03877692	DB00598	backbone	2
nct03878199	DB00987	single_arm_combination	1
nct03878199	DB08877	single_arm_combination	1
nct03878199	DB00694	single_arm_combination	1
nct03878524	DB00482	single_arm_combination	1
nct03878524	DB01229	single_arm_combination	1
nct03878524	DB00188	single_arm_combination	1
nct03878524	DB01268	single_arm_combination	1
nct03878524	DB08901	single_arm_combination	1
nct03878524	DB01101	single_arm_combination	1
nct03878524	DB08916	single_arm_combination	1
nct03878524	DB08912	single_arm_combination	1
nct03878524	DB01590	single_arm_combination	1
nct03878524	DB00530	single_arm_combination	1
nct03878524	DB00398	single_arm_combination	1
nct03878524	DB08881	single_arm_combination	1
nct03878524	DB02546	single_arm_combination	1
nct03878524	DB00650	single_arm_combination	1
nct03878524	DB00755	single_arm_combination	1
nct03878524	DB00619	single_arm_combination	1
nct03878524	DB06772	single_arm_combination	1
nct03878524	DB05812	single_arm_combination	1
nct03878524	DB00544	single_arm_combination	1
nct03878524	DB00678	single_arm_combination	1
nct03878524	DB01128	single_arm_combination	1
nct03878524	DB08896	single_arm_combination	1
nct03878524	DB00997	single_arm_combination	1
nct03878524	DB00877	single_arm_combination	1
nct03878524	DB08828	single_arm_combination	1
nct03878524	DB01254	single_arm_combination	1
nct03878524	DB08877	single_arm_combination	1
nct03878524	DB08911	single_arm_combination	1
nct03878524	DB08899	single_arm_combination	1
nct03878927	DB00987	backbone	3
nct03878927	DB00694	backbone	3
nct03879798	DB00762	single_arm_combination	1
nct03881111	DB00544	backbone	2
nct03884465	DB00374	investigational	1
nct03884972	DB05109	backbone	2
nct03885154	DB00320	head_to_head	4
nct03885154	DB00313	head_to_head	4
nct03887442	DB01229	backbone	2
nct03889756	DB00683	comparator	2
nct03889756	DB01221	investigational	2
nct03891173	DB00361	backbone	2
nct03891979	DB00537	single_arm_combination	1
nct03891979	DB00916	single_arm_combination	1
nct03892889	DB01238	investigational	1
nct03894007	DB01229	backbone	2
nct03894007	DB01248	backbone	2
nct03894007	DB00445	backbone	2
nct03894007	DB00531	backbone	2
nct03896945	DB00908	described_only	3
nct03896945	DB00514	described_only	3
nct03897491	DB00855	investigational	1
nct03904251	DB00987	single_arm_combination	1
nct03904251	DB00694	single_arm_combination	1
nct03905889	DB01268	single_arm_combination	1
nct03905941	DB00331	backbone	2
nct03905941	DB00977	described_only	2
nct03907202	DB00331	unmatched	2
nct03908333	DB01229	single_arm_combination	1
nct03908333	DB00126	single_arm_combination	1
nct03908333	DB00441	single_arm_combination	1
nct03912428	DB00482	head_to_head	4
nct03912818	DB00570	investigational	3
nct03912818	DB00997	investigational	3
nct03912818	DB00563	investigational	3
nct03912818	DB00441	investigational	3
nct03913559	DB00316	single_arm_combination	1
nct03913559	DB00741	single_arm_combination	1
nct03913559	DB00987	single_arm_combination	1
nct03913559	DB00563	single_arm_combination	1
nct03913559	DB01075	single_arm_combination	1
nct03913559	DB00959	single_arm_combination	1
nct03919292	DB00313	backbone	6
nct03923361	DB00818	investigational	1
nct03926624	DB01262	comparator	2
nct03926624	DB00987	comparator	2
nct03926624	DB00928	comparator	2
nct03927222	DB00853	single_arm_combination	1
nct03927443	DB00905	comparator	2
nct03928314	DB01229	backbone	2
nct03929211	DB01611	single_arm_combination	1
nct03932318	DB00928	single_arm_combination	1
nct03933007	DB01394	single_arm_combination	1
nct03933007	DB00950	single_arm_combination	1
nct03933007	DB00683	single_arm_combination	1
nct03936192	DB01296	mixed	3
nct03936192	DB00814	investigational	3
nct03936933	DB00014	backbone	2
nct03942419	DB00572	investigational	3
nct03944512	DB00175	investigational	2
nct03948178	DB00922	investigational	1
nct03949842	DB08906	investigational	2
nct03952832	DB01097	investigational	1
nct03957876	DB00987	investigational	1
nct03957876	DB00694	investigational	1
nct03959592	DB00137	investigational	2
nct03960008	DB00997	unmatched	2
nct03960151	DB00334	single_arm_combination	1
nct03960151	DB01234	single_arm_combination	1
nct03960151	DB00377	single_arm_combination	1
nct03963024	DB00877	described_only	1
nct03963102	DB00855	backbone	2
nct03963414	DB00773	backbone	2
nct03965624	DB01234	described_only	1
nct03966053	DB00831	backbone	4
nct03969420	DB00987	investigational	4
nct03969446	DB01262	backbone	3
nct03970694	DB01101	backbone	2
nct03971110	DB00014	investigational	1
nct03971110	DB01128	investigational	1
nct03971734	DB06213	investigational	7
nct03972046	DB08912	single_arm_combination	1
nct03972046	DB08911	single_arm_combination	1
nct03974854	DB00441	comparator	2
nct03977675	DB01221	backbone	3
nct03978884	DB00381	investigational	4
nct03978884	DB00678	backbone	4
nct03980249	DB01136	investigational	1
nct03982004	DB00724	single_arm_combination	1
nct03986996	DB00254	backbone	2
nct03986996	DB01060	backbone	2
nct03986996	DB00916	comparator	2
nct03988114	DB01006	single_arm_combination	1
nct03988114	DB01217	single_arm_combination	1
nct03988205	DB00694	investigational	1
nct03989713	DB00987	described_only	2
nct03989713	DB01204	described_only	2
nct03990077	DB01248	single_arm_combination	1
nct03992196	DB05271	single_arm_combination	1
nct03996473	DB08913	investigational	4
nct03999515	DB08899	single_arm_combination	1
nct04001036	DB00583	backbone	2
nct04002115	DB00688	single_arm_combination	1
nct04002115	DB00531	single_arm_combination	1
nct04002115	DB01073	single_arm_combination	1
nct04002115	DB00631	single_arm_combination	1
nct04002115	DB00864	single_arm_combination	1
nct04002115	DB01008	single_arm_combination	1
nct04002635	DB01006	investigational	2
nct04004117	DB00813	backbone	2
nct04005079	DB00860	backbone	2
nct04005079	DB01165	backbone	2
nct04005079	DB01085	investigational	2
nct04006847	DB00159	single_arm_combination	1
nct04013880	DB01262	single_arm_combination	1
nct04014712	DB00360	investigational	2
nct04016116	DB08877	investigational	3
nct04016142	DB01229	investigational	1
nct04019327	DB00853	single_arm_combination	1
nct04019769	DB00130	investigational	1
nct04020653	DB00855	investigational	3
nct04021498	DB00641	investigational	2
nct04023071	DB01073	investigational	4
nct04023071	DB00531	investigational	4
nct04024436	DB00947	investigational	4
nct04025216	DB01073	backbone	2
nct04025216	DB00531	backbone	2
nct04025567	DB00512	investigational	1
nct04029688	DB00987	investigational	6
nct04029688	DB01030	investigational	6
nct04029688	DB01073	investigational	6
nct04029688	DB00531	investigational	6
nct04030000	DB01229	investigational	1
nct04030429	DB08865	investigational	1
nct04031872	DB01101	investigational	1
nct04031885	DB00947	investigational	2
nct04033328	DB08899	backbone	2
nct04034251	DB01229	backbone	3
nct04034251	DB01101	backbone	3
nct04035603	DB00260	investigational	2
nct04037241	DB00544	mixed	8
nct04037241	DB00441	mixed	8
nct04037241	DB00762	mixed	8
nct04037241	DB01229	mixed	8
nct04037241	DB01101	mixed	8
nct04037241	DB00650	mixed	8
nct04037462	DB01234	described_only	1
nct04037527	DB01248	single_arm_combination	1
nct04037527	DB00441	single_arm_combination	1
nct04038489	DB00675	single_arm_combination	1
nct04038489	DB00531	single_arm_combination	1
nct04038489	DB01229	single_arm_combination	1
nct04038489	DB00945	single_arm_combination	1
nct04038489	DB00997	single_arm_combination	1
nct04039867	DB00441	investigational	1
nct04044378	DB01181	investigational	3
nct04045730	DB01229	investigational	1
nct04045730	DB00441	investigational	1
nct04046887	DB01229	single_arm_combination	1
nct04046887	DB00432	unmatched	1
nct04046887	DB00441	single_arm_combination	1
nct04051047	DB00441	investigational	1
nct04051853	DB00398	backbone	2
nct04051996	DB01262	backbone	2
nct04052204	DB08899	investigational	3
nct04052269	DB00203	backbone	2
nct04054973	DB00125	single_arm_combination	1
nct04054973	DB00360	single_arm_combination	1
nct04058145	DB06809	backbone	3
nct04059484	DB00947	comparator	2
nct04059484	DB01006	comparator	2
nct04059484	DB00675	comparator	2
nct04059484	DB00990	comparator	2
nct04059484	DB01217	comparator	2
nct04060342	DB01229	investigational	6
nct04060342	DB00441	investigational	6
nct04060862	DB00947	backbone	2
nct04061590	DB00642	investigational	2
nct04062890	DB01080	investigational	2
nct04064697	DB01610	investigational	2
nct04064827	DB00910	investigational	1
nct04065087	DB00853	unmatched	2
nct04066491	DB00441	backbone	3
nct04066751	DB08820	backbone	2
nct04066790	DB01229	backbone	2
nct04067102	DB01229	backbone	2
nct04069936	DB00820	single_arm_combination	1
nct04071236	DB08913	backbone	3
nct04076761	DB00432	investigational	1
nct04080505	DB06715	investigational	2
nct04083898	DB00635	backbone	4
nct04084158	DB01229	backbone	2
nct04087590	DB00983	investigational	1
nct04088188	DB00441	backbone	2
nct04093323	DB00482	single_arm_combination	1
nct04094584	DB00704	investigational	1
nct04095689	DB01248	single_arm_combination	1
nct04097821	DB08877	backbone	8
nct04099888	DB00441	backbone	2
nct04100135	DB00758	backbone	2
nct04100330	DB00987	backbone	2
nct04101357	DB00773	investigational	3
nct04102436	DB01073	single_arm_combination	1
nct04102436	DB00531	single_arm_combination	1
nct04102618	DB01006	investigational	6
nct04105374	DB00853	backbone	2
nct04105374	DB01099	investigational	2
nct04108377	DB01656	investigational	2
nct04109690	DB00987	investigational	1
nct04109690	DB00694	investigational	1
nct04109885	DB00433	comparator	2
nct04109885	DB01075	comparator	2
nct04111809	DB00630	described_only	1
nct04113616	DB01262	investigational	6
nct04113616	DB00987	investigational	6
nct04113863	DB01217	backbone	2
nct04113863	DB00755	investigational	2
nct04115020	DB00704	backbone	2
nct04115059	DB01254	investigational	1
nct04115956	DB01234	single_arm_combination	1
nct04117165	DB00563	unmatched	2
nct04119336	DB01234	single_arm_combination	1
nct04119336	DB00531	single_arm_combination	1
nct04121299	DB01136	investigational	2
nct04121299	DB00381	comparator	2
nct04124510	DB00983	investigational	1
nct04128020	DB00928	investigational	2
nct04128774	DB01234	head_to_head	2
nct04130399	DB00762	investigational	1
nct04130399	DB00544	investigational	1
nct04130399	DB00650	investigational	1
nct04130698	DB00184	backbone	2
nct04131192	DB00441	single_arm_combination	1
nct04134468	DB01229	single_arm_combination	1
nct04134468	DB00441	single_arm_combination	1
nct04136912	DB00556	backbone	3
nct04141995	DB00762	single_arm_combination	1
nct04141995	DB00544	single_arm_combination	1
nct04141995	DB00390	single_arm_combination	1
nct04142060	DB08899	investigational	1
nct04145674	DB00333	investigational	2
nct04145700	DB01248	backbone	2
nct04145700	DB00441	backbone	2
nct04149444	DB00432	investigational	1
nct04150029	DB00928	single_arm_combination	1
nct04150965	DB08910	mixed	5
nct04150965	DB01234	mixed	5
nct04151563	DB01248	mixed	6
nct04154033	DB00704	investigational	3
nct04154735	DB01220	single_arm_combination	1
nct04154735	DB00864	single_arm_combination	1
nct04154735	DB01073	single_arm_combination	1
nct04154735	DB00531	single_arm_combination	1
nct04155580	DB01262	backbone	3
nct04156828	DB01234	single_arm_combination	1
nct04156828	DB00441	single_arm_combination	1
nct04157088	DB08899	investigational	2
nct04158141	DB00642	backbone	2
nct04158635	DB00559	backbone	3
nct04158635	DB01229	backbone	3
nct04158635	DB00441	backbone	3
nct04158830	DB00945	backbone	2
nct04160052	DB00928	single_arm_combination	1
nct04160195	DB01073	backbone	2
nct04160195	DB00531	backbone	2
nct04161885	DB00928	investigational	3
nct04162873	DB00482	investigational	2
nct04163432	DB00642	backbone	2
nct04163900	DB00441	comparator	2
nct04164758	DB01224	comparator	3
nct04168957	DB01229	described_only	1
nct04170959	DB00331	investigational	3
nct04171284	DB01248	mixed	4
nct04172597	DB00836	backbone	5
nct04172844	DB00928	backbone	2
nct04173325	DB00762	single_arm_combination	1
nct04173338	DB00642	single_arm_combination	1
nct04173780	DB00572	investigational	2
nct04176419	DB00996	investigational	2
nct04176419	DB00281	investigational	2
nct04176419	DB00482	investigational	2
nct04176419	DB00316	investigational	2
nct04176419	DB01221	investigational	2
nct04176952	DB00650	described_only	2
nct04176952	DB00544	described_only	2
nct04176952	DB01229	described_only	2
nct04176952	DB00441	described_only	2
nct04176978	DB01098	investigational	2
nct04177602	DB01101	comparator	2
nct04177602	DB00432	investigational	2
nct04178642	DB01177	investigational	2
nct04179864	DB08899	mixed	4
nct04179864	DB00635	investigational	4
nct04179864	DB05812	investigational	4
nct04180813	DB08882	head_to_head	2
nct04183205	DB01104	investigational	2
nct04184609	DB01001	investigational	1
nct04186247	DB00207	investigational	2
nct04186247	DB00916	investigational	2
nct04188119	DB00448	backbone	2
nct04188119	DB00945	investigational	2
nct04189952	DB00773	single_arm_combination	1
nct04189952	DB01181	single_arm_combination	1
nct04190056	DB02546	investigational	2
nct04190056	DB00675	backbone	2
nct04191382	DB01006	comparator	3
nct04195373	DB01099	investigational	3
nct04196010	DB00987	single_arm_combination	1
nct04196010	DB00242	single_arm_combination	1
nct04196010	DB01204	single_arm_combination	1
nct04198649	DB00207	investigational	2
nct04200066	DB00853	investigational	1
nct04200066	DB00934	investigational	1
nct04200066	DB00675	investigational	1
nct04200651	DB01234	backbone	2
nct04203056	DB01238	backbone	2
nct04203160	DB00441	backbone	2
nct04203511	DB00773	backbone	2
nct04203511	DB01229	backbone	2
nct04203511	DB00642	backbone	2
nct04203641	DB00997	single_arm_combination	1
nct04204941	DB00997	single_arm_combination	1
nct04205240	DB00531	single_arm_combination	1
nct04205240	DB01073	single_arm_combination	1
nct04205240	DB01042	single_arm_combination	1
nct04205240	DB00864	single_arm_combination	1
nct04205240	DB00688	single_arm_combination	1
nct04205539	DB00633	investigational	1
nct04206761	DB00764	investigational	2
nct04206761	DB05039	investigational	2
nct04206761	DB00986	investigational	2
nct04209725	DB00987	single_arm_combination	1
nct04209725	DB00694	single_arm_combination	1
nct04210037	DB01229	backbone	3
nct04216472	DB01229	single_arm_combination	1
nct04218825	DB00888	investigational	1
nct04220008	DB00441	single_arm_combination	1
nct04220008	DB00531	single_arm_combination	1
nct04220008	DB00631	single_arm_combination	1
nct04220008	DB02546	single_arm_combination	1
nct04220008	DB01008	single_arm_combination	1
nct04220125	DB00683	comparator	2
nct04220125	DB01221	investigational	2
nct04220476	DB01006	backbone	2
nct04220892	DB00642	investigational	2
nct04221828	DB01229	investigational	1
nct04223661	DB00480	backbone	2
nct04223661	DB01234	backbone	2
nct04227275	DB01073	single_arm_combination	1
nct04227275	DB00531	single_arm_combination	1
nct04230564	DB00928	single_arm_combination	1
nct04231643	DB00470	backbone	2
nct04234360	DB00635	investigational	4
nct04234867	DB06292	investigational	4
nct04237584	DB08899	head_to_head	6
nct04239092	DB00853	investigational	4
nct04239092	DB00762	investigational	4
nct04239092	DB01030	investigational	4
nct04239092	DB00531	investigational	4
nct04240002	DB00987	single_arm_combination	1
nct04240002	DB01073	single_arm_combination	1
nct04243109	DB08910	investigational	1
nct04243109	DB01234	investigational	1
nct04243109	DB00531	investigational	1
nct04243278	DB00945	investigational	2
nct04244552	DB00997	investigational	4
nct04244916	DB00688	unmatched	0
nct04249167	DB01229	single_arm_combination	1
nct04249622	DB01220	investigational	2
nct04250051	DB00987	single_arm_combination	1
nct04250051	DB01073	single_arm_combination	1
nct04251065	DB01234	described_only	1
nct04251065	DB00441	described_only	1
nct04251169	DB01229	single_arm_combination	1
nct04251533	DB01229	backbone	3
nct04251715	DB00544	single_arm_combination	1
nct04251715	DB01234	single_arm_combination	1
nct04251715	DB00762	single_arm_combination	1
nct04251715	DB00322	single_arm_combination	1
nct04251715	DB00650	single_arm_combination	1
nct04252248	DB01262	backbone	2
nct04252768	DB01229	single_arm_combination	1
nct04256941	DB00947	investigational	2
nct04256941	DB01006	comparator	2
nct04256941	DB01217	comparator	2
nct04258423	DB00688	unmatched	2
nct04258423	DB01590	investigational	2
nct04258852	DB00184	backbone	2
nct04260360	DB01248	investigational	1
nct04262869	DB01229	investigational	2
nct04262869	DB00642	investigational	2
nct04263519	DB00864	backbone	2
nct04264806	DB00928	backbone	2
nct04265274	DB00822	single_arm_combination	1
nct04265274	DB00361	single_arm_combination	1
nct04265534	DB00642	backbone	2
nct04266301	DB00928	backbone	2
nct04267913	DB01248	backbone	2
nct04269993	DB00470	backbone	2
nct04270929	DB00650	single_arm_combination	1
nct04270929	DB00544	single_arm_combination	1
nct04270929	DB00762	single_arm_combination	1
nct04271475	DB08932	backbone	2
nct04271839	DB00983	backbone	2
nct04272775	DB00480	investigational	4
nct04272775	DB01234	investigational	4
nct04274933	DB01101	backbone	2
nct04276090	DB00322	backbone	2
nct04276090	DB01234	backbone	2
nct04280692	DB01299	backbone	3
nct04280692	DB00205	backbone	3
nct04280692	DB01087	backbone	3
nct04280692	DB06697	backbone	3
nct04280692	DB06708	backbone	3
nct04281420	DB00627	investigational	2
nct04282174	DB00531	investigational	2
nct04282174	DB01073	investigational	2
nct04282174	DB01042	investigational	2
nct04282174	DB04572	investigational	2
nct04282174	DB01008	investigational	2
nct04282668	DB00755	investigational	2
nct04283058	DB01221	investigational	0
nct04283526	DB01262	investigational	5
nct04285268	DB00188	single_arm_combination	1
nct04285749	DB01095	investigational	1
nct04286295	DB09028	investigational	2
nct04286295	DB00184	comparator	2
nct04287543	DB01065	investigational	2
nct04287894	DB00642	backbone	3
nct04288765	DB00480	backbone	2
nct04288765	DB01234	backbone	2
nct04288765	DB08889	backbone	2
nct04289805	DB01006	investigational	3
nct04291456	DB01017	investigational	1
nct04291599	DB00465	investigational	2
nct04291664	DB00635	single_arm_combination	1
nct04294784	DB01229	backbone	2
nct04296214	DB00928	backbone	2
nct04296578	DB05812	backbone	6
nct04297332	DB00184	mixed	4
nct04298983	DB00624	single_arm_combination	1
nct04300309	DB06697	investigational	1
nct04300309	DB06708	investigational	1
nct04305236	DB00947	single_arm_combination	1
nct04305444	DB08910	investigational	1
nct04305444	DB01590	investigational	1
nct04306692	DB00882	comparator	2
nct04308551	DB00945	comparator	2
nct04309877	DB00277	investigational	4
nct04310397	DB08912	single_arm_combination	1
nct04310397	DB08911	single_arm_combination	1
nct04311567	DB00563	comparator	2
nct04313881	DB00928	backbone	2
nct04315350	DB00860	comparator	3
nct04316013	DB01236	head_to_head	4
nct04316013	DB00818	head_to_head	4
nct04316013	DB00281	head_to_head	4
nct04316169	DB00947	investigational	4
nct04316169	DB01006	investigational	4
nct04316169	DB01217	investigational	4
nct04316169	DB01611	backbone	4
nct04317001	DB00745	investigational	2
nct04322305	DB00230	investigational	2
nct04324411	DB00877	single_arm_combination	1
nct04324411	DB00755	single_arm_combination	1
nct04324840	DB00853	investigational	3
nct04325698	DB01229	backbone	2
nct04325802	DB00704	mixed	3
nct04326283	DB08911	investigational	3
nct04326439	DB00987	backbone	2
nct04326439	DB00773	backbone	2
nct04326439	DB00398	investigational	2
nct04326439	DB00694	backbone	2
nct04327700	DB08896	investigational	1
nct04327934	DB06710	backbone	2
nct04329949	DB01229	single_arm_combination	1
nct04330079	DB06292	investigational	2
nct04330300	DB00678	comparator	2
nct04330300	DB00177	comparator	2
nct04331067	DB01229	backbone	3
nct04332549	DB01229	unmatched	2
nct04335006	DB01229	backbone	3
nct04336982	DB00928	investigational	2
nct04343235	DB00695	investigational	2
nct04343235	DB00598	backbone	2
nct04344678	DB00203	investigational	2
nct04346225	DB00119	unmatched	2
nct04346394	DB01392	investigational	1
nct04347122	DB00302	investigational	4
nct04347616	DB00531	described_only	3
nct04348006	DB00188	investigational	1
nct04348292	DB00877	single_arm_combination	1
nct04352205	DB00188	single_arm_combination	1
nct04352205	DB01041	single_arm_combination	1
nct04352205	DB00480	single_arm_combination	1
nct04352205	DB01234	single_arm_combination	1
nct04352413	DB01204	backbone	2
nct04353505	DB00465	single_arm_combination	1
nct04353505	DB01234	single_arm_combination	1
nct04354025	DB00987	investigational	2
nct04354025	DB01073	investigational	2
nct04354103	DB00289	investigational	1
nct04354727	DB08877	investigational	2
nct04355039	DB08910	backbone	3
nct04355039	DB01234	backbone	3
nct04363801	DB01101	mixed	5
nct04368910	DB00608	comparator	2
nct04371978	DB08882	investigational	2
nct04372927	DB00773	single_arm_combination	1
nct04372927	DB00642	single_arm_combination	1
nct04388189	DB01156	comparator	2
nct04388189	DB00476	investigational	2
nct04388202	DB01104	investigational	2
nct04388202	DB01175	comparator	2
nct04390763	DB01229	backbone	4
nct04390763	DB00441	backbone	4
nct04392128	DB01611	investigational	2
nct04392128	DB00207	investigational	2
nct04392648	DB00188	investigational	6
nct04392648	DB08910	investigational	6
nct04392648	DB01234	backbone	6
nct04392648	DB00531	investigational	6
nct04396535	DB01248	backbone	2
nct04397679	DB00608	single_arm_combination	1
nct04397679	DB00853	single_arm_combination	1
nct04398134	DB00442	backbone	2
nct04398927	DB00762	single_arm_combination	1
nct04398927	DB00544	single_arm_combination	1
nct04402385	DB00945	investigational	2
nct04402515	DB01222	unmatched	2
nct04402515	DB01409	described_only	2
nct04402515	DB00588	unmatched	2
nct04402723	DB00398	backbone	2
nct04404140	DB01248	single_arm_combination	1
nct04405167	DB00480	investigational	4
nct04405167	DB01234	investigational	4
nct04406857	DB01101	single_arm_combination	1
nct04407442	DB00928	single_arm_combination	1
nct04407442	DB01234	single_arm_combination	1
nct04409288	DB08899	backbone	2
nct04410341	DB04876	investigational	2
nct04412707	DB01234	backbone	2
nct04417114	DB01098	investigational	1
nct04417517	DB00928	backbone	2
nct04418167	DB08912	investigational	3
nct04418895	DB00650	single_arm_combination	1
nct04418895	DB00544	single_arm_combination	1
nct04418895	DB01101	single_arm_combination	1
nct04419181	DB01248	backbone	2
nct04420455	DB04880	investigational	1
nct04421222	DB00635	described_only	15
nct04421378	DB00853	mixed	8
nct04421378	DB01206	mixed	8
nct04421378	DB00262	mixed	8
nct04421547	DB01006	investigational	2
nct04422210	DB00773	investigational	8
nct04422392	DB01229	backbone	2
nct04422392	DB00642	backbone	2
nct04425070	DB00773	investigational	3
nct04425070	DB01181	investigational	3
nct04425070	DB00441	investigational	3
nct04425655	DB00987	single_arm_combination	1
nct04425655	DB01073	single_arm_combination	1
nct04427072	DB01248	comparator	2
nct04428333	DB00544	backbone	2
nct04428775	DB01003	backbone	2
nct04435691	DB00928	backbone	2
nct04439305	DB01254	investigational	1
nct04446637	DB00332	backbone	2
nct04455139	DB01042	mixed	7
nct04455139	DB01030	investigational	7
nct04458909	DB00441	backbone	2
nct04460430	DB00947	described_only	1
nct04460430	DB00990	described_only	1
nct04460430	DB00675	described_only	1
nct04460807	DB00990	investigational	2
nct04461418	DB00860	backbone	2
nct04461418	DB01234	backbone	2
nct04461418	DB00741	backbone	2
nct04461418	DB00959	backbone	2
nct04461418	DB00635	backbone	2
nct04464564	DB00908	unmatched	3
nct04464564	DB00514	described_only	3
nct04466475	DB01042	single_arm_combination	1
nct04469699	DB00855	investigational	2
nct04470453	DB00563	unmatched	2
nct04470674	DB00642	investigational	2
nct04476329	DB08896	backbone	2
nct04480086	DB08877	investigational	5
nct04481204	DB00544	backbone	6
nct04481204	DB00441	head_to_head	6
nct04481204	DB00762	backbone	6
nct04481204	DB01229	head_to_head	6
nct04481204	DB00650	backbone	6
nct04485052	DB01262	investigational	2
nct04485052	DB00928	investigational	2
nct04485065	DB00928	investigational	1
nct04488159	DB00650	backbone	2
nct04488159	DB00544	backbone	2
nct04488159	DB01101	backbone	2
nct04489381	DB00507	investigational	2
nct04492033	DB00762	investigational	3
nct04492033	DB01229	investigational	3
nct04492722	DB06292	backbone	4
nct04493099	DB01262	single_arm_combination	1
nct04493320	DB00190	backbone	2
nct04493320	DB01235	backbone	2
nct04495894	DB00465	investigational	4
nct04498520	DB00947	single_arm_combination	1
nct04500574	DB00654	backbone	2
nct04501614	DB08901	single_arm_combination	1
nct04502550	DB00818	backbone	7
nct04504045	DB00264	single_arm_combination	1
nct04504045	DB00201	single_arm_combination	1
nct04504045	DB00331	single_arm_combination	1
nct04504045	DB00678	single_arm_combination	1
nct04504045	DB00683	single_arm_combination	1
nct04504045	DB00625	single_arm_combination	1
nct04504045	DB00338	single_arm_combination	1
nct04504331	DB00675	backbone	3
nct04506372	DB00678	unmatched	2
nct04507438	DB00843	investigational	2
nct04511975	DB00928	single_arm_combination	1
nct04512430	DB00642	single_arm_combination	1
nct04513145	DB00296	investigational	2
nct04517435	DB00997	single_arm_combination	1
nct04517435	DB00635	single_arm_combination	1
nct04517435	DB00531	single_arm_combination	1
nct04521335	DB00822	single_arm_combination	1
nct04524689	DB00642	investigational	6
nct04526795	DB00987	single_arm_combination	1
nct04526795	DB01073	single_arm_combination	1
nct04527549	DB08912	backbone	2
nct04527549	DB08911	backbone	2
nct04527549	DB01611	investigational	2
nct04527900	DB01229	investigational	1
nct04531176	DB00191	investigational	3
nct04531176	DB01156	investigational	3
nct04531176	DB00704	investigational	3
nct04531176	DB00273	investigational	3
nct04531176	DB01083	investigational	3
nct04536922	DB01073	single_arm_combination	1
nct04536922	DB00531	single_arm_combination	1
nct04539236	DB00480	single_arm_combination	1
nct04542304	DB00524	backbone	2
nct04543279	DB08877	investigational	2
nct04543916	DB00762	backbone	6
nct04546828	DB01229	described_only	1
nct04546828	DB00441	investigational	1
nct04548700	DB00635	single_arm_combination	1
nct04548700	DB01204	single_arm_combination	1
nct04548700	DB00531	single_arm_combination	1
nct04550442	DB00928	single_arm_combination	1
nct04551053	DB08877	backbone	2
nct04551066	DB08877	backbone	2
nct04553692	DB00544	investigational	8
nct04553692	DB00441	investigational	8
nct04553692	DB00762	investigational	8
nct04553692	DB00928	investigational	8
nct04553692	DB00650	investigational	8
nct04553692	DB01248	investigational	8
nct04554459	DB08901	investigational	1
nct04561817	DB01229	backbone	2
nct04563299	DB01234	backbone	2
nct04563559	DB01234	single_arm_combination	1
nct04566133	DB08911	single_arm_combination	1
nct04566133	DB01611	single_arm_combination	1
nct04570631	DB00188	backbone	2
nct04570631	DB01234	backbone	2
nct04570956	DB00675	investigational	3
nct04572217	DB00191	investigational	2
nct04572217	DB00273	investigational	2
nct04576208	DB00836	described_only	2
nct04581824	DB00642	described_only	2
nct04583488	DB01248	investigational	1
nct04584307	DB08910	single_arm_combination	1
nct04585932	DB06699	backbone	2
nct04589611	DB01351	mixed	5
nct04591808	DB00790	mixed	3
nct04591808	DB01076	mixed	3
nct04594694	DB01393	backbone	5
nct04596033	DB01073	investigational	2
nct04596033	DB00531	investigational	2
nct04601324	DB00972	comparator	2
nct04601324	DB00588	backbone	2
nct04602117	DB01229	investigational	1
nct04607772	DB00480	investigational	8
nct04607772	DB00441	investigational	8
nct04610684	DB00773	single_arm_combination	1
nct04610879	DB01202	head_to_head	6
nct04610879	DB00564	head_to_head	6
nct04611633	DB01222	unmatched	0
nct04611633	DB00983	unmatched	0
nct04611633	DB00986	unmatched	0
nct04611776	DB01229	backbone	2
nct04611776	DB00642	backbone	2
nct04611776	DB00441	backbone	2
nct04611958	DB00297	investigational	1
nct04613024	DB00996	comparator	2
nct04613024	DB00273	investigational	2
nct04613453	DB00683	comparator	2
nct04613453	DB01221	investigational	2
nct04620473	DB01101	backbone	2
nct04623216	DB00928	investigational	5
nct04629651	DB01197	investigational	1
nct04629781	DB01248	investigational	1
nct04630210	DB01006	investigational	4
nct04630886	DB00302	investigational	2
nct04631601	DB08899	investigational	11
nct04631601	DB05812	investigational	11
nct04634669	DB01156	investigational	1
nct04634669	DB00514	investigational	1
nct04635683	DB00480	single_arm_combination	1
nct04636814	DB01656	comparator	4
nct04638309	DB00928	backbone	3
nct04638400	DB00973	head_to_head	2
nct04638400	DB00641	head_to_head	2
nct04639310	DB04953	investigational	2
nct04639843	DB00997	backbone	2
nct04639843	DB00928	backbone	2
nct04643405	DB01229	single_arm_combination	1
nct04643405	DB00441	single_arm_combination	1
nct04648020	DB00575	investigational	2
nct04648826	DB00928	backbone	2
nct04649060	DB01234	investigational	2
nct04655391	DB01262	investigational	5
nct04655391	DB06616	investigational	5
nct04656262	DB00997	comparator	2
nct04656262	DB00531	investigational	2
nct04658849	DB01132	investigational	2
nct04661137	DB08910	investigational	3
nct04661137	DB08889	investigational	3
nct04663269	DB01234	investigational	2
nct04663386	DB00983	investigational	0
nct04663386	DB01222	investigational	0
nct04671355	DB00394	investigational	2
nct04671355	DB08906	comparator	2
nct04671355	DB00986	investigational	2
nct04671355	DB00983	investigational	2
nct04675827	DB01229	unmatched	2
nct04675827	DB01248	unmatched	2
nct04676243	DB01177	described_only	2
nct04676243	DB00987	described_only	2
nct04676243	DB00694	described_only	2
nct04677049	DB00627	investigational	1
nct04677855	DB05812	investigational	4
nct04677855	DB01126	investigational	4
nct04678323	DB00191	described_only	2
nct04678336	DB01073	investigational	1
nct04678336	DB00531	investigational	1
nct04682249	DB00544	described_only	1
nct04687800	DB01234	investigational	2
nct04697693	DB00476	single_arm_combination	1
nct04697693	DB01175	single_arm_combination	1
nct04700176	DB08910	backbone	2
nct04700176	DB01234	backbone	2
nct04700176	DB00755	backbone	2
nct04702789	DB00373	backbone	2
nct04702789	DB00869	backbone	2
nct04702789	DB00654	backbone	2
nct04702789	DB00484	investigational	2
nct04705727	DB01222	investigational	2
nct04705727	DB00871	comparator	2
nct04705727	DB00983	investigational	2
nct04711161	DB01229	investigational	2
nct04714619	DB01006	investigational	1
nct04714619	DB01217	investigational	1
nct04718376	DB01204	investigational	1
nct04718402	DB01204	investigational	1
nct04722601	DB00928	backbone	6
nct04737109	DB00624	backbone	2
nct04738292	DB00947	single_arm_combination	1
nct04739566	DB08912	single_arm_combination	1
nct04739566	DB08911	single_arm_combination	1
nct04741204	DB00331	backbone	2
nct04743739	DB00091	investigational	2
nct04746495	DB00700	investigational	2
nct04747275	DB00451	backbone	2
nct04747470	DB00544	investigational	11
nct04747470	DB01248	investigational	11
nct04751071	DB01656	investigational	2
nct04752163	DB00928	investigational	8
nct04754815	DB01229	investigational	2
nct04754815	DB00642	investigational	2
nct04755244	DB00928	single_arm_combination	1
nct04757571	DB00715	investigational	2
nct04759703	DB00413	investigational	2
nct04762875	DB06809	single_arm_combination	1
nct04762901	DB00997	investigational	6
nct04762901	DB01229	investigational	6
nct04762901	DB00531	investigational	6
nct04764383	DB00117	backbone	3
nct04764383	DB00190	backbone	3
nct04765709	DB00361	single_arm_combination	1
nct04765709	DB00642	single_arm_combination	1
nct04767841	DB00331	investigational	2
nct04770272	DB01229	backbone	2
nct04770272	DB00445	backbone	2
nct04770272	DB00531	backbone	2
nct04775797	DB00718	unmatched	5
nct04775797	DB00300	unmatched	5
nct04777851	DB08896	investigational	2
nct04778397	DB00928	mixed	3
nct04778410	DB00987	investigational	3
nct04778410	DB00773	investigational	3
nct04778410	DB00928	investigational	3
nct04778410	DB01204	investigational	3
nct04778982	DB00947	head_to_head	2
nct04780464	DB00997	mixed	3
nct04780464	DB00860	investigational	3
nct04780464	DB00531	investigational	3
nct04781647	DB00442	backbone	3
nct04789837	DB01166	investigational	2
nct04790487	DB01114	investigational	2
nct04790903	DB00997	backbone	2
nct04790903	DB00635	backbone	2
nct04790903	DB00531	backbone	2
nct04791514	DB00374	investigational	1
nct04793399	DB06616	single_arm_combination	1
nct04796324	DB04845	investigational	1
nct04796454	DB00853	investigational	2
nct04797780	DB04942	investigational	2
nct04797780	DB00928	backbone	2
nct04797949	DB00945	backbone	2
nct04804696	DB01229	single_arm_combination	1
nct04806945	DB01229	backbone	2
nct04807972	DB00762	single_arm_combination	1
nct04807972	DB00544	single_arm_combination	1
nct04807972	DB00650	single_arm_combination	1
nct04809766	DB01073	backbone	2
nct04809766	DB00531	backbone	2
nct04811404	DB00159	investigational	1
nct04812548	DB00928	single_arm_combination	1
nct04815083	DB00855	investigational	2
nct04816877	DB00327	unmatched	2
nct04819360	DB01591	head_to_head	2
nct04824352	DB00773	described_only	1
nct04824352	DB01181	described_only	1
nct04825275	DB01263	investigational	2
nct04826016	DB08871	investigational	4
nct04826016	DB01229	investigational	4
nct04827576	DB01248	backbone	4
nct04832854	DB01229	backbone	2
nct04832854	DB00642	backbone	2
nct04832854	DB00441	backbone	2
nct04836533	DB01175	described_only	4
nct04839237	DB00331	investigational	2
nct04843579	DB01211	single_arm_combination	1
nct04843579	DB08910	single_arm_combination	1
nct04843579	DB01234	single_arm_combination	1
nct04845035	DB01254	single_arm_combination	1
nct04845035	DB08901	single_arm_combination	1
nct04846348	DB01003	investigational	1
nct04846348	DB01075	investigational	1
nct04847440	DB00300	comparator	4
nct04849364	DB01101	backbone	3
nct04849377	DB00544	described_only	4
nct04849377	DB01248	described_only	4
nct04851834	DB00853	investigational	5
nct04852367	DB00997	backbone	2
nct04854499	DB00544	mixed	8
nct04854499	DB01248	investigational	8
nct04854512	DB00331	mixed	3
nct04854889	DB01262	investigational	1
nct04855253	DB01073	backbone	4
nct04855253	DB00531	backbone	4
nct04856176	DB00642	single_arm_combination	1
nct04859582	DB00544	backbone	2
nct04859582	DB01101	backbone	2
nct04862143	DB00947	single_arm_combination	1
nct04863248	DB01248	backbone	2
nct04864782	DB01229	single_arm_combination	1
nct04865419	DB00582	investigational	2
nct04866056	DB00928	single_arm_combination	1
nct04868045	DB00451	backbone	2
nct04868747	DB00281	investigational	2
nct04869449	DB01026	investigational	1
nct04871529	DB00441	investigational	2
nct04872608	DB01006	single_arm_combination	1
nct04874194	DB04865	backbone	6
nct04877587	DB00126	single_arm_combination	1
nct04877587	DB00441	single_arm_combination	1
nct04878432	DB01262	single_arm_combination	1
nct04878432	DB00928	single_arm_combination	1
nct04878614	DB00451	backbone	2
nct04882774	DB00374	investigational	2
nct04883840	DB01098	backbone	2
nct04887935	DB06292	investigational	1
nct04890093	DB00853	backbone	2
nct04892264	DB00480	backbone	2
nct04892446	DB08910	investigational	4
nct04892446	DB01234	investigational	4
nct04892446	DB08889	investigational	4
nct04894123	DB00432	single_arm_combination	1
nct04895410	DB08910	investigational	9
nct04895410	DB01234	investigational	9
nct04895410	DB08889	investigational	9
nct04895748	DB01590	investigational	7
nct04896320	DB00361	described_only	2
nct04896320	DB00441	described_only	2
nct04896658	DB01234	backbone	2
nct04896658	DB00531	backbone	2
nct04899206	DB00264	unmatched	5
nct04899206	DB00678	described_only	5
nct04899206	DB01136	unmatched	5
nct04899206	DB00381	described_only	5
nct04899206	DB00571	unmatched	5
nct04899206	DB00612	unmatched	5
nct04899349	DB00947	backbone	2
nct04899349	DB00331	backbone	2
nct04899349	DB06292	investigational	2
nct04900766	DB01204	investigational	1
nct04903197	DB00480	investigational	4
nct04904185	DB00531	backbone	2
nct04905407	DB04942	investigational	4
nct04905407	DB00928	backbone	4
nct04906382	DB01229	single_arm_combination	1
nct04906876	DB01248	backbone	2
nct04906876	DB00441	backbone	2
nct04907227	DB01248	backbone	2
nct04912063	DB00928	investigational	7
nct04912115	DB01221	investigational	2
nct04912427	DB00188	single_arm_combination	1
nct04912427	DB01234	single_arm_combination	1
nct04912726	DB00203	investigational	2
nct04914676	DB00987	backbone	2
nct04918810	DB01248	investigational	1
nct04923776	DB00773	single_arm_combination	1
nct04924192	DB00762	investigational	2
nct04927481	DB01204	investigational	1
nct04927884	DB00531	single_arm_combination	1
nct04930991	DB00338	backbone	2
nct04933227	DB01101	single_arm_combination	1
nct04937166	DB00928	single_arm_combination	1
nct04937738	DB00650	investigational	2
nct04937738	DB00544	backbone	2
nct04937738	DB01248	investigational	2
nct04937738	DB01101	comparator	2
nct04943627	DB00642	comparator	2
nct04943627	DB00441	comparator	2
nct04943627	DB01030	comparator	2
nct04943627	DB00361	comparator	2
nct04943627	DB00762	comparator	2
nct04943692	DB00331	backbone	2
nct04951115	DB00773	single_arm_combination	1
nct04955951	DB00443	head_to_head	2
nct04955951	DB00860	head_to_head	2
nct04955951	DB01234	head_to_head	2
nct04955951	DB00620	head_to_head	2
nct04955951	DB00959	head_to_head	2
nct04955951	DB00635	head_to_head	2
nct04956042	DB00987	investigational	2
nct04956302	DB00188	single_arm_combination	1
nct04956302	DB01234	single_arm_combination	1
nct04958785	DB01229	mixed	5
nct04964505	DB00928	single_arm_combination	1
nct04964843	DB06151	investigational	2
nct04964960	DB01229	single_arm_combination	1
nct04964960	DB00642	single_arm_combination	1
nct04965688	DB00947	described_only	1
nct04966585	DB01263	investigational	2
nct04968951	DB00512	investigational	2
nct04968951	DB00916	investigational	2
nct04970108	DB00966	comparator	2
nct04971187	DB00642	single_arm_combination	1
nct04973345	DB00871	backbone	5
nct04973618	DB00928	unmatched	1
nct04973930	DB00285	head_to_head	2
nct04973930	DB01175	head_to_head	2
nct04974996	DB00997	backbone	2
nct04974996	DB00635	backbone	2
nct04974996	DB00531	backbone	2
nct04975035	DB00246	unmatched	1
nct04975516	DB00544	unmatched	2
nct04975516	DB00441	unmatched	2
nct04977271	DB00285	investigational	2
nct04978649	DB00381	backbone	2
nct04978649	DB00678	backbone	2
nct04979793	DB00155	investigational	2
nct04982354	DB00987	single_arm_combination	1
nct04982354	DB00694	single_arm_combination	1
nct04983407	DB01229	backbone	3
nct04983407	DB00441	backbone	3
nct04984759	DB01087	investigational	3
nct04985656	DB01262	single_arm_combination	1
nct04989218	DB00441	investigational	1
nct04989283	DB00773	backbone	2
nct04989283	DB01229	backbone	2
nct04989283	DB00642	backbone	2
nct04989413	DB00470	investigational	2
nct04990167	DB01222	unmatched	2
nct04990167	DB01409	backbone	2
nct04990167	DB00588	unmatched	2
nct04994808	DB01073	investigational	2
nct04994808	DB00631	investigational	2
nct04994977	DB01042	single_arm_combination	1
nct04994977	DB01030	single_arm_combination	1
nct04995978	DB01132	investigational	2
nct04996004	DB00997	backbone	4
nct05009953	DB00650	backbone	2
nct05009953	DB00544	backbone	2
nct05009953	DB00762	backbone	2
nct05011058	DB01610	investigational	1
nct05013437	DB01042	single_arm_combination	1
nct05016440	DB00722	backbone	2
nct05017610	DB00763	single_arm_combination	1
nct05017610	DB01206	single_arm_combination	1
nct05017610	DB00279	single_arm_combination	1
nct05018598	DB00394	unmatched	2
nct05018598	DB00986	unmatched	2
nct05018598	DB00983	unmatched	2
nct05020665	DB00987	backbone	2
nct05027594	DB01234	investigational	3
nct05030623	DB00820	investigational	2
nct05031520	DB00264	single_arm_combination	1
nct05031520	DB08947	single_arm_combination	1
nct05031520	DB00727	single_arm_combination	1
nct05032183	DB01234	single_arm_combination	1
nct05032183	DB00531	single_arm_combination	1
nct05032183	DB00987	single_arm_combination	1
nct05032183	DB00563	single_arm_combination	1
nct05032183	DB01033	single_arm_combination	1
nct05032183	DB00650	single_arm_combination	1
nct05032183	DB00635	single_arm_combination	1
nct05033522	DB00398	comparator	2
nct05035407	DB01073	single_arm_combination	1
nct05035407	DB00531	single_arm_combination	1
nct05036135	DB00619	described_only	4
nct05037500	DB01262	single_arm_combination	1
nct05037500	DB08899	single_arm_combination	1
nct05039944	DB00650	investigational	6
nct05039944	DB00544	investigational	6
nct05039944	DB00762	investigational	6
nct05041101	DB08871	single_arm_combination	1
nct05042934	DB00762	single_arm_combination	1
nct05049525	DB00857	backbone	2
nct05049850	DB00188	unmatched	1
nct05049863	DB00688	backbone	3
nct05049863	DB00762	backbone	3
nct05049863	DB00437	backbone	3
nct05050305	DB08910	single_arm_combination	1
nct05050305	DB01234	single_arm_combination	1
nct05051449	DB01221	investigational	1
nct05056727	DB00722	backbone	2
nct05056727	DB00177	backbone	2
nct05060315	DB00374	backbone	2
nct05062174	DB00834	investigational	1
nct05062889	DB00544	mixed	5
nct05062889	DB00432	investigational	5
nct05062889	DB00762	mixed	5
nct05062889	DB01101	mixed	5
nct05062889	DB00650	mixed	5
nct05063513	DB00688	backbone	2
nct05063604	DB00215	investigational	2
nct05071482	DB00619	comparator	2
nct05073562	DB00643	investigational	2
nct05075577	DB08899	backbone	6
nct05079230	DB00928	backbone	2
nct05083546	DB00152	described_only	2
nct05085002	DB00947	investigational	1
nct05085002	DB01006	investigational	1
nct05087771	DB00704	backbone	2
nct05090566	DB00480	investigational	2
nct05090566	DB01234	investigational	2
nct05091866	DB00396	investigational	1
nct05098327	DB01132	investigational	3
nct05100628	DB00997	backbone	4
nct05101798	DB00855	investigational	1
nct05105412	DB00480	single_arm_combination	1
nct05105412	DB00441	single_arm_combination	1
nct05106192	DB00307	investigational	2
nct05106192	DB00888	investigational	2
nct05107856	DB00928	investigational	3
nct05111626	DB00650	described_only	3
nct05111626	DB00544	described_only	3
nct05111626	DB01101	described_only	3
nct05116800	DB01248	backbone	2
nct05116800	DB00441	backbone	2
nct05119712	DB00857	backbone	2
nct05128344	DB01080	comparator	2
nct05128773	DB00675	comparator	2
nct05134194	DB08871	backbone	2
nct05134194	DB00361	backbone	2
nct05134194	DB01101	backbone	2
nct05134194	DB00441	backbone	2
nct05139238	DB00598	head_to_head	2
nct05139238	DB01115	head_to_head	2
nct05139914	DB06292	backbone	2
nct05145569	DB01229	backbone	2
nct05148234	DB01262	investigational	4
nct05153408	DB00642	investigational	4
nct05156606	DB00624	investigational	1
nct05156905	DB01248	investigational	1
nct05161533	DB00773	single_arm_combination	1
nct05166577	DB01610	backbone	2
nct05168202	DB00928	investigational	3
nct05168865	DB01006	backbone	2
nct05170789	DB01234	investigational	1
nct05170828	DB00688	backbone	3
nct05170828	DB00531	backbone	3
nct05170828	DB01073	head_to_head	3
nct05170828	DB01008	head_to_head	3
nct05170828	DB00877	backbone	3
nct05171166	DB00650	investigational	2
nct05171166	DB00544	investigational	2
nct05171166	DB00398	backbone	2
nct05176080	DB00947	single_arm_combination	1
nct05177796	DB00997	single_arm_combination	1
nct05177796	DB01229	single_arm_combination	1
nct05177796	DB00531	single_arm_combination	1
nct05179239	DB01229	backbone	3
nct05183139	DB00480	investigational	2
nct05183139	DB08910	investigational	2
nct05183139	DB01234	backbone	2
nct05183204	DB00331	backbone	2
nct05183828	DB01006	investigational	1
nct05189977	DB00571	backbone	2
nct05189977	DB00457	backbone	2
nct05191004	DB00947	investigational	4
nct05191017	DB08899	backbone	2
nct05193318	DB01221	investigational	1
nct05193604	DB01229	single_arm_combination	1
nct05193604	DB00441	single_arm_combination	1
nct05193994	DB00709	investigational	2
nct05193994	DB01048	investigational	2
nct05193994	DB08930	investigational	2
nct05198843	DB01254	investigational	1
nct05198843	DB08887	investigational	1
nct05199311	DB01234	backbone	4
nct05199311	DB08889	backbone	4
nct05201001	DB00997	described_only	3
nct05201183	DB01073	investigational	1
nct05205252	DB00480	head_to_head	5
nct05205252	DB08910	head_to_head	5
nct05205252	DB01234	head_to_head	5
nct05207514	DB00997	backbone	2
nct05207514	DB01229	backbone	2
nct05207514	DB01248	backbone	2
nct05207514	DB00531	backbone	2
nct05207709	DB00947	investigational	3
nct05207709	DB01006	investigational	3
nct05207709	DB01229	investigational	3
nct05209152	DB00928	investigational	3
nct05209295	DB00928	backbone	3
nct05209984	DB01105	mixed	4
nct05209984	DB00273	investigational	4
nct05210153	DB01104	backbone	2
nct05211154	DB00586	investigational	2
nct05212025	DB00441	single_arm_combination	1
nct05213143	DB08815	investigational	1
nct05214001	DB00918	investigational	2
nct05215951	DB00642	unmatched	1
nct05221320	DB01611	backbone	2
nct05223647	DB00773	backbone	2
nct05227131	DB01101	single_arm_combination	1
nct05228184	DB00451	backbone	2
nct05228249	DB01042	single_arm_combination	1
nct05228249	DB00987	single_arm_combination	1
nct05228249	DB00773	single_arm_combination	1
nct05228249	DB00262	single_arm_combination	1
nct05233410	DB08877	investigational	2
nct05233696	DB01229	single_arm_combination	1
nct05238831	DB00947	single_arm_combination	1
nct05238831	DB01006	single_arm_combination	1
nct05238831	DB00762	single_arm_combination	1
nct05238831	DB00361	single_arm_combination	1
nct05238831	DB01229	single_arm_combination	1
nct05238831	DB08871	single_arm_combination	1
nct05238831	DB08881	single_arm_combination	1
nct05238831	DB01101	single_arm_combination	1
nct05238831	DB01217	single_arm_combination	1
nct05238831	DB08828	single_arm_combination	1
nct05238844	DB00300	backbone	2
nct05239182	DB01229	single_arm_combination	1
nct05239182	DB00441	single_arm_combination	1
nct05239910	DB00997	described_only	2
nct05239910	DB00635	described_only	2
nct05239910	DB00531	described_only	2
nct05241873	DB00642	investigational	10
nct05243524	DB00531	investigational	1
nct05246384	DB00928	described_only	2
nct05251038	DB00544	single_arm_combination	1
nct05251038	DB00441	single_arm_combination	1
nct05251038	DB00762	single_arm_combination	1
nct05251038	DB01229	single_arm_combination	1
nct05251038	DB00650	single_arm_combination	1
nct05251948	DB01101	backbone	2
nct05255666	DB00762	single_arm_combination	1
nct05256147	DB01050	investigational	1
nct05261490	DB00997	backbone	2
nct05265975	DB00480	single_arm_combination	1
nct05268003	DB08901	investigational	3
nct05275439	DB00928	investigational	4
nct05275907	DB00310	backbone	2
nct05275907	DB00381	backbone	2
nct05278858	DB00620	investigational	1
nct05279300	DB00480	investigational	2
nct05279300	DB00441	investigational	2
nct05279300	DB00531	investigational	2
nct05279300	DB00997	investigational	2
nct05279300	DB00635	investigational	2
nct05288062	DB00480	backbone	4
nct05288062	DB08910	investigational	4
nct05288062	DB01234	backbone	4
nct05292976	DB01001	mixed	5
nct05296005	DB00650	single_arm_combination	1
nct05296005	DB00544	single_arm_combination	1
nct05296005	DB01248	single_arm_combination	1
nct05296005	DB01101	single_arm_combination	1
nct05298358	DB00531	investigational	1
nct05299580	DB08912	single_arm_combination	1
nct05299580	DB08911	single_arm_combination	1
nct05300958	DB00746	investigational	1
nct05301062	DB08913	investigational	1
nct05304663	DB01206	backbone	2
nct05306873	DB00688	investigational	4
nct05311176	DB01229	investigational	2
nct05312372	DB01229	investigational	1
nct05316220	DB00244	backbone	2
nct05322135	DB00130	single_arm_combination	1
nct05325281	DB00441	backbone	5
nct05326035	DB01229	investigational	2
nct05328102	DB00480	backbone	4
nct05330377	DB00987	backbone	3
nct05330377	DB00242	backbone	3
nct05330377	DB01204	backbone	3
nct05332483	DB00351	investigational	1
nct05336721	DB01101	single_arm_combination	1
nct05338450	DB00283	investigational	2
nct05344625	DB01221	investigational	1
nct05345938	DB01204	investigational	1
nct05358704	DB00650	investigational	1
nct05358704	DB00544	investigational	1
nct05358704	DB01101	investigational	1
nct05358704	DB00762	investigational	1
nct05360264	DB01262	investigational	1
nct05361447	DB00829	investigational	1
nct05361915	DB05812	backbone	2
nct05361993	DB01238	comparator	2
nct05362474	DB00471	investigational	1
nct05362487	DB01409	investigational	1
nct05364645	DB00642	backbone	2
nct05367401	DB00928	investigational	3
nct05370599	DB00310	investigational	9
nct05370599	DB00381	mixed	9
nct05370599	DB00678	investigational	9
nct05388877	DB08912	single_arm_combination	1
nct05392959	DB06292	investigational	2
nct05395494	DB00260	investigational	2
nct05403450	DB01262	backbone	2
nct05403723	DB00773	single_arm_combination	1
nct05405439	DB00635	single_arm_combination	1
nct05408026	DB00188	single_arm_combination	1
nct05408026	DB08910	single_arm_combination	1
nct05408026	DB01234	single_arm_combination	1
nct05410301	DB01206	investigational	2
nct05411107	DB01088	investigational	2
nct05412875	DB00184	investigational	2
nct05413915	DB00619	backbone	2
nct05414864	DB00980	head_to_head	2
nct05415917	DB01101	investigational	2
nct05415917	DB00441	investigational	2
nct05417386	DB00762	backbone	3
nct05417386	DB00544	backbone	3
nct05417386	DB00650	backbone	3
nct05418777	DB00440	investigational	2
nct05420636	DB01229	single_arm_combination	1
nct05423106	DB00442	investigational	7
nct05427630	DB00470	backbone	4
nct05429502	DB00853	single_arm_combination	1
nct05429502	DB01030	single_arm_combination	1
nct05431244	DB01004	described_only	1
nct05431244	DB00441	investigational	1
nct05433402	DB00477	investigational	2
nct05435846	DB08911	backbone	2
nct05442580	DB01073	backbone	8
nct05442580	DB00531	backbone	8
nct05454358	DB01006	investigational	2
nct05456269	DB01262	investigational	2
nct05456269	DB00987	investigational	2
nct05460871	DB00230	investigational	2
nct05469178	DB00642	backbone	4
nct05474690	DB01248	backbone	2
nct05474690	DB00445	investigational	2
nct05474690	DB00531	investigational	2
nct05478837	DB01073	single_arm_combination	1
nct05478837	DB00531	single_arm_combination	1
nct05481645	DB00997	investigational	3
nct05481645	DB01229	backbone	3
nct05481645	DB01248	backbone	3
nct05481645	DB00441	investigational	3
nct05482542	DB00531	backbone	2
nct05487495	DB01073	described_only	1
nct05487495	DB00531	described_only	1
nct05492851	DB00620	head_to_head	3
nct05493618	DB01234	single_arm_combination	1
nct05494866	DB01229	single_arm_combination	1
nct05494866	DB00441	single_arm_combination	1
nct05496894	DB01204	backbone	3
nct05498220	DB01234	single_arm_combination	1
nct05498220	DB00441	single_arm_combination	1
nct05512182	DB01229	described_only	1
nct05513612	DB01073	single_arm_combination	1
nct05513612	DB00531	single_arm_combination	1
nct05514912	DB01229	backbone	2
nct05514912	DB00441	backbone	2
nct05518110	DB08911	single_arm_combination	1
nct05518110	DB01611	single_arm_combination	1
nct05521087	DB00987	backbone	2
nct05521087	DB01234	backbone	2
nct05521087	DB01073	backbone	2
nct05522673	DB01221	described_only	1
nct05524857	DB01262	backbone	2
nct05536037	DB00331	investigational	1
nct05537766	DB01073	backbone	4
nct05537766	DB00531	backbone	4
nct05543629	DB01229	investigational	6
nct05543629	DB01248	investigational	6
nct05543629	DB00158	investigational	6
nct05546411	DB00650	backbone	2
nct05546411	DB00544	backbone	2
nct05546411	DB00762	backbone	2
nct05554354	DB00947	backbone	3
nct05554627	DB01238	comparator	2
nct05554679	DB00331	investigational	2
nct05556616	DB00188	investigational	7
nct05556616	DB08910	investigational	7
nct05556616	DB00480	investigational	7
nct05556616	DB08889	investigational	7
nct05567770	DB00624	head_to_head	2
nct05567835	DB00650	backbone	2
nct05567835	DB00544	backbone	2
nct05567835	DB01248	backbone	2
nct05569512	DB01008	single_arm_combination	1
nct05569512	DB01073	single_arm_combination	1
nct05569512	DB00631	single_arm_combination	1
nct05579769	DB08877	single_arm_combination	1
nct05579769	DB00531	single_arm_combination	1
nct05579769	DB01073	single_arm_combination	1
nct05579769	DB00563	single_arm_combination	1
nct05579769	DB04572	single_arm_combination	1
nct05579769	DB01008	single_arm_combination	1
nct05583110	DB00361	single_arm_combination	1
nct05588609	DB08899	investigational	4
nct05588609	DB08916	investigational	4
nct05597722	DB00182	head_to_head	2
nct05601830	DB00987	single_arm_combination	1
nct05601830	DB01073	single_arm_combination	1
nct05601830	DB00531	single_arm_combination	1
nct05606315	DB00683	comparator	3
nct05606315	DB00818	comparator	3
nct05607316	DB00331	investigational	1
nct05607407	DB00763	investigational	1
nct05608369	DB02546	single_arm_combination	1
nct05609942	DB00928	investigational	2
nct05611086	DB06151	investigational	2
nct05611372	DB01367	backbone	2
nct05616624	DB01248	backbone	3
nct05616624	DB00441	backbone	3
nct05617625	DB01042	single_arm_combination	1
nct05617625	DB01008	single_arm_combination	1
nct05617625	DB01073	single_arm_combination	1
nct05624320	DB01085	investigational	1
nct05625347	DB00945	backbone	2
nct05626322	DB00480	backbone	2
nct05634577	DB00648	single_arm_combination	1
nct05637710	DB00852	described_only	2
nct05643170	DB00209	investigational	1
nct05656222	DB00762	described_only	1
nct05660967	DB00480	investigational	2
nct05661669	DB01221	investigational	2
nct05673200	DB01262	single_arm_combination	1
nct05673200	DB01229	single_arm_combination	1
nct05675319	DB08910	comparator	2
nct05675319	DB00480	comparator	2
nct05675319	DB01234	comparator	2
nct05675319	DB00188	comparator	2
nct05675319	DB08889	comparator	2
nct05677373	DB08911	single_arm_combination	1
nct05679388	DB00503	investigational	5
nct05685225	DB00704	mixed	8
nct05685225	DB00316	mixed	8
nct05685602	DB01229	single_arm_combination	1
nct05685602	DB00441	single_arm_combination	1
nct05689021	DB00635	single_arm_combination	1
nct05691478	DB00997	backbone	5
nct05691478	DB00563	backbone	5
nct05696392	DB08877	investigational	1
nct05698563	DB00443	head_to_head	2
nct05698563	DB00860	head_to_head	2
nct05698563	DB01234	head_to_head	2
nct05698563	DB00620	head_to_head	2
nct05698563	DB00959	head_to_head	2
nct05698563	DB00635	head_to_head	2
nct05698680	DB00860	investigational	2
nct05705700	DB05812	backbone	3
nct05705700	DB01126	backbone	3
nct05709093	DB00928	backbone	2
nct05711628	DB00441	backbone	2
nct05711628	DB00773	backbone	2
nct05711628	DB00361	backbone	2
nct05711628	DB01181	backbone	2
nct05711628	DB00997	backbone	2
nct05714553	DB00650	backbone	2
nct05714553	DB01248	investigational	2
nct05717400	DB08934	single_arm_combination	1
nct05717400	DB00811	single_arm_combination	1
nct05720988	DB00928	investigational	2
nct05731492	DB08932	investigational	1
nct05733351	DB05812	investigational	3
nct05733351	DB01248	investigational	3
nct05733351	DB08899	investigational	3
nct05735431	DB00983	investigational	2
nct05736952	DB01030	investigational	1
nct05738161	DB00441	single_arm_combination	1
nct05740449	DB01262	single_arm_combination	1
nct05741502	DB00363	backbone	2
nct05742763	DB01050	head_to_head	3
nct05742763	DB00316	head_to_head	3
nct05746481	DB00642	single_arm_combination	1
nct05747794	DB01229	backbone	4
nct05756166	DB00482	backbone	2
nct05756660	DB02546	backbone	3
nct05766514	DB01262	backbone	2
nct05766514	DB00242	investigational	2
nct05766514	DB00987	investigational	2
nct05766514	DB00928	comparator	2
nct05770882	DB08896	single_arm_combination	1
nct05773326	DB06287	investigational	1
nct05773664	DB01234	backbone	2
nct05788289	DB00480	single_arm_combination	1
nct05796271	DB01656	investigational	1
nct05799079	DB01262	single_arm_combination	1
nct05803551	DB01221	investigational	2
nct05809895	DB01229	backbone	4
nct05809895	DB00441	backbone	4
nct05815160	DB00773	backbone	2
nct05820763	DB00480	backbone	2
nct05823480	DB00928	single_arm_combination	1
nct05824455	DB00762	investigational	1
nct05826015	DB01229	single_arm_combination	1
nct05829434	DB00987	backbone	2
nct05829434	DB00694	backbone	2
nct05833958	DB00331	backbone	2
nct05833958	DB06292	investigational	2
nct05833958	DB01261	investigational	2
nct05834062	DB00191	unmatched	2
nct05834062	DB00273	unmatched	2
nct05835011	DB01262	single_arm_combination	1
nct05838703	DB01409	backbone	2
nct05840510	DB00877	single_arm_combination	1
nct05849246	DB00642	mixed	3
nct05853458	DB01005	investigational	1
nct05854966	DB00331	single_arm_combination	1
nct05861336	DB01229	single_arm_combination	1
nct05861336	DB00678	single_arm_combination	1
nct05861336	DB00441	single_arm_combination	1
nct05866679	DB00119	investigational	1
nct05867030	DB00480	investigational	2
nct05887843	DB00764	backbone	3
nct05887843	DB00972	backbone	3
nct05890768	DB00734	comparator	2
nct05897372	DB00999	backbone	2
nct05897372	DB00806	backbone	2
nct05897372	DB00678	unmatched	2
nct05897372	DB00177	unmatched	2
nct05905341	DB00947	backbone	7
nct05908513	DB06151	investigational	2
nct05911308	DB01229	single_arm_combination	1
nct05911308	DB00642	single_arm_combination	1
nct05915286	DB00310	single_arm_combination	1
nct05915286	DB00695	single_arm_combination	1
nct05918055	DB01262	backbone	2
nct05919394	DB00588	unmatched	2
nct05919394	DB01222	unmatched	2
nct05926206	DB00650	backbone	3
nct05926206	DB00544	backbone	3
nct05926206	DB00762	backbone	3
nct05931484	DB01241	investigational	2
nct05932251	DB00331	backbone	2
nct05932667	DB00947	investigational	1
nct05934097	DB00997	backbone	2
nct05934097	DB00635	backbone	2
nct05934097	DB00531	backbone	2
nct05942911	DB01611	comparator	4
nct05948462	DB00642	single_arm_combination	1
nct05955261	DB01177	backbone	3
nct05955261	DB00773	backbone	3
nct05955261	DB00987	backbone	3
nct05955261	DB00928	investigational	3
nct05955261	DB01204	investigational	3
nct05955261	DB00694	backbone	3
nct05956600	DB06288	investigational	1
nct05964452	DB00763	investigational	0
nct05974527	DB00633	investigational	1
nct05979415	DB00714	backbone	2
nct05982522	DB01229	backbone	2
nct05991232	DB01221	investigational	1
nct05998447	DB00650	single_arm_combination	1
nct05998447	DB00544	single_arm_combination	1
nct05998941	DB01229	single_arm_combination	1
nct06003179	DB01073	backbone	6
nct06003179	DB00531	mixed	6
nct06007911	DB00242	backbone	10
nct06016270	DB01229	backbone	2
nct06017297	DB00441	single_arm_combination	1
nct06017323	DB01229	backbone	2
nct06017323	DB00441	backbone	2
nct06020833	DB00755	investigational	1
nct06021600	DB00242	backbone	3
nct06029530	DB00572	backbone	3
nct06038539	DB01248	backbone	2
nct06046482	DB01248	investigational	2
nct06050512	DB01234	backbone	2
nct06054750	DB00296	investigational	2
nct06060587	DB05812	backbone	2
nct06060587	DB01248	investigational	2
nct06069778	DB00650	backbone	4
nct06069778	DB00544	backbone	4
nct06076837	DB00608	backbone	2
nct06076837	DB01229	backbone	2
nct06076837	DB00482	backbone	2
nct06076837	DB00441	backbone	2
nct06083454	DB00126	investigational	3
nct06083571	DB00465	backbone	2
nct06083571	DB01075	backbone	2
nct06083571	DB00433	backbone	2
nct06083675	DB00331	investigational	4
nct06085638	DB04942	backbone	2
nct06085638	DB00928	backbone	2
nct06088862	DB00184	backbone	5
nct06094296	DB01229	backbone	5
nct06094296	DB00642	backbone	5
nct06110195	DB01229	backbone	5
nct06110598	DB01101	investigational	2
nct06113289	DB01262	unmatched	2
nct06119529	DB00635	investigational	4
nct06126354	DB01234	backbone	2
nct06137651	DB00361	backbone	2
nct06150040	DB00928	single_arm_combination	1
nct06158100	DB00928	backbone	2
nct06163755	DB00959	backbone	2
nct06163755	DB00295	described_only	2
nct06169826	DB00117	investigational	2
nct06173505	DB00642	backbone	2
nct06180863	DB00928	investigational	1
nct06185543	DB00482	investigational	2
nct06185543	DB00537	investigational	2
nct06199466	DB01229	backbone	2
nct06199466	DB00441	backbone	2
nct06207331	DB00633	unmatched	3
nct06217094	DB00669	unmatched	3
nct06217146	DB00470	investigational	2
nct06218667	DB06699	single_arm_combination	1
nct06219174	DB00129	unmatched	2
nct06246344	DB00650	unmatched	2
nct06246344	DB00544	backbone	2
nct06246786	DB00091	investigational	1
nct06252727	DB00855	investigational	1
nct06280196	DB00642	backbone	3
nct06282861	DB08906	investigational	2
nct06284460	DB01262	unmatched	2
nct06296836	DB00331	investigational	2
nct06297629	DB01262	unmatched	2
nct06313996	DB00480	comparator	2
nct06313996	DB00635	comparator	2
nct06313996	DB01073	investigational	2
nct06313996	DB00531	comparator	2
nct06321068	DB01229	single_arm_combination	1
nct06321562	DB00373	backbone	3
nct06328140	DB08815	head_to_head	2
nct06337331	DB01262	single_arm_combination	1
nct06337331	DB01008	single_arm_combination	1
nct06337331	DB01073	single_arm_combination	1
nct06338657	DB01229	investigational	1
nct06341647	DB01073	backbone	2
nct06341647	DB00531	backbone	2
nct06343376	DB00531	investigational	2
nct06348147	DB00188	single_arm_combination	1
nct06348147	DB00480	single_arm_combination	1
nct06348147	DB01234	single_arm_combination	1
nct06350175	DB00184	head_to_head	2
nct06351306	DB01262	described_only	1
nct06351306	DB00352	single_arm_combination	1
nct06351644	DB01234	single_arm_combination	1
nct06357858	DB01262	single_arm_combination	1
nct06359015	DB00331	investigational	2
nct06359015	DB00736	investigational	2
nct06370663	DB00441	single_arm_combination	1
nct06393751	DB01229	backbone	3
nct06398587	DB01229	backbone	2
nct06398587	DB00441	backbone	2
nct06405061	DB00762	unmatched	1
nct06407973	DB00654	head_to_head	2
nct06408168	DB00947	investigational	2
nct06417684	DB00321	head_to_head	2
nct06424639	DB00091	backbone	2
nct06447987	DB01073	single_arm_combination	1
nct06447987	DB00531	single_arm_combination	1
nct06449482	DB00928	single_arm_combination	1
nct06454409	DB00928	single_arm_combination	1
nct06454409	DB08896	single_arm_combination	1
nct06474663	DB01262	backbone	2
nct06474663	DB00242	backbone	2
nct06474663	DB00987	backbone	2
nct06474663	DB00398	backbone	2
nct06483789	DB00966	investigational	4
nct06483789	DB00661	investigational	4
nct06488911	DB01393	unmatched	1
nct06498518	DB00441	investigational	1
nct06501911	DB01128	investigational	1
nct06508489	DB00928	single_arm_combination	1
nct06514261	DB00928	single_arm_combination	1
nct06518538	DB00762	investigational	1
nct06518538	DB00544	investigational	1
nct06518538	DB00650	investigational	1
nct06522360	DB00642	investigational	3
nct06527690	DB00635	backbone	2
nct06528093	DB01229	investigational	3
nct06528093	DB00441	investigational	3
nct06528210	DB01128	single_arm_combination	1
nct06560333	DB06292	comparator	3
nct06560333	DB01261	comparator	3
nct06572631	DB01262	single_arm_combination	1
nct06572631	DB01073	single_arm_combination	1
nct06572631	DB00531	single_arm_combination	1
nct06578728	DB00563	investigational	3
nct06586099	DB00928	described_only	1
nct06586658	DB01073	unmatched	1
nct06586658	DB00531	unmatched	1
nct06590558	DB08871	single_arm_combination	1
nct06597734	DB00928	described_only	1
nct06619522	DB08877	single_arm_combination	1
nct06620302	DB00762	single_arm_combination	1
nct06625359	DB04572	investigational	1
nct06626256	DB01073	single_arm_combination	1
nct06626256	DB00531	single_arm_combination	1
nct06630221	DB06210	investigational	1
nct06630325	DB01006	investigational	7
nct06630325	DB00675	investigational	7
nct06630325	DB00642	investigational	7
nct06630325	DB00441	investigational	7
nct06630325	DB00990	investigational	7
nct06639958	DB01033	investigational	4
nct06658977	DB00709	investigational	1
nct06658977	DB01048	investigational	1
nct06658977	DB08930	investigational	1
nct06662227	DB00688	described_only	1
nct06662227	DB01024	described_only	1
nct06663046	DB00688	described_only	1
nct06670976	DB00571	investigational	1
nct06671912	DB01006	comparator	2
nct06671912	DB00990	comparator	2
nct06671912	DB01217	comparator	2
nct06671912	DB00675	backbone	2
nct06682637	DB01234	single_arm_combination	1
nct06692452	DB00997	backbone	2
nct06692452	DB00635	backbone	2
nct06692452	DB00531	backbone	2
nct06694454	DB01229	backbone	2
nct06694454	DB00928	backbone	2
nct06694454	DB00642	backbone	2
nct06694454	DB00441	backbone	2
nct06698744	DB01073	single_arm_combination	1
nct06698744	DB00531	single_arm_combination	1
nct06705478	DB01175	investigational	2
nct06705478	DB00413	investigational	2
nct06713785	DB00381	backbone	2
nct06719973	DB00773	investigational	3
nct06732258	DB00773	single_arm_combination	1
nct06739252	DB00544	described_only	1
nct06739252	DB01229	unmatched	1
nct06739252	DB00441	investigational	1
nct06745726	DB00722	investigational	1
nct06752135	DB01229	investigational	1
nct06768320	DB00191	investigational	2
nct06770257	DB00987	investigational	3
nct06770257	DB00694	investigational	3
nct06802523	DB01262	backbone	2
nct06804850	DB08916	backbone	2
nct06851442	DB00947	investigational	1
nct06876142	DB00877	backbone	2
nct06878833	DB00734	backbone	3
nct06884683	DB00331	investigational	1
nct06895577	DB01101	investigational	1
nct06897579	DB00773	backbone	2
nct06902246	DB08896	investigational	1
nct06903702	DB00928	investigational	2
nct06941688	DB01262	investigational	2
nct06941688	DB00441	backbone	2
nct06964165	DB01229	investigational	2
nct06984341	DB01073	investigational	3
nct06984341	DB00531	backbone	3
nct06990776	DB00442	investigational	5
nct07000344	DB01006	described_only	2
nct07007221	DB00331	investigational	8
nct07007221	DB00472	investigational	8
nct07014735	DB00218	investigational	2
nct07030699	DB00480	single_arm_combination	1
nct07040059	DB01101	backbone	5
nct07052994	DB00987	unmatched	2
nct07052994	DB00694	backbone	2
nct07057089	DB01101	backbone	2
nct07073183	DB01229	described_only	5
nct07077187	DB01367	investigational	4
nct07082270	DB01234	single_arm_combination	1
nct07082270	DB08889	single_arm_combination	1
nct07162649	DB00633	investigational	2
nct07166367	DB01101	single_arm_combination	1
nct07171112	DB01156	investigational	3
nct07216833	DB01262	single_arm_combination	1
nct07223294	DB08906	investigational	3
nct07223567	DB08896	single_arm_combination	1
nct07283848	DB00650	single_arm_combination	1
nct07283848	DB00544	single_arm_combination	1
nct07283848	DB01248	single_arm_combination	1
nct07340853	DB01073	backbone	3
nct07340853	DB00531	backbone	3
nct07369791	DB00441	backbone	2
nct07387354	DB00928	backbone	4
nct07388563	DB00928	backbone	2
nct07408089	DB00947	investigational	4
nct07428369	DB00188	backbone	3
nct07428369	DB00480	backbone	3
nct07428486	DB00987	single_arm_combination	1
nct07428486	DB01073	single_arm_combination	1
nct07449481	DB00773	unmatched	2
nct07523009	DB00091	single_arm_combination	1
nct07523009	DB06210	described_only	1
nct07524257	DB01229	backbone	2
nct07524257	DB01248	backbone	2
nct07524257	DB00642	backbone	2
nct07541378	DB01409	mixed	4
nct07541378	DB05039	investigational	4
nct07541378	DB00986	investigational	4
nct07570966	DB00947	investigational	5
nct07570966	DB01006	investigational	5
nct07585734	DB00531	described_only	3
nct07585734	DB00635	described_only	3
nct07585734	DB00694	described_only	3
